ts,kind,name,value,tags
2026-10-04T20:01:39.878603+00:00,counter,marketdata.composition.changed,1,"{""market"":""BTC-SYNTH""}"
2026-10-04T20:01:39.878733+00:00,counter,bus.published,1,"{""topic"":""composition.BTC-SYNTH""}"
2026-10-04T20:01:39.878810+00:00,counter,marketdata.update.applied,1,"{""market"":""BTC-SYNTH""}"
2026-10-04T20:01:39.878908+00:00,counter,marketdata.snapshot.published,1,"{""market"":""BTC-SYNTH""}"
2026-10-04T20:01:39.878919+00:00,gauge,marketdata.clock_skew_seconds,-0.581699,"{""market"":""BTC-SYNTH""}"
2026-10-04T20:01:39.878927+00:00,gauge,marketdata.coverage_ratio,0.015151515151515152,"{""market"":""BTC-SYNTH""}"
2026-10-04T20:01:39.878932+00:00,gauge,marketdata.max_age_seconds,0.581699,"{""market"":""BTC-SYNTH""}"
2026-10-04T20:01:39.878937+00:00,counter,marketdata.snapshot.degraded,1,"{""market"":""BTC-SYNTH""}"
2026-10-04T20:01:39.878946+00:00,counter,bus.published,1,"{""topic"":""snapshot.BTC-SYNTH""}"
2026-10-04T20:01:39.878971+00:00,counter,marketdata.update.applied,1,"{""market"":""BTC-SYNTH""}"
2026-10-04T20:01:39.878992+00:00,counter,marketdata.update.applied,1,"{""market"":""BTC-SYNTH""}"
2026-10-04T20:01:39.879005+00:00,counter,marketdata.update.applied,1,"{""market"":""BTC-SYNTH""}"
2026-10-04T20:01:39.879019+00:00,counter,marketdata.update.applied,1,"{""market"":""BTC-SYNTH""}"
2026-10-04T20:01:39.879031+00:00,counter,marketdata.update.applied,1,"{""market"":""BTC-SYNTH""}"
2026-10-04T20:01:39.879053+00:00,counter,marketdata.update.applied,1,"{""market"":""BTC-SYNTH""}"
2026-10-04T20:01:39.879064+00:00,counter,marketdata.update.applied,1,"{""market"":""BTC-SYNTH""}"
2026-10-04T20:01:39.879092+00:00,counter,marketdata.update.applied,1,"{""market"":""BTC-SYNTH""}"
2026-10-04T20:01:39.879106+00:00,counter,marketdata.update.applied,1,"{""market"":""BTC-SYNTH""}"
2026-10-04T20:01:39.879123+00:00,counter,marketdata.update.applied,1,"{""market"":""BTC-SYNTH""}"
2026-10-04T20:01:39.879134+00:00,counter,marketdata.update.applied,1,"{""market"":""BTC-SYNTH""}"
2026-10-04T20:01:39.879145+00:00,counter,marketdata.update.applied,1,"{""market"":""BTC-SYNTH""}"
2026-10-04T20:01:39.879156+00:00,counter,marketdata.update.applied,1,"{""market"":""BTC-SYNTH""}"
2026-10-04T20:01:39.879167+00:00,counter,marketdata.update.applied,1,"{""market"":""BTC-SYNTH""}"
2026-10-04T20:01:39.879178+00:00,counter,marketdata.update.applied,1,"{""market"":""BTC-SYNTH""}"
2026-10-04T20:01:39.879188+00:00,counter,marketdata.update.applied,1,"{""market"":""BTC-SYNTH""}"
2026-10-04T20:01:39.879199+00:00,counter,marketdata.update.applied,1,"{""market"":""BTC-SYNTH""}"
2026-10-04T20:01:39.879210+00:00,counter,marketdata.update.applied,1,"{""market"":""BTC-SYNTH""}"
2026-10-04T20:01:39.879220+00:00,counter,marketdata.update.applied,1,"{""market"":""BTC-SYNTH""}"
2026-10-04T20:01:39.879230+00:00,counter,marketdata.update.applied,1,"{""market"":""BTC-SYNTH""}"
2026-10-04T20:01:39.879241+00:00,counter,marketdata.update.applied,1,"{""market"":""BTC-SYNTH""}"
2026-10-04T20:01:39.879254+00:00,counter,marketdata.update.applied,1,"{""market"":""BTC-SYNTH""}"
2026-10-04T20:01:39.879264+00:00,counter,marketdata.update.applied,1,"{""market"":""BTC-SYNTH""}"
2026-10-04T20:01:39.879274+00:00,counter,marketdata.update.applied,1,"{""market"":""BTC-SYNTH""}"
2026-10-04T20:01:39.879285+00:00,counter,marketdata.update.applied,1,"{""market"":""BTC-SYNTH""}"
2026-10-04T20:01:39.879296+00:00,counter,marketdata.update.applied,1,"{""market"":""BTC-SYNTH""}"
2026-10-04T20:01:39.879306+00:00,counter,marketdata.update.applied,1,"{""market"":""BTC-SYNTH""}"
2026-10-04T20:01:39.879316+00:00,counter,marketdata.update.applied,1,"{""market"":""BTC-SYNTH""}"
2026-10-04T20:01:39.879327+00:00,counter,marketdata.update.applied,1,"{""market"":""BTC-SYNTH""}"
2026-10-04T20:01:39.879338+00:00,counter,marketdata.update.applied,1,"{""market"":""BTC-SYNTH""}"
2026-10-04T20:01:39.879355+00:00,counter,marketdata.update.applied,1,"{""market"":""BTC-SYNTH""}"
2026-10-04T20:01:39.879367+00:00,counter,marketdata.update.applied,1,"{""market"":""BTC-SYNTH""}"
2026-10-04T20:01:39.879378+00:00,counter,marketdata.update.applied,1,"{""market"":""BTC-SYNTH""}"
2026-10-04T20:01:39.879388+00:00,counter,marketdata.update.applied,1,"{""market"":""BTC-SYNTH""}"
2026-10-04T20:01:39.879397+00:00,counter,marketdata.update.applied,1,"{""market"":""BTC-SYNTH""}"
2026-10-04T20:01:39.879408+00:00,counter,marketdata.update.applied,1,"{""market"":""BTC-SYNTH""}"
2026-10-04T20:01:39.879418+00:00,counter,marketdata.update.applied,1,"{""market"":""BTC-SYNTH""}"
2026-10-04T20:01:39.879429+00:00,counter,marketdata.update.applied,1,"{""market"":""BTC-SYNTH""}"
2026-10-04T20:01:39.879439+00:00,counter,marketdata.update.applied,1,"{""market"":""BTC-SYNTH""}"
2026-10-04T20:01:39.879449+00:00,counter,marketdata.update.applied,1,"{""market"":""BTC-SYNTH""}"
2026-10-04T20:01:39.879458+00:00,counter,marketdata.update.applied,1,"{""market"":""BTC-SYNTH""}"
2026-10-04T20:01:39.879469+00:00,counter,marketdata.update.applied,1,"{""market"":""BTC-SYNTH""}"
2026-10-04T20:01:39.879479+00:00,counter,marketdata.update.applied,1,"{""market"":""BTC-SYNTH""}"
2026-10-04T20:01:39.879491+00:00,counter,marketdata.update.applied,1,"{""market"":""BTC-SYNTH""}"
2026-10-04T20:01:39.879501+00:00,counter,marketdata.update.applied,1,"{""market"":""BTC-SYNTH""}"
2026-10-04T20:01:39.879511+00:00,counter,marketdata.update.applied,1,"{""market"":""BTC-SYNTH""}"
2026-10-04T20:01:39.879522+00:00,counter,marketdata.update.applied,1,"{""market"":""BTC-SYNTH""}"
2026-10-04T20:01:39.879532+00:00,counter,marketdata.update.applied,1,"{""market"":""BTC-SYNTH""}"
2026-10-04T20:01:39.879542+00:00,counter,marketdata.update.applied,1,"{""market"":""BTC-SYNTH""}"
2026-10-04T20:01:39.879552+00:00,counter,marketdata.update.applied,1,"{""market"":""BTC-SYNTH""}"
2026-10-04T20:01:39.879561+00:00,counter,marketdata.update.applied,1,"{""market"":""BTC-SYNTH""}"
2026-10-04T20:01:39.879572+00:00,counter,marketdata.update.applied,1,"{""market"":""BTC-SYNTH""}"
2026-10-04T20:01:39.879581+00:00,counter,marketdata.update.applied,1,"{""market"":""BTC-SYNTH""}"
2026-10-04T20:01:39.879592+00:00,counter,marketdata.update.applied,1,"{""market"":""BTC-SYNTH""}"
2026-10-04T20:01:39.879602+00:00,counter,marketdata.update.applied,1,"{""market"":""BTC-SYNTH""}"
2026-10-04T20:01:39.879612+00:00,counter,marketdata.update.applied,1,"{""market"":""BTC-SYNTH""}"
2026-10-04T20:01:39.879621+00:00,counter,marketdata.update.applied,1,"{""market"":""BTC-SYNTH""}"
2026-10-04T20:01:39.879633+00:00,counter,marketdata.update.applied,1,"{""market"":""BTC-SYNTH""}"
2026-10-04T20:01:39.879642+00:00,counter,marketdata.update.applied,1,"{""market"":""BTC-SYNTH""}"
2026-10-04T20:01:39.879652+00:00,counter,marketdata.update.applied,1,"{""market"":""BTC-SYNTH""}"
2026-10-04T20:01:39.879663+00:00,counter,marketdata.update.applied,1,"{""market"":""BTC-SYNTH""}"
2026-10-04T20:01:39.879675+00:00,counter,marketdata.update.applied,1,"{""market"":""BTC-SYNTH""}"
2026-10-04T20:01:39.879684+00:00,counter,marketdata.update.applied,1,"{""market"":""BTC-SYNTH""}"
2026-10-04T20:01:39.879694+00:00,counter,marketdata.update.applied,1,"{""market"":""BTC-SYNTH""}"
2026-10-04T20:01:39.879704+00:00,counter,marketdata.update.applied,1,"{""market"":""BTC-SYNTH""}"
2026-10-04T20:01:39.881496+00:00,gauge,neural.buffer.size,1.0,"{""market"":""BTC-SYNTH""}"
2026-10-04T20:01:39.881518+00:00,gauge,neural.buffer.cell_coverage,0.06666666666666667,"{""market"":""BTC-SYNTH""}"
2026-10-04T20:01:39.882117+00:00,gauge,pricing.slices.attempted,1.0,"{""market"":""BTC-SYNTH"",""producer"":""svi-scipy""}"
2026-10-04T20:01:39.882131+00:00,gauge,pricing.slices.accepted,1.0,"{""market"":""BTC-SYNTH"",""producer"":""svi-scipy""}"
2026-10-04T20:01:39.882191+00:00,gauge,pricing.rmse_vol_bp,0.0,"{""market"":""BTC-SYNTH"",""producer"":""svi-scipy""}"
2026-10-04T20:01:39.882200+00:00,timing,pricing.cycle_ms,1.924,"{""market"":""BTC-SYNTH"",""producer"":""svi-scipy""}"
2026-10-04T20:01:39.882488+00:00,counter,bus.published,1,"{""topic"":""surface.BTC-SYNTH.svi-scipy""}"
2026-10-04T20:01:39.882505+00:00,counter,runner.handled,1,"{""subscriber"":""svi-scipy@BTC-SYNTH""}"
2026-10-04T20:01:39.882662+00:00,counter,risk.surface.received,1,"{""market"":""BTC-SYNTH"",""producer"":""svi-scipy"",""status"":""DEGRADED""}"
2026-10-04T20:01:39.882680+00:00,timing,risk.surface.snapshot_to_surface_ms,584.9870000000001,"{""market"":""BTC-SYNTH"",""producer"":""svi-scipy""}"
2026-10-04T20:01:39.882689+00:00,timing,risk.surface.delivery_lag_ms,0.5770000000000001,"{""market"":""BTC-SYNTH"",""producer"":""svi-scipy""}"
2026-10-04T20:01:39.882705+00:00,gauge,risk.surface_age_seconds,0.585575,"{""market"":""BTC-SYNTH"",""producer"":""svi-scipy""}"
2026-10-04T20:01:39.882711+00:00,counter,risk.report.freshness,1,"{""decision"":""NORMAL"",""market"":""BTC-SYNTH"",""producer"":""svi-scipy""}"
2026-10-04T20:01:39.882757+00:00,counter,risk.report.rejected,1,"{""market"":""BTC-SYNTH"",""reason"":""no_surface""}"
2026-10-04T20:01:39.882773+00:00,counter,risk.comparison.incomparable,1,"{""baseline"":""svi-scipy"",""challenger"":""mlp-torch"",""market"":""BTC-SYNTH""}"
2026-10-04T20:01:39.882784+00:00,gauge,risk.surface_age_seconds,0.585658,"{""market"":""BTC-SYNTH"",""producer"":""svi-scipy""}"
2026-10-04T20:01:39.882790+00:00,counter,risk.report.freshness,1,"{""decision"":""NORMAL"",""market"":""BTC-SYNTH"",""producer"":""svi-scipy""}"
2026-10-04T20:01:39.882810+00:00,counter,runner.handled,1,"{""subscriber"":""risk-svi-scipy@BTC-SYNTH""}"
2026-10-04T20:01:40.880631+00:00,counter,marketdata.update.applied,1,"{""market"":""BTC-SYNTH""}"
2026-10-04T20:01:40.881445+00:00,counter,marketdata.snapshot.published,1,"{""market"":""BTC-SYNTH""}"
2026-10-04T20:01:40.881474+00:00,gauge,marketdata.clock_skew_seconds,-0.583937,"{""market"":""BTC-SYNTH""}"
2026-10-04T20:01:40.881500+00:00,gauge,marketdata.coverage_ratio,0.9848484848484849,"{""market"":""BTC-SYNTH""}"
2026-10-04T20:01:40.881516+00:00,gauge,marketdata.max_age_seconds,3601.566478,"{""market"":""BTC-SYNTH""}"
2026-10-04T20:01:40.881542+00:00,counter,bus.published,1,"{""topic"":""snapshot.BTC-SYNTH""}"
2026-10-04T20:01:40.881587+00:00,counter,marketdata.update.applied,1,"{""market"":""BTC-SYNTH""}"
2026-10-04T20:01:40.881624+00:00,counter,marketdata.update.applied,1,"{""market"":""BTC-SYNTH""}"
2026-10-04T20:01:40.881653+00:00,counter,marketdata.update.applied,1,"{""market"":""BTC-SYNTH""}"
2026-10-04T20:01:40.881683+00:00,counter,marketdata.update.applied,1,"{""market"":""BTC-SYNTH""}"
2026-10-04T20:01:40.881709+00:00,counter,marketdata.update.applied,1,"{""market"":""BTC-SYNTH""}"
2026-10-04T20:01:40.881737+00:00,counter,marketdata.update.applied,1,"{""market"":""BTC-SYNTH""}"
2026-10-04T20:01:40.881762+00:00,counter,marketdata.update.applied,1,"{""market"":""BTC-SYNTH""}"
2026-10-04T20:01:40.881789+00:00,counter,marketdata.update.applied,1,"{""market"":""BTC-SYNTH""}"
2026-10-04T20:01:40.881813+00:00,counter,marketdata.update.applied,1,"{""market"":""BTC-SYNTH""}"
2026-10-04T20:01:40.881865+00:00,counter,marketdata.update.applied,1,"{""market"":""BTC-SYNTH""}"
2026-10-04T20:01:40.881899+00:00,counter,marketdata.update.applied,1,"{""market"":""BTC-SYNTH""}"
2026-10-04T20:01:40.881928+00:00,counter,marketdata.update.applied,1,"{""market"":""BTC-SYNTH""}"
2026-10-04T20:01:40.881954+00:00,counter,marketdata.update.applied,1,"{""market"":""BTC-SYNTH""}"
2026-10-04T20:01:40.881983+00:00,counter,marketdata.update.applied,1,"{""market"":""BTC-SYNTH""}"
2026-10-04T20:01:40.882008+00:00,counter,marketdata.update.applied,1,"{""market"":""BTC-SYNTH""}"
2026-10-04T20:01:40.882035+00:00,counter,marketdata.update.applied,1,"{""market"":""BTC-SYNTH""}"
2026-10-04T20:01:40.882062+00:00,counter,marketdata.update.applied,1,"{""market"":""BTC-SYNTH""}"
2026-10-04T20:01:40.882090+00:00,counter,marketdata.update.applied,1,"{""market"":""BTC-SYNTH""}"
2026-10-04T20:01:40.882135+00:00,counter,marketdata.update.applied,1,"{""market"":""BTC-SYNTH""}"
2026-10-04T20:01:40.882165+00:00,counter,marketdata.update.applied,1,"{""market"":""BTC-SYNTH""}"
2026-10-04T20:01:40.882190+00:00,counter,marketdata.update.applied,1,"{""market"":""BTC-SYNTH""}"
2026-10-04T20:01:40.882221+00:00,counter,marketdata.update.applied,1,"{""market"":""BTC-SYNTH""}"
2026-10-04T20:01:40.882246+00:00,counter,marketdata.update.applied,1,"{""market"":""BTC-SYNTH""}"
2026-10-04T20:01:40.882273+00:00,counter,marketdata.update.applied,1,"{""market"":""BTC-SYNTH""}"
2026-10-04T20:01:40.882297+00:00,counter,marketdata.update.applied,1,"{""market"":""BTC-SYNTH""}"
2026-10-04T20:01:40.882324+00:00,counter,marketdata.update.applied,1,"{""market"":""BTC-SYNTH""}"
2026-10-04T20:01:40.882348+00:00,counter,marketdata.update.applied,1,"{""market"":""BTC-SYNTH""}"
2026-10-04T20:01:40.882396+00:00,counter,marketdata.update.applied,1,"{""market"":""BTC-SYNTH""}"
2026-10-04T20:01:40.882451+00:00,counter,marketdata.update.applied,1,"{""market"":""BTC-SYNTH""}"
2026-10-04T20:01:40.882484+00:00,counter,marketdata.update.applied,1,"{""market"":""BTC-SYNTH""}"
2026-10-04T20:01:40.882521+00:00,counter,marketdata.update.applied,1,"{""market"":""BTC-SYNTH""}"
2026-10-04T20:01:40.882549+00:00,counter,marketdata.update.applied,1,"{""market"":""BTC-SYNTH""}"
2026-10-04T20:01:40.882574+00:00,counter,marketdata.update.applied,1,"{""market"":""BTC-SYNTH""}"
2026-10-04T20:01:40.882602+00:00,counter,marketdata.update.applied,1,"{""market"":""BTC-SYNTH""}"
2026-10-04T20:01:40.882626+00:00,counter,marketdata.update.applied,1,"{""market"":""BTC-SYNTH""}"
2026-10-04T20:01:40.882652+00:00,counter,marketdata.update.applied,1,"{""market"":""BTC-SYNTH""}"
2026-10-04T20:01:40.882676+00:00,counter,marketdata.update.applied,1,"{""market"":""BTC-SYNTH""}"
2026-10-04T20:01:40.882703+00:00,counter,marketdata.update.applied,1,"{""market"":""BTC-SYNTH""}"
2026-10-04T20:01:40.882727+00:00,counter,marketdata.update.applied,1,"{""market"":""BTC-SYNTH""}"
2026-10-04T20:01:40.882753+00:00,counter,marketdata.update.applied,1,"{""market"":""BTC-SYNTH""}"
2026-10-04T20:01:40.882777+00:00,counter,marketdata.update.applied,1,"{""market"":""BTC-SYNTH""}"
2026-10-04T20:01:40.882803+00:00,counter,marketdata.update.applied,1,"{""market"":""BTC-SYNTH""}"
2026-10-04T20:01:40.882828+00:00,counter,marketdata.update.applied,1,"{""market"":""BTC-SYNTH""}"
2026-10-04T20:01:40.882856+00:00,counter,marketdata.update.applied,1,"{""market"":""BTC-SYNTH""}"
2026-10-04T20:01:40.882880+00:00,counter,marketdata.update.applied,1,"{""market"":""BTC-SYNTH""}"
2026-10-04T20:01:40.882906+00:00,counter,marketdata.update.applied,1,"{""market"":""BTC-SYNTH""}"
2026-10-04T20:01:40.882930+00:00,counter,marketdata.update.applied,1,"{""market"":""BTC-SYNTH""}"
2026-10-04T20:01:40.882994+00:00,counter,marketdata.update.applied,1,"{""market"":""BTC-SYNTH""}"
2026-10-04T20:01:40.883024+00:00,counter,marketdata.update.applied,1,"{""market"":""BTC-SYNTH""}"
2026-10-04T20:01:40.883053+00:00,counter,marketdata.update.applied,1,"{""market"":""BTC-SYNTH""}"
2026-10-04T20:01:40.883078+00:00,counter,marketdata.update.applied,1,"{""market"":""BTC-SYNTH""}"
2026-10-04T20:01:40.883105+00:00,counter,marketdata.update.applied,1,"{""market"":""BTC-SYNTH""}"
2026-10-04T20:01:40.883129+00:00,counter,marketdata.update.applied,1,"{""market"":""BTC-SYNTH""}"
2026-10-04T20:01:40.883156+00:00,counter,marketdata.update.applied,1,"{""market"":""BTC-SYNTH""}"
2026-10-04T20:01:40.883181+00:00,counter,marketdata.update.applied,1,"{""market"":""BTC-SYNTH""}"
2026-10-04T20:01:40.883207+00:00,counter,marketdata.update.applied,1,"{""market"":""BTC-SYNTH""}"
2026-10-04T20:01:40.883231+00:00,counter,marketdata.update.applied,1,"{""market"":""BTC-SYNTH""}"
2026-10-04T20:01:40.883271+00:00,counter,marketdata.update.applied,1,"{""market"":""BTC-SYNTH""}"
2026-10-04T20:01:40.883297+00:00,counter,marketdata.update.applied,1,"{""market"":""BTC-SYNTH""}"
2026-10-04T20:01:40.883323+00:00,counter,marketdata.update.applied,1,"{""market"":""BTC-SYNTH""}"
2026-10-04T20:01:40.883347+00:00,counter,marketdata.update.applied,1,"{""market"":""BTC-SYNTH""}"
2026-10-04T20:01:40.883375+00:00,counter,marketdata.update.applied,1,"{""market"":""BTC-SYNTH""}"
2026-10-04T20:01:40.883399+00:00,counter,marketdata.update.applied,1,"{""market"":""BTC-SYNTH""}"
2026-10-04T20:01:40.883425+00:00,counter,marketdata.update.applied,1,"{""market"":""BTC-SYNTH""}"
2026-10-04T20:01:40.883534+00:00,counter,marketdata.update.applied,1,"{""market"":""BTC-SYNTH""}"
2026-10-04T20:01:40.968735+00:00,gauge,pricing.slices.attempted,3.0,"{""market"":""BTC-SYNTH"",""producer"":""svi-scipy""}"
2026-10-04T20:01:40.968771+00:00,gauge,pricing.slices.accepted,3.0,"{""market"":""BTC-SYNTH"",""producer"":""svi-scipy""}"
2026-10-04T20:01:40.968878+00:00,gauge,pricing.rmse_vol_bp,37.592450250473036,"{""market"":""BTC-SYNTH"",""producer"":""svi-scipy""}"
2026-10-04T20:01:40.968906+00:00,timing,pricing.cycle_ms,84.762,"{""market"":""BTC-SYNTH"",""producer"":""svi-scipy""}"
2026-10-04T20:01:40.969301+00:00,counter,bus.published,1,"{""topic"":""surface.BTC-SYNTH.svi-scipy""}"
2026-10-04T20:01:40.969331+00:00,counter,runner.handled,1,"{""subscriber"":""svi-scipy@BTC-SYNTH""}"
2026-10-04T20:01:40.969422+00:00,counter,risk.surface.received,1,"{""market"":""BTC-SYNTH"",""producer"":""svi-scipy"",""status"":""OK""}"
2026-10-04T20:01:40.969435+00:00,timing,risk.surface.snapshot_to_surface_ms,671.98,"{""market"":""BTC-SYNTH"",""producer"":""svi-scipy""}"
2026-10-04T20:01:40.969443+00:00,timing,risk.surface.delivery_lag_ms,0.723,"{""market"":""BTC-SYNTH"",""producer"":""svi-scipy""}"
2026-10-04T20:01:40.969468+00:00,gauge,risk.surface_age_seconds,0.672724,"{""market"":""BTC-SYNTH"",""producer"":""svi-scipy""}"
2026-10-04T20:01:40.969474+00:00,counter,risk.report.freshness,1,"{""decision"":""NORMAL"",""market"":""BTC-SYNTH"",""producer"":""svi-scipy""}"
2026-10-04T20:01:40.969519+00:00,counter,risk.report.rejected,1,"{""market"":""BTC-SYNTH"",""reason"":""no_surface""}"
2026-10-04T20:01:40.969536+00:00,counter,risk.comparison.incomparable,1,"{""baseline"":""svi-scipy"",""challenger"":""mlp-torch"",""market"":""BTC-SYNTH""}"
2026-10-04T20:01:40.969547+00:00,gauge,risk.surface_age_seconds,0.672807,"{""market"":""BTC-SYNTH"",""producer"":""svi-scipy""}"
2026-10-04T20:01:40.969553+00:00,counter,risk.report.freshness,1,"{""decision"":""NORMAL"",""market"":""BTC-SYNTH"",""producer"":""svi-scipy""}"
2026-10-04T20:01:40.969571+00:00,counter,runner.handled,1,"{""subscriber"":""risk-svi-scipy@BTC-SYNTH""}"
2026-10-04T20:01:41.939145+00:00,counter,marketdata.snapshot.published,1,"{""market"":""BTC-SYNTH""}"
2026-10-04T20:01:41.939192+00:00,gauge,marketdata.clock_skew_seconds,-1.583606,"{""market"":""BTC-SYNTH""}"
2026-10-04T20:01:41.939209+00:00,gauge,marketdata.coverage_ratio,1.0,"{""market"":""BTC-SYNTH""}"
2026-10-04T20:01:41.939222+00:00,gauge,marketdata.max_age_seconds,1.680309,"{""market"":""BTC-SYNTH""}"
2026-10-04T20:01:41.939240+00:00,counter,pipeline.heartbeat.emitted,1,"{""market"":""BTC-SYNTH""}"
2026-10-04T20:01:41.939258+00:00,counter,bus.published,1,"{""topic"":""snapshot.BTC-SYNTH""}"
2026-10-04T20:01:41.939278+00:00,counter,bus.dropped,1,"{""subscriber"":""mlp-torch@BTC-SYNTH"",""topic"":""snapshot.BTC-SYNTH""}"
2026-10-04T20:01:41.939366+00:00,counter,marketdata.update.applied,1,"{""market"":""BTC-SYNTH""}"
2026-10-04T20:01:41.939400+00:00,counter,marketdata.update.applied,1,"{""market"":""BTC-SYNTH""}"
2026-10-04T20:01:41.939434+00:00,counter,marketdata.update.applied,1,"{""market"":""BTC-SYNTH""}"
2026-10-04T20:01:41.939461+00:00,counter,marketdata.update.applied,1,"{""market"":""BTC-SYNTH""}"
2026-10-04T20:01:41.939489+00:00,counter,marketdata.update.applied,1,"{""market"":""BTC-SYNTH""}"
2026-10-04T20:01:41.939514+00:00,counter,marketdata.update.applied,1,"{""market"":""BTC-SYNTH""}"
2026-10-04T20:01:41.939566+00:00,counter,marketdata.update.applied,1,"{""market"":""BTC-SYNTH""}"
2026-10-04T20:01:41.939600+00:00,counter,marketdata.update.applied,1,"{""market"":""BTC-SYNTH""}"
2026-10-04T20:01:41.939630+00:00,counter,marketdata.update.applied,1,"{""market"":""BTC-SYNTH""}"
2026-10-04T20:01:41.939655+00:00,counter,marketdata.update.applied,1,"{""market"":""BTC-SYNTH""}"
2026-10-04T20:01:41.939686+00:00,counter,marketdata.update.applied,1,"{""market"":""BTC-SYNTH""}"
2026-10-04T20:01:41.939711+00:00,counter,marketdata.update.applied,1,"{""market"":""BTC-SYNTH""}"
2026-10-04T20:01:41.939737+00:00,counter,marketdata.update.applied,1,"{""market"":""BTC-SYNTH""}"
2026-10-04T20:01:41.939761+00:00,counter,marketdata.update.applied,1,"{""market"":""BTC-SYNTH""}"
2026-10-04T20:01:41.939788+00:00,counter,marketdata.update.applied,1,"{""market"":""BTC-SYNTH""}"
2026-10-04T20:01:41.939812+00:00,counter,marketdata.update.applied,1,"{""market"":""BTC-SYNTH""}"
2026-10-04T20:01:41.939837+00:00,counter,marketdata.update.applied,1,"{""market"":""BTC-SYNTH""}"
2026-10-04T20:01:41.939861+00:00,counter,marketdata.update.applied,1,"{""market"":""BTC-SYNTH""}"
2026-10-04T20:01:41.939887+00:00,counter,marketdata.update.applied,1,"{""market"":""BTC-SYNTH""}"
2026-10-04T20:01:41.939910+00:00,counter,marketdata.update.applied,1,"{""market"":""BTC-SYNTH""}"
2026-10-04T20:01:41.939935+00:00,counter,marketdata.update.applied,1,"{""market"":""BTC-SYNTH""}"
2026-10-04T20:01:41.939958+00:00,counter,marketdata.update.applied,1,"{""market"":""BTC-SYNTH""}"
2026-10-04T20:01:41.939986+00:00,counter,marketdata.update.applied,1,"{""market"":""BTC-SYNTH""}"
2026-10-04T20:01:41.940010+00:00,counter,marketdata.update.applied,1,"{""market"":""BTC-SYNTH""}"
2026-10-04T20:01:41.940035+00:00,counter,marketdata.update.applied,1,"{""market"":""BTC-SYNTH""}"
2026-10-04T20:01:41.940058+00:00,counter,marketdata.update.applied,1,"{""market"":""BTC-SYNTH""}"
2026-10-04T20:01:41.940085+00:00,counter,marketdata.update.applied,1,"{""market"":""BTC-SYNTH""}"
2026-10-04T20:01:41.940107+00:00,counter,marketdata.update.applied,1,"{""market"":""BTC-SYNTH""}"
2026-10-04T20:01:41.940148+00:00,counter,marketdata.update.applied,1,"{""market"":""BTC-SYNTH""}"
2026-10-04T20:01:41.940173+00:00,counter,marketdata.update.applied,1,"{""market"":""BTC-SYNTH""}"
2026-10-04T20:01:41.940199+00:00,counter,marketdata.update.applied,1,"{""market"":""BTC-SYNTH""}"
2026-10-04T20:01:41.940222+00:00,counter,marketdata.update.applied,1,"{""market"":""BTC-SYNTH""}"
2026-10-04T20:01:41.940247+00:00,counter,marketdata.update.applied,1,"{""market"":""BTC-SYNTH""}"
2026-10-04T20:01:41.940269+00:00,counter,marketdata.update.applied,1,"{""market"":""BTC-SYNTH""}"
2026-10-04T20:01:41.940295+00:00,counter,marketdata.update.applied,1,"{""market"":""BTC-SYNTH""}"
2026-10-04T20:01:41.940333+00:00,counter,marketdata.update.applied,1,"{""market"":""BTC-SYNTH""}"
2026-10-04T20:01:41.940359+00:00,counter,marketdata.update.applied,1,"{""market"":""BTC-SYNTH""}"
2026-10-04T20:01:41.940419+00:00,counter,marketdata.update.applied,1,"{""market"":""BTC-SYNTH""}"
2026-10-04T20:01:41.940457+00:00,counter,marketdata.update.applied,1,"{""market"":""BTC-SYNTH""}"
2026-10-04T20:01:41.940483+00:00,counter,marketdata.update.applied,1,"{""market"":""BTC-SYNTH""}"
2026-10-04T20:01:41.940511+00:00,counter,marketdata.update.applied,1,"{""market"":""BTC-SYNTH""}"
2026-10-04T20:01:41.940536+00:00,counter,marketdata.update.applied,1,"{""market"":""BTC-SYNTH""}"
2026-10-04T20:01:41.940565+00:00,counter,marketdata.update.applied,1,"{""market"":""BTC-SYNTH""}"
2026-10-04T20:01:41.940590+00:00,counter,marketdata.update.applied,1,"{""market"":""BTC-SYNTH""}"
2026-10-04T20:01:41.940644+00:00,counter,marketdata.update.applied,1,"{""market"":""BTC-SYNTH""}"
2026-10-04T20:01:41.940677+00:00,counter,marketdata.update.applied,1,"{""market"":""BTC-SYNTH""}"
2026-10-04T20:01:41.940706+00:00,counter,marketdata.update.applied,1,"{""market"":""BTC-SYNTH""}"
2026-10-04T20:01:41.940731+00:00,counter,marketdata.update.applied,1,"{""market"":""BTC-SYNTH""}"
2026-10-04T20:01:41.940757+00:00,counter,marketdata.update.applied,1,"{""market"":""BTC-SYNTH""}"
2026-10-04T20:01:41.940780+00:00,counter,marketdata.update.applied,1,"{""market"":""BTC-SYNTH""}"
2026-10-04T20:01:41.940806+00:00,counter,marketdata.update.applied,1,"{""market"":""BTC-SYNTH""}"
2026-10-04T20:01:41.940829+00:00,counter,marketdata.update.applied,1,"{""market"":""BTC-SYNTH""}"
2026-10-04T20:01:41.940854+00:00,counter,marketdata.update.applied,1,"{""market"":""BTC-SYNTH""}"
2026-10-04T20:01:41.940894+00:00,counter,marketdata.update.applied,1,"{""market"":""BTC-SYNTH""}"
2026-10-04T20:01:41.940921+00:00,counter,marketdata.update.applied,1,"{""market"":""BTC-SYNTH""}"
2026-10-04T20:01:41.941025+00:00,counter,marketdata.update.applied,1,"{""market"":""BTC-SYNTH""}"
2026-10-04T20:01:41.941065+00:00,counter,marketdata.update.applied,1,"{""market"":""BTC-SYNTH""}"
2026-10-04T20:01:41.941091+00:00,counter,marketdata.update.applied,1,"{""market"":""BTC-SYNTH""}"
2026-10-04T20:01:41.941119+00:00,counter,marketdata.update.applied,1,"{""market"":""BTC-SYNTH""}"
2026-10-04T20:01:41.941143+00:00,counter,marketdata.update.applied,1,"{""market"":""BTC-SYNTH""}"
2026-10-04T20:01:41.941168+00:00,counter,marketdata.update.applied,1,"{""market"":""BTC-SYNTH""}"
2026-10-04T20:01:41.941192+00:00,counter,marketdata.update.applied,1,"{""market"":""BTC-SYNTH""}"
2026-10-04T20:01:41.941218+00:00,counter,marketdata.update.applied,1,"{""market"":""BTC-SYNTH""}"
2026-10-04T20:01:41.941241+00:00,counter,marketdata.update.applied,1,"{""market"":""BTC-SYNTH""}"
2026-10-04T20:01:41.941266+00:00,counter,marketdata.update.applied,1,"{""market"":""BTC-SYNTH""}"
2026-10-04T20:01:41.941289+00:00,counter,marketdata.update.applied,1,"{""market"":""BTC-SYNTH""}"
2026-10-04T20:01:42.005051+00:00,gauge,pricing.slices.attempted,3.0,"{""market"":""BTC-SYNTH"",""producer"":""svi-scipy""}"
2026-10-04T20:01:42.005086+00:00,gauge,pricing.slices.accepted,3.0,"{""market"":""BTC-SYNTH"",""producer"":""svi-scipy""}"
2026-10-04T20:01:42.005169+00:00,gauge,pricing.rmse_vol_bp,41.52209799718028,"{""market"":""BTC-SYNTH"",""producer"":""svi-scipy""}"
2026-10-04T20:01:42.005181+00:00,timing,pricing.cycle_ms,63.522,"{""market"":""BTC-SYNTH"",""producer"":""svi-scipy""}"
2026-10-04T20:01:42.005429+00:00,counter,bus.published,1,"{""topic"":""surface.BTC-SYNTH.svi-scipy""}"
2026-10-04T20:01:42.005463+00:00,counter,runner.handled,1,"{""subscriber"":""svi-scipy@BTC-SYNTH""}"
2026-10-04T20:01:42.005567+00:00,counter,risk.surface.received,1,"{""market"":""BTC-SYNTH"",""producer"":""svi-scipy"",""status"":""OK""}"
2026-10-04T20:01:42.005589+00:00,timing,risk.surface.snapshot_to_surface_ms,1651.177,"{""market"":""BTC-SYNTH"",""producer"":""svi-scipy""}"
2026-10-04T20:01:42.005599+00:00,timing,risk.surface.delivery_lag_ms,0.5559999999999999,"{""market"":""BTC-SYNTH"",""producer"":""svi-scipy""}"
2026-10-04T20:01:42.005614+00:00,gauge,risk.surface_age_seconds,1.651745,"{""market"":""BTC-SYNTH"",""producer"":""svi-scipy""}"
2026-10-04T20:01:42.005621+00:00,counter,risk.report.freshness,1,"{""decision"":""NORMAL"",""market"":""BTC-SYNTH"",""producer"":""svi-scipy""}"
2026-10-04T20:01:42.005659+00:00,counter,risk.report.rejected,1,"{""market"":""BTC-SYNTH"",""reason"":""no_surface""}"
2026-10-04T20:01:42.005673+00:00,counter,risk.comparison.incomparable,1,"{""baseline"":""svi-scipy"",""challenger"":""mlp-torch"",""market"":""BTC-SYNTH""}"
2026-10-04T20:01:42.005684+00:00,gauge,risk.surface_age_seconds,1.651817,"{""market"":""BTC-SYNTH"",""producer"":""svi-scipy""}"
2026-10-04T20:01:42.005690+00:00,counter,risk.report.freshness,1,"{""decision"":""NORMAL"",""market"":""BTC-SYNTH"",""producer"":""svi-scipy""}"
2026-10-04T20:01:42.005709+00:00,counter,runner.handled,1,"{""subscriber"":""risk-svi-scipy@BTC-SYNTH""}"
2026-10-04T20:01:42.942403+00:00,counter,marketdata.snapshot.published,1,"{""market"":""BTC-SYNTH""}"
2026-10-04T20:01:42.942445+00:00,gauge,marketdata.clock_skew_seconds,-1.58548,"{""market"":""BTC-SYNTH""}"
2026-10-04T20:01:42.942462+00:00,gauge,marketdata.coverage_ratio,0.9848484848484849,"{""market"":""BTC-SYNTH""}"
2026-10-04T20:01:42.942475+00:00,gauge,marketdata.max_age_seconds,1.684928,"{""market"":""BTC-SYNTH""}"
2026-10-04T20:01:42.942492+00:00,counter,pipeline.heartbeat.emitted,1,"{""market"":""BTC-SYNTH""}"
2026-10-04T20:01:42.942512+00:00,counter,bus.published,1,"{""topic"":""snapshot.BTC-SYNTH""}"
2026-10-04T20:01:42.942533+00:00,counter,bus.dropped,1,"{""subscriber"":""mlp-torch@BTC-SYNTH"",""topic"":""snapshot.BTC-SYNTH""}"
2026-10-04T20:01:42.942622+00:00,counter,marketdata.update.applied,1,"{""market"":""BTC-SYNTH""}"
2026-10-04T20:01:42.942656+00:00,counter,marketdata.update.applied,1,"{""market"":""BTC-SYNTH""}"
2026-10-04T20:01:42.942687+00:00,counter,marketdata.update.applied,1,"{""market"":""BTC-SYNTH""}"
2026-10-04T20:01:42.942714+00:00,counter,marketdata.update.applied,1,"{""market"":""BTC-SYNTH""}"
2026-10-04T20:01:42.942742+00:00,counter,marketdata.update.applied,1,"{""market"":""BTC-SYNTH""}"
2026-10-04T20:01:42.942767+00:00,counter,marketdata.update.applied,1,"{""market"":""BTC-SYNTH""}"
2026-10-04T20:01:42.942795+00:00,counter,marketdata.update.applied,1,"{""market"":""BTC-SYNTH""}"
2026-10-04T20:01:42.942819+00:00,counter,marketdata.update.applied,1,"{""market"":""BTC-SYNTH""}"
2026-10-04T20:01:42.942844+00:00,counter,marketdata.update.applied,1,"{""market"":""BTC-SYNTH""}"
2026-10-04T20:01:42.942869+00:00,counter,marketdata.update.applied,1,"{""market"":""BTC-SYNTH""}"
2026-10-04T20:01:42.942895+00:00,counter,marketdata.update.applied,1,"{""market"":""BTC-SYNTH""}"
2026-10-04T20:01:42.942919+00:00,counter,marketdata.update.applied,1,"{""market"":""BTC-SYNTH""}"
2026-10-04T20:01:42.942945+00:00,counter,marketdata.update.applied,1,"{""market"":""BTC-SYNTH""}"
2026-10-04T20:01:42.942968+00:00,counter,marketdata.update.applied,1,"{""market"":""BTC-SYNTH""}"
2026-10-04T20:01:42.942995+00:00,counter,marketdata.update.applied,1,"{""market"":""BTC-SYNTH""}"
2026-10-04T20:01:42.943018+00:00,counter,marketdata.update.applied,1,"{""market"":""BTC-SYNTH""}"
2026-10-04T20:01:42.943044+00:00,counter,marketdata.update.applied,1,"{""market"":""BTC-SYNTH""}"
2026-10-04T20:01:42.943067+00:00,counter,marketdata.update.applied,1,"{""market"":""BTC-SYNTH""}"
2026-10-04T20:01:42.943093+00:00,counter,marketdata.update.applied,1,"{""market"":""BTC-SYNTH""}"
2026-10-04T20:01:42.943117+00:00,counter,marketdata.update.applied,1,"{""market"":""BTC-SYNTH""}"
2026-10-04T20:01:42.943166+00:00,counter,marketdata.update.applied,1,"{""market"":""BTC-SYNTH""}"
2026-10-04T20:01:42.943199+00:00,counter,marketdata.update.applied,1,"{""market"":""BTC-SYNTH""}"
2026-10-04T20:01:42.943233+00:00,counter,marketdata.update.applied,1,"{""market"":""BTC-SYNTH""}"
2026-10-04T20:01:42.943258+00:00,counter,marketdata.update.applied,1,"{""market"":""BTC-SYNTH""}"
2026-10-04T20:01:42.943285+00:00,counter,marketdata.update.applied,1,"{""market"":""BTC-SYNTH""}"
2026-10-04T20:01:42.943310+00:00,counter,marketdata.update.applied,1,"{""market"":""BTC-SYNTH""}"
2026-10-04T20:01:42.943337+00:00,counter,marketdata.update.applied,1,"{""market"":""BTC-SYNTH""}"
2026-10-04T20:01:42.943361+00:00,counter,marketdata.update.applied,1,"{""market"":""BTC-SYNTH""}"
2026-10-04T20:01:42.943387+00:00,counter,marketdata.update.applied,1,"{""market"":""BTC-SYNTH""}"
2026-10-04T20:01:42.943412+00:00,counter,marketdata.update.applied,1,"{""market"":""BTC-SYNTH""}"
2026-10-04T20:01:42.943438+00:00,counter,marketdata.update.applied,1,"{""market"":""BTC-SYNTH""}"
2026-10-04T20:01:42.943463+00:00,counter,marketdata.update.applied,1,"{""market"":""BTC-SYNTH""}"
2026-10-04T20:01:42.943489+00:00,counter,marketdata.update.applied,1,"{""market"":""BTC-SYNTH""}"
2026-10-04T20:01:42.943513+00:00,counter,marketdata.update.applied,1,"{""market"":""BTC-SYNTH""}"
2026-10-04T20:01:42.943540+00:00,counter,marketdata.update.applied,1,"{""market"":""BTC-SYNTH""}"
2026-10-04T20:01:42.943564+00:00,counter,marketdata.update.applied,1,"{""market"":""BTC-SYNTH""}"
2026-10-04T20:01:42.943589+00:00,counter,marketdata.update.applied,1,"{""market"":""BTC-SYNTH""}"
2026-10-04T20:01:42.943613+00:00,counter,marketdata.update.applied,1,"{""market"":""BTC-SYNTH""}"
2026-10-04T20:01:42.943639+00:00,counter,marketdata.update.applied,1,"{""market"":""BTC-SYNTH""}"
2026-10-04T20:01:42.943663+00:00,counter,marketdata.update.applied,1,"{""market"":""BTC-SYNTH""}"
2026-10-04T20:01:42.943689+00:00,counter,marketdata.update.applied,1,"{""market"":""BTC-SYNTH""}"
2026-10-04T20:01:42.943713+00:00,counter,marketdata.update.applied,1,"{""market"":""BTC-SYNTH""}"
2026-10-04T20:01:42.943739+00:00,counter,marketdata.update.applied,1,"{""market"":""BTC-SYNTH""}"
2026-10-04T20:01:42.943764+00:00,counter,marketdata.update.applied,1,"{""market"":""BTC-SYNTH""}"
2026-10-04T20:01:42.943881+00:00,counter,marketdata.update.applied,1,"{""market"":""BTC-SYNTH""}"
2026-10-04T20:01:42.943914+00:00,counter,marketdata.update.applied,1,"{""market"":""BTC-SYNTH""}"
2026-10-04T20:01:42.943943+00:00,counter,marketdata.update.applied,1,"{""market"":""BTC-SYNTH""}"
2026-10-04T20:01:42.943968+00:00,counter,marketdata.update.applied,1,"{""market"":""BTC-SYNTH""}"
2026-10-04T20:01:42.943995+00:00,counter,marketdata.update.applied,1,"{""market"":""BTC-SYNTH""}"
2026-10-04T20:01:42.944020+00:00,counter,marketdata.update.applied,1,"{""market"":""BTC-SYNTH""}"
2026-10-04T20:01:42.944047+00:00,counter,marketdata.update.applied,1,"{""market"":""BTC-SYNTH""}"
2026-10-04T20:01:42.944071+00:00,counter,marketdata.update.applied,1,"{""market"":""BTC-SYNTH""}"
2026-10-04T20:01:42.944097+00:00,counter,marketdata.update.applied,1,"{""market"":""BTC-SYNTH""}"
2026-10-04T20:01:42.944121+00:00,counter,marketdata.update.applied,1,"{""market"":""BTC-SYNTH""}"
2026-10-04T20:01:42.944147+00:00,counter,marketdata.update.applied,1,"{""market"":""BTC-SYNTH""}"
2026-10-04T20:01:42.944171+00:00,counter,marketdata.update.applied,1,"{""market"":""BTC-SYNTH""}"
2026-10-04T20:01:42.944196+00:00,counter,marketdata.update.applied,1,"{""market"":""BTC-SYNTH""}"
2026-10-04T20:01:42.944243+00:00,counter,marketdata.update.applied,1,"{""market"":""BTC-SYNTH""}"
2026-10-04T20:01:42.944279+00:00,counter,marketdata.update.applied,1,"{""market"":""BTC-SYNTH""}"
2026-10-04T20:01:42.944319+00:00,counter,marketdata.update.applied,1,"{""market"":""BTC-SYNTH""}"
2026-10-04T20:01:42.944346+00:00,counter,marketdata.update.applied,1,"{""market"":""BTC-SYNTH""}"
2026-10-04T20:01:42.944392+00:00,counter,marketdata.update.applied,1,"{""market"":""BTC-SYNTH""}"
2026-10-04T20:01:42.944435+00:00,counter,marketdata.update.applied,1,"{""market"":""BTC-SYNTH""}"
2026-10-04T20:01:42.944463+00:00,counter,marketdata.update.applied,1,"{""market"":""BTC-SYNTH""}"
2026-10-04T20:01:42.944490+00:00,counter,marketdata.update.applied,1,"{""market"":""BTC-SYNTH""}"
2026-10-04T20:01:42.944516+00:00,counter,marketdata.update.applied,1,"{""market"":""BTC-SYNTH""}"
2026-10-04T20:01:43.067063+00:00,gauge,pricing.slices.attempted,3.0,"{""market"":""BTC-SYNTH"",""producer"":""svi-scipy""}"
2026-10-04T20:01:43.067105+00:00,gauge,pricing.slices.accepted,3.0,"{""market"":""BTC-SYNTH"",""producer"":""svi-scipy""}"
2026-10-04T20:01:43.067186+00:00,gauge,pricing.rmse_vol_bp,40.684953145807384,"{""market"":""BTC-SYNTH"",""producer"":""svi-scipy""}"
2026-10-04T20:01:43.067197+00:00,timing,pricing.cycle_ms,122.19,"{""market"":""BTC-SYNTH"",""producer"":""svi-scipy""}"
2026-10-04T20:01:43.067552+00:00,counter,bus.published,1,"{""topic"":""surface.BTC-SYNTH.svi-scipy""}"
2026-10-04T20:01:43.067582+00:00,counter,runner.handled,1,"{""subscriber"":""svi-scipy@BTC-SYNTH""}"
2026-10-04T20:01:43.067683+00:00,counter,risk.surface.received,1,"{""market"":""BTC-SYNTH"",""producer"":""svi-scipy"",""status"":""OK""}"
2026-10-04T20:01:43.067698+00:00,timing,risk.surface.snapshot_to_surface_ms,1710.8509999999999,"{""market"":""BTC-SYNTH"",""producer"":""svi-scipy""}"
2026-10-04T20:01:43.067708+00:00,timing,risk.surface.delivery_lag_ms,0.655,"{""market"":""BTC-SYNTH"",""producer"":""svi-scipy""}"
2026-10-04T20:01:43.067724+00:00,gauge,risk.surface_age_seconds,1.711518,"{""market"":""BTC-SYNTH"",""producer"":""svi-scipy""}"
2026-10-04T20:01:43.067731+00:00,counter,risk.report.freshness,1,"{""decision"":""NORMAL"",""market"":""BTC-SYNTH"",""producer"":""svi-scipy""}"
2026-10-04T20:01:43.067773+00:00,counter,risk.report.rejected,1,"{""market"":""BTC-SYNTH"",""reason"":""no_surface""}"
2026-10-04T20:01:43.067788+00:00,counter,risk.comparison.incomparable,1,"{""baseline"":""svi-scipy"",""challenger"":""mlp-torch"",""market"":""BTC-SYNTH""}"
2026-10-04T20:01:43.067799+00:00,gauge,risk.surface_age_seconds,1.711595,"{""market"":""BTC-SYNTH"",""producer"":""svi-scipy""}"
2026-10-04T20:01:43.067805+00:00,counter,risk.report.freshness,1,"{""decision"":""NORMAL"",""market"":""BTC-SYNTH"",""producer"":""svi-scipy""}"
2026-10-04T20:01:43.067823+00:00,counter,runner.handled,1,"{""subscriber"":""risk-svi-scipy@BTC-SYNTH""}"
2026-10-04T20:01:43.895722+00:00,gauge,neural.butterfly_violation,0.0,"{""market"":""BTC-SYNTH""}"
2026-10-04T20:01:43.895753+00:00,gauge,neural.calendar_violation,0.0,"{""market"":""BTC-SYNTH""}"
2026-10-04T20:01:43.896045+00:00,gauge,neural.rmse_vol_bp,0.0,"{""market"":""BTC-SYNTH"",""producer"":""mlp-torch""}"
2026-10-04T20:01:43.896338+00:00,counter,bus.published,1,"{""topic"":""surface.BTC-SYNTH.mlp-torch""}"
2026-10-04T20:01:43.896389+00:00,counter,runner.handled,1,"{""subscriber"":""mlp-torch@BTC-SYNTH""}"
2026-10-04T20:01:43.896595+00:00,counter,risk.surface.received,1,"{""market"":""BTC-SYNTH"",""producer"":""mlp-torch"",""status"":""DEGRADED""}"
2026-10-04T20:01:43.896626+00:00,timing,risk.surface.snapshot_to_surface_ms,4598.168000000001,"{""market"":""BTC-SYNTH"",""producer"":""mlp-torch""}"
2026-10-04T20:01:43.896646+00:00,timing,risk.surface.delivery_lag_ms,1.351,"{""market"":""BTC-SYNTH"",""producer"":""mlp-torch""}"
2026-10-04T20:01:43.896669+00:00,gauge,risk.surface_age_seconds,2.54046,"{""market"":""BTC-SYNTH"",""producer"":""svi-scipy""}"
2026-10-04T20:01:43.896683+00:00,counter,risk.report.freshness,1,"{""decision"":""NORMAL"",""market"":""BTC-SYNTH"",""producer"":""svi-scipy""}"
2026-10-04T20:01:43.896752+00:00,gauge,risk.surface_age_seconds,4.599624,"{""market"":""BTC-SYNTH"",""producer"":""mlp-torch""}"
2026-10-04T20:01:43.896766+00:00,counter,risk.report.freshness,1,"{""decision"":""NORMAL"",""market"":""BTC-SYNTH"",""producer"":""mlp-torch""}"
2026-10-04T20:01:43.896898+00:00,gauge,risk.comparison.value_diff,-5499.146993927578,"{""baseline"":""svi-scipy"",""challenger"":""mlp-torch"",""market"":""BTC-SYNTH""}"
2026-10-04T20:01:43.896916+00:00,gauge,risk.comparison.distance_rms_vol_bp,908.0833361685006,"{""baseline"":""svi-scipy"",""challenger"":""mlp-torch"",""market"":""BTC-SYNTH""}"
2026-10-04T20:01:43.896932+00:00,gauge,risk.comparison.distance_max_vol_bp,1272.1630920317984,"{""baseline"":""svi-scipy"",""challenger"":""mlp-torch"",""market"":""BTC-SYNTH""}"
2026-10-04T20:01:43.896951+00:00,gauge,risk.surface_age_seconds,4.599824,"{""market"":""BTC-SYNTH"",""producer"":""mlp-torch""}"
2026-10-04T20:01:43.896963+00:00,counter,risk.report.freshness,1,"{""decision"":""NORMAL"",""market"":""BTC-SYNTH"",""producer"":""mlp-torch""}"
2026-10-04T20:01:43.896994+00:00,counter,runner.handled,1,"{""subscriber"":""risk-mlp-torch@BTC-SYNTH""}"
2026-10-04T20:01:43.897610+00:00,gauge,neural.buffer.size,34.0,"{""market"":""BTC-SYNTH""}"
2026-10-04T20:01:43.897630+00:00,gauge,neural.buffer.cell_coverage,1.0,"{""market"":""BTC-SYNTH""}"
2026-10-04T20:01:43.915405+00:00,gauge,neural.butterfly_violation,0.0,"{""market"":""BTC-SYNTH""}"
2026-10-04T20:01:43.915426+00:00,gauge,neural.calendar_violation,0.0,"{""market"":""BTC-SYNTH""}"
2026-10-04T20:01:43.917821+00:00,gauge,neural.rmse_vol_bp,679.3617261437305,"{""market"":""BTC-SYNTH"",""producer"":""mlp-torch""}"
2026-10-04T20:01:43.917975+00:00,counter,bus.published,1,"{""topic"":""surface.BTC-SYNTH.mlp-torch""}"
2026-10-04T20:01:43.918039+00:00,counter,runner.handled,1,"{""subscriber"":""mlp-torch@BTC-SYNTH""}"
2026-10-04T20:01:43.918148+00:00,counter,risk.surface.received,1,"{""market"":""BTC-SYNTH"",""producer"":""mlp-torch"",""status"":""OK""}"
2026-10-04T20:01:43.918163+00:00,timing,risk.surface.snapshot_to_surface_ms,2558.86,"{""market"":""BTC-SYNTH"",""producer"":""mlp-torch""}"
2026-10-04T20:01:43.918172+00:00,timing,risk.surface.delivery_lag_ms,3.11,"{""market"":""BTC-SYNTH"",""producer"":""mlp-torch""}"
2026-10-04T20:01:43.918186+00:00,gauge,risk.surface_age_seconds,2.56198,"{""market"":""BTC-SYNTH"",""producer"":""svi-scipy""}"
2026-10-04T20:01:43.918193+00:00,counter,risk.report.freshness,1,"{""decision"":""NORMAL"",""market"":""BTC-SYNTH"",""producer"":""svi-scipy""}"
2026-10-04T20:01:43.918244+00:00,gauge,risk.surface_age_seconds,2.56204,"{""market"":""BTC-SYNTH"",""producer"":""mlp-torch""}"
2026-10-04T20:01:43.918254+00:00,counter,risk.report.freshness,1,"{""decision"":""NORMAL"",""market"":""BTC-SYNTH"",""producer"":""mlp-torch""}"
2026-10-04T20:01:43.918417+00:00,gauge,risk.comparison.value_diff,1858.1390375789742,"{""baseline"":""svi-scipy"",""challenger"":""mlp-torch"",""market"":""BTC-SYNTH""}"
2026-10-04T20:01:43.918430+00:00,gauge,risk.comparison.distance_rms_vol_bp,648.098382485768,"{""baseline"":""svi-scipy"",""challenger"":""mlp-torch"",""market"":""BTC-SYNTH""}"
2026-10-04T20:01:43.918441+00:00,gauge,risk.comparison.distance_max_vol_bp,1052.1119766225195,"{""baseline"":""svi-scipy"",""challenger"":""mlp-torch"",""market"":""BTC-SYNTH""}"
2026-10-04T20:01:43.918451+00:00,gauge,risk.surface_age_seconds,2.562247,"{""market"":""BTC-SYNTH"",""producer"":""mlp-torch""}"
2026-10-04T20:01:43.918458+00:00,counter,risk.report.freshness,1,"{""decision"":""NORMAL"",""market"":""BTC-SYNTH"",""producer"":""mlp-torch""}"
2026-10-04T20:01:43.918478+00:00,counter,runner.handled,1,"{""subscriber"":""risk-mlp-torch@BTC-SYNTH""}"
2026-10-04T20:01:43.946244+00:00,counter,marketdata.snapshot.published,1,"{""market"":""BTC-SYNTH""}"
2026-10-04T20:01:43.946265+00:00,gauge,marketdata.clock_skew_seconds,-1.590584,"{""market"":""BTC-SYNTH""}"
2026-10-04T20:01:43.946272+00:00,gauge,marketdata.coverage_ratio,1.0,"{""market"":""BTC-SYNTH""}"
2026-10-04T20:01:43.946276+00:00,gauge,marketdata.max_age_seconds,1.688521,"{""market"":""BTC-SYNTH""}"
2026-10-04T20:01:43.946282+00:00,counter,pipeline.heartbeat.emitted,1,"{""market"":""BTC-SYNTH""}"
2026-10-04T20:01:43.946290+00:00,counter,bus.published,1,"{""topic"":""snapshot.BTC-SYNTH""}"
2026-10-04T20:01:43.946348+00:00,counter,marketdata.update.applied,1,"{""market"":""BTC-SYNTH""}"
2026-10-04T20:01:43.946362+00:00,counter,marketdata.update.applied,1,"{""market"":""BTC-SYNTH""}"
2026-10-04T20:01:43.946376+00:00,counter,marketdata.update.applied,1,"{""market"":""BTC-SYNTH""}"
2026-10-04T20:01:43.946385+00:00,counter,marketdata.update.applied,1,"{""market"":""BTC-SYNTH""}"
2026-10-04T20:01:43.946397+00:00,counter,marketdata.update.applied,1,"{""market"":""BTC-SYNTH""}"
2026-10-04T20:01:43.946420+00:00,counter,marketdata.update.applied,1,"{""market"":""BTC-SYNTH""}"
2026-10-04T20:01:43.946435+00:00,counter,marketdata.update.applied,1,"{""market"":""BTC-SYNTH""}"
2026-10-04T20:01:43.946445+00:00,counter,marketdata.update.applied,1,"{""market"":""BTC-SYNTH""}"
2026-10-04T20:01:43.946461+00:00,counter,marketdata.update.applied,1,"{""market"":""BTC-SYNTH""}"
2026-10-04T20:01:43.946470+00:00,counter,marketdata.update.applied,1,"{""market"":""BTC-SYNTH""}"
2026-10-04T20:01:43.946481+00:00,counter,marketdata.update.applied,1,"{""market"":""BTC-SYNTH""}"
2026-10-04T20:01:43.946491+00:00,counter,marketdata.update.applied,1,"{""market"":""BTC-SYNTH""}"
2026-10-04T20:01:43.946514+00:00,counter,marketdata.update.applied,1,"{""market"":""BTC-SYNTH""}"
2026-10-04T20:01:43.946527+00:00,counter,marketdata.update.applied,1,"{""market"":""BTC-SYNTH""}"
2026-10-04T20:01:43.946539+00:00,counter,marketdata.update.applied,1,"{""market"":""BTC-SYNTH""}"
2026-10-04T20:01:43.946549+00:00,counter,marketdata.update.applied,1,"{""market"":""BTC-SYNTH""}"
2026-10-04T20:01:43.946561+00:00,counter,marketdata.update.applied,1,"{""market"":""BTC-SYNTH""}"
2026-10-04T20:01:43.946571+00:00,counter,marketdata.update.applied,1,"{""market"":""BTC-SYNTH""}"
2026-10-04T20:01:43.946580+00:00,counter,marketdata.update.applied,1,"{""market"":""BTC-SYNTH""}"
2026-10-04T20:01:43.946589+00:00,counter,marketdata.update.applied,1,"{""market"":""BTC-SYNTH""}"
2026-10-04T20:01:43.946600+00:00,counter,marketdata.update.applied,1,"{""market"":""BTC-SYNTH""}"
2026-10-04T20:01:43.946616+00:00,counter,marketdata.update.applied,1,"{""market"":""BTC-SYNTH""}"
2026-10-04T20:01:43.946630+00:00,counter,marketdata.update.applied,1,"{""market"":""BTC-SYNTH""}"
2026-10-04T20:01:43.946640+00:00,counter,marketdata.update.applied,1,"{""market"":""BTC-SYNTH""}"
2026-10-04T20:01:43.946651+00:00,counter,marketdata.update.applied,1,"{""market"":""BTC-SYNTH""}"
2026-10-04T20:01:43.946661+00:00,counter,marketdata.update.applied,1,"{""market"":""BTC-SYNTH""}"
2026-10-04T20:01:43.946672+00:00,counter,marketdata.update.applied,1,"{""market"":""BTC-SYNTH""}"
2026-10-04T20:01:43.946682+00:00,counter,marketdata.update.applied,1,"{""market"":""BTC-SYNTH""}"
2026-10-04T20:01:43.946693+00:00,counter,marketdata.update.applied,1,"{""market"":""BTC-SYNTH""}"
2026-10-04T20:01:43.946702+00:00,counter,marketdata.update.applied,1,"{""market"":""BTC-SYNTH""}"
2026-10-04T20:01:43.946713+00:00,counter,marketdata.update.applied,1,"{""market"":""BTC-SYNTH""}"
2026-10-04T20:01:43.946723+00:00,counter,marketdata.update.applied,1,"{""market"":""BTC-SYNTH""}"
2026-10-04T20:01:43.946734+00:00,counter,marketdata.update.applied,1,"{""market"":""BTC-SYNTH""}"
2026-10-04T20:01:43.946743+00:00,counter,marketdata.update.applied,1,"{""market"":""BTC-SYNTH""}"
2026-10-04T20:01:43.946754+00:00,counter,marketdata.update.applied,1,"{""market"":""BTC-SYNTH""}"
2026-10-04T20:01:43.946764+00:00,counter,marketdata.update.applied,1,"{""market"":""BTC-SYNTH""}"
2026-10-04T20:01:43.946775+00:00,counter,marketdata.update.applied,1,"{""market"":""BTC-SYNTH""}"
2026-10-04T20:01:43.946785+00:00,counter,marketdata.update.applied,1,"{""market"":""BTC-SYNTH""}"
2026-10-04T20:01:43.946795+00:00,counter,marketdata.update.applied,1,"{""market"":""BTC-SYNTH""}"
2026-10-04T20:01:43.946806+00:00,counter,marketdata.update.applied,1,"{""market"":""BTC-SYNTH""}"
2026-10-04T20:01:43.946816+00:00,counter,marketdata.update.applied,1,"{""market"":""BTC-SYNTH""}"
2026-10-04T20:01:43.946826+00:00,counter,marketdata.update.applied,1,"{""market"":""BTC-SYNTH""}"
2026-10-04T20:01:43.946837+00:00,counter,marketdata.update.applied,1,"{""market"":""BTC-SYNTH""}"
2026-10-04T20:01:43.946847+00:00,counter,marketdata.update.applied,1,"{""market"":""BTC-SYNTH""}"
2026-10-04T20:01:43.946861+00:00,counter,marketdata.update.applied,1,"{""market"":""BTC-SYNTH""}"
2026-10-04T20:01:43.946871+00:00,counter,marketdata.update.applied,1,"{""market"":""BTC-SYNTH""}"
2026-10-04T20:01:43.946881+00:00,counter,marketdata.update.applied,1,"{""market"":""BTC-SYNTH""}"
2026-10-04T20:01:43.946891+00:00,counter,marketdata.update.applied,1,"{""market"":""BTC-SYNTH""}"
2026-10-04T20:01:43.946912+00:00,counter,marketdata.update.applied,1,"{""market"":""BTC-SYNTH""}"
2026-10-04T20:01:43.946923+00:00,counter,marketdata.update.applied,1,"{""market"":""BTC-SYNTH""}"
2026-10-04T20:01:43.946933+00:00,counter,marketdata.update.applied,1,"{""market"":""BTC-SYNTH""}"
2026-10-04T20:01:43.946943+00:00,counter,marketdata.update.applied,1,"{""market"":""BTC-SYNTH""}"
2026-10-04T20:01:43.946954+00:00,counter,marketdata.update.applied,1,"{""market"":""BTC-SYNTH""}"
2026-10-04T20:01:43.946963+00:00,counter,marketdata.update.applied,1,"{""market"":""BTC-SYNTH""}"
2026-10-04T20:01:43.946973+00:00,counter,marketdata.update.applied,1,"{""market"":""BTC-SYNTH""}"
2026-10-04T20:01:43.946989+00:00,counter,marketdata.update.applied,1,"{""market"":""BTC-SYNTH""}"
2026-10-04T20:01:43.947000+00:00,counter,marketdata.update.applied,1,"{""market"":""BTC-SYNTH""}"
2026-10-04T20:01:43.947010+00:00,counter,marketdata.update.applied,1,"{""market"":""BTC-SYNTH""}"
2026-10-04T20:01:43.947021+00:00,counter,marketdata.update.applied,1,"{""market"":""BTC-SYNTH""}"
2026-10-04T20:01:43.947030+00:00,counter,marketdata.update.applied,1,"{""market"":""BTC-SYNTH""}"
2026-10-04T20:01:43.947046+00:00,counter,marketdata.update.applied,1,"{""market"":""BTC-SYNTH""}"
2026-10-04T20:01:43.947056+00:00,counter,marketdata.update.applied,1,"{""market"":""BTC-SYNTH""}"
2026-10-04T20:01:43.947066+00:00,counter,marketdata.update.applied,1,"{""market"":""BTC-SYNTH""}"
2026-10-04T20:01:43.947075+00:00,counter,marketdata.update.applied,1,"{""market"":""BTC-SYNTH""}"
2026-10-04T20:01:43.947085+00:00,counter,marketdata.update.applied,1,"{""market"":""BTC-SYNTH""}"
2026-10-04T20:01:43.947094+00:00,counter,marketdata.update.applied,1,"{""market"":""BTC-SYNTH""}"
2026-10-04T20:01:43.949265+00:00,gauge,neural.buffer.size,67.0,"{""market"":""BTC-SYNTH""}"
2026-10-04T20:01:43.949285+00:00,gauge,neural.buffer.cell_coverage,1.0,"{""market"":""BTC-SYNTH""}"
2026-10-04T20:01:44.039106+00:00,gauge,pricing.slices.attempted,3.0,"{""market"":""BTC-SYNTH"",""producer"":""svi-scipy""}"
2026-10-04T20:01:44.039186+00:00,gauge,pricing.slices.accepted,3.0,"{""market"":""BTC-SYNTH"",""producer"":""svi-scipy""}"
2026-10-04T20:01:44.039261+00:00,gauge,pricing.rmse_vol_bp,40.2582402256017,"{""market"":""BTC-SYNTH"",""producer"":""svi-scipy""}"
2026-10-04T20:01:44.039271+00:00,timing,pricing.cycle_ms,91.898,"{""market"":""BTC-SYNTH"",""producer"":""svi-scipy""}"
2026-10-04T20:01:44.039602+00:00,counter,bus.published,1,"{""topic"":""surface.BTC-SYNTH.svi-scipy""}"
2026-10-04T20:01:44.039641+00:00,counter,runner.handled,1,"{""subscriber"":""svi-scipy@BTC-SYNTH""}"
2026-10-04T20:01:44.039762+00:00,counter,risk.surface.received,1,"{""market"":""BTC-SYNTH"",""producer"":""svi-scipy"",""status"":""OK""}"
2026-10-04T20:01:44.039784+00:00,timing,risk.surface.snapshot_to_surface_ms,1683.8770000000002,"{""market"":""BTC-SYNTH"",""producer"":""svi-scipy""}"
2026-10-04T20:01:44.039800+00:00,timing,risk.surface.delivery_lag_ms,0.7,"{""market"":""BTC-SYNTH"",""producer"":""svi-scipy""}"
2026-10-04T20:01:44.039821+00:00,gauge,risk.surface_age_seconds,1.684594,"{""market"":""BTC-SYNTH"",""producer"":""svi-scipy""}"
2026-10-04T20:01:44.039833+00:00,counter,risk.report.freshness,1,"{""decision"":""NORMAL"",""market"":""BTC-SYNTH"",""producer"":""svi-scipy""}"
2026-10-04T20:01:44.039894+00:00,gauge,risk.surface_age_seconds,2.683688,"{""market"":""BTC-SYNTH"",""producer"":""mlp-torch""}"
2026-10-04T20:01:44.039906+00:00,counter,risk.report.freshness,1,"{""decision"":""NORMAL"",""market"":""BTC-SYNTH"",""producer"":""mlp-torch""}"
2026-10-04T20:01:44.040133+00:00,gauge,risk.comparison.value_diff,1973.9685887495398,"{""baseline"":""svi-scipy"",""challenger"":""mlp-torch"",""market"":""BTC-SYNTH""}"
2026-10-04T20:01:44.040155+00:00,gauge,risk.comparison.distance_rms_vol_bp,624.5140963813335,"{""baseline"":""svi-scipy"",""challenger"":""mlp-torch"",""market"":""BTC-SYNTH""}"
2026-10-04T20:01:44.040169+00:00,gauge,risk.comparison.distance_max_vol_bp,1107.7610772035862,"{""baseline"":""svi-scipy"",""challenger"":""mlp-torch"",""market"":""BTC-SYNTH""}"
2026-10-04T20:01:44.040192+00:00,gauge,risk.surface_age_seconds,1.684966,"{""market"":""BTC-SYNTH"",""producer"":""svi-scipy""}"
2026-10-04T20:01:44.040203+00:00,counter,risk.report.freshness,1,"{""decision"":""NORMAL"",""market"":""BTC-SYNTH"",""producer"":""svi-scipy""}"
2026-10-04T20:01:44.040236+00:00,counter,runner.handled,1,"{""subscriber"":""risk-svi-scipy@BTC-SYNTH""}"
2026-10-04T20:01:44.065567+00:00,gauge,neural.butterfly_violation,0.0,"{""market"":""BTC-SYNTH""}"
2026-10-04T20:01:44.065598+00:00,gauge,neural.calendar_violation,0.0,"{""market"":""BTC-SYNTH""}"
2026-10-04T20:01:44.066427+00:00,gauge,neural.rmse_vol_bp,208.99261851687865,"{""market"":""BTC-SYNTH"",""producer"":""mlp-torch""}"
2026-10-04T20:01:44.066641+00:00,counter,bus.published,1,"{""topic"":""surface.BTC-SYNTH.mlp-torch""}"
2026-10-04T20:01:44.066672+00:00,counter,runner.handled,1,"{""subscriber"":""mlp-torch@BTC-SYNTH""}"
2026-10-04T20:01:44.066780+00:00,counter,risk.surface.received,1,"{""market"":""BTC-SYNTH"",""producer"":""mlp-torch"",""status"":""OK""}"
2026-10-04T20:01:44.066799+00:00,timing,risk.surface.snapshot_to_surface_ms,1709.74,"{""market"":""BTC-SYNTH"",""producer"":""mlp-torch""}"
2026-10-04T20:01:44.066814+00:00,timing,risk.surface.delivery_lag_ms,1.851,"{""market"":""BTC-SYNTH"",""producer"":""mlp-torch""}"
2026-10-04T20:01:44.066832+00:00,gauge,risk.surface_age_seconds,1.711606,"{""market"":""BTC-SYNTH"",""producer"":""svi-scipy""}"
2026-10-04T20:01:44.066843+00:00,counter,risk.report.freshness,1,"{""decision"":""NORMAL"",""market"":""BTC-SYNTH"",""producer"":""svi-scipy""}"
2026-10-04T20:01:44.066888+00:00,gauge,risk.surface_age_seconds,1.711664,"{""market"":""BTC-SYNTH"",""producer"":""mlp-torch""}"
2026-10-04T20:01:44.066899+00:00,counter,risk.report.freshness,1,"{""decision"":""NORMAL"",""market"":""BTC-SYNTH"",""producer"":""mlp-torch""}"
2026-10-04T20:01:44.067063+00:00,gauge,risk.comparison.value_diff,205.86503630844527,"{""baseline"":""svi-scipy"",""challenger"":""mlp-torch"",""market"":""BTC-SYNTH""}"
2026-10-04T20:01:44.067083+00:00,gauge,risk.comparison.distance_rms_vol_bp,450.52522034515806,"{""baseline"":""svi-scipy"",""challenger"":""mlp-torch"",""market"":""BTC-SYNTH""}"
2026-10-04T20:01:44.067097+00:00,gauge,risk.comparison.distance_max_vol_bp,1710.3029451767081,"{""baseline"":""svi-scipy"",""challenger"":""mlp-torch"",""market"":""BTC-SYNTH""}"
2026-10-04T20:01:44.067114+00:00,gauge,risk.surface_age_seconds,1.711889,"{""market"":""BTC-SYNTH"",""producer"":""mlp-torch""}"
2026-10-04T20:01:44.067125+00:00,counter,risk.report.freshness,1,"{""decision"":""NORMAL"",""market"":""BTC-SYNTH"",""producer"":""mlp-torch""}"
2026-10-04T20:01:44.067156+00:00,counter,runner.handled,1,"{""subscriber"":""risk-mlp-torch@BTC-SYNTH""}"
2026-10-04T20:01:44.970843+00:00,counter,marketdata.snapshot.published,1,"{""market"":""BTC-SYNTH""}"
2026-10-04T20:01:44.970952+00:00,gauge,marketdata.clock_skew_seconds,-1.613211,"{""market"":""BTC-SYNTH""}"
2026-10-04T20:01:44.970991+00:00,gauge,marketdata.coverage_ratio,0.9848484848484849,"{""market"":""BTC-SYNTH""}"
2026-10-04T20:01:44.971022+00:00,gauge,marketdata.max_age_seconds,1.711975,"{""market"":""BTC-SYNTH""}"
2026-10-04T20:01:44.971056+00:00,counter,pipeline.heartbeat.emitted,1,"{""market"":""BTC-SYNTH""}"
2026-10-04T20:01:44.971149+00:00,counter,bus.published,1,"{""topic"":""snapshot.BTC-SYNTH""}"
2026-10-04T20:01:44.971378+00:00,counter,marketdata.update.applied,1,"{""market"":""BTC-SYNTH""}"
2026-10-04T20:01:44.971460+00:00,counter,marketdata.update.applied,1,"{""market"":""BTC-SYNTH""}"
2026-10-04T20:01:44.971533+00:00,counter,marketdata.update.applied,1,"{""market"":""BTC-SYNTH""}"
2026-10-04T20:01:44.971598+00:00,counter,marketdata.update.applied,1,"{""market"":""BTC-SYNTH""}"
2026-10-04T20:01:44.971700+00:00,counter,marketdata.update.applied,1,"{""market"":""BTC-SYNTH""}"
2026-10-04T20:01:44.971763+00:00,counter,marketdata.update.applied,1,"{""market"":""BTC-SYNTH""}"
2026-10-04T20:01:44.971828+00:00,counter,marketdata.update.applied,1,"{""market"":""BTC-SYNTH""}"
2026-10-04T20:01:44.971886+00:00,counter,marketdata.update.applied,1,"{""market"":""BTC-SYNTH""}"
2026-10-04T20:01:44.971947+00:00,counter,marketdata.update.applied,1,"{""market"":""BTC-SYNTH""}"
2026-10-04T20:01:44.972004+00:00,counter,marketdata.update.applied,1,"{""market"":""BTC-SYNTH""}"
2026-10-04T20:01:44.972066+00:00,counter,marketdata.update.applied,1,"{""market"":""BTC-SYNTH""}"
2026-10-04T20:01:44.972123+00:00,counter,marketdata.update.applied,1,"{""market"":""BTC-SYNTH""}"
2026-10-04T20:01:44.972184+00:00,counter,marketdata.update.applied,1,"{""market"":""BTC-SYNTH""}"
2026-10-04T20:01:44.972300+00:00,counter,marketdata.update.applied,1,"{""market"":""BTC-SYNTH""}"
2026-10-04T20:01:44.972501+00:00,counter,marketdata.update.applied,1,"{""market"":""BTC-SYNTH""}"
2026-10-04T20:01:44.972577+00:00,counter,marketdata.update.applied,1,"{""market"":""BTC-SYNTH""}"
2026-10-04T20:01:44.972642+00:00,counter,marketdata.update.applied,1,"{""market"":""BTC-SYNTH""}"
2026-10-04T20:01:44.972701+00:00,counter,marketdata.update.applied,1,"{""market"":""BTC-SYNTH""}"
2026-10-04T20:01:44.972766+00:00,counter,marketdata.update.applied,1,"{""market"":""BTC-SYNTH""}"
2026-10-04T20:01:44.972824+00:00,counter,marketdata.update.applied,1,"{""market"":""BTC-SYNTH""}"
2026-10-04T20:01:44.972886+00:00,counter,marketdata.update.applied,1,"{""market"":""BTC-SYNTH""}"
2026-10-04T20:01:44.972943+00:00,counter,marketdata.update.applied,1,"{""market"":""BTC-SYNTH""}"
2026-10-04T20:01:44.973012+00:00,counter,marketdata.update.applied,1,"{""market"":""BTC-SYNTH""}"
2026-10-04T20:01:44.973071+00:00,counter,marketdata.update.applied,1,"{""market"":""BTC-SYNTH""}"
2026-10-04T20:01:44.973132+00:00,counter,marketdata.update.applied,1,"{""market"":""BTC-SYNTH""}"
2026-10-04T20:01:44.973188+00:00,counter,marketdata.update.applied,1,"{""market"":""BTC-SYNTH""}"
2026-10-04T20:01:44.973286+00:00,counter,marketdata.update.applied,1,"{""market"":""BTC-SYNTH""}"
2026-10-04T20:01:44.973379+00:00,counter,marketdata.update.applied,1,"{""market"":""BTC-SYNTH""}"
2026-10-04T20:01:44.973559+00:00,counter,marketdata.update.applied,1,"{""market"":""BTC-SYNTH""}"
2026-10-04T20:01:44.973620+00:00,counter,marketdata.update.applied,1,"{""market"":""BTC-SYNTH""}"
2026-10-04T20:01:44.973684+00:00,counter,marketdata.update.applied,1,"{""market"":""BTC-SYNTH""}"
2026-10-04T20:01:44.973740+00:00,counter,marketdata.update.applied,1,"{""market"":""BTC-SYNTH""}"
2026-10-04T20:01:44.973800+00:00,counter,marketdata.update.applied,1,"{""market"":""BTC-SYNTH""}"
2026-10-04T20:01:44.973855+00:00,counter,marketdata.update.applied,1,"{""market"":""BTC-SYNTH""}"
2026-10-04T20:01:44.973915+00:00,counter,marketdata.update.applied,1,"{""market"":""BTC-SYNTH""}"
2026-10-04T20:01:44.973969+00:00,counter,marketdata.update.applied,1,"{""market"":""BTC-SYNTH""}"
2026-10-04T20:01:44.974027+00:00,counter,marketdata.update.applied,1,"{""market"":""BTC-SYNTH""}"
2026-10-04T20:01:44.974082+00:00,counter,marketdata.update.applied,1,"{""market"":""BTC-SYNTH""}"
2026-10-04T20:01:44.974140+00:00,counter,marketdata.update.applied,1,"{""market"":""BTC-SYNTH""}"
2026-10-04T20:01:44.974194+00:00,counter,marketdata.update.applied,1,"{""market"":""BTC-SYNTH""}"
2026-10-04T20:01:44.974306+00:00,counter,marketdata.update.applied,1,"{""market"":""BTC-SYNTH""}"
2026-10-04T20:01:44.974418+00:00,counter,marketdata.update.applied,1,"{""market"":""BTC-SYNTH""}"
2026-10-04T20:01:44.974493+00:00,counter,marketdata.update.applied,1,"{""market"":""BTC-SYNTH""}"
2026-10-04T20:01:44.974551+00:00,counter,marketdata.update.applied,1,"{""market"":""BTC-SYNTH""}"
2026-10-04T20:01:44.974614+00:00,counter,marketdata.update.applied,1,"{""market"":""BTC-SYNTH""}"
2026-10-04T20:01:44.974668+00:00,counter,marketdata.update.applied,1,"{""market"":""BTC-SYNTH""}"
2026-10-04T20:01:44.974724+00:00,counter,marketdata.update.applied,1,"{""market"":""BTC-SYNTH""}"
2026-10-04T20:01:44.974775+00:00,counter,marketdata.update.applied,1,"{""market"":""BTC-SYNTH""}"
2026-10-04T20:01:44.974829+00:00,counter,marketdata.update.applied,1,"{""market"":""BTC-SYNTH""}"
2026-10-04T20:01:44.974878+00:00,counter,marketdata.update.applied,1,"{""market"":""BTC-SYNTH""}"
2026-10-04T20:01:44.974933+00:00,counter,marketdata.update.applied,1,"{""market"":""BTC-SYNTH""}"
2026-10-04T20:01:44.974984+00:00,counter,marketdata.update.applied,1,"{""market"":""BTC-SYNTH""}"
2026-10-04T20:01:44.975037+00:00,counter,marketdata.update.applied,1,"{""market"":""BTC-SYNTH""}"
2026-10-04T20:01:44.975086+00:00,counter,marketdata.update.applied,1,"{""market"":""BTC-SYNTH""}"
2026-10-04T20:01:44.975141+00:00,counter,marketdata.update.applied,1,"{""market"":""BTC-SYNTH""}"
2026-10-04T20:01:44.975191+00:00,counter,marketdata.update.applied,1,"{""market"":""BTC-SYNTH""}"
2026-10-04T20:01:44.975245+00:00,counter,marketdata.update.applied,1,"{""market"":""BTC-SYNTH""}"
2026-10-04T20:01:44.975294+00:00,counter,marketdata.update.applied,1,"{""market"":""BTC-SYNTH""}"
2026-10-04T20:01:44.975349+00:00,counter,marketdata.update.applied,1,"{""market"":""BTC-SYNTH""}"
2026-10-04T20:01:44.975450+00:00,counter,marketdata.update.applied,1,"{""market"":""BTC-SYNTH""}"
2026-10-04T20:01:44.975518+00:00,counter,marketdata.update.applied,1,"{""market"":""BTC-SYNTH""}"
2026-10-04T20:01:44.975570+00:00,counter,marketdata.update.applied,1,"{""market"":""BTC-SYNTH""}"
2026-10-04T20:01:44.975624+00:00,counter,marketdata.update.applied,1,"{""market"":""BTC-SYNTH""}"
2026-10-04T20:01:44.975672+00:00,counter,marketdata.update.applied,1,"{""market"":""BTC-SYNTH""}"
2026-10-04T20:01:44.975723+00:00,counter,marketdata.update.applied,1,"{""market"":""BTC-SYNTH""}"
2026-10-04T20:01:44.975770+00:00,counter,marketdata.update.applied,1,"{""market"":""BTC-SYNTH""}"
2026-10-04T20:01:44.984133+00:00,gauge,neural.buffer.size,100.0,"{""market"":""BTC-SYNTH""}"
2026-10-04T20:01:44.984171+00:00,gauge,neural.buffer.cell_coverage,1.0,"{""market"":""BTC-SYNTH""}"
2026-10-04T20:01:45.470488+00:00,gauge,pricing.slices.attempted,3.0,"{""market"":""BTC-SYNTH"",""producer"":""svi-scipy""}"
2026-10-04T20:01:45.470520+00:00,gauge,pricing.slices.accepted,3.0,"{""market"":""BTC-SYNTH"",""producer"":""svi-scipy""}"
2026-10-04T20:01:45.470600+00:00,gauge,pricing.rmse_vol_bp,46.596693855831056,"{""market"":""BTC-SYNTH"",""producer"":""svi-scipy""}"
2026-10-04T20:01:45.470611+00:00,timing,pricing.cycle_ms,494.28,"{""market"":""BTC-SYNTH"",""producer"":""svi-scipy""}"
2026-10-04T20:01:45.470877+00:00,counter,bus.published,1,"{""topic"":""surface.BTC-SYNTH.svi-scipy""}"
2026-10-04T20:01:45.470906+00:00,counter,runner.handled,1,"{""subscriber"":""svi-scipy@BTC-SYNTH""}"
2026-10-04T20:01:45.471005+00:00,counter,risk.surface.received,1,"{""market"":""BTC-SYNTH"",""producer"":""svi-scipy"",""status"":""OK""}"
2026-10-04T20:01:45.471020+00:00,timing,risk.surface.snapshot_to_surface_ms,2114.6440000000002,"{""market"":""BTC-SYNTH"",""producer"":""svi-scipy""}"
2026-10-04T20:01:45.471029+00:00,timing,risk.surface.delivery_lag_ms,0.5479999999999999,"{""market"":""BTC-SYNTH"",""producer"":""svi-scipy""}"
2026-10-04T20:01:45.471042+00:00,gauge,risk.surface_age_seconds,2.115202,"{""market"":""BTC-SYNTH"",""producer"":""svi-scipy""}"
2026-10-04T20:01:45.471049+00:00,counter,risk.report.freshness,1,"{""decision"":""NORMAL"",""market"":""BTC-SYNTH"",""producer"":""svi-scipy""}"
2026-10-04T20:01:45.471086+00:00,gauge,risk.surface_age_seconds,3.115864,"{""market"":""BTC-SYNTH"",""producer"":""mlp-torch""}"
2026-10-04T20:01:45.471093+00:00,counter,risk.report.freshness,1,"{""decision"":""NORMAL"",""market"":""BTC-SYNTH"",""producer"":""mlp-torch""}"
2026-10-04T20:01:45.471236+00:00,gauge,risk.comparison.value_diff,253.19714169010695,"{""baseline"":""svi-scipy"",""challenger"":""mlp-torch"",""market"":""BTC-SYNTH""}"
2026-10-04T20:01:45.471245+00:00,gauge,risk.comparison.distance_rms_vol_bp,384.8348018006739,"{""baseline"":""svi-scipy"",""challenger"":""mlp-torch"",""market"":""BTC-SYNTH""}"
2026-10-04T20:01:45.471252+00:00,gauge,risk.comparison.distance_max_vol_bp,1065.4137325932911,"{""baseline"":""svi-scipy"",""challenger"":""mlp-torch"",""market"":""BTC-SYNTH""}"
2026-10-04T20:01:45.471261+00:00,gauge,risk.surface_age_seconds,2.115424,"{""market"":""BTC-SYNTH"",""producer"":""svi-scipy""}"
2026-10-04T20:01:45.471267+00:00,counter,risk.report.freshness,1,"{""decision"":""NORMAL"",""market"":""BTC-SYNTH"",""producer"":""svi-scipy""}"
2026-10-04T20:01:45.471299+00:00,counter,runner.handled,1,"{""subscriber"":""risk-svi-scipy@BTC-SYNTH""}"
2026-10-04T20:01:45.482069+00:00,gauge,neural.butterfly_violation,0.0,"{""market"":""BTC-SYNTH""}"
2026-10-04T20:01:45.482096+00:00,gauge,neural.calendar_violation,0.0,"{""market"":""BTC-SYNTH""}"
2026-10-04T20:01:45.482778+00:00,gauge,neural.rmse_vol_bp,283.5601786028519,"{""market"":""BTC-SYNTH"",""producer"":""mlp-torch""}"
2026-10-04T20:01:45.483054+00:00,counter,bus.published,1,"{""topic"":""surface.BTC-SYNTH.mlp-torch""}"
2026-10-04T20:01:45.483096+00:00,counter,runner.handled,1,"{""subscriber"":""mlp-torch@BTC-SYNTH""}"
2026-10-04T20:01:45.483232+00:00,counter,risk.surface.received,1,"{""market"":""BTC-SYNTH"",""producer"":""mlp-torch"",""status"":""OK""}"
2026-10-04T20:01:45.483257+00:00,timing,risk.surface.snapshot_to_surface_ms,2125.873,"{""market"":""BTC-SYNTH"",""producer"":""mlp-torch""}"
2026-10-04T20:01:45.483274+00:00,timing,risk.surface.delivery_lag_ms,1.563,"{""market"":""BTC-SYNTH"",""producer"":""mlp-torch""}"
2026-10-04T20:01:45.483297+00:00,gauge,risk.surface_age_seconds,2.127454,"{""market"":""BTC-SYNTH"",""producer"":""svi-scipy""}"
2026-10-04T20:01:45.483309+00:00,counter,risk.report.freshness,1,"{""decision"":""NORMAL"",""market"":""BTC-SYNTH"",""producer"":""svi-scipy""}"
2026-10-04T20:01:45.483366+00:00,gauge,risk.surface_age_seconds,2.127526,"{""market"":""BTC-SYNTH"",""producer"":""mlp-torch""}"
2026-10-04T20:01:45.483378+00:00,counter,risk.report.freshness,1,"{""decision"":""NORMAL"",""market"":""BTC-SYNTH"",""producer"":""mlp-torch""}"
2026-10-04T20:01:45.483569+00:00,gauge,risk.comparison.value_diff,-300.906599101927,"{""baseline"":""svi-scipy"",""challenger"":""mlp-torch"",""market"":""BTC-SYNTH""}"
2026-10-04T20:01:45.483592+00:00,gauge,risk.comparison.distance_rms_vol_bp,421.77512049679126,"{""baseline"":""svi-scipy"",""challenger"":""mlp-torch"",""market"":""BTC-SYNTH""}"
2026-10-04T20:01:45.483650+00:00,gauge,risk.comparison.distance_max_vol_bp,1066.6055383509322,"{""baseline"":""svi-scipy"",""challenger"":""mlp-torch"",""market"":""BTC-SYNTH""}"
2026-10-04T20:01:45.483671+00:00,gauge,risk.surface_age_seconds,2.127831,"{""market"":""BTC-SYNTH"",""producer"":""mlp-torch""}"
2026-10-04T20:01:45.483683+00:00,counter,risk.report.freshness,1,"{""decision"":""NORMAL"",""market"":""BTC-SYNTH"",""producer"":""mlp-torch""}"
2026-10-04T20:01:45.483716+00:00,counter,runner.handled,1,"{""subscriber"":""risk-mlp-torch@BTC-SYNTH""}"
2026-10-04T20:01:46.013306+00:00,counter,marketdata.snapshot.published,1,"{""market"":""BTC-SYNTH""}"
2026-10-04T20:01:46.013416+00:00,gauge,marketdata.clock_skew_seconds,-1.656121,"{""market"":""BTC-SYNTH""}"
2026-10-04T20:01:46.013461+00:00,gauge,marketdata.coverage_ratio,0.9848484848484849,"{""market"":""BTC-SYNTH""}"
2026-10-04T20:01:46.013495+00:00,gauge,marketdata.max_age_seconds,1.753544,"{""market"":""BTC-SYNTH""}"
2026-10-04T20:01:46.013534+00:00,counter,pipeline.heartbeat.emitted,1,"{""market"":""BTC-SYNTH""}"
2026-10-04T20:01:46.013579+00:00,counter,bus.published,1,"{""topic"":""snapshot.BTC-SYNTH""}"
2026-10-04T20:01:46.013803+00:00,counter,marketdata.update.applied,1,"{""market"":""BTC-SYNTH""}"
2026-10-04T20:01:46.013888+00:00,counter,marketdata.update.applied,1,"{""market"":""BTC-SYNTH""}"
2026-10-04T20:01:46.013968+00:00,counter,marketdata.update.applied,1,"{""market"":""BTC-SYNTH""}"
2026-10-04T20:01:46.014036+00:00,counter,marketdata.update.applied,1,"{""market"":""BTC-SYNTH""}"
2026-10-04T20:01:46.014107+00:00,counter,marketdata.update.applied,1,"{""market"":""BTC-SYNTH""}"
2026-10-04T20:01:46.014171+00:00,counter,marketdata.update.applied,1,"{""market"":""BTC-SYNTH""}"
2026-10-04T20:01:46.014242+00:00,counter,marketdata.update.applied,1,"{""market"":""BTC-SYNTH""}"
2026-10-04T20:01:46.014403+00:00,counter,marketdata.update.applied,1,"{""market"":""BTC-SYNTH""}"
2026-10-04T20:01:46.014485+00:00,counter,marketdata.update.applied,1,"{""market"":""BTC-SYNTH""}"
2026-10-04T20:01:46.014546+00:00,counter,marketdata.update.applied,1,"{""market"":""BTC-SYNTH""}"
2026-10-04T20:01:46.014612+00:00,counter,marketdata.update.applied,1,"{""market"":""BTC-SYNTH""}"
2026-10-04T20:01:46.014672+00:00,counter,marketdata.update.applied,1,"{""market"":""BTC-SYNTH""}"
2026-10-04T20:01:46.014733+00:00,counter,marketdata.update.applied,1,"{""market"":""BTC-SYNTH""}"
2026-10-04T20:01:46.014790+00:00,counter,marketdata.update.applied,1,"{""market"":""BTC-SYNTH""}"
2026-10-04T20:01:46.014853+00:00,counter,marketdata.update.applied,1,"{""market"":""BTC-SYNTH""}"
2026-10-04T20:01:46.014911+00:00,counter,marketdata.update.applied,1,"{""market"":""BTC-SYNTH""}"
2026-10-04T20:01:46.014970+00:00,counter,marketdata.update.applied,1,"{""market"":""BTC-SYNTH""}"
2026-10-04T20:01:46.015028+00:00,counter,marketdata.update.applied,1,"{""market"":""BTC-SYNTH""}"
2026-10-04T20:01:46.015089+00:00,counter,marketdata.update.applied,1,"{""market"":""BTC-SYNTH""}"
2026-10-04T20:01:46.015146+00:00,counter,marketdata.update.applied,1,"{""market"":""BTC-SYNTH""}"
2026-10-04T20:01:46.015206+00:00,counter,marketdata.update.applied,1,"{""market"":""BTC-SYNTH""}"
2026-10-04T20:01:46.015263+00:00,counter,marketdata.update.applied,1,"{""market"":""BTC-SYNTH""}"
2026-10-04T20:01:46.015362+00:00,counter,marketdata.update.applied,1,"{""market"":""BTC-SYNTH""}"
2026-10-04T20:01:46.015456+00:00,counter,marketdata.update.applied,1,"{""market"":""BTC-SYNTH""}"
2026-10-04T20:01:46.015526+00:00,counter,marketdata.update.applied,1,"{""market"":""BTC-SYNTH""}"
2026-10-04T20:01:46.015584+00:00,counter,marketdata.update.applied,1,"{""market"":""BTC-SYNTH""}"
2026-10-04T20:01:46.015646+00:00,counter,marketdata.update.applied,1,"{""market"":""BTC-SYNTH""}"
2026-10-04T20:01:46.015700+00:00,counter,marketdata.update.applied,1,"{""market"":""BTC-SYNTH""}"
2026-10-04T20:01:46.015758+00:00,counter,marketdata.update.applied,1,"{""market"":""BTC-SYNTH""}"
2026-10-04T20:01:46.015811+00:00,counter,marketdata.update.applied,1,"{""market"":""BTC-SYNTH""}"
2026-10-04T20:01:46.015870+00:00,counter,marketdata.update.applied,1,"{""market"":""BTC-SYNTH""}"
2026-10-04T20:01:46.015923+00:00,counter,marketdata.update.applied,1,"{""market"":""BTC-SYNTH""}"
2026-10-04T20:01:46.015980+00:00,counter,marketdata.update.applied,1,"{""market"":""BTC-SYNTH""}"
2026-10-04T20:01:46.016034+00:00,counter,marketdata.update.applied,1,"{""market"":""BTC-SYNTH""}"
2026-10-04T20:01:46.016091+00:00,counter,marketdata.update.applied,1,"{""market"":""BTC-SYNTH""}"
2026-10-04T20:01:46.016144+00:00,counter,marketdata.update.applied,1,"{""market"":""BTC-SYNTH""}"
2026-10-04T20:01:46.016200+00:00,counter,marketdata.update.applied,1,"{""market"":""BTC-SYNTH""}"
2026-10-04T20:01:46.016252+00:00,counter,marketdata.update.applied,1,"{""market"":""BTC-SYNTH""}"
2026-10-04T20:01:46.016310+00:00,counter,marketdata.update.applied,1,"{""market"":""BTC-SYNTH""}"
2026-10-04T20:01:46.016362+00:00,counter,marketdata.update.applied,1,"{""market"":""BTC-SYNTH""}"
2026-10-04T20:01:46.016487+00:00,counter,marketdata.update.applied,1,"{""market"":""BTC-SYNTH""}"
2026-10-04T20:01:46.016560+00:00,counter,marketdata.update.applied,1,"{""market"":""BTC-SYNTH""}"
2026-10-04T20:01:46.016627+00:00,counter,marketdata.update.applied,1,"{""market"":""BTC-SYNTH""}"
2026-10-04T20:01:46.016682+00:00,counter,marketdata.update.applied,1,"{""market"":""BTC-SYNTH""}"
2026-10-04T20:01:46.016743+00:00,counter,marketdata.update.applied,1,"{""market"":""BTC-SYNTH""}"
2026-10-04T20:01:46.016796+00:00,counter,marketdata.update.applied,1,"{""market"":""BTC-SYNTH""}"
2026-10-04T20:01:46.016857+00:00,counter,marketdata.update.applied,1,"{""market"":""BTC-SYNTH""}"
2026-10-04T20:01:46.016906+00:00,counter,marketdata.update.applied,1,"{""market"":""BTC-SYNTH""}"
2026-10-04T20:01:46.016959+00:00,counter,marketdata.update.applied,1,"{""market"":""BTC-SYNTH""}"
2026-10-04T20:01:46.017009+00:00,counter,marketdata.update.applied,1,"{""market"":""BTC-SYNTH""}"
2026-10-04T20:01:46.017063+00:00,counter,marketdata.update.applied,1,"{""market"":""BTC-SYNTH""}"
2026-10-04T20:01:46.017114+00:00,counter,marketdata.update.applied,1,"{""market"":""BTC-SYNTH""}"
2026-10-04T20:01:46.017166+00:00,counter,marketdata.update.applied,1,"{""market"":""BTC-SYNTH""}"
2026-10-04T20:01:46.017215+00:00,counter,marketdata.update.applied,1,"{""market"":""BTC-SYNTH""}"
2026-10-04T20:01:46.017269+00:00,counter,marketdata.update.applied,1,"{""market"":""BTC-SYNTH""}"
2026-10-04T20:01:46.017320+00:00,counter,marketdata.update.applied,1,"{""market"":""BTC-SYNTH""}"
2026-10-04T20:01:46.017373+00:00,counter,marketdata.update.applied,1,"{""market"":""BTC-SYNTH""}"
2026-10-04T20:01:46.017422+00:00,counter,marketdata.update.applied,1,"{""market"":""BTC-SYNTH""}"
2026-10-04T20:01:46.017476+00:00,counter,marketdata.update.applied,1,"{""market"":""BTC-SYNTH""}"
2026-10-04T20:01:46.017570+00:00,counter,marketdata.update.applied,1,"{""market"":""BTC-SYNTH""}"
2026-10-04T20:01:46.017643+00:00,counter,marketdata.update.applied,1,"{""market"":""BTC-SYNTH""}"
2026-10-04T20:01:46.017699+00:00,counter,marketdata.update.applied,1,"{""market"":""BTC-SYNTH""}"
2026-10-04T20:01:46.017753+00:00,counter,marketdata.update.applied,1,"{""market"":""BTC-SYNTH""}"
2026-10-04T20:01:46.017801+00:00,counter,marketdata.update.applied,1,"{""market"":""BTC-SYNTH""}"
2026-10-04T20:01:46.017852+00:00,counter,marketdata.update.applied,1,"{""market"":""BTC-SYNTH""}"
2026-10-04T20:01:46.017900+00:00,counter,marketdata.update.applied,1,"{""market"":""BTC-SYNTH""}"
2026-10-04T20:01:46.025472+00:00,gauge,neural.buffer.size,133.0,"{""market"":""BTC-SYNTH""}"
2026-10-04T20:01:46.025545+00:00,gauge,neural.buffer.cell_coverage,1.0,"{""market"":""BTC-SYNTH""}"
2026-10-04T20:01:47.016592+00:00,counter,marketdata.snapshot.published,1,"{""market"":""BTC-SYNTH""}"
2026-10-04T20:01:47.016621+00:00,gauge,marketdata.clock_skew_seconds,-1.662472,"{""market"":""BTC-SYNTH""}"
2026-10-04T20:01:47.016628+00:00,gauge,marketdata.coverage_ratio,0.9848484848484849,"{""market"":""BTC-SYNTH""}"
2026-10-04T20:01:47.016634+00:00,gauge,marketdata.max_age_seconds,1.758726,"{""market"":""BTC-SYNTH""}"
2026-10-04T20:01:47.016689+00:00,counter,pipeline.heartbeat.emitted,1,"{""market"":""BTC-SYNTH""}"
2026-10-04T20:01:47.016703+00:00,counter,bus.published,1,"{""topic"":""snapshot.BTC-SYNTH""}"
2026-10-04T20:01:47.019638+00:00,counter,marketdata.update.applied,1,"{""market"":""BTC-SYNTH""}"
2026-10-04T20:01:47.019660+00:00,counter,marketdata.update.applied,1,"{""market"":""BTC-SYNTH""}"
2026-10-04T20:01:47.019677+00:00,counter,marketdata.update.applied,1,"{""market"":""BTC-SYNTH""}"
2026-10-04T20:01:47.019688+00:00,counter,marketdata.update.applied,1,"{""market"":""BTC-SYNTH""}"
2026-10-04T20:01:47.019701+00:00,counter,marketdata.update.applied,1,"{""market"":""BTC-SYNTH""}"
2026-10-04T20:01:47.019711+00:00,counter,marketdata.update.applied,1,"{""market"":""BTC-SYNTH""}"
2026-10-04T20:01:47.019733+00:00,counter,marketdata.update.applied,1,"{""market"":""BTC-SYNTH""}"
2026-10-04T20:01:47.019746+00:00,counter,marketdata.update.applied,1,"{""market"":""BTC-SYNTH""}"
2026-10-04T20:01:47.019758+00:00,counter,marketdata.update.applied,1,"{""market"":""BTC-SYNTH""}"
2026-10-04T20:01:47.019769+00:00,counter,marketdata.update.applied,1,"{""market"":""BTC-SYNTH""}"
2026-10-04T20:01:47.019781+00:00,counter,marketdata.update.applied,1,"{""market"":""BTC-SYNTH""}"
2026-10-04T20:01:47.019791+00:00,counter,marketdata.update.applied,1,"{""market"":""BTC-SYNTH""}"
2026-10-04T20:01:47.019807+00:00,counter,marketdata.update.applied,1,"{""market"":""BTC-SYNTH""}"
2026-10-04T20:01:47.019818+00:00,counter,marketdata.update.applied,1,"{""market"":""BTC-SYNTH""}"
2026-10-04T20:01:47.019829+00:00,counter,marketdata.update.applied,1,"{""market"":""BTC-SYNTH""}"
2026-10-04T20:01:47.019840+00:00,counter,marketdata.update.applied,1,"{""market"":""BTC-SYNTH""}"
2026-10-04T20:01:47.019851+00:00,counter,marketdata.update.applied,1,"{""market"":""BTC-SYNTH""}"
2026-10-04T20:01:47.019861+00:00,counter,marketdata.update.applied,1,"{""market"":""BTC-SYNTH""}"
2026-10-04T20:01:47.019872+00:00,counter,marketdata.update.applied,1,"{""market"":""BTC-SYNTH""}"
2026-10-04T20:01:47.019882+00:00,counter,marketdata.update.applied,1,"{""market"":""BTC-SYNTH""}"
2026-10-04T20:01:47.019893+00:00,counter,marketdata.update.applied,1,"{""market"":""BTC-SYNTH""}"
2026-10-04T20:01:47.019903+00:00,counter,marketdata.update.applied,1,"{""market"":""BTC-SYNTH""}"
2026-10-04T20:01:47.019916+00:00,counter,marketdata.update.applied,1,"{""market"":""BTC-SYNTH""}"
2026-10-04T20:01:47.019926+00:00,counter,marketdata.update.applied,1,"{""market"":""BTC-SYNTH""}"
2026-10-04T20:01:47.019936+00:00,counter,marketdata.update.applied,1,"{""market"":""BTC-SYNTH""}"
2026-10-04T20:01:47.019946+00:00,counter,marketdata.update.applied,1,"{""market"":""BTC-SYNTH""}"
2026-10-04T20:01:47.019962+00:00,counter,marketdata.update.applied,1,"{""market"":""BTC-SYNTH""}"
2026-10-04T20:01:47.019972+00:00,counter,marketdata.update.applied,1,"{""market"":""BTC-SYNTH""}"
2026-10-04T20:01:47.019983+00:00,counter,marketdata.update.applied,1,"{""market"":""BTC-SYNTH""}"
2026-10-04T20:01:47.019993+00:00,counter,marketdata.update.applied,1,"{""market"":""BTC-SYNTH""}"
2026-10-04T20:01:47.020003+00:00,counter,marketdata.update.applied,1,"{""market"":""BTC-SYNTH""}"
2026-10-04T20:01:47.020013+00:00,counter,marketdata.update.applied,1,"{""market"":""BTC-SYNTH""}"
2026-10-04T20:01:47.020025+00:00,counter,marketdata.update.applied,1,"{""market"":""BTC-SYNTH""}"
2026-10-04T20:01:47.020035+00:00,counter,marketdata.update.applied,1,"{""market"":""BTC-SYNTH""}"
2026-10-04T20:01:47.020045+00:00,counter,marketdata.update.applied,1,"{""market"":""BTC-SYNTH""}"
2026-10-04T20:01:47.020055+00:00,counter,marketdata.update.applied,1,"{""market"":""BTC-SYNTH""}"
2026-10-04T20:01:47.020065+00:00,counter,marketdata.update.applied,1,"{""market"":""BTC-SYNTH""}"
2026-10-04T20:01:47.020074+00:00,counter,marketdata.update.applied,1,"{""market"":""BTC-SYNTH""}"
2026-10-04T20:01:47.020085+00:00,counter,marketdata.update.applied,1,"{""market"":""BTC-SYNTH""}"
2026-10-04T20:01:47.020094+00:00,counter,marketdata.update.applied,1,"{""market"":""BTC-SYNTH""}"
2026-10-04T20:01:47.020105+00:00,counter,marketdata.update.applied,1,"{""market"":""BTC-SYNTH""}"
2026-10-04T20:01:47.020114+00:00,counter,marketdata.update.applied,1,"{""market"":""BTC-SYNTH""}"
2026-10-04T20:01:47.020125+00:00,counter,marketdata.update.applied,1,"{""market"":""BTC-SYNTH""}"
2026-10-04T20:01:47.020134+00:00,counter,marketdata.update.applied,1,"{""market"":""BTC-SYNTH""}"
2026-10-04T20:01:47.020145+00:00,counter,marketdata.update.applied,1,"{""market"":""BTC-SYNTH""}"
2026-10-04T20:01:47.020154+00:00,counter,marketdata.update.applied,1,"{""market"":""BTC-SYNTH""}"
2026-10-04T20:01:47.020163+00:00,counter,marketdata.update.applied,1,"{""market"":""BTC-SYNTH""}"
2026-10-04T20:01:47.020199+00:00,counter,marketdata.update.applied,1,"{""market"":""BTC-SYNTH""}"
2026-10-04T20:01:47.020214+00:00,counter,marketdata.update.applied,1,"{""market"":""BTC-SYNTH""}"
2026-10-04T20:01:47.020224+00:00,counter,marketdata.update.applied,1,"{""market"":""BTC-SYNTH""}"
2026-10-04T20:01:47.020236+00:00,counter,marketdata.update.applied,1,"{""market"":""BTC-SYNTH""}"
2026-10-04T20:01:47.020247+00:00,counter,marketdata.update.applied,1,"{""market"":""BTC-SYNTH""}"
2026-10-04T20:01:47.020257+00:00,counter,marketdata.update.applied,1,"{""market"":""BTC-SYNTH""}"
2026-10-04T20:01:47.020272+00:00,counter,marketdata.update.applied,1,"{""market"":""BTC-SYNTH""}"
2026-10-04T20:01:47.020282+00:00,counter,marketdata.update.applied,1,"{""market"":""BTC-SYNTH""}"
2026-10-04T20:01:47.020292+00:00,counter,marketdata.update.applied,1,"{""market"":""BTC-SYNTH""}"
2026-10-04T20:01:47.020303+00:00,counter,marketdata.update.applied,1,"{""market"":""BTC-SYNTH""}"
2026-10-04T20:01:47.020354+00:00,counter,marketdata.update.applied,1,"{""market"":""BTC-SYNTH""}"
2026-10-04T20:01:47.020397+00:00,counter,marketdata.update.applied,1,"{""market"":""BTC-SYNTH""}"
2026-10-04T20:01:47.020413+00:00,counter,marketdata.update.applied,1,"{""market"":""BTC-SYNTH""}"
2026-10-04T20:01:47.020426+00:00,counter,marketdata.update.applied,1,"{""market"":""BTC-SYNTH""}"
2026-10-04T20:01:47.020437+00:00,counter,marketdata.update.applied,1,"{""market"":""BTC-SYNTH""}"
2026-10-04T20:01:47.020449+00:00,counter,marketdata.update.applied,1,"{""market"":""BTC-SYNTH""}"
2026-10-04T20:01:47.020460+00:00,counter,marketdata.update.applied,1,"{""market"":""BTC-SYNTH""}"
2026-10-04T20:01:47.020471+00:00,counter,marketdata.update.applied,1,"{""market"":""BTC-SYNTH""}"
2026-10-04T20:01:47.020480+00:00,counter,marketdata.update.applied,1,"{""market"":""BTC-SYNTH""}"
2026-10-04T20:01:47.068085+00:00,gauge,pricing.slices.attempted,3.0,"{""market"":""BTC-SYNTH"",""producer"":""svi-scipy""}"
2026-10-04T20:01:47.068107+00:00,gauge,pricing.slices.accepted,2.0,"{""market"":""BTC-SYNTH"",""producer"":""svi-scipy""}"
2026-10-04T20:01:47.068116+00:00,counter,pricing.slice.not_converged,1,"{""market"":""BTC-SYNTH"",""producer"":""svi-scipy""}"
2026-10-04T20:01:47.068181+00:00,gauge,pricing.rmse_vol_bp,31.345498584411377,"{""market"":""BTC-SYNTH"",""producer"":""svi-scipy""}"
2026-10-04T20:01:47.068190+00:00,timing,pricing.cycle_ms,1049.7749999999999,"{""market"":""BTC-SYNTH"",""producer"":""svi-scipy""}"
2026-10-04T20:01:47.068463+00:00,counter,bus.published,1,"{""topic"":""surface.BTC-SYNTH.svi-scipy""}"
2026-10-04T20:01:47.068493+00:00,counter,runner.handled,1,"{""subscriber"":""svi-scipy@BTC-SYNTH""}"
2026-10-04T20:01:47.068614+00:00,counter,risk.surface.received,1,"{""market"":""BTC-SYNTH"",""producer"":""svi-scipy"",""status"":""DEGRADED""}"
2026-10-04T20:01:47.068630+00:00,timing,risk.surface.snapshot_to_surface_ms,2713.016,"{""market"":""BTC-SYNTH"",""producer"":""svi-scipy""}"
2026-10-04T20:01:47.068639+00:00,timing,risk.surface.delivery_lag_ms,0.5599999999999999,"{""market"":""BTC-SYNTH"",""producer"":""svi-scipy""}"
2026-10-04T20:01:47.068653+00:00,gauge,risk.surface_age_seconds,2.713587,"{""market"":""BTC-SYNTH"",""producer"":""svi-scipy""}"
2026-10-04T20:01:47.068659+00:00,counter,risk.report.freshness,1,"{""decision"":""NORMAL"",""market"":""BTC-SYNTH"",""producer"":""svi-scipy""}"
2026-10-04T20:01:47.069751+00:00,gauge,risk.surface_age_seconds,3.713908,"{""market"":""BTC-SYNTH"",""producer"":""mlp-torch""}"
2026-10-04T20:01:47.069772+00:00,counter,risk.report.freshness,1,"{""decision"":""NORMAL"",""market"":""BTC-SYNTH"",""producer"":""mlp-torch""}"
2026-10-04T20:01:47.069874+00:00,gauge,risk.comparison.value_diff,3364.5798657895975,"{""baseline"":""svi-scipy"",""challenger"":""mlp-torch"",""market"":""BTC-SYNTH""}"
2026-10-04T20:01:47.069886+00:00,gauge,risk.comparison.distance_rms_vol_bp,441.01218379880413,"{""baseline"":""svi-scipy"",""challenger"":""mlp-torch"",""market"":""BTC-SYNTH""}"
2026-10-04T20:01:47.069894+00:00,gauge,risk.comparison.distance_max_vol_bp,1053.3138623120253,"{""baseline"":""svi-scipy"",""challenger"":""mlp-torch"",""market"":""BTC-SYNTH""}"
2026-10-04T20:01:47.069904+00:00,gauge,risk.surface_age_seconds,2.71484,"{""market"":""BTC-SYNTH"",""producer"":""svi-scipy""}"
2026-10-04T20:01:47.069911+00:00,counter,risk.report.freshness,1,"{""decision"":""NORMAL"",""market"":""BTC-SYNTH"",""producer"":""svi-scipy""}"
2026-10-04T20:01:47.069930+00:00,counter,runner.handled,1,"{""subscriber"":""risk-svi-scipy@BTC-SYNTH""}"
2026-10-04T20:01:47.312394+00:00,gauge,pricing.slices.attempted,3.0,"{""market"":""BTC-SYNTH"",""producer"":""svi-scipy""}"
2026-10-04T20:01:47.312425+00:00,gauge,pricing.slices.accepted,3.0,"{""market"":""BTC-SYNTH"",""producer"":""svi-scipy""}"
2026-10-04T20:01:47.312498+00:00,gauge,pricing.rmse_vol_bp,36.31436737597406,"{""market"":""BTC-SYNTH"",""producer"":""svi-scipy""}"
2026-10-04T20:01:47.312518+00:00,timing,pricing.cycle_ms,243.686,"{""market"":""BTC-SYNTH"",""producer"":""svi-scipy""}"
2026-10-04T20:01:47.312749+00:00,counter,bus.published,1,"{""topic"":""surface.BTC-SYNTH.svi-scipy""}"
2026-10-04T20:01:47.312774+00:00,counter,runner.handled,1,"{""subscriber"":""svi-scipy@BTC-SYNTH""}"
2026-10-04T20:01:47.312878+00:00,counter,risk.surface.received,1,"{""market"":""BTC-SYNTH"",""producer"":""svi-scipy"",""status"":""OK""}"
2026-10-04T20:01:47.312892+00:00,timing,risk.surface.snapshot_to_surface_ms,1958.636,"{""market"":""BTC-SYNTH"",""producer"":""svi-scipy""}"
2026-10-04T20:01:47.312901+00:00,timing,risk.surface.delivery_lag_ms,0.523,"{""market"":""BTC-SYNTH"",""producer"":""svi-scipy""}"
2026-10-04T20:01:47.312914+00:00,gauge,risk.surface_age_seconds,1.959169,"{""market"":""BTC-SYNTH"",""producer"":""svi-scipy""}"
2026-10-04T20:01:47.312921+00:00,counter,risk.report.freshness,1,"{""decision"":""NORMAL"",""market"":""BTC-SYNTH"",""producer"":""svi-scipy""}"
2026-10-04T20:01:47.312957+00:00,gauge,risk.surface_age_seconds,3.957119,"{""market"":""BTC-SYNTH"",""producer"":""mlp-torch""}"
2026-10-04T20:01:47.312963+00:00,counter,risk.report.freshness,1,"{""decision"":""NORMAL"",""market"":""BTC-SYNTH"",""producer"":""mlp-torch""}"
2026-10-04T20:01:47.313101+00:00,gauge,risk.comparison.value_diff,-416.3534333659154,"{""baseline"":""svi-scipy"",""challenger"":""mlp-torch"",""market"":""BTC-SYNTH""}"
2026-10-04T20:01:47.313111+00:00,gauge,risk.comparison.distance_rms_vol_bp,411.585386754823,"{""baseline"":""svi-scipy"",""challenger"":""mlp-torch"",""market"":""BTC-SYNTH""}"
2026-10-04T20:01:47.313118+00:00,gauge,risk.comparison.distance_max_vol_bp,1028.1314123519746,"{""baseline"":""svi-scipy"",""challenger"":""mlp-torch"",""market"":""BTC-SYNTH""}"
2026-10-04T20:01:47.313127+00:00,gauge,risk.surface_age_seconds,1.959385,"{""market"":""BTC-SYNTH"",""producer"":""svi-scipy""}"
2026-10-04T20:01:47.313133+00:00,counter,risk.report.freshness,1,"{""decision"":""NORMAL"",""market"":""BTC-SYNTH"",""producer"":""svi-scipy""}"
2026-10-04T20:01:47.313152+00:00,counter,runner.handled,1,"{""subscriber"":""risk-svi-scipy@BTC-SYNTH""}"
2026-10-04T20:01:47.315701+00:00,gauge,neural.butterfly_violation,0.0,"{""market"":""BTC-SYNTH""}"
2026-10-04T20:01:47.315724+00:00,gauge,neural.calendar_violation,0.0,"{""market"":""BTC-SYNTH""}"
2026-10-04T20:01:47.316296+00:00,gauge,neural.rmse_vol_bp,216.49909952114257,"{""market"":""BTC-SYNTH"",""producer"":""mlp-torch""}"
2026-10-04T20:01:47.316571+00:00,counter,bus.published,1,"{""topic"":""surface.BTC-SYNTH.mlp-torch""}"
2026-10-04T20:01:47.316610+00:00,counter,runner.handled,1,"{""subscriber"":""mlp-torch@BTC-SYNTH""}"
2026-10-04T20:01:47.316804+00:00,counter,risk.surface.received,1,"{""market"":""BTC-SYNTH"",""producer"":""mlp-torch"",""status"":""OK""}"
2026-10-04T20:01:47.316831+00:00,timing,risk.surface.snapshot_to_surface_ms,2960.2659999999996,"{""market"":""BTC-SYNTH"",""producer"":""mlp-torch""}"
2026-10-04T20:01:47.316849+00:00,timing,risk.surface.delivery_lag_ms,1.518,"{""market"":""BTC-SYNTH"",""producer"":""mlp-torch""}"
2026-10-04T20:01:47.316869+00:00,gauge,risk.surface_age_seconds,1.963123,"{""market"":""BTC-SYNTH"",""producer"":""svi-scipy""}"
2026-10-04T20:01:47.316882+00:00,counter,risk.report.freshness,1,"{""decision"":""NORMAL"",""market"":""BTC-SYNTH"",""producer"":""svi-scipy""}"
2026-10-04T20:01:47.316930+00:00,gauge,risk.surface_age_seconds,2.961864,"{""market"":""BTC-SYNTH"",""producer"":""mlp-torch""}"
2026-10-04T20:01:47.316945+00:00,counter,risk.report.freshness,1,"{""decision"":""NORMAL"",""market"":""BTC-SYNTH"",""producer"":""mlp-torch""}"
2026-10-04T20:01:47.317148+00:00,gauge,risk.comparison.value_diff,-351.15496054024334,"{""baseline"":""svi-scipy"",""challenger"":""mlp-torch"",""market"":""BTC-SYNTH""}"
2026-10-04T20:01:47.317185+00:00,gauge,risk.comparison.distance_rms_vol_bp,350.0780198963019,"{""baseline"":""svi-scipy"",""challenger"":""mlp-torch"",""market"":""BTC-SYNTH""}"
2026-10-04T20:01:47.317201+00:00,gauge,risk.comparison.distance_max_vol_bp,871.1923687699075,"{""baseline"":""svi-scipy"",""challenger"":""mlp-torch"",""market"":""BTC-SYNTH""}"
2026-10-04T20:01:47.317219+00:00,gauge,risk.surface_age_seconds,2.962153,"{""market"":""BTC-SYNTH"",""producer"":""mlp-torch""}"
2026-10-04T20:01:47.317231+00:00,counter,risk.report.freshness,1,"{""decision"":""NORMAL"",""market"":""BTC-SYNTH"",""producer"":""mlp-torch""}"
2026-10-04T20:01:47.317264+00:00,counter,runner.handled,1,"{""subscriber"":""risk-mlp-torch@BTC-SYNTH""}"
2026-10-04T20:01:47.318197+00:00,gauge,neural.buffer.size,166.0,"{""market"":""BTC-SYNTH""}"
2026-10-04T20:01:47.318223+00:00,gauge,neural.buffer.cell_coverage,1.0,"{""market"":""BTC-SYNTH""}"
2026-10-04T20:01:47.341098+00:00,gauge,neural.butterfly_violation,0.0,"{""market"":""BTC-SYNTH""}"
2026-10-04T20:01:47.341121+00:00,gauge,neural.calendar_violation,0.0,"{""market"":""BTC-SYNTH""}"
2026-10-04T20:01:47.341562+00:00,gauge,neural.rmse_vol_bp,122.51800295895936,"{""market"":""BTC-SYNTH"",""producer"":""mlp-torch""}"
2026-10-04T20:01:47.341890+00:00,counter,bus.published,1,"{""topic"":""surface.BTC-SYNTH.mlp-torch""}"
2026-10-04T20:01:47.341934+00:00,counter,runner.handled,1,"{""subscriber"":""mlp-torch@BTC-SYNTH""}"
2026-10-04T20:01:47.342066+00:00,counter,risk.surface.received,1,"{""market"":""BTC-SYNTH"",""producer"":""mlp-torch"",""status"":""OK""}"
2026-10-04T20:01:47.342090+00:00,timing,risk.surface.snapshot_to_surface_ms,1986.968,"{""market"":""BTC-SYNTH"",""producer"":""mlp-torch""}"
2026-10-04T20:01:47.342110+00:00,timing,risk.surface.delivery_lag_ms,1.3960000000000001,"{""market"":""BTC-SYNTH"",""producer"":""mlp-torch""}"
2026-10-04T20:01:47.342130+00:00,gauge,risk.surface_age_seconds,1.988383,"{""market"":""BTC-SYNTH"",""producer"":""svi-scipy""}"
2026-10-04T20:01:47.342142+00:00,counter,risk.report.freshness,1,"{""decision"":""NORMAL"",""market"":""BTC-SYNTH"",""producer"":""svi-scipy""}"
2026-10-04T20:01:47.342191+00:00,gauge,risk.surface_age_seconds,1.988447,"{""market"":""BTC-SYNTH"",""producer"":""mlp-torch""}"
2026-10-04T20:01:47.342203+00:00,counter,risk.report.freshness,1,"{""decision"":""NORMAL"",""market"":""BTC-SYNTH"",""producer"":""mlp-torch""}"
2026-10-04T20:01:47.342367+00:00,gauge,risk.comparison.value_diff,105.36303234907973,"{""baseline"":""svi-scipy"",""challenger"":""mlp-torch"",""market"":""BTC-SYNTH""}"
2026-10-04T20:01:47.342383+00:00,gauge,risk.comparison.distance_rms_vol_bp,283.0076660375449,"{""baseline"":""svi-scipy"",""challenger"":""mlp-torch"",""market"":""BTC-SYNTH""}"
2026-10-04T20:01:47.342435+00:00,gauge,risk.comparison.distance_max_vol_bp,699.7838005442858,"{""baseline"":""svi-scipy"",""challenger"":""mlp-torch"",""market"":""BTC-SYNTH""}"
2026-10-04T20:01:47.342455+00:00,gauge,risk.surface_age_seconds,1.98871,"{""market"":""BTC-SYNTH"",""producer"":""mlp-torch""}"
2026-10-04T20:01:47.342466+00:00,counter,risk.report.freshness,1,"{""decision"":""NORMAL"",""market"":""BTC-SYNTH"",""producer"":""mlp-torch""}"
2026-10-04T20:01:47.342513+00:00,counter,runner.handled,1,"{""subscriber"":""risk-mlp-torch@BTC-SYNTH""}"
2026-10-04T20:01:48.054006+00:00,counter,marketdata.snapshot.published,1,"{""market"":""BTC-SYNTH""}"
2026-10-04T20:01:48.054100+00:00,gauge,marketdata.clock_skew_seconds,-1.699077,"{""market"":""BTC-SYNTH""}"
2026-10-04T20:01:48.054136+00:00,gauge,marketdata.coverage_ratio,1.0,"{""market"":""BTC-SYNTH""}"
2026-10-04T20:01:48.054165+00:00,gauge,marketdata.max_age_seconds,1.795786,"{""market"":""BTC-SYNTH""}"
2026-10-04T20:01:48.054198+00:00,counter,pipeline.heartbeat.emitted,1,"{""market"":""BTC-SYNTH""}"
2026-10-04T20:01:48.054236+00:00,counter,bus.published,1,"{""topic"":""snapshot.BTC-SYNTH""}"
2026-10-04T20:01:48.054484+00:00,counter,marketdata.update.applied,1,"{""market"":""BTC-SYNTH""}"
2026-10-04T20:01:48.054565+00:00,counter,marketdata.update.applied,1,"{""market"":""BTC-SYNTH""}"
2026-10-04T20:01:48.054634+00:00,counter,marketdata.update.applied,1,"{""market"":""BTC-SYNTH""}"
2026-10-04T20:01:48.054692+00:00,counter,marketdata.update.applied,1,"{""market"":""BTC-SYNTH""}"
2026-10-04T20:01:48.054751+00:00,counter,marketdata.update.applied,1,"{""market"":""BTC-SYNTH""}"
2026-10-04T20:01:48.054803+00:00,counter,marketdata.update.applied,1,"{""market"":""BTC-SYNTH""}"
2026-10-04T20:01:48.054861+00:00,counter,marketdata.update.applied,1,"{""market"":""BTC-SYNTH""}"
2026-10-04T20:01:48.054912+00:00,counter,marketdata.update.applied,1,"{""market"":""BTC-SYNTH""}"
2026-10-04T20:01:48.054966+00:00,counter,marketdata.update.applied,1,"{""market"":""BTC-SYNTH""}"
2026-10-04T20:01:48.055017+00:00,counter,marketdata.update.applied,1,"{""market"":""BTC-SYNTH""}"
2026-10-04T20:01:48.055072+00:00,counter,marketdata.update.applied,1,"{""market"":""BTC-SYNTH""}"
2026-10-04T20:01:48.055123+00:00,counter,marketdata.update.applied,1,"{""market"":""BTC-SYNTH""}"
2026-10-04T20:01:48.055176+00:00,counter,marketdata.update.applied,1,"{""market"":""BTC-SYNTH""}"
2026-10-04T20:01:48.055225+00:00,counter,marketdata.update.applied,1,"{""market"":""BTC-SYNTH""}"
2026-10-04T20:01:48.055281+00:00,counter,marketdata.update.applied,1,"{""market"":""BTC-SYNTH""}"
2026-10-04T20:01:48.055363+00:00,counter,marketdata.update.applied,1,"{""market"":""BTC-SYNTH""}"
2026-10-04T20:01:48.055473+00:00,counter,marketdata.update.applied,1,"{""market"":""BTC-SYNTH""}"
2026-10-04T20:01:48.055557+00:00,counter,marketdata.update.applied,1,"{""market"":""BTC-SYNTH""}"
2026-10-04T20:01:48.055616+00:00,counter,marketdata.update.applied,1,"{""market"":""BTC-SYNTH""}"
2026-10-04T20:01:48.055668+00:00,counter,marketdata.update.applied,1,"{""market"":""BTC-SYNTH""}"
2026-10-04T20:01:48.055723+00:00,counter,marketdata.update.applied,1,"{""market"":""BTC-SYNTH""}"
2026-10-04T20:01:48.055775+00:00,counter,marketdata.update.applied,1,"{""market"":""BTC-SYNTH""}"
2026-10-04T20:01:48.055834+00:00,counter,marketdata.update.applied,1,"{""market"":""BTC-SYNTH""}"
2026-10-04T20:01:48.055886+00:00,counter,marketdata.update.applied,1,"{""market"":""BTC-SYNTH""}"
2026-10-04T20:01:48.055966+00:00,counter,marketdata.update.applied,1,"{""market"":""BTC-SYNTH""}"
2026-10-04T20:01:48.056015+00:00,counter,marketdata.update.applied,1,"{""market"":""BTC-SYNTH""}"
2026-10-04T20:01:48.056066+00:00,counter,marketdata.update.applied,1,"{""market"":""BTC-SYNTH""}"
2026-10-04T20:01:48.056114+00:00,counter,marketdata.update.applied,1,"{""market"":""BTC-SYNTH""}"
2026-10-04T20:01:48.056163+00:00,counter,marketdata.update.applied,1,"{""market"":""BTC-SYNTH""}"
2026-10-04T20:01:48.056210+00:00,counter,marketdata.update.applied,1,"{""market"":""BTC-SYNTH""}"
2026-10-04T20:01:48.056261+00:00,counter,marketdata.update.applied,1,"{""market"":""BTC-SYNTH""}"
2026-10-04T20:01:48.056308+00:00,counter,marketdata.update.applied,1,"{""market"":""BTC-SYNTH""}"
2026-10-04T20:01:48.056359+00:00,counter,marketdata.update.applied,1,"{""market"":""BTC-SYNTH""}"
2026-10-04T20:01:48.056513+00:00,counter,marketdata.update.applied,1,"{""market"":""BTC-SYNTH""}"
2026-10-04T20:01:48.056587+00:00,counter,marketdata.update.applied,1,"{""market"":""BTC-SYNTH""}"
2026-10-04T20:01:48.056640+00:00,counter,marketdata.update.applied,1,"{""market"":""BTC-SYNTH""}"
2026-10-04T20:01:48.056693+00:00,counter,marketdata.update.applied,1,"{""market"":""BTC-SYNTH""}"
2026-10-04T20:01:48.056741+00:00,counter,marketdata.update.applied,1,"{""market"":""BTC-SYNTH""}"
2026-10-04T20:01:48.056794+00:00,counter,marketdata.update.applied,1,"{""market"":""BTC-SYNTH""}"
2026-10-04T20:01:48.056841+00:00,counter,marketdata.update.applied,1,"{""market"":""BTC-SYNTH""}"
2026-10-04T20:01:48.056889+00:00,counter,marketdata.update.applied,1,"{""market"":""BTC-SYNTH""}"
2026-10-04T20:01:48.056934+00:00,counter,marketdata.update.applied,1,"{""market"":""BTC-SYNTH""}"
2026-10-04T20:01:48.056983+00:00,counter,marketdata.update.applied,1,"{""market"":""BTC-SYNTH""}"
2026-10-04T20:01:48.057028+00:00,counter,marketdata.update.applied,1,"{""market"":""BTC-SYNTH""}"
2026-10-04T20:01:48.057080+00:00,counter,marketdata.update.applied,1,"{""market"":""BTC-SYNTH""}"
2026-10-04T20:01:48.057141+00:00,counter,marketdata.update.applied,1,"{""market"":""BTC-SYNTH""}"
2026-10-04T20:01:48.057192+00:00,counter,marketdata.update.applied,1,"{""market"":""BTC-SYNTH""}"
2026-10-04T20:01:48.057236+00:00,counter,marketdata.update.applied,1,"{""market"":""BTC-SYNTH""}"
2026-10-04T20:01:48.057284+00:00,counter,marketdata.update.applied,1,"{""market"":""BTC-SYNTH""}"
2026-10-04T20:01:48.057346+00:00,counter,marketdata.update.applied,1,"{""market"":""BTC-SYNTH""}"
2026-10-04T20:01:48.057398+00:00,counter,marketdata.update.applied,1,"{""market"":""BTC-SYNTH""}"
2026-10-04T20:01:48.057442+00:00,counter,marketdata.update.applied,1,"{""market"":""BTC-SYNTH""}"
2026-10-04T20:01:48.057489+00:00,counter,marketdata.update.applied,1,"{""market"":""BTC-SYNTH""}"
2026-10-04T20:01:48.057532+00:00,counter,marketdata.update.applied,1,"{""market"":""BTC-SYNTH""}"
2026-10-04T20:01:48.057610+00:00,counter,marketdata.update.applied,1,"{""market"":""BTC-SYNTH""}"
2026-10-04T20:01:48.057683+00:00,counter,marketdata.update.applied,1,"{""market"":""BTC-SYNTH""}"
2026-10-04T20:01:48.057738+00:00,counter,marketdata.update.applied,1,"{""market"":""BTC-SYNTH""}"
2026-10-04T20:01:48.057785+00:00,counter,marketdata.update.applied,1,"{""market"":""BTC-SYNTH""}"
2026-10-04T20:01:48.057836+00:00,counter,marketdata.update.applied,1,"{""market"":""BTC-SYNTH""}"
2026-10-04T20:01:48.057880+00:00,counter,marketdata.update.applied,1,"{""market"":""BTC-SYNTH""}"
2026-10-04T20:01:48.057928+00:00,counter,marketdata.update.applied,1,"{""market"":""BTC-SYNTH""}"
2026-10-04T20:01:48.057986+00:00,counter,marketdata.update.applied,1,"{""market"":""BTC-SYNTH""}"
2026-10-04T20:01:48.058036+00:00,counter,marketdata.update.applied,1,"{""market"":""BTC-SYNTH""}"
2026-10-04T20:01:48.058081+00:00,counter,marketdata.update.applied,1,"{""market"":""BTC-SYNTH""}"
2026-10-04T20:01:48.058128+00:00,counter,marketdata.update.applied,1,"{""market"":""BTC-SYNTH""}"
2026-10-04T20:01:48.058172+00:00,counter,marketdata.update.applied,1,"{""market"":""BTC-SYNTH""}"
2026-10-04T20:01:48.067397+00:00,gauge,neural.buffer.size,199.0,"{""market"":""BTC-SYNTH""}"
2026-10-04T20:01:48.067478+00:00,gauge,neural.buffer.cell_coverage,1.0,"{""market"":""BTC-SYNTH""}"
2026-10-04T20:01:48.179616+00:00,gauge,pricing.slices.attempted,3.0,"{""market"":""BTC-SYNTH"",""producer"":""svi-scipy""}"
2026-10-04T20:01:48.179644+00:00,gauge,pricing.slices.accepted,3.0,"{""market"":""BTC-SYNTH"",""producer"":""svi-scipy""}"
2026-10-04T20:01:48.179714+00:00,gauge,pricing.rmse_vol_bp,33.3969491905992,"{""market"":""BTC-SYNTH"",""producer"":""svi-scipy""}"
2026-10-04T20:01:48.179768+00:00,timing,pricing.cycle_ms,120.992,"{""market"":""BTC-SYNTH"",""producer"":""svi-scipy""}"
2026-10-04T20:01:48.180043+00:00,counter,bus.published,1,"{""topic"":""surface.BTC-SYNTH.svi-scipy""}"
2026-10-04T20:01:48.180083+00:00,counter,runner.handled,1,"{""subscriber"":""svi-scipy@BTC-SYNTH""}"
2026-10-04T20:01:48.180253+00:00,counter,risk.surface.received,1,"{""market"":""BTC-SYNTH"",""producer"":""svi-scipy"",""status"":""OK""}"
2026-10-04T20:01:48.180280+00:00,timing,risk.surface.snapshot_to_surface_ms,1826.238,"{""market"":""BTC-SYNTH"",""producer"":""svi-scipy""}"
2026-10-04T20:01:48.180299+00:00,timing,risk.surface.delivery_lag_ms,0.6930000000000001,"{""market"":""BTC-SYNTH"",""producer"":""svi-scipy""}"
2026-10-04T20:01:48.180323+00:00,gauge,risk.surface_age_seconds,1.826951,"{""market"":""BTC-SYNTH"",""producer"":""svi-scipy""}"
2026-10-04T20:01:48.180336+00:00,counter,risk.report.freshness,1,"{""decision"":""NORMAL"",""market"":""BTC-SYNTH"",""producer"":""svi-scipy""}"
2026-10-04T20:01:48.180398+00:00,gauge,risk.surface_age_seconds,2.826653,"{""market"":""BTC-SYNTH"",""producer"":""mlp-torch""}"
2026-10-04T20:01:48.180410+00:00,counter,risk.report.freshness,1,"{""decision"":""NORMAL"",""market"":""BTC-SYNTH"",""producer"":""mlp-torch""}"
2026-10-04T20:01:48.180634+00:00,gauge,risk.comparison.value_diff,322.0714503771451,"{""baseline"":""svi-scipy"",""challenger"":""mlp-torch"",""market"":""BTC-SYNTH""}"
2026-10-04T20:01:48.180651+00:00,gauge,risk.comparison.distance_rms_vol_bp,249.818810961933,"{""baseline"":""svi-scipy"",""challenger"":""mlp-torch"",""market"":""BTC-SYNTH""}"
2026-10-04T20:01:48.180665+00:00,gauge,risk.comparison.distance_max_vol_bp,797.2166036203876,"{""baseline"":""svi-scipy"",""challenger"":""mlp-torch"",""market"":""BTC-SYNTH""}"
2026-10-04T20:01:48.180685+00:00,gauge,risk.surface_age_seconds,1.827316,"{""market"":""BTC-SYNTH"",""producer"":""svi-scipy""}"
2026-10-04T20:01:48.180696+00:00,counter,risk.report.freshness,1,"{""decision"":""NORMAL"",""market"":""BTC-SYNTH"",""producer"":""svi-scipy""}"
2026-10-04T20:01:48.180727+00:00,counter,runner.handled,1,"{""subscriber"":""risk-svi-scipy@BTC-SYNTH""}"
2026-10-04T20:01:48.203605+00:00,gauge,neural.butterfly_violation,0.0,"{""market"":""BTC-SYNTH""}"
2026-10-04T20:01:48.203644+00:00,gauge,neural.calendar_violation,0.0,"{""market"":""BTC-SYNTH""}"
2026-10-04T20:01:48.204370+00:00,gauge,neural.rmse_vol_bp,138.5944316294213,"{""market"":""BTC-SYNTH"",""producer"":""mlp-torch""}"
2026-10-04T20:01:48.204803+00:00,counter,bus.published,1,"{""topic"":""surface.BTC-SYNTH.mlp-torch""}"
2026-10-04T20:01:48.204851+00:00,counter,runner.handled,1,"{""subscriber"":""mlp-torch@BTC-SYNTH""}"
2026-10-04T20:01:48.204999+00:00,counter,risk.surface.received,1,"{""market"":""BTC-SYNTH"",""producer"":""mlp-torch"",""status"":""OK""}"
2026-10-04T20:01:48.205022+00:00,timing,risk.surface.snapshot_to_surface_ms,1849.751,"{""market"":""BTC-SYNTH"",""producer"":""mlp-torch""}"
2026-10-04T20:01:48.205039+00:00,timing,risk.surface.delivery_lag_ms,1.921,"{""market"":""BTC-SYNTH"",""producer"":""mlp-torch""}"
2026-10-04T20:01:48.205068+00:00,gauge,risk.surface_age_seconds,1.851697,"{""market"":""BTC-SYNTH"",""producer"":""svi-scipy""}"
2026-10-04T20:01:48.205081+00:00,counter,risk.report.freshness,1,"{""decision"":""NORMAL"",""market"":""BTC-SYNTH"",""producer"":""svi-scipy""}"
2026-10-04T20:01:48.205148+00:00,gauge,risk.surface_age_seconds,1.851779,"{""market"":""BTC-SYNTH"",""producer"":""mlp-torch""}"
2026-10-04T20:01:48.205160+00:00,counter,risk.report.freshness,1,"{""decision"":""NORMAL"",""market"":""BTC-SYNTH"",""producer"":""mlp-torch""}"
2026-10-04T20:01:48.205360+00:00,gauge,risk.comparison.value_diff,292.5709742593099,"{""baseline"":""svi-scipy"",""challenger"":""mlp-torch"",""market"":""BTC-SYNTH""}"
2026-10-04T20:01:48.205376+00:00,gauge,risk.comparison.distance_rms_vol_bp,275.4927808166645,"{""baseline"":""svi-scipy"",""challenger"":""mlp-torch"",""market"":""BTC-SYNTH""}"
2026-10-04T20:01:48.205389+00:00,gauge,risk.comparison.distance_max_vol_bp,777.0412094032075,"{""baseline"":""svi-scipy"",""challenger"":""mlp-torch"",""market"":""BTC-SYNTH""}"
2026-10-04T20:01:48.205456+00:00,gauge,risk.surface_age_seconds,1.852084,"{""market"":""BTC-SYNTH"",""producer"":""mlp-torch""}"
2026-10-04T20:01:48.205476+00:00,counter,risk.report.freshness,1,"{""decision"":""NORMAL"",""market"":""BTC-SYNTH"",""producer"":""mlp-torch""}"
2026-10-04T20:01:48.205513+00:00,counter,runner.handled,1,"{""subscriber"":""risk-mlp-torch@BTC-SYNTH""}"
2026-10-04T20:01:49.063747+00:00,counter,marketdata.snapshot.published,1,"{""market"":""BTC-SYNTH""}"
2026-10-04T20:01:49.063778+00:00,gauge,marketdata.clock_skew_seconds,-1.709079,"{""market"":""BTC-SYNTH""}"
2026-10-04T20:01:49.063785+00:00,gauge,marketdata.coverage_ratio,1.0,"{""market"":""BTC-SYNTH""}"
2026-10-04T20:01:49.063790+00:00,gauge,marketdata.max_age_seconds,3601.724177,"{""market"":""BTC-SYNTH""}"
2026-10-04T20:01:49.063797+00:00,counter,pipeline.heartbeat.emitted,1,"{""market"":""BTC-SYNTH""}"
2026-10-04T20:01:49.063806+00:00,counter,bus.published,1,"{""topic"":""snapshot.BTC-SYNTH""}"
2026-10-04T20:01:49.063871+00:00,counter,marketdata.update.applied,1,"{""market"":""BTC-SYNTH""}"
2026-10-04T20:01:49.063885+00:00,counter,marketdata.update.applied,1,"{""market"":""BTC-SYNTH""}"
2026-10-04T20:01:49.063899+00:00,counter,marketdata.update.applied,1,"{""market"":""BTC-SYNTH""}"
2026-10-04T20:01:49.063909+00:00,counter,marketdata.update.applied,1,"{""market"":""BTC-SYNTH""}"
2026-10-04T20:01:49.063925+00:00,counter,marketdata.update.applied,1,"{""market"":""BTC-SYNTH""}"
2026-10-04T20:01:49.063935+00:00,counter,marketdata.update.applied,1,"{""market"":""BTC-SYNTH""}"
2026-10-04T20:01:49.063945+00:00,counter,marketdata.update.applied,1,"{""market"":""BTC-SYNTH""}"
2026-10-04T20:01:49.063955+00:00,counter,marketdata.update.applied,1,"{""market"":""BTC-SYNTH""}"
2026-10-04T20:01:49.063965+00:00,counter,marketdata.update.applied,1,"{""market"":""BTC-SYNTH""}"
2026-10-04T20:01:49.063975+00:00,counter,marketdata.update.applied,1,"{""market"":""BTC-SYNTH""}"
2026-10-04T20:01:49.063985+00:00,counter,marketdata.update.applied,1,"{""market"":""BTC-SYNTH""}"
2026-10-04T20:01:49.063994+00:00,counter,marketdata.update.applied,1,"{""market"":""BTC-SYNTH""}"
2026-10-04T20:01:49.064003+00:00,counter,marketdata.update.applied,1,"{""market"":""BTC-SYNTH""}"
2026-10-04T20:01:49.064012+00:00,counter,marketdata.update.applied,1,"{""market"":""BTC-SYNTH""}"
2026-10-04T20:01:49.064021+00:00,counter,marketdata.update.applied,1,"{""market"":""BTC-SYNTH""}"
2026-10-04T20:01:49.064030+00:00,counter,marketdata.update.applied,1,"{""market"":""BTC-SYNTH""}"
2026-10-04T20:01:49.064040+00:00,counter,marketdata.update.applied,1,"{""market"":""BTC-SYNTH""}"
2026-10-04T20:01:49.064048+00:00,counter,marketdata.update.applied,1,"{""market"":""BTC-SYNTH""}"
2026-10-04T20:01:49.064059+00:00,counter,marketdata.update.applied,1,"{""market"":""BTC-SYNTH""}"
2026-10-04T20:01:49.064068+00:00,counter,marketdata.update.applied,1,"{""market"":""BTC-SYNTH""}"
2026-10-04T20:01:49.064079+00:00,counter,marketdata.update.applied,1,"{""market"":""BTC-SYNTH""}"
2026-10-04T20:01:49.064088+00:00,counter,marketdata.update.applied,1,"{""market"":""BTC-SYNTH""}"
2026-10-04T20:01:49.064100+00:00,counter,marketdata.update.applied,1,"{""market"":""BTC-SYNTH""}"
2026-10-04T20:01:49.064110+00:00,counter,marketdata.update.applied,1,"{""market"":""BTC-SYNTH""}"
2026-10-04T20:01:49.064120+00:00,counter,marketdata.update.applied,1,"{""market"":""BTC-SYNTH""}"
2026-10-04T20:01:49.064129+00:00,counter,marketdata.update.applied,1,"{""market"":""BTC-SYNTH""}"
2026-10-04T20:01:49.064139+00:00,counter,marketdata.update.applied,1,"{""market"":""BTC-SYNTH""}"
2026-10-04T20:01:49.064149+00:00,counter,marketdata.update.applied,1,"{""market"":""BTC-SYNTH""}"
2026-10-04T20:01:49.064158+00:00,counter,marketdata.update.applied,1,"{""market"":""BTC-SYNTH""}"
2026-10-04T20:01:49.064167+00:00,counter,marketdata.update.applied,1,"{""market"":""BTC-SYNTH""}"
2026-10-04T20:01:49.064177+00:00,counter,marketdata.update.applied,1,"{""market"":""BTC-SYNTH""}"
2026-10-04T20:01:49.064245+00:00,counter,marketdata.update.applied,1,"{""market"":""BTC-SYNTH""}"
2026-10-04T20:01:49.064256+00:00,counter,marketdata.update.applied,1,"{""market"":""BTC-SYNTH""}"
2026-10-04T20:01:49.064296+00:00,counter,marketdata.update.applied,1,"{""market"":""BTC-SYNTH""}"
2026-10-04T20:01:49.064312+00:00,counter,marketdata.update.applied,1,"{""market"":""BTC-SYNTH""}"
2026-10-04T20:01:49.064324+00:00,counter,marketdata.update.applied,1,"{""market"":""BTC-SYNTH""}"
2026-10-04T20:01:49.064334+00:00,counter,marketdata.update.applied,1,"{""market"":""BTC-SYNTH""}"
2026-10-04T20:01:49.064344+00:00,counter,marketdata.update.applied,1,"{""market"":""BTC-SYNTH""}"
2026-10-04T20:01:49.064365+00:00,counter,marketdata.update.applied,1,"{""market"":""BTC-SYNTH""}"
2026-10-04T20:01:49.064391+00:00,counter,marketdata.update.applied,1,"{""market"":""BTC-SYNTH""}"
2026-10-04T20:01:49.064406+00:00,counter,marketdata.update.applied,1,"{""market"":""BTC-SYNTH""}"
2026-10-04T20:01:49.064417+00:00,counter,marketdata.update.applied,1,"{""market"":""BTC-SYNTH""}"
2026-10-04T20:01:49.064429+00:00,counter,marketdata.update.applied,1,"{""market"":""BTC-SYNTH""}"
2026-10-04T20:01:49.064438+00:00,counter,marketdata.update.applied,1,"{""market"":""BTC-SYNTH""}"
2026-10-04T20:01:49.064450+00:00,counter,marketdata.update.applied,1,"{""market"":""BTC-SYNTH""}"
2026-10-04T20:01:49.064459+00:00,counter,marketdata.update.applied,1,"{""market"":""BTC-SYNTH""}"
2026-10-04T20:01:49.064469+00:00,counter,marketdata.update.applied,1,"{""market"":""BTC-SYNTH""}"
2026-10-04T20:01:49.064478+00:00,counter,marketdata.update.applied,1,"{""market"":""BTC-SYNTH""}"
2026-10-04T20:01:49.064488+00:00,counter,marketdata.update.applied,1,"{""market"":""BTC-SYNTH""}"
2026-10-04T20:01:49.064498+00:00,counter,marketdata.update.applied,1,"{""market"":""BTC-SYNTH""}"
2026-10-04T20:01:49.064509+00:00,counter,marketdata.update.applied,1,"{""market"":""BTC-SYNTH""}"
2026-10-04T20:01:49.064518+00:00,counter,marketdata.update.applied,1,"{""market"":""BTC-SYNTH""}"
2026-10-04T20:01:49.064529+00:00,counter,marketdata.update.applied,1,"{""market"":""BTC-SYNTH""}"
2026-10-04T20:01:49.064538+00:00,counter,marketdata.update.applied,1,"{""market"":""BTC-SYNTH""}"
2026-10-04T20:01:49.064548+00:00,counter,marketdata.update.applied,1,"{""market"":""BTC-SYNTH""}"
2026-10-04T20:01:49.064558+00:00,counter,marketdata.update.applied,1,"{""market"":""BTC-SYNTH""}"
2026-10-04T20:01:49.064568+00:00,counter,marketdata.update.applied,1,"{""market"":""BTC-SYNTH""}"
2026-10-04T20:01:49.064578+00:00,counter,marketdata.update.applied,1,"{""market"":""BTC-SYNTH""}"
2026-10-04T20:01:49.064588+00:00,counter,marketdata.update.applied,1,"{""market"":""BTC-SYNTH""}"
2026-10-04T20:01:49.064598+00:00,counter,marketdata.update.applied,1,"{""market"":""BTC-SYNTH""}"
2026-10-04T20:01:49.064608+00:00,counter,marketdata.update.applied,1,"{""market"":""BTC-SYNTH""}"
2026-10-04T20:01:49.064616+00:00,counter,marketdata.update.applied,1,"{""market"":""BTC-SYNTH""}"
2026-10-04T20:01:49.064626+00:00,counter,marketdata.update.applied,1,"{""market"":""BTC-SYNTH""}"
2026-10-04T20:01:49.064635+00:00,counter,marketdata.update.applied,1,"{""market"":""BTC-SYNTH""}"
2026-10-04T20:01:49.064645+00:00,counter,marketdata.update.applied,1,"{""market"":""BTC-SYNTH""}"
2026-10-04T20:01:49.064654+00:00,counter,marketdata.update.applied,1,"{""market"":""BTC-SYNTH""}"
2026-10-04T20:01:49.066432+00:00,gauge,neural.buffer.size,232.0,"{""market"":""BTC-SYNTH""}"
2026-10-04T20:01:49.066442+00:00,gauge,neural.buffer.cell_coverage,1.0,"{""market"":""BTC-SYNTH""}"
2026-10-04T20:01:49.110263+00:00,gauge,pricing.slices.attempted,3.0,"{""market"":""BTC-SYNTH"",""producer"":""svi-scipy""}"
2026-10-04T20:01:49.110285+00:00,gauge,pricing.slices.accepted,3.0,"{""market"":""BTC-SYNTH"",""producer"":""svi-scipy""}"
2026-10-04T20:01:49.110353+00:00,gauge,pricing.rmse_vol_bp,25.358086678924508,"{""market"":""BTC-SYNTH"",""producer"":""svi-scipy""}"
2026-10-04T20:01:49.110362+00:00,timing,pricing.cycle_ms,45.443,"{""market"":""BTC-SYNTH"",""producer"":""svi-scipy""}"
2026-10-04T20:01:49.111157+00:00,counter,bus.published,1,"{""topic"":""surface.BTC-SYNTH.svi-scipy""}"
2026-10-04T20:01:49.111185+00:00,counter,runner.handled,1,"{""subscriber"":""svi-scipy@BTC-SYNTH""}"
2026-10-04T20:01:49.111264+00:00,counter,risk.surface.received,1,"{""market"":""BTC-SYNTH"",""producer"":""svi-scipy"",""status"":""OK""}"
2026-10-04T20:01:49.111275+00:00,timing,risk.surface.snapshot_to_surface_ms,1755.993,"{""market"":""BTC-SYNTH"",""producer"":""svi-scipy""}"
2026-10-04T20:01:49.111283+00:00,timing,risk.surface.delivery_lag_ms,1.0250000000000001,"{""market"":""BTC-SYNTH"",""producer"":""svi-scipy""}"
2026-10-04T20:01:49.111295+00:00,gauge,risk.surface_age_seconds,1.757028,"{""market"":""BTC-SYNTH"",""producer"":""svi-scipy""}"
2026-10-04T20:01:49.111301+00:00,counter,risk.report.freshness,1,"{""decision"":""NORMAL"",""market"":""BTC-SYNTH"",""producer"":""svi-scipy""}"
2026-10-04T20:01:49.111337+00:00,gauge,risk.surface_age_seconds,2.757971,"{""market"":""BTC-SYNTH"",""producer"":""mlp-torch""}"
2026-10-04T20:01:49.111343+00:00,counter,risk.report.freshness,1,"{""decision"":""NORMAL"",""market"":""BTC-SYNTH"",""producer"":""mlp-torch""}"
2026-10-04T20:01:49.111472+00:00,gauge,risk.comparison.value_diff,159.7678139416057,"{""baseline"":""svi-scipy"",""challenger"":""mlp-torch"",""market"":""BTC-SYNTH""}"
2026-10-04T20:01:49.111480+00:00,gauge,risk.comparison.distance_rms_vol_bp,332.4212612474941,"{""baseline"":""svi-scipy"",""challenger"":""mlp-torch"",""market"":""BTC-SYNTH""}"
2026-10-04T20:01:49.111486+00:00,gauge,risk.comparison.distance_max_vol_bp,1295.36915766293,"{""baseline"":""svi-scipy"",""challenger"":""mlp-torch"",""market"":""BTC-SYNTH""}"
2026-10-04T20:01:49.111495+00:00,gauge,risk.surface_age_seconds,1.75723,"{""market"":""BTC-SYNTH"",""producer"":""svi-scipy""}"
2026-10-04T20:01:49.111500+00:00,counter,risk.report.freshness,1,"{""decision"":""NORMAL"",""market"":""BTC-SYNTH"",""producer"":""svi-scipy""}"
2026-10-04T20:01:49.111515+00:00,counter,runner.handled,1,"{""subscriber"":""risk-svi-scipy@BTC-SYNTH""}"
2026-10-04T20:01:49.134654+00:00,gauge,neural.butterfly_violation,0.0,"{""market"":""BTC-SYNTH""}"
2026-10-04T20:01:49.134677+00:00,gauge,neural.calendar_violation,0.0,"{""market"":""BTC-SYNTH""}"
2026-10-04T20:01:49.135228+00:00,gauge,neural.rmse_vol_bp,208.15233050229014,"{""market"":""BTC-SYNTH"",""producer"":""mlp-torch""}"
2026-10-04T20:01:49.135471+00:00,counter,bus.published,1,"{""topic"":""surface.BTC-SYNTH.mlp-torch""}"
2026-10-04T20:01:49.135503+00:00,counter,runner.handled,1,"{""subscriber"":""mlp-torch@BTC-SYNTH""}"
2026-10-04T20:01:49.135583+00:00,counter,risk.surface.received,1,"{""market"":""BTC-SYNTH"",""producer"":""mlp-torch"",""status"":""OK""}"
2026-10-04T20:01:49.135596+00:00,timing,risk.surface.snapshot_to_surface_ms,1780.035,"{""market"":""BTC-SYNTH"",""producer"":""mlp-torch""}"
2026-10-04T20:01:49.135604+00:00,timing,risk.surface.delivery_lag_ms,1.304,"{""market"":""BTC-SYNTH"",""producer"":""mlp-torch""}"
2026-10-04T20:01:49.135615+00:00,gauge,risk.surface_age_seconds,1.781349,"{""market"":""BTC-SYNTH"",""producer"":""svi-scipy""}"
2026-10-04T20:01:49.135622+00:00,counter,risk.report.freshness,1,"{""decision"":""NORMAL"",""market"":""BTC-SYNTH"",""producer"":""svi-scipy""}"
2026-10-04T20:01:49.135654+00:00,gauge,risk.surface_age_seconds,1.781389,"{""market"":""BTC-SYNTH"",""producer"":""mlp-torch""}"
2026-10-04T20:01:49.135660+00:00,counter,risk.report.freshness,1,"{""decision"":""NORMAL"",""market"":""BTC-SYNTH"",""producer"":""mlp-torch""}"
2026-10-04T20:01:49.135774+00:00,gauge,risk.comparison.value_diff,228.30411841008026,"{""baseline"":""svi-scipy"",""challenger"":""mlp-torch"",""market"":""BTC-SYNTH""}"
2026-10-04T20:01:49.135783+00:00,gauge,risk.comparison.distance_rms_vol_bp,289.0145816716083,"{""baseline"":""svi-scipy"",""challenger"":""mlp-torch"",""market"":""BTC-SYNTH""}"
2026-10-04T20:01:49.135790+00:00,gauge,risk.comparison.distance_max_vol_bp,1144.870992237742,"{""baseline"":""svi-scipy"",""challenger"":""mlp-torch"",""market"":""BTC-SYNTH""}"
2026-10-04T20:01:49.135827+00:00,gauge,risk.surface_age_seconds,1.781562,"{""market"":""BTC-SYNTH"",""producer"":""mlp-torch""}"
2026-10-04T20:01:49.135833+00:00,counter,risk.report.freshness,1,"{""decision"":""NORMAL"",""market"":""BTC-SYNTH"",""producer"":""mlp-torch""}"
2026-10-04T20:01:49.135852+00:00,counter,runner.handled,1,"{""subscriber"":""risk-mlp-torch@BTC-SYNTH""}"
2026-10-04T20:01:50.075681+00:00,counter,marketdata.snapshot.published,1,"{""market"":""BTC-SYNTH""}"
2026-10-04T20:01:50.075805+00:00,gauge,marketdata.clock_skew_seconds,-1.717051,"{""market"":""BTC-SYNTH""}"
2026-10-04T20:01:50.075855+00:00,gauge,marketdata.coverage_ratio,1.0,"{""market"":""BTC-SYNTH""}"
2026-10-04T20:01:50.075894+00:00,gauge,marketdata.max_age_seconds,1.81531,"{""market"":""BTC-SYNTH""}"
2026-10-04T20:01:50.075940+00:00,counter,pipeline.heartbeat.emitted,1,"{""market"":""BTC-SYNTH""}"
2026-10-04T20:01:50.075991+00:00,counter,bus.published,1,"{""topic"":""snapshot.BTC-SYNTH""}"
2026-10-04T20:01:50.076269+00:00,counter,marketdata.update.applied,1,"{""market"":""BTC-SYNTH""}"
2026-10-04T20:01:50.076523+00:00,counter,marketdata.update.applied,1,"{""market"":""BTC-SYNTH""}"
2026-10-04T20:01:50.076644+00:00,counter,marketdata.update.applied,1,"{""market"":""BTC-SYNTH""}"
2026-10-04T20:01:50.076730+00:00,counter,marketdata.update.applied,1,"{""market"":""BTC-SYNTH""}"
2026-10-04T20:01:50.076815+00:00,counter,marketdata.update.applied,1,"{""market"":""BTC-SYNTH""}"
2026-10-04T20:01:50.076890+00:00,counter,marketdata.update.applied,1,"{""market"":""BTC-SYNTH""}"
2026-10-04T20:01:50.076975+00:00,counter,marketdata.update.applied,1,"{""market"":""BTC-SYNTH""}"
2026-10-04T20:01:50.077049+00:00,counter,marketdata.update.applied,1,"{""market"":""BTC-SYNTH""}"
2026-10-04T20:01:50.077129+00:00,counter,marketdata.update.applied,1,"{""market"":""BTC-SYNTH""}"
2026-10-04T20:01:50.077197+00:00,counter,marketdata.update.applied,1,"{""market"":""BTC-SYNTH""}"
2026-10-04T20:01:50.077271+00:00,counter,marketdata.update.applied,1,"{""market"":""BTC-SYNTH""}"
2026-10-04T20:01:50.077338+00:00,counter,marketdata.update.applied,1,"{""market"":""BTC-SYNTH""}"
2026-10-04T20:01:50.077409+00:00,counter,marketdata.update.applied,1,"{""market"":""BTC-SYNTH""}"
2026-10-04T20:01:50.077538+00:00,counter,marketdata.update.applied,1,"{""market"":""BTC-SYNTH""}"
2026-10-04T20:01:50.077637+00:00,counter,marketdata.update.applied,1,"{""market"":""BTC-SYNTH""}"
2026-10-04T20:01:50.077710+00:00,counter,marketdata.update.applied,1,"{""market"":""BTC-SYNTH""}"
2026-10-04T20:01:50.077787+00:00,counter,marketdata.update.applied,1,"{""market"":""BTC-SYNTH""}"
2026-10-04T20:01:50.077854+00:00,counter,marketdata.update.applied,1,"{""market"":""BTC-SYNTH""}"
2026-10-04T20:01:50.077929+00:00,counter,marketdata.update.applied,1,"{""market"":""BTC-SYNTH""}"
2026-10-04T20:01:50.077996+00:00,counter,marketdata.update.applied,1,"{""market"":""BTC-SYNTH""}"
2026-10-04T20:01:50.078070+00:00,counter,marketdata.update.applied,1,"{""market"":""BTC-SYNTH""}"
2026-10-04T20:01:50.078137+00:00,counter,marketdata.update.applied,1,"{""market"":""BTC-SYNTH""}"
2026-10-04T20:01:50.078219+00:00,counter,marketdata.update.applied,1,"{""market"":""BTC-SYNTH""}"
2026-10-04T20:01:50.078278+00:00,counter,marketdata.update.applied,1,"{""market"":""BTC-SYNTH""}"
2026-10-04T20:01:50.078340+00:00,counter,marketdata.update.applied,1,"{""market"":""BTC-SYNTH""}"
2026-10-04T20:01:50.078397+00:00,counter,marketdata.update.applied,1,"{""market"":""BTC-SYNTH""}"
2026-10-04T20:01:50.078460+00:00,counter,marketdata.update.applied,1,"{""market"":""BTC-SYNTH""}"
2026-10-04T20:01:50.078518+00:00,counter,marketdata.update.applied,1,"{""market"":""BTC-SYNTH""}"
2026-10-04T20:01:50.078646+00:00,counter,marketdata.update.applied,1,"{""market"":""BTC-SYNTH""}"
2026-10-04T20:01:50.078715+00:00,counter,marketdata.update.applied,1,"{""market"":""BTC-SYNTH""}"
2026-10-04T20:01:50.078815+00:00,counter,marketdata.update.applied,1,"{""market"":""BTC-SYNTH""}"
2026-10-04T20:01:50.078874+00:00,counter,marketdata.update.applied,1,"{""market"":""BTC-SYNTH""}"
2026-10-04T20:01:50.078934+00:00,counter,marketdata.update.applied,1,"{""market"":""BTC-SYNTH""}"
2026-10-04T20:01:50.078988+00:00,counter,marketdata.update.applied,1,"{""market"":""BTC-SYNTH""}"
2026-10-04T20:01:50.079048+00:00,counter,marketdata.update.applied,1,"{""market"":""BTC-SYNTH""}"
2026-10-04T20:01:50.079103+00:00,counter,marketdata.update.applied,1,"{""market"":""BTC-SYNTH""}"
2026-10-04T20:01:50.079160+00:00,counter,marketdata.update.applied,1,"{""market"":""BTC-SYNTH""}"
2026-10-04T20:01:50.079214+00:00,counter,marketdata.update.applied,1,"{""market"":""BTC-SYNTH""}"
2026-10-04T20:01:50.079273+00:00,counter,marketdata.update.applied,1,"{""market"":""BTC-SYNTH""}"
2026-10-04T20:01:50.079327+00:00,counter,marketdata.update.applied,1,"{""market"":""BTC-SYNTH""}"
2026-10-04T20:01:50.079384+00:00,counter,marketdata.update.applied,1,"{""market"":""BTC-SYNTH""}"
2026-10-04T20:01:50.079437+00:00,counter,marketdata.update.applied,1,"{""market"":""BTC-SYNTH""}"
2026-10-04T20:01:50.079496+00:00,counter,marketdata.update.applied,1,"{""market"":""BTC-SYNTH""}"
2026-10-04T20:01:50.079549+00:00,counter,marketdata.update.applied,1,"{""market"":""BTC-SYNTH""}"
2026-10-04T20:01:50.079654+00:00,counter,marketdata.update.applied,1,"{""market"":""BTC-SYNTH""}"
2026-10-04T20:01:50.079728+00:00,counter,marketdata.update.applied,1,"{""market"":""BTC-SYNTH""}"
2026-10-04T20:01:50.079784+00:00,counter,marketdata.update.applied,1,"{""market"":""BTC-SYNTH""}"
2026-10-04T20:01:50.079831+00:00,counter,marketdata.update.applied,1,"{""market"":""BTC-SYNTH""}"
2026-10-04T20:01:50.079880+00:00,counter,marketdata.update.applied,1,"{""market"":""BTC-SYNTH""}"
2026-10-04T20:01:50.079925+00:00,counter,marketdata.update.applied,1,"{""market"":""BTC-SYNTH""}"
2026-10-04T20:01:50.079975+00:00,counter,marketdata.update.applied,1,"{""market"":""BTC-SYNTH""}"
2026-10-04T20:01:50.080020+00:00,counter,marketdata.update.applied,1,"{""market"":""BTC-SYNTH""}"
2026-10-04T20:01:50.080068+00:00,counter,marketdata.update.applied,1,"{""market"":""BTC-SYNTH""}"
2026-10-04T20:01:50.080113+00:00,counter,marketdata.update.applied,1,"{""market"":""BTC-SYNTH""}"
2026-10-04T20:01:50.080162+00:00,counter,marketdata.update.applied,1,"{""market"":""BTC-SYNTH""}"
2026-10-04T20:01:50.080209+00:00,counter,marketdata.update.applied,1,"{""market"":""BTC-SYNTH""}"
2026-10-04T20:01:50.080258+00:00,counter,marketdata.update.applied,1,"{""market"":""BTC-SYNTH""}"
2026-10-04T20:01:50.080303+00:00,counter,marketdata.update.applied,1,"{""market"":""BTC-SYNTH""}"
2026-10-04T20:01:50.080352+00:00,counter,marketdata.update.applied,1,"{""market"":""BTC-SYNTH""}"
2026-10-04T20:01:50.080416+00:00,counter,marketdata.update.applied,1,"{""market"":""BTC-SYNTH""}"
2026-10-04T20:01:50.080464+00:00,counter,marketdata.update.applied,1,"{""market"":""BTC-SYNTH""}"
2026-10-04T20:01:50.080509+00:00,counter,marketdata.update.applied,1,"{""market"":""BTC-SYNTH""}"
2026-10-04T20:01:50.080558+00:00,counter,marketdata.update.applied,1,"{""market"":""BTC-SYNTH""}"
2026-10-04T20:01:50.080602+00:00,counter,marketdata.update.applied,1,"{""market"":""BTC-SYNTH""}"
2026-10-04T20:01:50.080684+00:00,counter,marketdata.update.applied,1,"{""market"":""BTC-SYNTH""}"
2026-10-04T20:01:50.080737+00:00,counter,marketdata.update.applied,1,"{""market"":""BTC-SYNTH""}"
2026-10-04T20:01:50.082222+00:00,gauge,neural.buffer.size,265.0,"{""market"":""BTC-SYNTH""}"
2026-10-04T20:01:50.082261+00:00,gauge,neural.buffer.cell_coverage,1.0,"{""market"":""BTC-SYNTH""}"
2026-10-04T20:01:50.152912+00:00,gauge,pricing.slices.attempted,3.0,"{""market"":""BTC-SYNTH"",""producer"":""svi-scipy""}"
2026-10-04T20:01:50.152934+00:00,gauge,pricing.slices.accepted,3.0,"{""market"":""BTC-SYNTH"",""producer"":""svi-scipy""}"
2026-10-04T20:01:50.153004+00:00,gauge,pricing.rmse_vol_bp,48.680820055175175,"{""market"":""BTC-SYNTH"",""producer"":""svi-scipy""}"
2026-10-04T20:01:50.153013+00:00,timing,pricing.cycle_ms,70.431,"{""market"":""BTC-SYNTH"",""producer"":""svi-scipy""}"
2026-10-04T20:01:50.153711+00:00,counter,bus.published,1,"{""topic"":""surface.BTC-SYNTH.svi-scipy""}"
2026-10-04T20:01:50.153794+00:00,counter,runner.handled,1,"{""subscriber"":""svi-scipy@BTC-SYNTH""}"
2026-10-04T20:01:50.153898+00:00,counter,risk.surface.received,1,"{""market"":""BTC-SYNTH"",""producer"":""svi-scipy"",""status"":""OK""}"
2026-10-04T20:01:50.153912+00:00,timing,risk.surface.snapshot_to_surface_ms,1796.5249999999999,"{""market"":""BTC-SYNTH"",""producer"":""svi-scipy""}"
2026-10-04T20:01:50.153920+00:00,timing,risk.surface.delivery_lag_ms,1.0150000000000001,"{""market"":""BTC-SYNTH"",""producer"":""svi-scipy""}"
2026-10-04T20:01:50.153933+00:00,gauge,risk.surface_age_seconds,1.79755,"{""market"":""BTC-SYNTH"",""producer"":""svi-scipy""}"
2026-10-04T20:01:50.153939+00:00,counter,risk.report.freshness,1,"{""decision"":""NORMAL"",""market"":""BTC-SYNTH"",""producer"":""svi-scipy""}"
2026-10-04T20:01:50.153980+00:00,gauge,risk.surface_age_seconds,2.799715,"{""market"":""BTC-SYNTH"",""producer"":""mlp-torch""}"
2026-10-04T20:01:50.153986+00:00,counter,risk.report.freshness,1,"{""decision"":""NORMAL"",""market"":""BTC-SYNTH"",""producer"":""mlp-torch""}"
2026-10-04T20:01:50.154121+00:00,gauge,risk.comparison.value_diff,167.63449491419306,"{""baseline"":""svi-scipy"",""challenger"":""mlp-torch"",""market"":""BTC-SYNTH""}"
2026-10-04T20:01:50.154130+00:00,gauge,risk.comparison.distance_rms_vol_bp,242.26344684139775,"{""baseline"":""svi-scipy"",""challenger"":""mlp-torch"",""market"":""BTC-SYNTH""}"
2026-10-04T20:01:50.154136+00:00,gauge,risk.comparison.distance_max_vol_bp,546.0063745175714,"{""baseline"":""svi-scipy"",""challenger"":""mlp-torch"",""market"":""BTC-SYNTH""}"
2026-10-04T20:01:50.154144+00:00,gauge,risk.surface_age_seconds,1.797764,"{""market"":""BTC-SYNTH"",""producer"":""svi-scipy""}"
2026-10-04T20:01:50.154149+00:00,counter,risk.report.freshness,1,"{""decision"":""NORMAL"",""market"":""BTC-SYNTH"",""producer"":""svi-scipy""}"
2026-10-04T20:01:50.154165+00:00,counter,runner.handled,1,"{""subscriber"":""risk-svi-scipy@BTC-SYNTH""}"
2026-10-04T20:01:51.076780+00:00,counter,marketdata.snapshot.published,1,"{""market"":""BTC-SYNTH""}"
2026-10-04T20:01:51.076808+00:00,gauge,marketdata.clock_skew_seconds,-1.722283,"{""market"":""BTC-SYNTH""}"
2026-10-04T20:01:51.076817+00:00,gauge,marketdata.coverage_ratio,0.9848484848484849,"{""market"":""BTC-SYNTH""}"
2026-10-04T20:01:51.076823+00:00,gauge,marketdata.max_age_seconds,1.819383,"{""market"":""BTC-SYNTH""}"
2026-10-04T20:01:51.076830+00:00,counter,pipeline.heartbeat.emitted,1,"{""market"":""BTC-SYNTH""}"
2026-10-04T20:01:51.076840+00:00,counter,bus.published,1,"{""topic"":""snapshot.BTC-SYNTH""}"
2026-10-04T20:01:51.081261+00:00,counter,marketdata.update.applied,1,"{""market"":""BTC-SYNTH""}"
2026-10-04T20:01:51.081308+00:00,counter,marketdata.update.applied,1,"{""market"":""BTC-SYNTH""}"
2026-10-04T20:01:51.081345+00:00,counter,marketdata.update.applied,1,"{""market"":""BTC-SYNTH""}"
2026-10-04T20:01:51.081396+00:00,counter,marketdata.update.applied,1,"{""market"":""BTC-SYNTH""}"
2026-10-04T20:01:51.081429+00:00,counter,marketdata.update.applied,1,"{""market"":""BTC-SYNTH""}"
2026-10-04T20:01:51.081457+00:00,counter,marketdata.update.applied,1,"{""market"":""BTC-SYNTH""}"
2026-10-04T20:01:51.081483+00:00,counter,marketdata.update.applied,1,"{""market"":""BTC-SYNTH""}"
2026-10-04T20:01:51.081506+00:00,counter,marketdata.update.applied,1,"{""market"":""BTC-SYNTH""}"
2026-10-04T20:01:51.081532+00:00,counter,marketdata.update.applied,1,"{""market"":""BTC-SYNTH""}"
2026-10-04T20:01:51.081555+00:00,counter,marketdata.update.applied,1,"{""market"":""BTC-SYNTH""}"
2026-10-04T20:01:51.081580+00:00,counter,marketdata.update.applied,1,"{""market"":""BTC-SYNTH""}"
2026-10-04T20:01:51.081603+00:00,counter,marketdata.update.applied,1,"{""market"":""BTC-SYNTH""}"
2026-10-04T20:01:51.081626+00:00,counter,marketdata.update.applied,1,"{""market"":""BTC-SYNTH""}"
2026-10-04T20:01:51.081648+00:00,counter,marketdata.update.applied,1,"{""market"":""BTC-SYNTH""}"
2026-10-04T20:01:51.081672+00:00,counter,marketdata.update.applied,1,"{""market"":""BTC-SYNTH""}"
2026-10-04T20:01:51.081694+00:00,counter,marketdata.update.applied,1,"{""market"":""BTC-SYNTH""}"
2026-10-04T20:01:51.081717+00:00,counter,marketdata.update.applied,1,"{""market"":""BTC-SYNTH""}"
2026-10-04T20:01:51.081739+00:00,counter,marketdata.update.applied,1,"{""market"":""BTC-SYNTH""}"
2026-10-04T20:01:51.081764+00:00,counter,marketdata.update.applied,1,"{""market"":""BTC-SYNTH""}"
2026-10-04T20:01:51.081786+00:00,counter,marketdata.update.applied,1,"{""market"":""BTC-SYNTH""}"
2026-10-04T20:01:51.081810+00:00,counter,marketdata.update.applied,1,"{""market"":""BTC-SYNTH""}"
2026-10-04T20:01:51.081832+00:00,counter,marketdata.update.applied,1,"{""market"":""BTC-SYNTH""}"
2026-10-04T20:01:51.081858+00:00,counter,marketdata.update.applied,1,"{""market"":""BTC-SYNTH""}"
2026-10-04T20:01:51.081880+00:00,counter,marketdata.update.applied,1,"{""market"":""BTC-SYNTH""}"
2026-10-04T20:01:51.081903+00:00,counter,marketdata.update.applied,1,"{""market"":""BTC-SYNTH""}"
2026-10-04T20:01:51.081924+00:00,counter,marketdata.update.applied,1,"{""market"":""BTC-SYNTH""}"
2026-10-04T20:01:51.081949+00:00,counter,marketdata.update.applied,1,"{""market"":""BTC-SYNTH""}"
2026-10-04T20:01:51.081970+00:00,counter,marketdata.update.applied,1,"{""market"":""BTC-SYNTH""}"
2026-10-04T20:01:51.081993+00:00,counter,marketdata.update.applied,1,"{""market"":""BTC-SYNTH""}"
2026-10-04T20:01:51.082015+00:00,counter,marketdata.update.applied,1,"{""market"":""BTC-SYNTH""}"
2026-10-04T20:01:51.082038+00:00,counter,marketdata.update.applied,1,"{""market"":""BTC-SYNTH""}"
2026-10-04T20:01:51.082060+00:00,counter,marketdata.update.applied,1,"{""market"":""BTC-SYNTH""}"
2026-10-04T20:01:51.082082+00:00,counter,marketdata.update.applied,1,"{""market"":""BTC-SYNTH""}"
2026-10-04T20:01:51.082104+00:00,counter,marketdata.update.applied,1,"{""market"":""BTC-SYNTH""}"
2026-10-04T20:01:51.082128+00:00,counter,marketdata.update.applied,1,"{""market"":""BTC-SYNTH""}"
2026-10-04T20:01:51.082149+00:00,counter,marketdata.update.applied,1,"{""market"":""BTC-SYNTH""}"
2026-10-04T20:01:51.082172+00:00,counter,marketdata.update.applied,1,"{""market"":""BTC-SYNTH""}"
2026-10-04T20:01:51.082194+00:00,counter,marketdata.update.applied,1,"{""market"":""BTC-SYNTH""}"
2026-10-04T20:01:51.082217+00:00,counter,marketdata.update.applied,1,"{""market"":""BTC-SYNTH""}"
2026-10-04T20:01:51.082239+00:00,counter,marketdata.update.applied,1,"{""market"":""BTC-SYNTH""}"
2026-10-04T20:01:51.082261+00:00,counter,marketdata.update.applied,1,"{""market"":""BTC-SYNTH""}"
2026-10-04T20:01:51.082283+00:00,counter,marketdata.update.applied,1,"{""market"":""BTC-SYNTH""}"
2026-10-04T20:01:51.082306+00:00,counter,marketdata.update.applied,1,"{""market"":""BTC-SYNTH""}"
2026-10-04T20:01:51.082356+00:00,counter,marketdata.update.applied,1,"{""market"":""BTC-SYNTH""}"
2026-10-04T20:01:51.082384+00:00,counter,marketdata.update.applied,1,"{""market"":""BTC-SYNTH""}"
2026-10-04T20:01:51.082409+00:00,counter,marketdata.update.applied,1,"{""market"":""BTC-SYNTH""}"
2026-10-04T20:01:51.082446+00:00,counter,marketdata.update.applied,1,"{""market"":""BTC-SYNTH""}"
2026-10-04T20:01:51.082470+00:00,counter,marketdata.update.applied,1,"{""market"":""BTC-SYNTH""}"
2026-10-04T20:01:51.082495+00:00,counter,marketdata.update.applied,1,"{""market"":""BTC-SYNTH""}"
2026-10-04T20:01:51.082517+00:00,counter,marketdata.update.applied,1,"{""market"":""BTC-SYNTH""}"
2026-10-04T20:01:51.082542+00:00,counter,marketdata.update.applied,1,"{""market"":""BTC-SYNTH""}"
2026-10-04T20:01:51.082564+00:00,counter,marketdata.update.applied,1,"{""market"":""BTC-SYNTH""}"
2026-10-04T20:01:51.082588+00:00,counter,marketdata.update.applied,1,"{""market"":""BTC-SYNTH""}"
2026-10-04T20:01:51.082611+00:00,counter,marketdata.update.applied,1,"{""market"":""BTC-SYNTH""}"
2026-10-04T20:01:51.082636+00:00,counter,marketdata.update.applied,1,"{""market"":""BTC-SYNTH""}"
2026-10-04T20:01:51.082658+00:00,counter,marketdata.update.applied,1,"{""market"":""BTC-SYNTH""}"
2026-10-04T20:01:51.082689+00:00,counter,marketdata.update.applied,1,"{""market"":""BTC-SYNTH""}"
2026-10-04T20:01:51.083226+00:00,counter,marketdata.update.applied,1,"{""market"":""BTC-SYNTH""}"
2026-10-04T20:01:51.083267+00:00,counter,marketdata.update.applied,1,"{""market"":""BTC-SYNTH""}"
2026-10-04T20:01:51.083294+00:00,counter,marketdata.update.applied,1,"{""market"":""BTC-SYNTH""}"
2026-10-04T20:01:51.083319+00:00,counter,marketdata.update.applied,1,"{""market"":""BTC-SYNTH""}"
2026-10-04T20:01:51.083341+00:00,counter,marketdata.update.applied,1,"{""market"":""BTC-SYNTH""}"
2026-10-04T20:01:51.083366+00:00,counter,marketdata.update.applied,1,"{""market"":""BTC-SYNTH""}"
2026-10-04T20:01:51.083386+00:00,counter,marketdata.update.applied,1,"{""market"":""BTC-SYNTH""}"
2026-10-04T20:01:51.083407+00:00,counter,marketdata.update.applied,1,"{""market"":""BTC-SYNTH""}"
2026-10-04T20:01:51.083427+00:00,counter,marketdata.update.applied,1,"{""market"":""BTC-SYNTH""}"
2026-10-04T20:01:51.259021+00:00,gauge,pricing.slices.attempted,3.0,"{""market"":""BTC-SYNTH"",""producer"":""svi-scipy""}"
2026-10-04T20:01:51.259052+00:00,gauge,pricing.slices.accepted,3.0,"{""market"":""BTC-SYNTH"",""producer"":""svi-scipy""}"
2026-10-04T20:01:51.259111+00:00,gauge,pricing.rmse_vol_bp,50.472424974121616,"{""market"":""BTC-SYNTH"",""producer"":""svi-scipy""}"
2026-10-04T20:01:51.259119+00:00,timing,pricing.cycle_ms,182.003,"{""market"":""BTC-SYNTH"",""producer"":""svi-scipy""}"
2026-10-04T20:01:51.259238+00:00,counter,bus.published,1,"{""topic"":""surface.BTC-SYNTH.svi-scipy""}"
2026-10-04T20:01:51.259266+00:00,counter,runner.handled,1,"{""subscriber"":""svi-scipy@BTC-SYNTH""}"
2026-10-04T20:01:51.259351+00:00,counter,risk.surface.received,1,"{""market"":""BTC-SYNTH"",""producer"":""svi-scipy"",""status"":""OK""}"
2026-10-04T20:01:51.259365+00:00,timing,risk.surface.snapshot_to_surface_ms,1904.9769999999999,"{""market"":""BTC-SYNTH"",""producer"":""svi-scipy""}"
2026-10-04T20:01:51.259372+00:00,timing,risk.surface.delivery_lag_ms,0.358,"{""market"":""BTC-SYNTH"",""producer"":""svi-scipy""}"
2026-10-04T20:01:51.259383+00:00,gauge,risk.surface_age_seconds,1.905343,"{""market"":""BTC-SYNTH"",""producer"":""svi-scipy""}"
2026-10-04T20:01:51.259389+00:00,counter,risk.report.freshness,1,"{""decision"":""NORMAL"",""market"":""BTC-SYNTH"",""producer"":""svi-scipy""}"
2026-10-04T20:01:51.259420+00:00,gauge,risk.surface_age_seconds,3.905155,"{""market"":""BTC-SYNTH"",""producer"":""mlp-torch""}"
2026-10-04T20:01:51.259426+00:00,counter,risk.report.freshness,1,"{""decision"":""NORMAL"",""market"":""BTC-SYNTH"",""producer"":""mlp-torch""}"
2026-10-04T20:01:51.259542+00:00,gauge,risk.comparison.value_diff,252.60858647968053,"{""baseline"":""svi-scipy"",""challenger"":""mlp-torch"",""market"":""BTC-SYNTH""}"
2026-10-04T20:01:51.259550+00:00,gauge,risk.comparison.distance_rms_vol_bp,267.22616797296433,"{""baseline"":""svi-scipy"",""challenger"":""mlp-torch"",""market"":""BTC-SYNTH""}"
2026-10-04T20:01:51.259555+00:00,gauge,risk.comparison.distance_max_vol_bp,982.5087326129301,"{""baseline"":""svi-scipy"",""challenger"":""mlp-torch"",""market"":""BTC-SYNTH""}"
2026-10-04T20:01:51.259564+00:00,gauge,risk.surface_age_seconds,1.905525,"{""market"":""BTC-SYNTH"",""producer"":""svi-scipy""}"
2026-10-04T20:01:51.259568+00:00,counter,risk.report.freshness,1,"{""decision"":""NORMAL"",""market"":""BTC-SYNTH"",""producer"":""svi-scipy""}"
2026-10-04T20:01:51.259584+00:00,counter,runner.handled,1,"{""subscriber"":""risk-svi-scipy@BTC-SYNTH""}"
2026-10-04T20:01:52.080924+00:00,counter,marketdata.snapshot.published,1,"{""market"":""BTC-SYNTH""}"
2026-10-04T20:01:52.080966+00:00,gauge,marketdata.clock_skew_seconds,-1.725334,"{""market"":""BTC-SYNTH""}"
2026-10-04T20:01:52.080982+00:00,gauge,marketdata.coverage_ratio,1.0,"{""market"":""BTC-SYNTH""}"
2026-10-04T20:01:52.080995+00:00,gauge,marketdata.max_age_seconds,1.822997,"{""market"":""BTC-SYNTH""}"
2026-10-04T20:01:52.081010+00:00,counter,pipeline.heartbeat.emitted,1,"{""market"":""BTC-SYNTH""}"
2026-10-04T20:01:52.081028+00:00,counter,bus.published,1,"{""topic"":""snapshot.BTC-SYNTH""}"
2026-10-04T20:01:52.081048+00:00,counter,bus.dropped,1,"{""subscriber"":""mlp-torch@BTC-SYNTH"",""topic"":""snapshot.BTC-SYNTH""}"
2026-10-04T20:01:52.085300+00:00,counter,marketdata.update.applied,1,"{""market"":""BTC-SYNTH""}"
2026-10-04T20:01:52.085345+00:00,counter,marketdata.update.applied,1,"{""market"":""BTC-SYNTH""}"
2026-10-04T20:01:52.085381+00:00,counter,marketdata.update.applied,1,"{""market"":""BTC-SYNTH""}"
2026-10-04T20:01:52.085409+00:00,counter,marketdata.update.applied,1,"{""market"":""BTC-SYNTH""}"
2026-10-04T20:01:52.085438+00:00,counter,marketdata.update.applied,1,"{""market"":""BTC-SYNTH""}"
2026-10-04T20:01:52.085465+00:00,counter,marketdata.update.applied,1,"{""market"":""BTC-SYNTH""}"
2026-10-04T20:01:52.085495+00:00,counter,marketdata.update.applied,1,"{""market"":""BTC-SYNTH""}"
2026-10-04T20:01:52.085520+00:00,counter,marketdata.update.applied,1,"{""market"":""BTC-SYNTH""}"
2026-10-04T20:01:52.085546+00:00,counter,marketdata.update.applied,1,"{""market"":""BTC-SYNTH""}"
2026-10-04T20:01:52.085573+00:00,counter,marketdata.update.applied,1,"{""market"":""BTC-SYNTH""}"
2026-10-04T20:01:52.085601+00:00,counter,marketdata.update.applied,1,"{""market"":""BTC-SYNTH""}"
2026-10-04T20:01:52.085627+00:00,counter,marketdata.update.applied,1,"{""market"":""BTC-SYNTH""}"
2026-10-04T20:01:52.085653+00:00,counter,marketdata.update.applied,1,"{""market"":""BTC-SYNTH""}"
2026-10-04T20:01:52.085677+00:00,counter,marketdata.update.applied,1,"{""market"":""BTC-SYNTH""}"
2026-10-04T20:01:52.085704+00:00,counter,marketdata.update.applied,1,"{""market"":""BTC-SYNTH""}"
2026-10-04T20:01:52.085733+00:00,counter,marketdata.update.applied,1,"{""market"":""BTC-SYNTH""}"
2026-10-04T20:01:52.085758+00:00,counter,marketdata.update.applied,1,"{""market"":""BTC-SYNTH""}"
2026-10-04T20:01:52.085782+00:00,counter,marketdata.update.applied,1,"{""market"":""BTC-SYNTH""}"
2026-10-04T20:01:52.085808+00:00,counter,marketdata.update.applied,1,"{""market"":""BTC-SYNTH""}"
2026-10-04T20:01:52.085834+00:00,counter,marketdata.update.applied,1,"{""market"":""BTC-SYNTH""}"
2026-10-04T20:01:52.085860+00:00,counter,marketdata.update.applied,1,"{""market"":""BTC-SYNTH""}"
2026-10-04T20:01:52.085884+00:00,counter,marketdata.update.applied,1,"{""market"":""BTC-SYNTH""}"
2026-10-04T20:01:52.085913+00:00,counter,marketdata.update.applied,1,"{""market"":""BTC-SYNTH""}"
2026-10-04T20:01:52.085937+00:00,counter,marketdata.update.applied,1,"{""market"":""BTC-SYNTH""}"
2026-10-04T20:01:52.085963+00:00,counter,marketdata.update.applied,1,"{""market"":""BTC-SYNTH""}"
2026-10-04T20:01:52.085987+00:00,counter,marketdata.update.applied,1,"{""market"":""BTC-SYNTH""}"
2026-10-04T20:01:52.086012+00:00,counter,marketdata.update.applied,1,"{""market"":""BTC-SYNTH""}"
2026-10-04T20:01:52.086035+00:00,counter,marketdata.update.applied,1,"{""market"":""BTC-SYNTH""}"
2026-10-04T20:01:52.086061+00:00,counter,marketdata.update.applied,1,"{""market"":""BTC-SYNTH""}"
2026-10-04T20:01:52.086085+00:00,counter,marketdata.update.applied,1,"{""market"":""BTC-SYNTH""}"
2026-10-04T20:01:52.086111+00:00,counter,marketdata.update.applied,1,"{""market"":""BTC-SYNTH""}"
2026-10-04T20:01:52.086135+00:00,counter,marketdata.update.applied,1,"{""market"":""BTC-SYNTH""}"
2026-10-04T20:01:52.086160+00:00,counter,marketdata.update.applied,1,"{""market"":""BTC-SYNTH""}"
2026-10-04T20:01:52.086183+00:00,counter,marketdata.update.applied,1,"{""market"":""BTC-SYNTH""}"
2026-10-04T20:01:52.086209+00:00,counter,marketdata.update.applied,1,"{""market"":""BTC-SYNTH""}"
2026-10-04T20:01:52.086232+00:00,counter,marketdata.update.applied,1,"{""market"":""BTC-SYNTH""}"
2026-10-04T20:01:52.086257+00:00,counter,marketdata.update.applied,1,"{""market"":""BTC-SYNTH""}"
2026-10-04T20:01:52.086280+00:00,counter,marketdata.update.applied,1,"{""market"":""BTC-SYNTH""}"
2026-10-04T20:01:52.086305+00:00,counter,marketdata.update.applied,1,"{""market"":""BTC-SYNTH""}"
2026-10-04T20:01:52.086328+00:00,counter,marketdata.update.applied,1,"{""market"":""BTC-SYNTH""}"
2026-10-04T20:01:52.086356+00:00,counter,marketdata.update.applied,1,"{""market"":""BTC-SYNTH""}"
2026-10-04T20:01:52.087156+00:00,counter,marketdata.update.applied,1,"{""market"":""BTC-SYNTH""}"
2026-10-04T20:01:52.087199+00:00,counter,marketdata.update.applied,1,"{""market"":""BTC-SYNTH""}"
2026-10-04T20:01:52.087217+00:00,counter,marketdata.update.applied,1,"{""market"":""BTC-SYNTH""}"
2026-10-04T20:01:52.087237+00:00,counter,marketdata.update.applied,1,"{""market"":""BTC-SYNTH""}"
2026-10-04T20:01:52.087262+00:00,counter,marketdata.update.applied,1,"{""market"":""BTC-SYNTH""}"
2026-10-04T20:01:52.087282+00:00,counter,marketdata.update.applied,1,"{""market"":""BTC-SYNTH""}"
2026-10-04T20:01:52.087294+00:00,counter,marketdata.update.applied,1,"{""market"":""BTC-SYNTH""}"
2026-10-04T20:01:52.087306+00:00,counter,marketdata.update.applied,1,"{""market"":""BTC-SYNTH""}"
2026-10-04T20:01:52.087318+00:00,counter,marketdata.update.applied,1,"{""market"":""BTC-SYNTH""}"
2026-10-04T20:01:52.087331+00:00,counter,marketdata.update.applied,1,"{""market"":""BTC-SYNTH""}"
2026-10-04T20:01:52.087343+00:00,counter,marketdata.update.applied,1,"{""market"":""BTC-SYNTH""}"
2026-10-04T20:01:52.087359+00:00,counter,marketdata.update.applied,1,"{""market"":""BTC-SYNTH""}"
2026-10-04T20:01:52.087373+00:00,counter,marketdata.update.applied,1,"{""market"":""BTC-SYNTH""}"
2026-10-04T20:01:52.087386+00:00,counter,marketdata.update.applied,1,"{""market"":""BTC-SYNTH""}"
2026-10-04T20:01:52.087397+00:00,counter,marketdata.update.applied,1,"{""market"":""BTC-SYNTH""}"
2026-10-04T20:01:52.087409+00:00,counter,marketdata.update.applied,1,"{""market"":""BTC-SYNTH""}"
2026-10-04T20:01:52.087421+00:00,counter,marketdata.update.applied,1,"{""market"":""BTC-SYNTH""}"
2026-10-04T20:01:52.087436+00:00,counter,marketdata.update.applied,1,"{""market"":""BTC-SYNTH""}"
2026-10-04T20:01:52.087447+00:00,counter,marketdata.update.applied,1,"{""market"":""BTC-SYNTH""}"
2026-10-04T20:01:52.087458+00:00,counter,marketdata.update.applied,1,"{""market"":""BTC-SYNTH""}"
2026-10-04T20:01:52.087467+00:00,counter,marketdata.update.applied,1,"{""market"":""BTC-SYNTH""}"
2026-10-04T20:01:52.087478+00:00,counter,marketdata.update.applied,1,"{""market"":""BTC-SYNTH""}"
2026-10-04T20:01:52.087488+00:00,counter,marketdata.update.applied,1,"{""market"":""BTC-SYNTH""}"
2026-10-04T20:01:52.087499+00:00,counter,marketdata.update.applied,1,"{""market"":""BTC-SYNTH""}"
2026-10-04T20:01:52.087508+00:00,counter,marketdata.update.applied,1,"{""market"":""BTC-SYNTH""}"
2026-10-04T20:01:52.310054+00:00,gauge,pricing.slices.attempted,3.0,"{""market"":""BTC-SYNTH"",""producer"":""svi-scipy""}"
2026-10-04T20:01:52.310081+00:00,gauge,pricing.slices.accepted,3.0,"{""market"":""BTC-SYNTH"",""producer"":""svi-scipy""}"
2026-10-04T20:01:52.310162+00:00,gauge,pricing.rmse_vol_bp,36.58792041165251,"{""market"":""BTC-SYNTH"",""producer"":""svi-scipy""}"
2026-10-04T20:01:52.310183+00:00,timing,pricing.cycle_ms,228.769,"{""market"":""BTC-SYNTH"",""producer"":""svi-scipy""}"
2026-10-04T20:01:52.310368+00:00,counter,bus.published,1,"{""topic"":""surface.BTC-SYNTH.svi-scipy""}"
2026-10-04T20:01:52.310402+00:00,counter,runner.handled,1,"{""subscriber"":""svi-scipy@BTC-SYNTH""}"
2026-10-04T20:01:52.310504+00:00,counter,risk.surface.received,1,"{""market"":""BTC-SYNTH"",""producer"":""svi-scipy"",""status"":""OK""}"
2026-10-04T20:01:52.310522+00:00,timing,risk.surface.snapshot_to_surface_ms,1955.471,"{""market"":""BTC-SYNTH"",""producer"":""svi-scipy""}"
2026-10-04T20:01:52.310531+00:00,timing,risk.surface.delivery_lag_ms,0.486,"{""market"":""BTC-SYNTH"",""producer"":""svi-scipy""}"
2026-10-04T20:01:52.310545+00:00,gauge,risk.surface_age_seconds,1.955967,"{""market"":""BTC-SYNTH"",""producer"":""svi-scipy""}"
2026-10-04T20:01:52.310553+00:00,counter,risk.report.freshness,1,"{""decision"":""NORMAL"",""market"":""BTC-SYNTH"",""producer"":""svi-scipy""}"
2026-10-04T20:01:52.310596+00:00,gauge,risk.surface_age_seconds,4.95633,"{""market"":""BTC-SYNTH"",""producer"":""mlp-torch""}"
2026-10-04T20:01:52.310603+00:00,counter,risk.report.freshness,1,"{""decision"":""NORMAL"",""market"":""BTC-SYNTH"",""producer"":""mlp-torch""}"
2026-10-04T20:01:52.310765+00:00,gauge,risk.comparison.value_diff,221.68578379402243,"{""baseline"":""svi-scipy"",""challenger"":""mlp-torch"",""market"":""BTC-SYNTH""}"
2026-10-04T20:01:52.310775+00:00,gauge,risk.comparison.distance_rms_vol_bp,268.065006185989,"{""baseline"":""svi-scipy"",""challenger"":""mlp-torch"",""market"":""BTC-SYNTH""}"
2026-10-04T20:01:52.310782+00:00,gauge,risk.comparison.distance_max_vol_bp,743.83946811456,"{""baseline"":""svi-scipy"",""challenger"":""mlp-torch"",""market"":""BTC-SYNTH""}"
2026-10-04T20:01:52.310793+00:00,gauge,risk.surface_age_seconds,1.956217,"{""market"":""BTC-SYNTH"",""producer"":""svi-scipy""}"
2026-10-04T20:01:52.310799+00:00,counter,risk.report.freshness,1,"{""decision"":""NORMAL"",""market"":""BTC-SYNTH"",""producer"":""svi-scipy""}"
2026-10-04T20:01:52.310830+00:00,counter,runner.handled,1,"{""subscriber"":""risk-svi-scipy@BTC-SYNTH""}"
2026-10-04T20:01:53.083803+00:00,counter,marketdata.snapshot.published,1,"{""market"":""BTC-SYNTH""}"
2026-10-04T20:01:53.083838+00:00,gauge,marketdata.clock_skew_seconds,-1.728234,"{""market"":""BTC-SYNTH""}"
2026-10-04T20:01:53.083848+00:00,gauge,marketdata.coverage_ratio,0.9848484848484849,"{""market"":""BTC-SYNTH""}"
2026-10-04T20:01:53.083854+00:00,gauge,marketdata.max_age_seconds,1.826623,"{""market"":""BTC-SYNTH""}"
2026-10-04T20:01:53.083862+00:00,counter,pipeline.heartbeat.emitted,1,"{""market"":""BTC-SYNTH""}"
2026-10-04T20:01:53.083873+00:00,counter,bus.published,1,"{""topic"":""snapshot.BTC-SYNTH""}"
2026-10-04T20:01:53.083889+00:00,counter,bus.dropped,1,"{""subscriber"":""mlp-torch@BTC-SYNTH"",""topic"":""snapshot.BTC-SYNTH""}"
2026-10-04T20:01:53.096183+00:00,counter,marketdata.update.applied,1,"{""market"":""BTC-SYNTH""}"
2026-10-04T20:01:53.096214+00:00,counter,marketdata.update.applied,1,"{""market"":""BTC-SYNTH""}"
2026-10-04T20:01:53.096233+00:00,counter,marketdata.update.applied,1,"{""market"":""BTC-SYNTH""}"
2026-10-04T20:01:53.096246+00:00,counter,marketdata.update.applied,1,"{""market"":""BTC-SYNTH""}"
2026-10-04T20:01:53.096259+00:00,counter,marketdata.update.applied,1,"{""market"":""BTC-SYNTH""}"
2026-10-04T20:01:53.096271+00:00,counter,marketdata.update.applied,1,"{""market"":""BTC-SYNTH""}"
2026-10-04T20:01:53.096283+00:00,counter,marketdata.update.applied,1,"{""market"":""BTC-SYNTH""}"
2026-10-04T20:01:53.096295+00:00,counter,marketdata.update.applied,1,"{""market"":""BTC-SYNTH""}"
2026-10-04T20:01:53.096308+00:00,counter,marketdata.update.applied,1,"{""market"":""BTC-SYNTH""}"
2026-10-04T20:01:53.096318+00:00,counter,marketdata.update.applied,1,"{""market"":""BTC-SYNTH""}"
2026-10-04T20:01:53.096331+00:00,counter,marketdata.update.applied,1,"{""market"":""BTC-SYNTH""}"
2026-10-04T20:01:53.096343+00:00,counter,marketdata.update.applied,1,"{""market"":""BTC-SYNTH""}"
2026-10-04T20:01:53.096355+00:00,counter,marketdata.update.applied,1,"{""market"":""BTC-SYNTH""}"
2026-10-04T20:01:53.096366+00:00,counter,marketdata.update.applied,1,"{""market"":""BTC-SYNTH""}"
2026-10-04T20:01:53.096393+00:00,counter,marketdata.update.applied,1,"{""market"":""BTC-SYNTH""}"
2026-10-04T20:01:53.096440+00:00,counter,marketdata.update.applied,1,"{""market"":""BTC-SYNTH""}"
2026-10-04T20:01:53.096497+00:00,counter,marketdata.update.applied,1,"{""market"":""BTC-SYNTH""}"
2026-10-04T20:01:53.096529+00:00,counter,marketdata.update.applied,1,"{""market"":""BTC-SYNTH""}"
2026-10-04T20:01:53.096549+00:00,counter,marketdata.update.applied,1,"{""market"":""BTC-SYNTH""}"
2026-10-04T20:01:53.096563+00:00,counter,marketdata.update.applied,1,"{""market"":""BTC-SYNTH""}"
2026-10-04T20:01:53.096607+00:00,counter,marketdata.update.applied,1,"{""market"":""BTC-SYNTH""}"
2026-10-04T20:01:53.096647+00:00,counter,marketdata.update.applied,1,"{""market"":""BTC-SYNTH""}"
2026-10-04T20:01:53.096693+00:00,counter,marketdata.update.applied,1,"{""market"":""BTC-SYNTH""}"
2026-10-04T20:01:53.096708+00:00,counter,marketdata.update.applied,1,"{""market"":""BTC-SYNTH""}"
2026-10-04T20:01:53.096724+00:00,counter,marketdata.update.applied,1,"{""market"":""BTC-SYNTH""}"
2026-10-04T20:01:53.098314+00:00,counter,marketdata.update.applied,1,"{""market"":""BTC-SYNTH""}"
2026-10-04T20:01:53.098340+00:00,counter,marketdata.update.applied,1,"{""market"":""BTC-SYNTH""}"
2026-10-04T20:01:53.098354+00:00,counter,marketdata.update.applied,1,"{""market"":""BTC-SYNTH""}"
2026-10-04T20:01:53.098368+00:00,counter,marketdata.update.applied,1,"{""market"":""BTC-SYNTH""}"
2026-10-04T20:01:53.098380+00:00,counter,marketdata.update.applied,1,"{""market"":""BTC-SYNTH""}"
2026-10-04T20:01:53.098393+00:00,counter,marketdata.update.applied,1,"{""market"":""BTC-SYNTH""}"
2026-10-04T20:01:53.098405+00:00,counter,marketdata.update.applied,1,"{""market"":""BTC-SYNTH""}"
2026-10-04T20:01:53.098416+00:00,counter,marketdata.update.applied,1,"{""market"":""BTC-SYNTH""}"
2026-10-04T20:01:53.098427+00:00,counter,marketdata.update.applied,1,"{""market"":""BTC-SYNTH""}"
2026-10-04T20:01:53.098439+00:00,counter,marketdata.update.applied,1,"{""market"":""BTC-SYNTH""}"
2026-10-04T20:01:53.098449+00:00,counter,marketdata.update.applied,1,"{""market"":""BTC-SYNTH""}"
2026-10-04T20:01:53.098529+00:00,counter,marketdata.update.applied,1,"{""market"":""BTC-SYNTH""}"
2026-10-04T20:01:53.098555+00:00,counter,marketdata.update.applied,1,"{""market"":""BTC-SYNTH""}"
2026-10-04T20:01:53.098573+00:00,counter,marketdata.update.applied,1,"{""market"":""BTC-SYNTH""}"
2026-10-04T20:01:53.098586+00:00,counter,marketdata.update.applied,1,"{""market"":""BTC-SYNTH""}"
2026-10-04T20:01:53.098599+00:00,counter,marketdata.update.applied,1,"{""market"":""BTC-SYNTH""}"
2026-10-04T20:01:53.098610+00:00,counter,marketdata.update.applied,1,"{""market"":""BTC-SYNTH""}"
2026-10-04T20:01:53.098624+00:00,counter,marketdata.update.applied,1,"{""market"":""BTC-SYNTH""}"
2026-10-04T20:01:53.098635+00:00,counter,marketdata.update.applied,1,"{""market"":""BTC-SYNTH""}"
2026-10-04T20:01:53.098649+00:00,counter,marketdata.update.applied,1,"{""market"":""BTC-SYNTH""}"
2026-10-04T20:01:53.098660+00:00,counter,marketdata.update.applied,1,"{""market"":""BTC-SYNTH""}"
2026-10-04T20:01:53.098672+00:00,counter,marketdata.update.applied,1,"{""market"":""BTC-SYNTH""}"
2026-10-04T20:01:53.098682+00:00,counter,marketdata.update.applied,1,"{""market"":""BTC-SYNTH""}"
2026-10-04T20:01:53.098694+00:00,counter,marketdata.update.applied,1,"{""market"":""BTC-SYNTH""}"
2026-10-04T20:01:53.098705+00:00,counter,marketdata.update.applied,1,"{""market"":""BTC-SYNTH""}"
2026-10-04T20:01:53.098717+00:00,counter,marketdata.update.applied,1,"{""market"":""BTC-SYNTH""}"
2026-10-04T20:01:53.098728+00:00,counter,marketdata.update.applied,1,"{""market"":""BTC-SYNTH""}"
2026-10-04T20:01:53.098738+00:00,counter,marketdata.update.applied,1,"{""market"":""BTC-SYNTH""}"
2026-10-04T20:01:53.098749+00:00,counter,marketdata.update.applied,1,"{""market"":""BTC-SYNTH""}"
2026-10-04T20:01:53.098760+00:00,counter,marketdata.update.applied,1,"{""market"":""BTC-SYNTH""}"
2026-10-04T20:01:53.098771+00:00,counter,marketdata.update.applied,1,"{""market"":""BTC-SYNTH""}"
2026-10-04T20:01:53.098782+00:00,counter,marketdata.update.applied,1,"{""market"":""BTC-SYNTH""}"
2026-10-04T20:01:53.098793+00:00,counter,marketdata.update.applied,1,"{""market"":""BTC-SYNTH""}"
2026-10-04T20:01:53.098806+00:00,counter,marketdata.update.applied,1,"{""market"":""BTC-SYNTH""}"
2026-10-04T20:01:53.098817+00:00,counter,marketdata.update.applied,1,"{""market"":""BTC-SYNTH""}"
2026-10-04T20:01:53.098830+00:00,counter,marketdata.update.applied,1,"{""market"":""BTC-SYNTH""}"
2026-10-04T20:01:53.098841+00:00,counter,marketdata.update.applied,1,"{""market"":""BTC-SYNTH""}"
2026-10-04T20:01:53.098852+00:00,counter,marketdata.update.applied,1,"{""market"":""BTC-SYNTH""}"
2026-10-04T20:01:53.098863+00:00,counter,marketdata.update.applied,1,"{""market"":""BTC-SYNTH""}"
2026-10-04T20:01:53.098874+00:00,counter,marketdata.update.applied,1,"{""market"":""BTC-SYNTH""}"
2026-10-04T20:01:53.098884+00:00,counter,marketdata.update.applied,1,"{""market"":""BTC-SYNTH""}"
2026-10-04T20:01:53.166960+00:00,gauge,pricing.slices.attempted,3.0,"{""market"":""BTC-SYNTH"",""producer"":""svi-scipy""}"
2026-10-04T20:01:53.166986+00:00,gauge,pricing.slices.accepted,3.0,"{""market"":""BTC-SYNTH"",""producer"":""svi-scipy""}"
2026-10-04T20:01:53.167062+00:00,gauge,pricing.rmse_vol_bp,37.67369987722046,"{""market"":""BTC-SYNTH"",""producer"":""svi-scipy""}"
2026-10-04T20:01:53.167073+00:00,timing,pricing.cycle_ms,82.819,"{""market"":""BTC-SYNTH"",""producer"":""svi-scipy""}"
2026-10-04T20:01:53.167705+00:00,counter,bus.published,1,"{""topic"":""surface.BTC-SYNTH.svi-scipy""}"
2026-10-04T20:01:53.167737+00:00,counter,runner.handled,1,"{""subscriber"":""svi-scipy@BTC-SYNTH""}"
2026-10-04T20:01:53.167825+00:00,counter,risk.surface.received,1,"{""market"":""BTC-SYNTH"",""producer"":""svi-scipy"",""status"":""OK""}"
2026-10-04T20:01:53.167837+00:00,timing,risk.surface.snapshot_to_surface_ms,1811.895,"{""market"":""BTC-SYNTH"",""producer"":""svi-scipy""}"
2026-10-04T20:01:53.167845+00:00,timing,risk.surface.delivery_lag_ms,0.893,"{""market"":""BTC-SYNTH"",""producer"":""svi-scipy""}"
2026-10-04T20:01:53.167859+00:00,gauge,risk.surface_age_seconds,1.812798,"{""market"":""BTC-SYNTH"",""producer"":""svi-scipy""}"
2026-10-04T20:01:53.167879+00:00,counter,risk.report.freshness,1,"{""decision"":""NORMAL"",""market"":""BTC-SYNTH"",""producer"":""svi-scipy""}"
2026-10-04T20:01:53.167921+00:00,gauge,risk.surface_age_seconds,5.813656,"{""market"":""BTC-SYNTH"",""producer"":""mlp-torch""}"
2026-10-04T20:01:53.167928+00:00,counter,risk.report.freshness,1,"{""decision"":""NORMAL"",""market"":""BTC-SYNTH"",""producer"":""mlp-torch""}"
2026-10-04T20:01:53.168082+00:00,gauge,risk.comparison.value_diff,258.9374258782118,"{""baseline"":""svi-scipy"",""challenger"":""mlp-torch"",""market"":""BTC-SYNTH""}"
2026-10-04T20:01:53.168095+00:00,gauge,risk.comparison.distance_rms_vol_bp,202.666399964105,"{""baseline"":""svi-scipy"",""challenger"":""mlp-torch"",""market"":""BTC-SYNTH""}"
2026-10-04T20:01:53.168102+00:00,gauge,risk.comparison.distance_max_vol_bp,533.1100529463573,"{""baseline"":""svi-scipy"",""challenger"":""mlp-torch"",""market"":""BTC-SYNTH""}"
2026-10-04T20:01:53.168111+00:00,gauge,risk.surface_age_seconds,1.813054,"{""market"":""BTC-SYNTH"",""producer"":""svi-scipy""}"
2026-10-04T20:01:53.168117+00:00,counter,risk.report.freshness,1,"{""decision"":""NORMAL"",""market"":""BTC-SYNTH"",""producer"":""svi-scipy""}"
2026-10-04T20:01:53.168135+00:00,counter,runner.handled,1,"{""subscriber"":""risk-svi-scipy@BTC-SYNTH""}"
2026-10-04T20:01:54.085202+00:00,counter,marketdata.snapshot.published,1,"{""market"":""BTC-SYNTH""}"
2026-10-04T20:01:54.085245+00:00,gauge,marketdata.clock_skew_seconds,-1.728405,"{""market"":""BTC-SYNTH""}"
2026-10-04T20:01:54.085255+00:00,gauge,marketdata.coverage_ratio,1.0,"{""market"":""BTC-SYNTH""}"
2026-10-04T20:01:54.085263+00:00,gauge,marketdata.max_age_seconds,1.827577,"{""market"":""BTC-SYNTH""}"
2026-10-04T20:01:54.085272+00:00,counter,pipeline.heartbeat.emitted,1,"{""market"":""BTC-SYNTH""}"
2026-10-04T20:01:54.085285+00:00,counter,bus.published,1,"{""topic"":""snapshot.BTC-SYNTH""}"
2026-10-04T20:01:54.085307+00:00,counter,bus.dropped,1,"{""subscriber"":""mlp-torch@BTC-SYNTH"",""topic"":""snapshot.BTC-SYNTH""}"
2026-10-04T20:01:54.100808+00:00,counter,marketdata.update.applied,1,"{""market"":""BTC-SYNTH""}"
2026-10-04T20:01:54.100847+00:00,counter,marketdata.update.applied,1,"{""market"":""BTC-SYNTH""}"
2026-10-04T20:01:54.100867+00:00,counter,marketdata.update.applied,1,"{""market"":""BTC-SYNTH""}"
2026-10-04T20:01:54.100882+00:00,counter,marketdata.update.applied,1,"{""market"":""BTC-SYNTH""}"
2026-10-04T20:01:54.100896+00:00,counter,marketdata.update.applied,1,"{""market"":""BTC-SYNTH""}"
2026-10-04T20:01:54.100908+00:00,counter,marketdata.update.applied,1,"{""market"":""BTC-SYNTH""}"
2026-10-04T20:01:54.100921+00:00,counter,marketdata.update.applied,1,"{""market"":""BTC-SYNTH""}"
2026-10-04T20:01:54.100933+00:00,counter,marketdata.update.applied,1,"{""market"":""BTC-SYNTH""}"
2026-10-04T20:01:54.100947+00:00,counter,marketdata.update.applied,1,"{""market"":""BTC-SYNTH""}"
2026-10-04T20:01:54.101066+00:00,counter,marketdata.update.applied,1,"{""market"":""BTC-SYNTH""}"
2026-10-04T20:01:54.101085+00:00,counter,marketdata.update.applied,1,"{""market"":""BTC-SYNTH""}"
2026-10-04T20:01:54.101098+00:00,counter,marketdata.update.applied,1,"{""market"":""BTC-SYNTH""}"
2026-10-04T20:01:54.101112+00:00,counter,marketdata.update.applied,1,"{""market"":""BTC-SYNTH""}"
2026-10-04T20:01:54.101124+00:00,counter,marketdata.update.applied,1,"{""market"":""BTC-SYNTH""}"
2026-10-04T20:01:54.101137+00:00,counter,marketdata.update.applied,1,"{""market"":""BTC-SYNTH""}"
2026-10-04T20:01:54.101149+00:00,counter,marketdata.update.applied,1,"{""market"":""BTC-SYNTH""}"
2026-10-04T20:01:54.101161+00:00,counter,marketdata.update.applied,1,"{""market"":""BTC-SYNTH""}"
2026-10-04T20:01:54.101173+00:00,counter,marketdata.update.applied,1,"{""market"":""BTC-SYNTH""}"
2026-10-04T20:01:54.101186+00:00,counter,marketdata.update.applied,1,"{""market"":""BTC-SYNTH""}"
2026-10-04T20:01:54.101198+00:00,counter,marketdata.update.applied,1,"{""market"":""BTC-SYNTH""}"
2026-10-04T20:01:54.101222+00:00,counter,marketdata.update.applied,1,"{""market"":""BTC-SYNTH""}"
2026-10-04T20:01:54.101235+00:00,counter,marketdata.update.applied,1,"{""market"":""BTC-SYNTH""}"
2026-10-04T20:01:54.101251+00:00,counter,marketdata.update.applied,1,"{""market"":""BTC-SYNTH""}"
2026-10-04T20:01:54.101264+00:00,counter,marketdata.update.applied,1,"{""market"":""BTC-SYNTH""}"
2026-10-04T20:01:54.101277+00:00,counter,marketdata.update.applied,1,"{""market"":""BTC-SYNTH""}"
2026-10-04T20:01:54.101289+00:00,counter,marketdata.update.applied,1,"{""market"":""BTC-SYNTH""}"
2026-10-04T20:01:54.101306+00:00,counter,marketdata.update.applied,1,"{""market"":""BTC-SYNTH""}"
2026-10-04T20:01:54.101324+00:00,counter,marketdata.update.applied,1,"{""market"":""BTC-SYNTH""}"
2026-10-04T20:01:54.101338+00:00,counter,marketdata.update.applied,1,"{""market"":""BTC-SYNTH""}"
2026-10-04T20:01:54.101350+00:00,counter,marketdata.update.applied,1,"{""market"":""BTC-SYNTH""}"
2026-10-04T20:01:54.101364+00:00,counter,marketdata.update.applied,1,"{""market"":""BTC-SYNTH""}"
2026-10-04T20:01:54.101375+00:00,counter,marketdata.update.applied,1,"{""market"":""BTC-SYNTH""}"
2026-10-04T20:01:54.101388+00:00,counter,marketdata.update.applied,1,"{""market"":""BTC-SYNTH""}"
2026-10-04T20:01:54.101400+00:00,counter,marketdata.update.applied,1,"{""market"":""BTC-SYNTH""}"
2026-10-04T20:01:54.101412+00:00,counter,marketdata.update.applied,1,"{""market"":""BTC-SYNTH""}"
2026-10-04T20:01:54.101423+00:00,counter,marketdata.update.applied,1,"{""market"":""BTC-SYNTH""}"
2026-10-04T20:01:54.101435+00:00,counter,marketdata.update.applied,1,"{""market"":""BTC-SYNTH""}"
2026-10-04T20:01:54.101446+00:00,counter,marketdata.update.applied,1,"{""market"":""BTC-SYNTH""}"
2026-10-04T20:01:54.101459+00:00,counter,marketdata.update.applied,1,"{""market"":""BTC-SYNTH""}"
2026-10-04T20:01:54.101471+00:00,counter,marketdata.update.applied,1,"{""market"":""BTC-SYNTH""}"
2026-10-04T20:01:54.101483+00:00,counter,marketdata.update.applied,1,"{""market"":""BTC-SYNTH""}"
2026-10-04T20:01:54.101651+00:00,counter,marketdata.update.applied,1,"{""market"":""BTC-SYNTH""}"
2026-10-04T20:01:54.101684+00:00,counter,marketdata.update.applied,1,"{""market"":""BTC-SYNTH""}"
2026-10-04T20:01:54.101703+00:00,counter,marketdata.update.applied,1,"{""market"":""BTC-SYNTH""}"
2026-10-04T20:01:54.101730+00:00,counter,marketdata.update.applied,1,"{""market"":""BTC-SYNTH""}"
2026-10-04T20:01:54.101748+00:00,counter,marketdata.update.applied,1,"{""market"":""BTC-SYNTH""}"
2026-10-04T20:01:54.101770+00:00,counter,marketdata.update.applied,1,"{""market"":""BTC-SYNTH""}"
2026-10-04T20:01:54.101788+00:00,counter,marketdata.update.applied,1,"{""market"":""BTC-SYNTH""}"
2026-10-04T20:01:54.101807+00:00,counter,marketdata.update.applied,1,"{""market"":""BTC-SYNTH""}"
2026-10-04T20:01:54.101823+00:00,counter,marketdata.update.applied,1,"{""market"":""BTC-SYNTH""}"
2026-10-04T20:01:54.101843+00:00,counter,marketdata.update.applied,1,"{""market"":""BTC-SYNTH""}"
2026-10-04T20:01:54.101859+00:00,counter,marketdata.update.applied,1,"{""market"":""BTC-SYNTH""}"
2026-10-04T20:01:54.101878+00:00,counter,marketdata.update.applied,1,"{""market"":""BTC-SYNTH""}"
2026-10-04T20:01:54.101895+00:00,counter,marketdata.update.applied,1,"{""market"":""BTC-SYNTH""}"
2026-10-04T20:01:54.101916+00:00,counter,marketdata.update.applied,1,"{""market"":""BTC-SYNTH""}"
2026-10-04T20:01:54.101934+00:00,counter,marketdata.update.applied,1,"{""market"":""BTC-SYNTH""}"
2026-10-04T20:01:54.101953+00:00,counter,marketdata.update.applied,1,"{""market"":""BTC-SYNTH""}"
2026-10-04T20:01:54.101969+00:00,counter,marketdata.update.applied,1,"{""market"":""BTC-SYNTH""}"
2026-10-04T20:01:54.101987+00:00,counter,marketdata.update.applied,1,"{""market"":""BTC-SYNTH""}"
2026-10-04T20:01:54.102003+00:00,counter,marketdata.update.applied,1,"{""market"":""BTC-SYNTH""}"
2026-10-04T20:01:54.102023+00:00,counter,marketdata.update.applied,1,"{""market"":""BTC-SYNTH""}"
2026-10-04T20:01:54.102039+00:00,counter,marketdata.update.applied,1,"{""market"":""BTC-SYNTH""}"
2026-10-04T20:01:54.102059+00:00,counter,marketdata.update.applied,1,"{""market"":""BTC-SYNTH""}"
2026-10-04T20:01:54.102077+00:00,counter,marketdata.update.applied,1,"{""market"":""BTC-SYNTH""}"
2026-10-04T20:01:54.102094+00:00,counter,marketdata.update.applied,1,"{""market"":""BTC-SYNTH""}"
2026-10-04T20:01:54.102112+00:00,counter,marketdata.update.applied,1,"{""market"":""BTC-SYNTH""}"
2026-10-04T20:01:54.224169+00:00,gauge,pricing.slices.attempted,3.0,"{""market"":""BTC-SYNTH"",""producer"":""svi-scipy""}"
2026-10-04T20:01:54.224216+00:00,gauge,pricing.slices.accepted,3.0,"{""market"":""BTC-SYNTH"",""producer"":""svi-scipy""}"
2026-10-04T20:01:54.224297+00:00,gauge,pricing.rmse_vol_bp,45.61538786802355,"{""market"":""BTC-SYNTH"",""producer"":""svi-scipy""}"
2026-10-04T20:01:54.224308+00:00,timing,pricing.cycle_ms,138.243,"{""market"":""BTC-SYNTH"",""producer"":""svi-scipy""}"
2026-10-04T20:01:54.224752+00:00,counter,bus.published,1,"{""topic"":""surface.BTC-SYNTH.svi-scipy""}"
2026-10-04T20:01:54.224792+00:00,counter,runner.handled,1,"{""subscriber"":""svi-scipy@BTC-SYNTH""}"
2026-10-04T20:01:54.224903+00:00,counter,risk.surface.received,1,"{""market"":""BTC-SYNTH"",""producer"":""svi-scipy"",""status"":""OK""}"
2026-10-04T20:01:54.224922+00:00,timing,risk.surface.snapshot_to_surface_ms,1868.0110000000002,"{""market"":""BTC-SYNTH"",""producer"":""svi-scipy""}"
2026-10-04T20:01:54.224931+00:00,timing,risk.surface.delivery_lag_ms,0.7699999999999999,"{""market"":""BTC-SYNTH"",""producer"":""svi-scipy""}"
2026-10-04T20:01:54.224945+00:00,gauge,risk.surface_age_seconds,1.868791,"{""market"":""BTC-SYNTH"",""producer"":""svi-scipy""}"
2026-10-04T20:01:54.224952+00:00,counter,risk.report.freshness,1,"{""decision"":""NORMAL"",""market"":""BTC-SYNTH"",""producer"":""svi-scipy""}"
2026-10-04T20:01:54.224994+00:00,gauge,risk.surface_age_seconds,6.870729,"{""market"":""BTC-SYNTH"",""producer"":""mlp-torch""}"
2026-10-04T20:01:54.225000+00:00,counter,risk.report.freshness,1,"{""decision"":""NORMAL"",""market"":""BTC-SYNTH"",""producer"":""mlp-torch""}"
2026-10-04T20:01:54.225154+00:00,gauge,risk.comparison.value_diff,180.3505396892906,"{""baseline"":""svi-scipy"",""challenger"":""mlp-torch"",""market"":""BTC-SYNTH""}"
2026-10-04T20:01:54.225163+00:00,gauge,risk.comparison.distance_rms_vol_bp,304.46390645427806,"{""baseline"":""svi-scipy"",""challenger"":""mlp-torch"",""market"":""BTC-SYNTH""}"
2026-10-04T20:01:54.225170+00:00,gauge,risk.comparison.distance_max_vol_bp,946.7931810053532,"{""baseline"":""svi-scipy"",""challenger"":""mlp-torch"",""market"":""BTC-SYNTH""}"
2026-10-04T20:01:54.225180+00:00,gauge,risk.surface_age_seconds,1.869029,"{""market"":""BTC-SYNTH"",""producer"":""svi-scipy""}"
2026-10-04T20:01:54.225185+00:00,counter,risk.report.freshness,1,"{""decision"":""NORMAL"",""market"":""BTC-SYNTH"",""producer"":""svi-scipy""}"
2026-10-04T20:01:54.225203+00:00,counter,runner.handled,1,"{""subscriber"":""risk-svi-scipy@BTC-SYNTH""}"
2026-10-04T20:01:55.088428+00:00,counter,marketdata.snapshot.published,1,"{""market"":""BTC-SYNTH""}"
2026-10-04T20:01:55.088549+00:00,gauge,marketdata.clock_skew_seconds,-1.731447,"{""market"":""BTC-SYNTH""}"
2026-10-04T20:01:55.088574+00:00,gauge,marketdata.coverage_ratio,1.0,"{""market"":""BTC-SYNTH""}"
2026-10-04T20:01:55.088591+00:00,gauge,marketdata.max_age_seconds,3601.812378,"{""market"":""BTC-SYNTH""}"
2026-10-04T20:01:55.088609+00:00,counter,pipeline.heartbeat.emitted,1,"{""market"":""BTC-SYNTH""}"
2026-10-04T20:01:55.088628+00:00,counter,bus.published,1,"{""topic"":""snapshot.BTC-SYNTH""}"
2026-10-04T20:01:55.088649+00:00,counter,bus.dropped,1,"{""subscriber"":""mlp-torch@BTC-SYNTH"",""topic"":""snapshot.BTC-SYNTH""}"
2026-10-04T20:01:55.103276+00:00,counter,marketdata.update.applied,1,"{""market"":""BTC-SYNTH""}"
2026-10-04T20:01:55.103321+00:00,counter,marketdata.update.applied,1,"{""market"":""BTC-SYNTH""}"
2026-10-04T20:01:55.103340+00:00,counter,marketdata.update.applied,1,"{""market"":""BTC-SYNTH""}"
2026-10-04T20:01:55.103354+00:00,counter,marketdata.update.applied,1,"{""market"":""BTC-SYNTH""}"
2026-10-04T20:01:55.103368+00:00,counter,marketdata.update.applied,1,"{""market"":""BTC-SYNTH""}"
2026-10-04T20:01:55.103382+00:00,counter,marketdata.update.applied,1,"{""market"":""BTC-SYNTH""}"
2026-10-04T20:01:55.103395+00:00,counter,marketdata.update.applied,1,"{""market"":""BTC-SYNTH""}"
2026-10-04T20:01:55.103406+00:00,counter,marketdata.update.applied,1,"{""market"":""BTC-SYNTH""}"
2026-10-04T20:01:55.103418+00:00,counter,marketdata.update.applied,1,"{""market"":""BTC-SYNTH""}"
2026-10-04T20:01:55.103430+00:00,counter,marketdata.update.applied,1,"{""market"":""BTC-SYNTH""}"
2026-10-04T20:01:55.103443+00:00,counter,marketdata.update.applied,1,"{""market"":""BTC-SYNTH""}"
2026-10-04T20:01:55.103454+00:00,counter,marketdata.update.applied,1,"{""market"":""BTC-SYNTH""}"
2026-10-04T20:01:55.103467+00:00,counter,marketdata.update.applied,1,"{""market"":""BTC-SYNTH""}"
2026-10-04T20:01:55.103477+00:00,counter,marketdata.update.applied,1,"{""market"":""BTC-SYNTH""}"
2026-10-04T20:01:55.103491+00:00,counter,marketdata.update.applied,1,"{""market"":""BTC-SYNTH""}"
2026-10-04T20:01:55.103502+00:00,counter,marketdata.update.applied,1,"{""market"":""BTC-SYNTH""}"
2026-10-04T20:01:55.103513+00:00,counter,marketdata.update.applied,1,"{""market"":""BTC-SYNTH""}"
2026-10-04T20:01:55.103524+00:00,counter,marketdata.update.applied,1,"{""market"":""BTC-SYNTH""}"
2026-10-04T20:01:55.103535+00:00,counter,marketdata.update.applied,1,"{""market"":""BTC-SYNTH""}"
2026-10-04T20:01:55.103559+00:00,counter,marketdata.update.applied,1,"{""market"":""BTC-SYNTH""}"
2026-10-04T20:01:55.103579+00:00,counter,marketdata.update.applied,1,"{""market"":""BTC-SYNTH""}"
2026-10-04T20:01:55.103592+00:00,counter,marketdata.update.applied,1,"{""market"":""BTC-SYNTH""}"
2026-10-04T20:01:55.103607+00:00,counter,marketdata.update.applied,1,"{""market"":""BTC-SYNTH""}"
2026-10-04T20:01:55.103628+00:00,counter,marketdata.update.applied,1,"{""market"":""BTC-SYNTH""}"
2026-10-04T20:01:55.103640+00:00,counter,marketdata.update.applied,1,"{""market"":""BTC-SYNTH""}"
2026-10-04T20:01:55.103651+00:00,counter,marketdata.update.applied,1,"{""market"":""BTC-SYNTH""}"
2026-10-04T20:01:55.103665+00:00,counter,marketdata.update.applied,1,"{""market"":""BTC-SYNTH""}"
2026-10-04T20:01:55.103676+00:00,counter,marketdata.update.applied,1,"{""market"":""BTC-SYNTH""}"
2026-10-04T20:01:55.103687+00:00,counter,marketdata.update.applied,1,"{""market"":""BTC-SYNTH""}"
2026-10-04T20:01:55.103698+00:00,counter,marketdata.update.applied,1,"{""market"":""BTC-SYNTH""}"
2026-10-04T20:01:55.103710+00:00,counter,marketdata.update.applied,1,"{""market"":""BTC-SYNTH""}"
2026-10-04T20:01:55.103721+00:00,counter,marketdata.update.applied,1,"{""market"":""BTC-SYNTH""}"
2026-10-04T20:01:55.103732+00:00,counter,marketdata.update.applied,1,"{""market"":""BTC-SYNTH""}"
2026-10-04T20:01:55.103743+00:00,counter,marketdata.update.applied,1,"{""market"":""BTC-SYNTH""}"
2026-10-04T20:01:55.103755+00:00,counter,marketdata.update.applied,1,"{""market"":""BTC-SYNTH""}"
2026-10-04T20:01:55.103766+00:00,counter,marketdata.update.applied,1,"{""market"":""BTC-SYNTH""}"
2026-10-04T20:01:55.103777+00:00,counter,marketdata.update.applied,1,"{""market"":""BTC-SYNTH""}"
2026-10-04T20:01:55.103788+00:00,counter,marketdata.update.applied,1,"{""market"":""BTC-SYNTH""}"
2026-10-04T20:01:55.103799+00:00,counter,marketdata.update.applied,1,"{""market"":""BTC-SYNTH""}"
2026-10-04T20:01:55.103809+00:00,counter,marketdata.update.applied,1,"{""market"":""BTC-SYNTH""}"
2026-10-04T20:01:55.103821+00:00,counter,marketdata.update.applied,1,"{""market"":""BTC-SYNTH""}"
2026-10-04T20:01:55.103838+00:00,counter,marketdata.update.applied,1,"{""market"":""BTC-SYNTH""}"
2026-10-04T20:01:55.103861+00:00,counter,marketdata.update.applied,1,"{""market"":""BTC-SYNTH""}"
2026-10-04T20:01:55.103875+00:00,counter,marketdata.update.applied,1,"{""market"":""BTC-SYNTH""}"
2026-10-04T20:01:55.103890+00:00,counter,marketdata.update.applied,1,"{""market"":""BTC-SYNTH""}"
2026-10-04T20:01:55.103901+00:00,counter,marketdata.update.applied,1,"{""market"":""BTC-SYNTH""}"
2026-10-04T20:01:55.103944+00:00,counter,marketdata.update.applied,1,"{""market"":""BTC-SYNTH""}"
2026-10-04T20:01:55.103955+00:00,counter,marketdata.update.applied,1,"{""market"":""BTC-SYNTH""}"
2026-10-04T20:01:55.103967+00:00,counter,marketdata.update.applied,1,"{""market"":""BTC-SYNTH""}"
2026-10-04T20:01:55.103978+00:00,counter,marketdata.update.applied,1,"{""market"":""BTC-SYNTH""}"
2026-10-04T20:01:55.103989+00:00,counter,marketdata.update.applied,1,"{""market"":""BTC-SYNTH""}"
2026-10-04T20:01:55.104011+00:00,counter,marketdata.update.applied,1,"{""market"":""BTC-SYNTH""}"
2026-10-04T20:01:55.104023+00:00,counter,marketdata.update.applied,1,"{""market"":""BTC-SYNTH""}"
2026-10-04T20:01:55.104034+00:00,counter,marketdata.update.applied,1,"{""market"":""BTC-SYNTH""}"
2026-10-04T20:01:55.104047+00:00,counter,marketdata.update.applied,1,"{""market"":""BTC-SYNTH""}"
2026-10-04T20:01:55.104059+00:00,counter,marketdata.update.applied,1,"{""market"":""BTC-SYNTH""}"
2026-10-04T20:01:55.104072+00:00,counter,marketdata.update.applied,1,"{""market"":""BTC-SYNTH""}"
2026-10-04T20:01:55.104083+00:00,counter,marketdata.update.applied,1,"{""market"":""BTC-SYNTH""}"
2026-10-04T20:01:55.104096+00:00,counter,marketdata.update.applied,1,"{""market"":""BTC-SYNTH""}"
2026-10-04T20:01:55.104108+00:00,counter,marketdata.update.applied,1,"{""market"":""BTC-SYNTH""}"
2026-10-04T20:01:55.104121+00:00,counter,marketdata.update.applied,1,"{""market"":""BTC-SYNTH""}"
2026-10-04T20:01:55.104132+00:00,counter,marketdata.update.applied,1,"{""market"":""BTC-SYNTH""}"
2026-10-04T20:01:55.104150+00:00,counter,marketdata.update.applied,1,"{""market"":""BTC-SYNTH""}"
2026-10-04T20:01:55.104181+00:00,counter,marketdata.update.applied,1,"{""market"":""BTC-SYNTH""}"
2026-10-04T20:01:55.104199+00:00,counter,marketdata.update.applied,1,"{""market"":""BTC-SYNTH""}"
2026-10-04T20:01:55.104211+00:00,counter,marketdata.update.applied,1,"{""market"":""BTC-SYNTH""}"
2026-10-04T20:01:55.242003+00:00,gauge,pricing.slices.attempted,3.0,"{""market"":""BTC-SYNTH"",""producer"":""svi-scipy""}"
2026-10-04T20:01:55.242035+00:00,gauge,pricing.slices.accepted,3.0,"{""market"":""BTC-SYNTH"",""producer"":""svi-scipy""}"
2026-10-04T20:01:55.242113+00:00,gauge,pricing.rmse_vol_bp,26.334417221215187,"{""market"":""BTC-SYNTH"",""producer"":""svi-scipy""}"
2026-10-04T20:01:55.242124+00:00,timing,pricing.cycle_ms,152.99099999999999,"{""market"":""BTC-SYNTH"",""producer"":""svi-scipy""}"
2026-10-04T20:01:55.242575+00:00,counter,bus.published,1,"{""topic"":""surface.BTC-SYNTH.svi-scipy""}"
2026-10-04T20:01:55.242600+00:00,counter,runner.handled,1,"{""subscriber"":""svi-scipy@BTC-SYNTH""}"
2026-10-04T20:01:55.242692+00:00,counter,risk.surface.received,1,"{""market"":""BTC-SYNTH"",""producer"":""svi-scipy"",""status"":""OK""}"
2026-10-04T20:01:55.242704+00:00,timing,risk.surface.snapshot_to_surface_ms,1885.808,"{""market"":""BTC-SYNTH"",""producer"":""svi-scipy""}"
2026-10-04T20:01:55.242711+00:00,timing,risk.surface.delivery_lag_ms,0.719,"{""market"":""BTC-SYNTH"",""producer"":""svi-scipy""}"
2026-10-04T20:01:55.242805+00:00,gauge,risk.surface_age_seconds,1.886615,"{""market"":""BTC-SYNTH"",""producer"":""svi-scipy""}"
2026-10-04T20:01:55.242816+00:00,counter,risk.report.freshness,1,"{""decision"":""NORMAL"",""market"":""BTC-SYNTH"",""producer"":""svi-scipy""}"
2026-10-04T20:01:55.242865+00:00,gauge,risk.surface_age_seconds,7.888599,"{""market"":""BTC-SYNTH"",""producer"":""mlp-torch""}"
2026-10-04T20:01:55.242872+00:00,counter,risk.report.freshness,1,"{""decision"":""NORMAL"",""market"":""BTC-SYNTH"",""producer"":""mlp-torch""}"
2026-10-04T20:01:55.243018+00:00,gauge,risk.comparison.value_diff,390.0613315287046,"{""baseline"":""svi-scipy"",""challenger"":""mlp-torch"",""market"":""BTC-SYNTH""}"
2026-10-04T20:01:55.243026+00:00,gauge,risk.comparison.distance_rms_vol_bp,273.08022556172966,"{""baseline"":""svi-scipy"",""challenger"":""mlp-torch"",""market"":""BTC-SYNTH""}"
2026-10-04T20:01:55.243033+00:00,gauge,risk.comparison.distance_max_vol_bp,854.345864043623,"{""baseline"":""svi-scipy"",""challenger"":""mlp-torch"",""market"":""BTC-SYNTH""}"
2026-10-04T20:01:55.243043+00:00,gauge,risk.surface_age_seconds,1.886857,"{""market"":""BTC-SYNTH"",""producer"":""svi-scipy""}"
2026-10-04T20:01:55.243048+00:00,counter,risk.report.freshness,1,"{""decision"":""NORMAL"",""market"":""BTC-SYNTH"",""producer"":""svi-scipy""}"
2026-10-04T20:01:55.243066+00:00,counter,runner.handled,1,"{""subscriber"":""risk-svi-scipy@BTC-SYNTH""}"
2026-10-04T20:01:56.090851+00:00,counter,marketdata.snapshot.published,1,"{""market"":""BTC-SYNTH""}"
2026-10-04T20:01:56.090886+00:00,gauge,marketdata.clock_skew_seconds,-1.734114,"{""market"":""BTC-SYNTH""}"
2026-10-04T20:01:56.090895+00:00,gauge,marketdata.coverage_ratio,1.0,"{""market"":""BTC-SYNTH""}"
2026-10-04T20:01:56.090901+00:00,gauge,marketdata.max_age_seconds,1.832431,"{""market"":""BTC-SYNTH""}"
2026-10-04T20:01:56.090910+00:00,counter,pipeline.heartbeat.emitted,1,"{""market"":""BTC-SYNTH""}"
2026-10-04T20:01:56.090920+00:00,counter,bus.published,1,"{""topic"":""snapshot.BTC-SYNTH""}"
2026-10-04T20:01:56.090933+00:00,counter,bus.dropped,1,"{""subscriber"":""mlp-torch@BTC-SYNTH"",""topic"":""snapshot.BTC-SYNTH""}"
2026-10-04T20:01:56.105593+00:00,counter,marketdata.update.applied,1,"{""market"":""BTC-SYNTH""}"
2026-10-04T20:01:56.105639+00:00,counter,marketdata.update.applied,1,"{""market"":""BTC-SYNTH""}"
2026-10-04T20:01:56.105665+00:00,counter,marketdata.update.applied,1,"{""market"":""BTC-SYNTH""}"
2026-10-04T20:01:56.105677+00:00,counter,marketdata.update.applied,1,"{""market"":""BTC-SYNTH""}"
2026-10-04T20:01:56.105690+00:00,counter,marketdata.update.applied,1,"{""market"":""BTC-SYNTH""}"
2026-10-04T20:01:56.105701+00:00,counter,marketdata.update.applied,1,"{""market"":""BTC-SYNTH""}"
2026-10-04T20:01:56.105714+00:00,counter,marketdata.update.applied,1,"{""market"":""BTC-SYNTH""}"
2026-10-04T20:01:56.105726+00:00,counter,marketdata.update.applied,1,"{""market"":""BTC-SYNTH""}"
2026-10-04T20:01:56.105738+00:00,counter,marketdata.update.applied,1,"{""market"":""BTC-SYNTH""}"
2026-10-04T20:01:56.105749+00:00,counter,marketdata.update.applied,1,"{""market"":""BTC-SYNTH""}"
2026-10-04T20:01:56.105762+00:00,counter,marketdata.update.applied,1,"{""market"":""BTC-SYNTH""}"
2026-10-04T20:01:56.105773+00:00,counter,marketdata.update.applied,1,"{""market"":""BTC-SYNTH""}"
2026-10-04T20:01:56.105785+00:00,counter,marketdata.update.applied,1,"{""market"":""BTC-SYNTH""}"
2026-10-04T20:01:56.105796+00:00,counter,marketdata.update.applied,1,"{""market"":""BTC-SYNTH""}"
2026-10-04T20:01:56.105808+00:00,counter,marketdata.update.applied,1,"{""market"":""BTC-SYNTH""}"
2026-10-04T20:01:56.105820+00:00,counter,marketdata.update.applied,1,"{""market"":""BTC-SYNTH""}"
2026-10-04T20:01:56.105831+00:00,counter,marketdata.update.applied,1,"{""market"":""BTC-SYNTH""}"
2026-10-04T20:01:56.105841+00:00,counter,marketdata.update.applied,1,"{""market"":""BTC-SYNTH""}"
2026-10-04T20:01:56.105853+00:00,counter,marketdata.update.applied,1,"{""market"":""BTC-SYNTH""}"
2026-10-04T20:01:56.105862+00:00,counter,marketdata.update.applied,1,"{""market"":""BTC-SYNTH""}"
2026-10-04T20:01:56.105874+00:00,counter,marketdata.update.applied,1,"{""market"":""BTC-SYNTH""}"
2026-10-04T20:01:56.105883+00:00,counter,marketdata.update.applied,1,"{""market"":""BTC-SYNTH""}"
2026-10-04T20:01:56.105897+00:00,counter,marketdata.update.applied,1,"{""market"":""BTC-SYNTH""}"
2026-10-04T20:01:56.105908+00:00,counter,marketdata.update.applied,1,"{""market"":""BTC-SYNTH""}"
2026-10-04T20:01:56.105920+00:00,counter,marketdata.update.applied,1,"{""market"":""BTC-SYNTH""}"
2026-10-04T20:01:56.105930+00:00,counter,marketdata.update.applied,1,"{""market"":""BTC-SYNTH""}"
2026-10-04T20:01:56.105940+00:00,counter,marketdata.update.applied,1,"{""market"":""BTC-SYNTH""}"
2026-10-04T20:01:56.105950+00:00,counter,marketdata.update.applied,1,"{""market"":""BTC-SYNTH""}"
2026-10-04T20:01:56.105962+00:00,counter,marketdata.update.applied,1,"{""market"":""BTC-SYNTH""}"
2026-10-04T20:01:56.105971+00:00,counter,marketdata.update.applied,1,"{""market"":""BTC-SYNTH""}"
2026-10-04T20:01:56.105982+00:00,counter,marketdata.update.applied,1,"{""market"":""BTC-SYNTH""}"
2026-10-04T20:01:56.105993+00:00,counter,marketdata.update.applied,1,"{""market"":""BTC-SYNTH""}"
2026-10-04T20:01:56.106003+00:00,counter,marketdata.update.applied,1,"{""market"":""BTC-SYNTH""}"
2026-10-04T20:01:56.106013+00:00,counter,marketdata.update.applied,1,"{""market"":""BTC-SYNTH""}"
2026-10-04T20:01:56.106024+00:00,counter,marketdata.update.applied,1,"{""market"":""BTC-SYNTH""}"
2026-10-04T20:01:56.106034+00:00,counter,marketdata.update.applied,1,"{""market"":""BTC-SYNTH""}"
2026-10-04T20:01:56.106044+00:00,counter,marketdata.update.applied,1,"{""market"":""BTC-SYNTH""}"
2026-10-04T20:01:56.106054+00:00,counter,marketdata.update.applied,1,"{""market"":""BTC-SYNTH""}"
2026-10-04T20:01:56.106064+00:00,counter,marketdata.update.applied,1,"{""market"":""BTC-SYNTH""}"
2026-10-04T20:01:56.106074+00:00,counter,marketdata.update.applied,1,"{""market"":""BTC-SYNTH""}"
2026-10-04T20:01:56.106084+00:00,counter,marketdata.update.applied,1,"{""market"":""BTC-SYNTH""}"
2026-10-04T20:01:56.106094+00:00,counter,marketdata.update.applied,1,"{""market"":""BTC-SYNTH""}"
2026-10-04T20:01:56.106106+00:00,counter,marketdata.update.applied,1,"{""market"":""BTC-SYNTH""}"
2026-10-04T20:01:56.106115+00:00,counter,marketdata.update.applied,1,"{""market"":""BTC-SYNTH""}"
2026-10-04T20:01:56.106127+00:00,counter,marketdata.update.applied,1,"{""market"":""BTC-SYNTH""}"
2026-10-04T20:01:56.106137+00:00,counter,marketdata.update.applied,1,"{""market"":""BTC-SYNTH""}"
2026-10-04T20:01:56.106147+00:00,counter,marketdata.update.applied,1,"{""market"":""BTC-SYNTH""}"
2026-10-04T20:01:56.106158+00:00,counter,marketdata.update.applied,1,"{""market"":""BTC-SYNTH""}"
2026-10-04T20:01:56.106168+00:00,counter,marketdata.update.applied,1,"{""market"":""BTC-SYNTH""}"
2026-10-04T20:01:56.106177+00:00,counter,marketdata.update.applied,1,"{""market"":""BTC-SYNTH""}"
2026-10-04T20:01:56.106188+00:00,counter,marketdata.update.applied,1,"{""market"":""BTC-SYNTH""}"
2026-10-04T20:01:56.106198+00:00,counter,marketdata.update.applied,1,"{""market"":""BTC-SYNTH""}"
2026-10-04T20:01:56.106209+00:00,counter,marketdata.update.applied,1,"{""market"":""BTC-SYNTH""}"
2026-10-04T20:01:56.106219+00:00,counter,marketdata.update.applied,1,"{""market"":""BTC-SYNTH""}"
2026-10-04T20:01:56.106230+00:00,counter,marketdata.update.applied,1,"{""market"":""BTC-SYNTH""}"
2026-10-04T20:01:56.106240+00:00,counter,marketdata.update.applied,1,"{""market"":""BTC-SYNTH""}"
2026-10-04T20:01:56.106250+00:00,counter,marketdata.update.applied,1,"{""market"":""BTC-SYNTH""}"
2026-10-04T20:01:56.106260+00:00,counter,marketdata.update.applied,1,"{""market"":""BTC-SYNTH""}"
2026-10-04T20:01:56.106271+00:00,counter,marketdata.update.applied,1,"{""market"":""BTC-SYNTH""}"
2026-10-04T20:01:56.106280+00:00,counter,marketdata.update.applied,1,"{""market"":""BTC-SYNTH""}"
2026-10-04T20:01:56.106291+00:00,counter,marketdata.update.applied,1,"{""market"":""BTC-SYNTH""}"
2026-10-04T20:01:56.106302+00:00,counter,marketdata.update.applied,1,"{""market"":""BTC-SYNTH""}"
2026-10-04T20:01:56.106361+00:00,counter,marketdata.update.applied,1,"{""market"":""BTC-SYNTH""}"
2026-10-04T20:01:56.106375+00:00,counter,marketdata.update.applied,1,"{""market"":""BTC-SYNTH""}"
2026-10-04T20:01:56.106388+00:00,counter,marketdata.update.applied,1,"{""market"":""BTC-SYNTH""}"
2026-10-04T20:01:56.106399+00:00,counter,marketdata.update.applied,1,"{""market"":""BTC-SYNTH""}"
2026-10-04T20:01:56.848240+00:00,gauge,pricing.slices.attempted,3.0,"{""market"":""BTC-SYNTH"",""producer"":""svi-scipy""}"
2026-10-04T20:01:56.848274+00:00,gauge,pricing.slices.accepted,2.0,"{""market"":""BTC-SYNTH"",""producer"":""svi-scipy""}"
2026-10-04T20:01:56.848283+00:00,counter,pricing.slice.not_converged,1,"{""market"":""BTC-SYNTH"",""producer"":""svi-scipy""}"
2026-10-04T20:01:56.848348+00:00,gauge,pricing.rmse_vol_bp,27.96604827271812,"{""market"":""BTC-SYNTH"",""producer"":""svi-scipy""}"
2026-10-04T20:01:56.848357+00:00,timing,pricing.cycle_ms,756.7779999999999,"{""market"":""BTC-SYNTH"",""producer"":""svi-scipy""}"
2026-10-04T20:01:56.848955+00:00,counter,bus.published,1,"{""topic"":""surface.BTC-SYNTH.svi-scipy""}"
2026-10-04T20:01:56.848988+00:00,counter,runner.handled,1,"{""subscriber"":""svi-scipy@BTC-SYNTH""}"
2026-10-04T20:01:56.849077+00:00,counter,risk.surface.received,1,"{""market"":""BTC-SYNTH"",""producer"":""svi-scipy"",""status"":""DEGRADED""}"
2026-10-04T20:01:56.849092+00:00,timing,risk.surface.snapshot_to_surface_ms,2491.9889999999996,"{""market"":""BTC-SYNTH"",""producer"":""svi-scipy""}"
2026-10-04T20:01:56.849099+00:00,timing,risk.surface.delivery_lag_ms,0.869,"{""market"":""BTC-SYNTH"",""producer"":""svi-scipy""}"
2026-10-04T20:01:56.849113+00:00,gauge,risk.surface_age_seconds,2.492868,"{""market"":""BTC-SYNTH"",""producer"":""svi-scipy""}"
2026-10-04T20:01:56.849120+00:00,counter,risk.report.freshness,1,"{""decision"":""NORMAL"",""market"":""BTC-SYNTH"",""producer"":""svi-scipy""}"
2026-10-04T20:01:56.849161+00:00,gauge,risk.surface_age_seconds,9.494896,"{""market"":""BTC-SYNTH"",""producer"":""mlp-torch""}"
2026-10-04T20:01:56.849167+00:00,counter,risk.report.freshness,1,"{""decision"":""NORMAL"",""market"":""BTC-SYNTH"",""producer"":""mlp-torch""}"
2026-10-04T20:01:56.849284+00:00,gauge,risk.comparison.value_diff,403.21045443125695,"{""baseline"":""svi-scipy"",""challenger"":""mlp-torch"",""market"":""BTC-SYNTH""}"
2026-10-04T20:01:56.849293+00:00,gauge,risk.comparison.distance_rms_vol_bp,317.3217990953063,"{""baseline"":""svi-scipy"",""challenger"":""mlp-torch"",""market"":""BTC-SYNTH""}"
2026-10-04T20:01:56.849299+00:00,gauge,risk.comparison.distance_max_vol_bp,697.4411007274483,"{""baseline"":""svi-scipy"",""challenger"":""mlp-torch"",""market"":""BTC-SYNTH""}"
2026-10-04T20:01:56.849308+00:00,gauge,risk.surface_age_seconds,2.493066,"{""market"":""BTC-SYNTH"",""producer"":""svi-scipy""}"
2026-10-04T20:01:56.849313+00:00,counter,risk.report.freshness,1,"{""decision"":""NORMAL"",""market"":""BTC-SYNTH"",""producer"":""svi-scipy""}"
2026-10-04T20:01:56.849329+00:00,counter,runner.handled,1,"{""subscriber"":""risk-svi-scipy@BTC-SYNTH""}"
2026-10-04T20:01:57.092867+00:00,counter,marketdata.snapshot.published,1,"{""market"":""BTC-SYNTH""}"
2026-10-04T20:01:57.092910+00:00,gauge,marketdata.clock_skew_seconds,-1.739108,"{""market"":""BTC-SYNTH""}"
2026-10-04T20:01:57.092926+00:00,gauge,marketdata.coverage_ratio,1.0,"{""market"":""BTC-SYNTH""}"
2026-10-04T20:01:57.092938+00:00,gauge,marketdata.max_age_seconds,1.834516,"{""market"":""BTC-SYNTH""}"
2026-10-04T20:01:57.092953+00:00,counter,pipeline.heartbeat.emitted,1,"{""market"":""BTC-SYNTH""}"
2026-10-04T20:01:57.092970+00:00,counter,bus.published,1,"{""topic"":""snapshot.BTC-SYNTH""}"
2026-10-04T20:01:57.092989+00:00,counter,bus.dropped,1,"{""subscriber"":""mlp-torch@BTC-SYNTH"",""topic"":""snapshot.BTC-SYNTH""}"
2026-10-04T20:01:57.109577+00:00,counter,marketdata.update.applied,1,"{""market"":""BTC-SYNTH""}"
2026-10-04T20:01:57.109617+00:00,counter,marketdata.update.applied,1,"{""market"":""BTC-SYNTH""}"
2026-10-04T20:01:57.109639+00:00,counter,marketdata.update.applied,1,"{""market"":""BTC-SYNTH""}"
2026-10-04T20:01:57.109655+00:00,counter,marketdata.update.applied,1,"{""market"":""BTC-SYNTH""}"
2026-10-04T20:01:57.109670+00:00,counter,marketdata.update.applied,1,"{""market"":""BTC-SYNTH""}"
2026-10-04T20:01:57.109684+00:00,counter,marketdata.update.applied,1,"{""market"":""BTC-SYNTH""}"
2026-10-04T20:01:57.109703+00:00,counter,marketdata.update.applied,1,"{""market"":""BTC-SYNTH""}"
2026-10-04T20:01:57.109714+00:00,counter,marketdata.update.applied,1,"{""market"":""BTC-SYNTH""}"
2026-10-04T20:01:57.109726+00:00,counter,marketdata.update.applied,1,"{""market"":""BTC-SYNTH""}"
2026-10-04T20:01:57.109739+00:00,counter,marketdata.update.applied,1,"{""market"":""BTC-SYNTH""}"
2026-10-04T20:01:57.109752+00:00,counter,marketdata.update.applied,1,"{""market"":""BTC-SYNTH""}"
2026-10-04T20:01:57.109765+00:00,counter,marketdata.update.applied,1,"{""market"":""BTC-SYNTH""}"
2026-10-04T20:01:57.109781+00:00,counter,marketdata.update.applied,1,"{""market"":""BTC-SYNTH""}"
2026-10-04T20:01:57.109794+00:00,counter,marketdata.update.applied,1,"{""market"":""BTC-SYNTH""}"
2026-10-04T20:01:57.109817+00:00,counter,marketdata.update.applied,1,"{""market"":""BTC-SYNTH""}"
2026-10-04T20:01:57.109846+00:00,counter,marketdata.update.applied,1,"{""market"":""BTC-SYNTH""}"
2026-10-04T20:01:57.109868+00:00,counter,marketdata.update.applied,1,"{""market"":""BTC-SYNTH""}"
2026-10-04T20:01:57.109885+00:00,counter,marketdata.update.applied,1,"{""market"":""BTC-SYNTH""}"
2026-10-04T20:01:57.109899+00:00,counter,marketdata.update.applied,1,"{""market"":""BTC-SYNTH""}"
2026-10-04T20:01:57.109911+00:00,counter,marketdata.update.applied,1,"{""market"":""BTC-SYNTH""}"
2026-10-04T20:01:57.109924+00:00,counter,marketdata.update.applied,1,"{""market"":""BTC-SYNTH""}"
2026-10-04T20:01:57.109935+00:00,counter,marketdata.update.applied,1,"{""market"":""BTC-SYNTH""}"
2026-10-04T20:01:57.109951+00:00,counter,marketdata.update.applied,1,"{""market"":""BTC-SYNTH""}"
2026-10-04T20:01:57.109965+00:00,counter,marketdata.update.applied,1,"{""market"":""BTC-SYNTH""}"
2026-10-04T20:01:57.109978+00:00,counter,marketdata.update.applied,1,"{""market"":""BTC-SYNTH""}"
2026-10-04T20:01:57.109990+00:00,counter,marketdata.update.applied,1,"{""market"":""BTC-SYNTH""}"
2026-10-04T20:01:57.110003+00:00,counter,marketdata.update.applied,1,"{""market"":""BTC-SYNTH""}"
2026-10-04T20:01:57.110014+00:00,counter,marketdata.update.applied,1,"{""market"":""BTC-SYNTH""}"
2026-10-04T20:01:57.110031+00:00,counter,marketdata.update.applied,1,"{""market"":""BTC-SYNTH""}"
2026-10-04T20:01:57.110042+00:00,counter,marketdata.update.applied,1,"{""market"":""BTC-SYNTH""}"
2026-10-04T20:01:57.110056+00:00,counter,marketdata.update.applied,1,"{""market"":""BTC-SYNTH""}"
2026-10-04T20:01:57.110067+00:00,counter,marketdata.update.applied,1,"{""market"":""BTC-SYNTH""}"
2026-10-04T20:01:57.110079+00:00,counter,marketdata.update.applied,1,"{""market"":""BTC-SYNTH""}"
2026-10-04T20:01:57.110090+00:00,counter,marketdata.update.applied,1,"{""market"":""BTC-SYNTH""}"
2026-10-04T20:01:57.110103+00:00,counter,marketdata.update.applied,1,"{""market"":""BTC-SYNTH""}"
2026-10-04T20:01:57.110114+00:00,counter,marketdata.update.applied,1,"{""market"":""BTC-SYNTH""}"
2026-10-04T20:01:57.110125+00:00,counter,marketdata.update.applied,1,"{""market"":""BTC-SYNTH""}"
2026-10-04T20:01:57.110136+00:00,counter,marketdata.update.applied,1,"{""market"":""BTC-SYNTH""}"
2026-10-04T20:01:57.110147+00:00,counter,marketdata.update.applied,1,"{""market"":""BTC-SYNTH""}"
2026-10-04T20:01:57.110158+00:00,counter,marketdata.update.applied,1,"{""market"":""BTC-SYNTH""}"
2026-10-04T20:01:57.110170+00:00,counter,marketdata.update.applied,1,"{""market"":""BTC-SYNTH""}"
2026-10-04T20:01:57.110184+00:00,counter,marketdata.update.applied,1,"{""market"":""BTC-SYNTH""}"
2026-10-04T20:01:57.110196+00:00,counter,marketdata.update.applied,1,"{""market"":""BTC-SYNTH""}"
2026-10-04T20:01:57.110207+00:00,counter,marketdata.update.applied,1,"{""market"":""BTC-SYNTH""}"
2026-10-04T20:01:57.110220+00:00,counter,marketdata.update.applied,1,"{""market"":""BTC-SYNTH""}"
2026-10-04T20:01:57.110870+00:00,counter,marketdata.update.applied,1,"{""market"":""BTC-SYNTH""}"
2026-10-04T20:01:57.110904+00:00,counter,marketdata.update.applied,1,"{""market"":""BTC-SYNTH""}"
2026-10-04T20:01:57.110920+00:00,counter,marketdata.update.applied,1,"{""market"":""BTC-SYNTH""}"
2026-10-04T20:01:57.110935+00:00,counter,marketdata.update.applied,1,"{""market"":""BTC-SYNTH""}"
2026-10-04T20:01:57.110948+00:00,counter,marketdata.update.applied,1,"{""market"":""BTC-SYNTH""}"
2026-10-04T20:01:57.110961+00:00,counter,marketdata.update.applied,1,"{""market"":""BTC-SYNTH""}"
2026-10-04T20:01:57.110973+00:00,counter,marketdata.update.applied,1,"{""market"":""BTC-SYNTH""}"
2026-10-04T20:01:57.110986+00:00,counter,marketdata.update.applied,1,"{""market"":""BTC-SYNTH""}"
2026-10-04T20:01:57.110997+00:00,counter,marketdata.update.applied,1,"{""market"":""BTC-SYNTH""}"
2026-10-04T20:01:57.111009+00:00,counter,marketdata.update.applied,1,"{""market"":""BTC-SYNTH""}"
2026-10-04T20:01:57.111021+00:00,counter,marketdata.update.applied,1,"{""market"":""BTC-SYNTH""}"
2026-10-04T20:01:57.111033+00:00,counter,marketdata.update.applied,1,"{""market"":""BTC-SYNTH""}"
2026-10-04T20:01:57.111043+00:00,counter,marketdata.update.applied,1,"{""market"":""BTC-SYNTH""}"
2026-10-04T20:01:57.111056+00:00,counter,marketdata.update.applied,1,"{""market"":""BTC-SYNTH""}"
2026-10-04T20:01:57.111074+00:00,counter,marketdata.update.applied,1,"{""market"":""BTC-SYNTH""}"
2026-10-04T20:01:57.111087+00:00,counter,marketdata.update.applied,1,"{""market"":""BTC-SYNTH""}"
2026-10-04T20:01:57.111098+00:00,counter,marketdata.update.applied,1,"{""market"":""BTC-SYNTH""}"
2026-10-04T20:01:57.111111+00:00,counter,marketdata.update.applied,1,"{""market"":""BTC-SYNTH""}"
2026-10-04T20:01:57.111124+00:00,counter,marketdata.update.applied,1,"{""market"":""BTC-SYNTH""}"
2026-10-04T20:01:57.111135+00:00,counter,marketdata.update.applied,1,"{""market"":""BTC-SYNTH""}"
2026-10-04T20:01:57.111147+00:00,counter,marketdata.update.applied,1,"{""market"":""BTC-SYNTH""}"
2026-10-04T20:01:57.162336+00:00,gauge,pricing.slices.attempted,3.0,"{""market"":""BTC-SYNTH"",""producer"":""svi-scipy""}"
2026-10-04T20:01:57.162367+00:00,gauge,pricing.slices.accepted,3.0,"{""market"":""BTC-SYNTH"",""producer"":""svi-scipy""}"
2026-10-04T20:01:57.162444+00:00,gauge,pricing.rmse_vol_bp,33.376748949866936,"{""market"":""BTC-SYNTH"",""producer"":""svi-scipy""}"
2026-10-04T20:01:57.162455+00:00,timing,pricing.cycle_ms,69.101,"{""market"":""BTC-SYNTH"",""producer"":""svi-scipy""}"
2026-10-04T20:01:57.162687+00:00,counter,bus.published,1,"{""topic"":""surface.BTC-SYNTH.svi-scipy""}"
2026-10-04T20:01:57.162711+00:00,counter,runner.handled,1,"{""subscriber"":""svi-scipy@BTC-SYNTH""}"
2026-10-04T20:01:57.162799+00:00,counter,risk.surface.received,1,"{""market"":""BTC-SYNTH"",""producer"":""svi-scipy"",""status"":""OK""}"
2026-10-04T20:01:57.162811+00:00,timing,risk.surface.snapshot_to_surface_ms,1809.3490000000002,"{""market"":""BTC-SYNTH"",""producer"":""svi-scipy""}"
2026-10-04T20:01:57.162825+00:00,timing,risk.surface.delivery_lag_ms,0.49799999999999994,"{""market"":""BTC-SYNTH"",""producer"":""svi-scipy""}"
2026-10-04T20:01:57.162840+00:00,gauge,risk.surface_age_seconds,1.809858,"{""market"":""BTC-SYNTH"",""producer"":""svi-scipy""}"
2026-10-04T20:01:57.162847+00:00,counter,risk.report.freshness,1,"{""decision"":""NORMAL"",""market"":""BTC-SYNTH"",""producer"":""svi-scipy""}"
2026-10-04T20:01:57.162890+00:00,gauge,risk.surface_age_seconds,9.808625,"{""market"":""BTC-SYNTH"",""producer"":""mlp-torch""}"
2026-10-04T20:01:57.162897+00:00,counter,risk.report.freshness,1,"{""decision"":""NORMAL"",""market"":""BTC-SYNTH"",""producer"":""mlp-torch""}"
2026-10-04T20:01:57.163053+00:00,gauge,risk.comparison.value_diff,323.54847221565797,"{""baseline"":""svi-scipy"",""challenger"":""mlp-torch"",""market"":""BTC-SYNTH""}"
2026-10-04T20:01:57.163062+00:00,gauge,risk.comparison.distance_rms_vol_bp,290.00800777828624,"{""baseline"":""svi-scipy"",""challenger"":""mlp-torch"",""market"":""BTC-SYNTH""}"
2026-10-04T20:01:57.163069+00:00,gauge,risk.comparison.distance_max_vol_bp,828.735525531098,"{""baseline"":""svi-scipy"",""challenger"":""mlp-torch"",""market"":""BTC-SYNTH""}"
2026-10-04T20:01:57.163079+00:00,gauge,risk.surface_age_seconds,1.810101,"{""market"":""BTC-SYNTH"",""producer"":""svi-scipy""}"
2026-10-04T20:01:57.163085+00:00,counter,risk.report.freshness,1,"{""decision"":""NORMAL"",""market"":""BTC-SYNTH"",""producer"":""svi-scipy""}"
2026-10-04T20:01:57.163103+00:00,counter,runner.handled,1,"{""subscriber"":""risk-svi-scipy@BTC-SYNTH""}"
2026-10-04T20:01:58.095405+00:00,counter,marketdata.snapshot.published,1,"{""market"":""BTC-SYNTH""}"
2026-10-04T20:01:58.095450+00:00,gauge,marketdata.clock_skew_seconds,-1.738853,"{""market"":""BTC-SYNTH""}"
2026-10-04T20:01:58.095468+00:00,gauge,marketdata.coverage_ratio,0.9848484848484849,"{""market"":""BTC-SYNTH""}"
2026-10-04T20:01:58.095481+00:00,gauge,marketdata.max_age_seconds,1.83708,"{""market"":""BTC-SYNTH""}"
2026-10-04T20:01:58.095497+00:00,counter,pipeline.heartbeat.emitted,1,"{""market"":""BTC-SYNTH""}"
2026-10-04T20:01:58.095515+00:00,counter,bus.published,1,"{""topic"":""snapshot.BTC-SYNTH""}"
2026-10-04T20:01:58.095534+00:00,counter,bus.dropped,1,"{""subscriber"":""mlp-torch@BTC-SYNTH"",""topic"":""snapshot.BTC-SYNTH""}"
2026-10-04T20:01:58.115962+00:00,counter,marketdata.update.applied,1,"{""market"":""BTC-SYNTH""}"
2026-10-04T20:01:58.116002+00:00,counter,marketdata.update.applied,1,"{""market"":""BTC-SYNTH""}"
2026-10-04T20:01:58.116022+00:00,counter,marketdata.update.applied,1,"{""market"":""BTC-SYNTH""}"
2026-10-04T20:01:58.116037+00:00,counter,marketdata.update.applied,1,"{""market"":""BTC-SYNTH""}"
2026-10-04T20:01:58.116051+00:00,counter,marketdata.update.applied,1,"{""market"":""BTC-SYNTH""}"
2026-10-04T20:01:58.116064+00:00,counter,marketdata.update.applied,1,"{""market"":""BTC-SYNTH""}"
2026-10-04T20:01:58.116078+00:00,counter,marketdata.update.applied,1,"{""market"":""BTC-SYNTH""}"
2026-10-04T20:01:58.116091+00:00,counter,marketdata.update.applied,1,"{""market"":""BTC-SYNTH""}"
2026-10-04T20:01:58.116103+00:00,counter,marketdata.update.applied,1,"{""market"":""BTC-SYNTH""}"
2026-10-04T20:01:58.116115+00:00,counter,marketdata.update.applied,1,"{""market"":""BTC-SYNTH""}"
2026-10-04T20:01:58.116129+00:00,counter,marketdata.update.applied,1,"{""market"":""BTC-SYNTH""}"
2026-10-04T20:01:58.116142+00:00,counter,marketdata.update.applied,1,"{""market"":""BTC-SYNTH""}"
2026-10-04T20:01:58.116156+00:00,counter,marketdata.update.applied,1,"{""market"":""BTC-SYNTH""}"
2026-10-04T20:01:58.116168+00:00,counter,marketdata.update.applied,1,"{""market"":""BTC-SYNTH""}"
2026-10-04T20:01:58.116182+00:00,counter,marketdata.update.applied,1,"{""market"":""BTC-SYNTH""}"
2026-10-04T20:01:58.116217+00:00,counter,marketdata.update.applied,1,"{""market"":""BTC-SYNTH""}"
2026-10-04T20:01:58.116234+00:00,counter,marketdata.update.applied,1,"{""market"":""BTC-SYNTH""}"
2026-10-04T20:01:58.116247+00:00,counter,marketdata.update.applied,1,"{""market"":""BTC-SYNTH""}"
2026-10-04T20:01:58.116261+00:00,counter,marketdata.update.applied,1,"{""market"":""BTC-SYNTH""}"
2026-10-04T20:01:58.116273+00:00,counter,marketdata.update.applied,1,"{""market"":""BTC-SYNTH""}"
2026-10-04T20:01:58.116286+00:00,counter,marketdata.update.applied,1,"{""market"":""BTC-SYNTH""}"
2026-10-04T20:01:58.116297+00:00,counter,marketdata.update.applied,1,"{""market"":""BTC-SYNTH""}"
2026-10-04T20:01:58.116313+00:00,counter,marketdata.update.applied,1,"{""market"":""BTC-SYNTH""}"
2026-10-04T20:01:58.116325+00:00,counter,marketdata.update.applied,1,"{""market"":""BTC-SYNTH""}"
2026-10-04T20:01:58.116338+00:00,counter,marketdata.update.applied,1,"{""market"":""BTC-SYNTH""}"
2026-10-04T20:01:58.116350+00:00,counter,marketdata.update.applied,1,"{""market"":""BTC-SYNTH""}"
2026-10-04T20:01:58.116362+00:00,counter,marketdata.update.applied,1,"{""market"":""BTC-SYNTH""}"
2026-10-04T20:01:58.116386+00:00,counter,marketdata.update.applied,1,"{""market"":""BTC-SYNTH""}"
2026-10-04T20:01:58.116408+00:00,counter,marketdata.update.applied,1,"{""market"":""BTC-SYNTH""}"
2026-10-04T20:01:58.116560+00:00,counter,marketdata.update.applied,1,"{""market"":""BTC-SYNTH""}"
2026-10-04T20:01:58.116590+00:00,counter,marketdata.update.applied,1,"{""market"":""BTC-SYNTH""}"
2026-10-04T20:01:58.116604+00:00,counter,marketdata.update.applied,1,"{""market"":""BTC-SYNTH""}"
2026-10-04T20:01:58.116619+00:00,counter,marketdata.update.applied,1,"{""market"":""BTC-SYNTH""}"
2026-10-04T20:01:58.116631+00:00,counter,marketdata.update.applied,1,"{""market"":""BTC-SYNTH""}"
2026-10-04T20:01:58.116644+00:00,counter,marketdata.update.applied,1,"{""market"":""BTC-SYNTH""}"
2026-10-04T20:01:58.116658+00:00,counter,marketdata.update.applied,1,"{""market"":""BTC-SYNTH""}"
2026-10-04T20:01:58.116671+00:00,counter,marketdata.update.applied,1,"{""market"":""BTC-SYNTH""}"
2026-10-04T20:01:58.116683+00:00,counter,marketdata.update.applied,1,"{""market"":""BTC-SYNTH""}"
2026-10-04T20:01:58.116696+00:00,counter,marketdata.update.applied,1,"{""market"":""BTC-SYNTH""}"
2026-10-04T20:01:58.116708+00:00,counter,marketdata.update.applied,1,"{""market"":""BTC-SYNTH""}"
2026-10-04T20:01:58.116721+00:00,counter,marketdata.update.applied,1,"{""market"":""BTC-SYNTH""}"
2026-10-04T20:01:58.116733+00:00,counter,marketdata.update.applied,1,"{""market"":""BTC-SYNTH""}"
2026-10-04T20:01:58.116747+00:00,counter,marketdata.update.applied,1,"{""market"":""BTC-SYNTH""}"
2026-10-04T20:01:58.116778+00:00,counter,marketdata.update.applied,1,"{""market"":""BTC-SYNTH""}"
2026-10-04T20:01:58.116802+00:00,counter,marketdata.update.applied,1,"{""market"":""BTC-SYNTH""}"
2026-10-04T20:01:58.116823+00:00,counter,marketdata.update.applied,1,"{""market"":""BTC-SYNTH""}"
2026-10-04T20:01:58.116838+00:00,counter,marketdata.update.applied,1,"{""market"":""BTC-SYNTH""}"
2026-10-04T20:01:58.116850+00:00,counter,marketdata.update.applied,1,"{""market"":""BTC-SYNTH""}"
2026-10-04T20:01:58.116864+00:00,counter,marketdata.update.applied,1,"{""market"":""BTC-SYNTH""}"
2026-10-04T20:01:58.116876+00:00,counter,marketdata.update.applied,1,"{""market"":""BTC-SYNTH""}"
2026-10-04T20:01:58.116891+00:00,counter,marketdata.update.applied,1,"{""market"":""BTC-SYNTH""}"
2026-10-04T20:01:58.116903+00:00,counter,marketdata.update.applied,1,"{""market"":""BTC-SYNTH""}"
2026-10-04T20:01:58.116916+00:00,counter,marketdata.update.applied,1,"{""market"":""BTC-SYNTH""}"
2026-10-04T20:01:58.116929+00:00,counter,marketdata.update.applied,1,"{""market"":""BTC-SYNTH""}"
2026-10-04T20:01:58.116943+00:00,counter,marketdata.update.applied,1,"{""market"":""BTC-SYNTH""}"
2026-10-04T20:01:58.116955+00:00,counter,marketdata.update.applied,1,"{""market"":""BTC-SYNTH""}"
2026-10-04T20:01:58.116968+00:00,counter,marketdata.update.applied,1,"{""market"":""BTC-SYNTH""}"
2026-10-04T20:01:58.116986+00:00,counter,marketdata.update.applied,1,"{""market"":""BTC-SYNTH""}"
2026-10-04T20:01:58.116998+00:00,counter,marketdata.update.applied,1,"{""market"":""BTC-SYNTH""}"
2026-10-04T20:01:58.117011+00:00,counter,marketdata.update.applied,1,"{""market"":""BTC-SYNTH""}"
2026-10-04T20:01:58.117023+00:00,counter,marketdata.update.applied,1,"{""market"":""BTC-SYNTH""}"
2026-10-04T20:01:58.117034+00:00,counter,marketdata.update.applied,1,"{""market"":""BTC-SYNTH""}"
2026-10-04T20:01:58.117047+00:00,counter,marketdata.update.applied,1,"{""market"":""BTC-SYNTH""}"
2026-10-04T20:01:58.117059+00:00,counter,marketdata.update.applied,1,"{""market"":""BTC-SYNTH""}"
2026-10-04T20:01:58.117072+00:00,counter,marketdata.update.applied,1,"{""market"":""BTC-SYNTH""}"
2026-10-04T20:01:58.117085+00:00,counter,marketdata.update.applied,1,"{""market"":""BTC-SYNTH""}"
2026-10-04T20:01:58.901771+00:00,gauge,pricing.slices.attempted,3.0,"{""market"":""BTC-SYNTH"",""producer"":""svi-scipy""}"
2026-10-04T20:01:58.901805+00:00,gauge,pricing.slices.accepted,3.0,"{""market"":""BTC-SYNTH"",""producer"":""svi-scipy""}"
2026-10-04T20:01:58.901883+00:00,gauge,pricing.rmse_vol_bp,37.55079678495919,"{""market"":""BTC-SYNTH"",""producer"":""svi-scipy""}"
2026-10-04T20:01:58.901895+00:00,timing,pricing.cycle_ms,805.994,"{""market"":""BTC-SYNTH"",""producer"":""svi-scipy""}"
2026-10-04T20:01:58.902141+00:00,counter,bus.published,1,"{""topic"":""surface.BTC-SYNTH.svi-scipy""}"
2026-10-04T20:01:58.902164+00:00,counter,runner.handled,1,"{""subscriber"":""svi-scipy@BTC-SYNTH""}"
2026-10-04T20:01:58.902255+00:00,counter,risk.surface.received,1,"{""market"":""BTC-SYNTH"",""producer"":""svi-scipy"",""status"":""OK""}"
2026-10-04T20:01:58.902268+00:00,timing,risk.surface.snapshot_to_surface_ms,2545.9339999999997,"{""market"":""BTC-SYNTH"",""producer"":""svi-scipy""}"
2026-10-04T20:01:58.902276+00:00,timing,risk.surface.delivery_lag_ms,0.514,"{""market"":""BTC-SYNTH"",""producer"":""svi-scipy""}"
2026-10-04T20:01:58.902290+00:00,gauge,risk.surface_age_seconds,2.546458,"{""market"":""BTC-SYNTH"",""producer"":""svi-scipy""}"
2026-10-04T20:01:58.902297+00:00,counter,risk.report.freshness,1,"{""decision"":""NORMAL"",""market"":""BTC-SYNTH"",""producer"":""svi-scipy""}"
2026-10-04T20:01:58.902338+00:00,gauge,risk.surface_age_seconds,11.548072,"{""market"":""BTC-SYNTH"",""producer"":""mlp-torch""}"
2026-10-04T20:01:58.902343+00:00,counter,risk.report.freshness,1,"{""decision"":""NORMAL"",""market"":""BTC-SYNTH"",""producer"":""mlp-torch""}"
2026-10-04T20:01:58.902484+00:00,gauge,risk.comparison.value_diff,414.5002410598354,"{""baseline"":""svi-scipy"",""challenger"":""mlp-torch"",""market"":""BTC-SYNTH""}"
2026-10-04T20:01:58.902491+00:00,gauge,risk.comparison.distance_rms_vol_bp,291.1518679602417,"{""baseline"":""svi-scipy"",""challenger"":""mlp-torch"",""market"":""BTC-SYNTH""}"
2026-10-04T20:01:58.902497+00:00,gauge,risk.comparison.distance_max_vol_bp,1275.1352551325444,"{""baseline"":""svi-scipy"",""challenger"":""mlp-torch"",""market"":""BTC-SYNTH""}"
2026-10-04T20:01:58.902505+00:00,gauge,risk.surface_age_seconds,2.546676,"{""market"":""BTC-SYNTH"",""producer"":""svi-scipy""}"
2026-10-04T20:01:58.902510+00:00,counter,risk.report.freshness,1,"{""decision"":""NORMAL"",""market"":""BTC-SYNTH"",""producer"":""svi-scipy""}"
2026-10-04T20:01:58.902526+00:00,counter,runner.handled,1,"{""subscriber"":""risk-svi-scipy@BTC-SYNTH""}"
2026-10-04T20:01:58.971189+00:00,gauge,neural.butterfly_violation,0.0,"{""market"":""BTC-SYNTH""}"
2026-10-04T20:01:58.971226+00:00,gauge,neural.calendar_violation,0.0,"{""market"":""BTC-SYNTH""}"
2026-10-04T20:01:58.971253+00:00,counter,neural.restart,1,"{""market"":""BTC-SYNTH""}"
2026-10-04T20:01:58.971576+00:00,gauge,neural.restart.drift_vol_bp,305.6710576854156,"{""market"":""BTC-SYNTH"",""producer"":""mlp-torch""}"
2026-10-04T20:01:58.978146+00:00,gauge,neural.rmse_vol_bp,45.15185389000522,"{""market"":""BTC-SYNTH"",""producer"":""mlp-torch""}"
2026-10-04T20:01:58.978611+00:00,counter,bus.published,1,"{""topic"":""surface.BTC-SYNTH.mlp-torch""}"
2026-10-04T20:01:58.978653+00:00,counter,runner.handled,1,"{""subscriber"":""mlp-torch@BTC-SYNTH""}"
2026-10-04T20:01:58.978906+00:00,counter,risk.surface.received,1,"{""market"":""BTC-SYNTH"",""producer"":""mlp-torch"",""status"":""OK""}"
2026-10-04T20:01:58.978934+00:00,timing,risk.surface.snapshot_to_surface_ms,10614.413,"{""market"":""BTC-SYNTH"",""producer"":""mlp-torch""}"
2026-10-04T20:01:58.978955+00:00,timing,risk.surface.delivery_lag_ms,8.16,"{""market"":""BTC-SYNTH"",""producer"":""mlp-torch""}"
2026-10-04T20:01:58.978986+00:00,gauge,risk.surface_age_seconds,2.62315,"{""market"":""BTC-SYNTH"",""producer"":""svi-scipy""}"
2026-10-04T20:01:58.979000+00:00,counter,risk.report.freshness,1,"{""decision"":""NORMAL"",""market"":""BTC-SYNTH"",""producer"":""svi-scipy""}"
2026-10-04T20:01:58.979070+00:00,gauge,risk.surface_age_seconds,10.622682,"{""market"":""BTC-SYNTH"",""producer"":""mlp-torch""}"
2026-10-04T20:01:58.979083+00:00,counter,risk.report.freshness,1,"{""decision"":""NORMAL"",""market"":""BTC-SYNTH"",""producer"":""mlp-torch""}"
2026-10-04T20:01:58.979301+00:00,gauge,risk.comparison.value_diff,198.54203642188077,"{""baseline"":""svi-scipy"",""challenger"":""mlp-torch"",""market"":""BTC-SYNTH""}"
2026-10-04T20:01:58.979318+00:00,gauge,risk.comparison.distance_rms_vol_bp,129.13451750601024,"{""baseline"":""svi-scipy"",""challenger"":""mlp-torch"",""market"":""BTC-SYNTH""}"
2026-10-04T20:01:58.979405+00:00,gauge,risk.comparison.distance_max_vol_bp,674.3943486625592,"{""baseline"":""svi-scipy"",""challenger"":""mlp-torch"",""market"":""BTC-SYNTH""}"
2026-10-04T20:01:58.979435+00:00,gauge,risk.surface_age_seconds,10.62305,"{""market"":""BTC-SYNTH"",""producer"":""mlp-torch""}"
2026-10-04T20:01:58.979448+00:00,counter,risk.report.freshness,1,"{""decision"":""NORMAL"",""market"":""BTC-SYNTH"",""producer"":""mlp-torch""}"
2026-10-04T20:01:58.979486+00:00,counter,runner.handled,1,"{""subscriber"":""risk-mlp-torch@BTC-SYNTH""}"
2026-10-04T20:01:58.980112+00:00,gauge,neural.buffer.size,298.0,"{""market"":""BTC-SYNTH""}"
2026-10-04T20:01:58.980135+00:00,gauge,neural.buffer.cell_coverage,1.0,"{""market"":""BTC-SYNTH""}"
2026-10-04T20:01:59.000046+00:00,gauge,neural.butterfly_violation,0.0,"{""market"":""BTC-SYNTH""}"
2026-10-04T20:01:59.000072+00:00,gauge,neural.calendar_violation,0.0,"{""market"":""BTC-SYNTH""}"
2026-10-04T20:01:59.000729+00:00,gauge,neural.rmse_vol_bp,46.81337962123178,"{""market"":""BTC-SYNTH"",""producer"":""mlp-torch""}"
2026-10-04T20:01:59.001059+00:00,counter,bus.published,1,"{""topic"":""surface.BTC-SYNTH.mlp-torch""}"
2026-10-04T20:01:59.001095+00:00,counter,runner.handled,1,"{""subscriber"":""mlp-torch@BTC-SYNTH""}"
2026-10-04T20:01:59.001213+00:00,counter,risk.surface.received,1,"{""market"":""BTC-SYNTH"",""producer"":""mlp-torch"",""status"":""OK""}"
2026-10-04T20:01:59.001235+00:00,timing,risk.surface.snapshot_to_surface_ms,2643.855,"{""market"":""BTC-SYNTH"",""producer"":""mlp-torch""}"
2026-10-04T20:01:59.001251+00:00,timing,risk.surface.delivery_lag_ms,1.5659999999999998,"{""market"":""BTC-SYNTH"",""producer"":""mlp-torch""}"
2026-10-04T20:01:59.001272+00:00,gauge,risk.surface_age_seconds,2.645439,"{""market"":""BTC-SYNTH"",""producer"":""svi-scipy""}"
2026-10-04T20:01:59.001284+00:00,counter,risk.report.freshness,1,"{""decision"":""NORMAL"",""market"":""BTC-SYNTH"",""producer"":""svi-scipy""}"
2026-10-04T20:01:59.001336+00:00,gauge,risk.surface_age_seconds,2.645505,"{""market"":""BTC-SYNTH"",""producer"":""mlp-torch""}"
2026-10-04T20:01:59.001349+00:00,counter,risk.report.freshness,1,"{""decision"":""NORMAL"",""market"":""BTC-SYNTH"",""producer"":""mlp-torch""}"
2026-10-04T20:01:59.001534+00:00,gauge,risk.comparison.value_diff,-14.477626167859853,"{""baseline"":""svi-scipy"",""challenger"":""mlp-torch"",""market"":""BTC-SYNTH""}"
2026-10-04T20:01:59.001555+00:00,gauge,risk.comparison.distance_rms_vol_bp,139.96788437909902,"{""baseline"":""svi-scipy"",""challenger"":""mlp-torch"",""market"":""BTC-SYNTH""}"
2026-10-04T20:01:59.001569+00:00,gauge,risk.comparison.distance_max_vol_bp,702.3179663627899,"{""baseline"":""svi-scipy"",""challenger"":""mlp-torch"",""market"":""BTC-SYNTH""}"
2026-10-04T20:01:59.001587+00:00,gauge,risk.surface_age_seconds,2.645755,"{""market"":""BTC-SYNTH"",""producer"":""mlp-torch""}"
2026-10-04T20:01:59.001598+00:00,counter,risk.report.freshness,1,"{""decision"":""NORMAL"",""market"":""BTC-SYNTH"",""producer"":""mlp-torch""}"
2026-10-04T20:01:59.001630+00:00,counter,runner.handled,1,"{""subscriber"":""risk-mlp-torch@BTC-SYNTH""}"
2026-10-04T20:01:59.101595+00:00,counter,marketdata.snapshot.published,1,"{""market"":""BTC-SYNTH""}"
2026-10-04T20:01:59.101674+00:00,gauge,marketdata.clock_skew_seconds,-1.744394,"{""market"":""BTC-SYNTH""}"
2026-10-04T20:01:59.101708+00:00,gauge,marketdata.coverage_ratio,1.0,"{""market"":""BTC-SYNTH""}"
2026-10-04T20:01:59.101735+00:00,gauge,marketdata.max_age_seconds,1.843236,"{""market"":""BTC-SYNTH""}"
2026-10-04T20:01:59.101766+00:00,counter,pipeline.heartbeat.emitted,1,"{""market"":""BTC-SYNTH""}"
2026-10-04T20:01:59.101800+00:00,counter,bus.published,1,"{""topic"":""snapshot.BTC-SYNTH""}"
2026-10-04T20:01:59.112901+00:00,gauge,neural.buffer.size,331.0,"{""market"":""BTC-SYNTH""}"
2026-10-04T20:01:59.112966+00:00,gauge,neural.buffer.cell_coverage,1.0,"{""market"":""BTC-SYNTH""}"
2026-10-04T20:01:59.122875+00:00,counter,marketdata.update.applied,1,"{""market"":""BTC-SYNTH""}"
2026-10-04T20:01:59.122964+00:00,counter,marketdata.update.applied,1,"{""market"":""BTC-SYNTH""}"
2026-10-04T20:01:59.123010+00:00,counter,marketdata.update.applied,1,"{""market"":""BTC-SYNTH""}"
2026-10-04T20:01:59.123043+00:00,counter,marketdata.update.applied,1,"{""market"":""BTC-SYNTH""}"
2026-10-04T20:01:59.123077+00:00,counter,marketdata.update.applied,1,"{""market"":""BTC-SYNTH""}"
2026-10-04T20:01:59.123107+00:00,counter,marketdata.update.applied,1,"{""market"":""BTC-SYNTH""}"
2026-10-04T20:01:59.123171+00:00,counter,marketdata.update.applied,1,"{""market"":""BTC-SYNTH""}"
2026-10-04T20:01:59.123207+00:00,counter,marketdata.update.applied,1,"{""market"":""BTC-SYNTH""}"
2026-10-04T20:01:59.123240+00:00,counter,marketdata.update.applied,1,"{""market"":""BTC-SYNTH""}"
2026-10-04T20:01:59.123269+00:00,counter,marketdata.update.applied,1,"{""market"":""BTC-SYNTH""}"
2026-10-04T20:01:59.123302+00:00,counter,marketdata.update.applied,1,"{""market"":""BTC-SYNTH""}"
2026-10-04T20:01:59.123331+00:00,counter,marketdata.update.applied,1,"{""market"":""BTC-SYNTH""}"
2026-10-04T20:01:59.123362+00:00,counter,marketdata.update.applied,1,"{""market"":""BTC-SYNTH""}"
2026-10-04T20:01:59.123394+00:00,counter,marketdata.update.applied,1,"{""market"":""BTC-SYNTH""}"
2026-10-04T20:01:59.123427+00:00,counter,marketdata.update.applied,1,"{""market"":""BTC-SYNTH""}"
2026-10-04T20:01:59.123456+00:00,counter,marketdata.update.applied,1,"{""market"":""BTC-SYNTH""}"
2026-10-04T20:01:59.123486+00:00,counter,marketdata.update.applied,1,"{""market"":""BTC-SYNTH""}"
2026-10-04T20:01:59.123514+00:00,counter,marketdata.update.applied,1,"{""market"":""BTC-SYNTH""}"
2026-10-04T20:01:59.123544+00:00,counter,marketdata.update.applied,1,"{""market"":""BTC-SYNTH""}"
2026-10-04T20:01:59.123572+00:00,counter,marketdata.update.applied,1,"{""market"":""BTC-SYNTH""}"
2026-10-04T20:01:59.123602+00:00,counter,marketdata.update.applied,1,"{""market"":""BTC-SYNTH""}"
2026-10-04T20:01:59.123629+00:00,counter,marketdata.update.applied,1,"{""market"":""BTC-SYNTH""}"
2026-10-04T20:01:59.123663+00:00,counter,marketdata.update.applied,1,"{""market"":""BTC-SYNTH""}"
2026-10-04T20:01:59.123691+00:00,counter,marketdata.update.applied,1,"{""market"":""BTC-SYNTH""}"
2026-10-04T20:01:59.123720+00:00,counter,marketdata.update.applied,1,"{""market"":""BTC-SYNTH""}"
2026-10-04T20:01:59.123748+00:00,counter,marketdata.update.applied,1,"{""market"":""BTC-SYNTH""}"
2026-10-04T20:01:59.123778+00:00,counter,marketdata.update.applied,1,"{""market"":""BTC-SYNTH""}"
2026-10-04T20:01:59.123805+00:00,counter,marketdata.update.applied,1,"{""market"":""BTC-SYNTH""}"
2026-10-04T20:01:59.123834+00:00,counter,marketdata.update.applied,1,"{""market"":""BTC-SYNTH""}"
2026-10-04T20:01:59.123861+00:00,counter,marketdata.update.applied,1,"{""market"":""BTC-SYNTH""}"
2026-10-04T20:01:59.123890+00:00,counter,marketdata.update.applied,1,"{""market"":""BTC-SYNTH""}"
2026-10-04T20:01:59.123918+00:00,counter,marketdata.update.applied,1,"{""market"":""BTC-SYNTH""}"
2026-10-04T20:01:59.123947+00:00,counter,marketdata.update.applied,1,"{""market"":""BTC-SYNTH""}"
2026-10-04T20:01:59.123974+00:00,counter,marketdata.update.applied,1,"{""market"":""BTC-SYNTH""}"
2026-10-04T20:01:59.124005+00:00,counter,marketdata.update.applied,1,"{""market"":""BTC-SYNTH""}"
2026-10-04T20:01:59.124032+00:00,counter,marketdata.update.applied,1,"{""market"":""BTC-SYNTH""}"
2026-10-04T20:01:59.124061+00:00,counter,marketdata.update.applied,1,"{""market"":""BTC-SYNTH""}"
2026-10-04T20:01:59.124087+00:00,counter,marketdata.update.applied,1,"{""market"":""BTC-SYNTH""}"
2026-10-04T20:01:59.124117+00:00,counter,marketdata.update.applied,1,"{""market"":""BTC-SYNTH""}"
2026-10-04T20:01:59.124144+00:00,counter,marketdata.update.applied,1,"{""market"":""BTC-SYNTH""}"
2026-10-04T20:01:59.124172+00:00,counter,marketdata.update.applied,1,"{""market"":""BTC-SYNTH""}"
2026-10-04T20:01:59.124199+00:00,counter,marketdata.update.applied,1,"{""market"":""BTC-SYNTH""}"
2026-10-04T20:01:59.124231+00:00,counter,marketdata.update.applied,1,"{""market"":""BTC-SYNTH""}"
2026-10-04T20:01:59.124292+00:00,counter,marketdata.update.applied,1,"{""market"":""BTC-SYNTH""}"
2026-10-04T20:01:59.124784+00:00,counter,marketdata.update.applied,1,"{""market"":""BTC-SYNTH""}"
2026-10-04T20:01:59.124825+00:00,counter,marketdata.update.applied,1,"{""market"":""BTC-SYNTH""}"
2026-10-04T20:01:59.124860+00:00,counter,marketdata.update.applied,1,"{""market"":""BTC-SYNTH""}"
2026-10-04T20:01:59.124891+00:00,counter,marketdata.update.applied,1,"{""market"":""BTC-SYNTH""}"
2026-10-04T20:01:59.124924+00:00,counter,marketdata.update.applied,1,"{""market"":""BTC-SYNTH""}"
2026-10-04T20:01:59.124953+00:00,counter,marketdata.update.applied,1,"{""market"":""BTC-SYNTH""}"
2026-10-04T20:01:59.125006+00:00,counter,marketdata.update.applied,1,"{""market"":""BTC-SYNTH""}"
2026-10-04T20:01:59.125037+00:00,counter,marketdata.update.applied,1,"{""market"":""BTC-SYNTH""}"
2026-10-04T20:01:59.125069+00:00,counter,marketdata.update.applied,1,"{""market"":""BTC-SYNTH""}"
2026-10-04T20:01:59.125099+00:00,counter,marketdata.update.applied,1,"{""market"":""BTC-SYNTH""}"
2026-10-04T20:01:59.125131+00:00,counter,marketdata.update.applied,1,"{""market"":""BTC-SYNTH""}"
2026-10-04T20:01:59.125161+00:00,counter,marketdata.update.applied,1,"{""market"":""BTC-SYNTH""}"
2026-10-04T20:01:59.125192+00:00,counter,marketdata.update.applied,1,"{""market"":""BTC-SYNTH""}"
2026-10-04T20:01:59.125221+00:00,counter,marketdata.update.applied,1,"{""market"":""BTC-SYNTH""}"
2026-10-04T20:01:59.125253+00:00,counter,marketdata.update.applied,1,"{""market"":""BTC-SYNTH""}"
2026-10-04T20:01:59.125282+00:00,counter,marketdata.update.applied,1,"{""market"":""BTC-SYNTH""}"
2026-10-04T20:01:59.125340+00:00,counter,marketdata.update.applied,1,"{""market"":""BTC-SYNTH""}"
2026-10-04T20:01:59.125390+00:00,counter,marketdata.update.applied,1,"{""market"":""BTC-SYNTH""}"
2026-10-04T20:01:59.125460+00:00,counter,marketdata.update.applied,1,"{""market"":""BTC-SYNTH""}"
2026-10-04T20:01:59.125495+00:00,counter,marketdata.update.applied,1,"{""market"":""BTC-SYNTH""}"
2026-10-04T20:01:59.125531+00:00,counter,marketdata.update.applied,1,"{""market"":""BTC-SYNTH""}"
2026-10-04T20:01:59.125564+00:00,counter,marketdata.update.applied,1,"{""market"":""BTC-SYNTH""}"
2026-10-04T20:02:00.105834+00:00,counter,marketdata.snapshot.published,1,"{""market"":""BTC-SYNTH""}"
2026-10-04T20:02:00.105864+00:00,gauge,marketdata.clock_skew_seconds,-1.749444,"{""market"":""BTC-SYNTH""}"
2026-10-04T20:02:00.105873+00:00,gauge,marketdata.coverage_ratio,1.0,"{""market"":""BTC-SYNTH""}"
2026-10-04T20:02:00.105879+00:00,gauge,marketdata.max_age_seconds,3601.825514,"{""market"":""BTC-SYNTH""}"
2026-10-04T20:02:00.105887+00:00,counter,pipeline.heartbeat.emitted,1,"{""market"":""BTC-SYNTH""}"
2026-10-04T20:02:00.105897+00:00,counter,bus.published,1,"{""topic"":""snapshot.BTC-SYNTH""}"
2026-10-04T20:02:00.128139+00:00,counter,marketdata.update.applied,1,"{""market"":""BTC-SYNTH""}"
2026-10-04T20:02:00.128218+00:00,counter,marketdata.update.applied,1,"{""market"":""BTC-SYNTH""}"
2026-10-04T20:02:00.128255+00:00,counter,marketdata.update.applied,1,"{""market"":""BTC-SYNTH""}"
2026-10-04T20:02:00.128284+00:00,counter,marketdata.update.applied,1,"{""market"":""BTC-SYNTH""}"
2026-10-04T20:02:00.128312+00:00,counter,marketdata.update.applied,1,"{""market"":""BTC-SYNTH""}"
2026-10-04T20:02:00.128338+00:00,counter,marketdata.update.applied,1,"{""market"":""BTC-SYNTH""}"
2026-10-04T20:02:00.128365+00:00,counter,marketdata.update.applied,1,"{""market"":""BTC-SYNTH""}"
2026-10-04T20:02:00.128388+00:00,counter,marketdata.update.applied,1,"{""market"":""BTC-SYNTH""}"
2026-10-04T20:02:00.128414+00:00,counter,marketdata.update.applied,1,"{""market"":""BTC-SYNTH""}"
2026-10-04T20:02:00.128436+00:00,counter,marketdata.update.applied,1,"{""market"":""BTC-SYNTH""}"
2026-10-04T20:02:00.128462+00:00,counter,marketdata.update.applied,1,"{""market"":""BTC-SYNTH""}"
2026-10-04T20:02:00.128486+00:00,counter,marketdata.update.applied,1,"{""market"":""BTC-SYNTH""}"
2026-10-04T20:02:00.128510+00:00,counter,marketdata.update.applied,1,"{""market"":""BTC-SYNTH""}"
2026-10-04T20:02:00.128532+00:00,counter,marketdata.update.applied,1,"{""market"":""BTC-SYNTH""}"
2026-10-04T20:02:00.128557+00:00,counter,marketdata.update.applied,1,"{""market"":""BTC-SYNTH""}"
2026-10-04T20:02:00.128580+00:00,counter,marketdata.update.applied,1,"{""market"":""BTC-SYNTH""}"
2026-10-04T20:02:00.128606+00:00,counter,marketdata.update.applied,1,"{""market"":""BTC-SYNTH""}"
2026-10-04T20:02:00.128645+00:00,counter,marketdata.update.applied,1,"{""market"":""BTC-SYNTH""}"
2026-10-04T20:02:00.128671+00:00,counter,marketdata.update.applied,1,"{""market"":""BTC-SYNTH""}"
2026-10-04T20:02:00.128693+00:00,counter,marketdata.update.applied,1,"{""market"":""BTC-SYNTH""}"
2026-10-04T20:02:00.128718+00:00,counter,marketdata.update.applied,1,"{""market"":""BTC-SYNTH""}"
2026-10-04T20:02:00.128743+00:00,counter,marketdata.update.applied,1,"{""market"":""BTC-SYNTH""}"
2026-10-04T20:02:00.128768+00:00,counter,marketdata.update.applied,1,"{""market"":""BTC-SYNTH""}"
2026-10-04T20:02:00.128790+00:00,counter,marketdata.update.applied,1,"{""market"":""BTC-SYNTH""}"
2026-10-04T20:02:00.128814+00:00,counter,marketdata.update.applied,1,"{""market"":""BTC-SYNTH""}"
2026-10-04T20:02:00.128836+00:00,counter,marketdata.update.applied,1,"{""market"":""BTC-SYNTH""}"
2026-10-04T20:02:00.128860+00:00,counter,marketdata.update.applied,1,"{""market"":""BTC-SYNTH""}"
2026-10-04T20:02:00.128882+00:00,counter,marketdata.update.applied,1,"{""market"":""BTC-SYNTH""}"
2026-10-04T20:02:00.128905+00:00,counter,marketdata.update.applied,1,"{""market"":""BTC-SYNTH""}"
2026-10-04T20:02:00.128926+00:00,counter,marketdata.update.applied,1,"{""market"":""BTC-SYNTH""}"
2026-10-04T20:02:00.128976+00:00,counter,marketdata.update.applied,1,"{""market"":""BTC-SYNTH""}"
2026-10-04T20:02:00.129002+00:00,counter,marketdata.update.applied,1,"{""market"":""BTC-SYNTH""}"
2026-10-04T20:02:00.129026+00:00,counter,marketdata.update.applied,1,"{""market"":""BTC-SYNTH""}"
2026-10-04T20:02:00.129049+00:00,counter,marketdata.update.applied,1,"{""market"":""BTC-SYNTH""}"
2026-10-04T20:02:00.129073+00:00,counter,marketdata.update.applied,1,"{""market"":""BTC-SYNTH""}"
2026-10-04T20:02:00.129094+00:00,counter,marketdata.update.applied,1,"{""market"":""BTC-SYNTH""}"
2026-10-04T20:02:00.129117+00:00,counter,marketdata.update.applied,1,"{""market"":""BTC-SYNTH""}"
2026-10-04T20:02:00.129139+00:00,counter,marketdata.update.applied,1,"{""market"":""BTC-SYNTH""}"
2026-10-04T20:02:00.129163+00:00,counter,marketdata.update.applied,1,"{""market"":""BTC-SYNTH""}"
2026-10-04T20:02:00.129184+00:00,counter,marketdata.update.applied,1,"{""market"":""BTC-SYNTH""}"
2026-10-04T20:02:00.129206+00:00,counter,marketdata.update.applied,1,"{""market"":""BTC-SYNTH""}"
2026-10-04T20:02:00.129227+00:00,counter,marketdata.update.applied,1,"{""market"":""BTC-SYNTH""}"
2026-10-04T20:02:00.129251+00:00,counter,marketdata.update.applied,1,"{""market"":""BTC-SYNTH""}"
2026-10-04T20:02:00.129272+00:00,counter,marketdata.update.applied,1,"{""market"":""BTC-SYNTH""}"
2026-10-04T20:02:00.129297+00:00,counter,marketdata.update.applied,1,"{""market"":""BTC-SYNTH""}"
2026-10-04T20:02:00.129318+00:00,counter,marketdata.update.applied,1,"{""market"":""BTC-SYNTH""}"
2026-10-04T20:02:00.129341+00:00,counter,marketdata.update.applied,1,"{""market"":""BTC-SYNTH""}"
2026-10-04T20:02:00.129362+00:00,counter,marketdata.update.applied,1,"{""market"":""BTC-SYNTH""}"
2026-10-04T20:02:00.129385+00:00,counter,marketdata.update.applied,1,"{""market"":""BTC-SYNTH""}"
2026-10-04T20:02:00.129407+00:00,counter,marketdata.update.applied,1,"{""market"":""BTC-SYNTH""}"
2026-10-04T20:02:00.129430+00:00,counter,marketdata.update.applied,1,"{""market"":""BTC-SYNTH""}"
2026-10-04T20:02:00.129451+00:00,counter,marketdata.update.applied,1,"{""market"":""BTC-SYNTH""}"
2026-10-04T20:02:00.129474+00:00,counter,marketdata.update.applied,1,"{""market"":""BTC-SYNTH""}"
2026-10-04T20:02:00.129504+00:00,counter,marketdata.update.applied,1,"{""market"":""BTC-SYNTH""}"
2026-10-04T20:02:00.129528+00:00,counter,marketdata.update.applied,1,"{""market"":""BTC-SYNTH""}"
2026-10-04T20:02:00.129564+00:00,counter,marketdata.update.applied,1,"{""market"":""BTC-SYNTH""}"
2026-10-04T20:02:00.129683+00:00,counter,marketdata.update.applied,1,"{""market"":""BTC-SYNTH""}"
2026-10-04T20:02:00.129714+00:00,counter,marketdata.update.applied,1,"{""market"":""BTC-SYNTH""}"
2026-10-04T20:02:00.129740+00:00,counter,marketdata.update.applied,1,"{""market"":""BTC-SYNTH""}"
2026-10-04T20:02:00.129763+00:00,counter,marketdata.update.applied,1,"{""market"":""BTC-SYNTH""}"
2026-10-04T20:02:00.129787+00:00,counter,marketdata.update.applied,1,"{""market"":""BTC-SYNTH""}"
2026-10-04T20:02:00.129809+00:00,counter,marketdata.update.applied,1,"{""market"":""BTC-SYNTH""}"
2026-10-04T20:02:00.129838+00:00,counter,marketdata.update.applied,1,"{""market"":""BTC-SYNTH""}"
2026-10-04T20:02:00.129860+00:00,counter,marketdata.update.applied,1,"{""market"":""BTC-SYNTH""}"
2026-10-04T20:02:00.129883+00:00,counter,marketdata.update.applied,1,"{""market"":""BTC-SYNTH""}"
2026-10-04T20:02:00.129904+00:00,counter,marketdata.update.applied,1,"{""market"":""BTC-SYNTH""}"
2026-10-04T20:02:00.156504+00:00,gauge,pricing.slices.attempted,3.0,"{""market"":""BTC-SYNTH"",""producer"":""svi-scipy""}"
2026-10-04T20:02:00.156655+00:00,gauge,pricing.slices.accepted,2.0,"{""market"":""BTC-SYNTH"",""producer"":""svi-scipy""}"
2026-10-04T20:02:00.156668+00:00,counter,pricing.slice.not_converged,1,"{""market"":""BTC-SYNTH"",""producer"":""svi-scipy""}"
2026-10-04T20:02:00.156750+00:00,gauge,pricing.rmse_vol_bp,29.936740464729663,"{""market"":""BTC-SYNTH"",""producer"":""svi-scipy""}"
2026-10-04T20:02:00.156772+00:00,timing,pricing.cycle_ms,1052.5500000000002,"{""market"":""BTC-SYNTH"",""producer"":""svi-scipy""}"
2026-10-04T20:02:00.157155+00:00,counter,bus.published,1,"{""topic"":""surface.BTC-SYNTH.svi-scipy""}"
2026-10-04T20:02:00.157195+00:00,counter,runner.handled,1,"{""subscriber"":""svi-scipy@BTC-SYNTH""}"
2026-10-04T20:02:00.157401+00:00,counter,risk.surface.received,1,"{""market"":""BTC-SYNTH"",""producer"":""svi-scipy"",""status"":""DEGRADED""}"
2026-10-04T20:02:00.157453+00:00,timing,risk.surface.snapshot_to_surface_ms,2800.837,"{""market"":""BTC-SYNTH"",""producer"":""svi-scipy""}"
2026-10-04T20:02:00.157478+00:00,timing,risk.surface.delivery_lag_ms,0.9790000000000001,"{""market"":""BTC-SYNTH"",""producer"":""svi-scipy""}"
2026-10-04T20:02:00.157503+00:00,gauge,risk.surface_age_seconds,2.801837,"{""market"":""BTC-SYNTH"",""producer"":""svi-scipy""}"
2026-10-04T20:02:00.157516+00:00,counter,risk.report.freshness,1,"{""decision"":""NORMAL"",""market"":""BTC-SYNTH"",""producer"":""svi-scipy""}"
2026-10-04T20:02:00.157583+00:00,gauge,risk.surface_age_seconds,3.801751,"{""market"":""BTC-SYNTH"",""producer"":""mlp-torch""}"
2026-10-04T20:02:00.157596+00:00,counter,risk.report.freshness,1,"{""decision"":""NORMAL"",""market"":""BTC-SYNTH"",""producer"":""mlp-torch""}"
2026-10-04T20:02:00.157758+00:00,gauge,risk.comparison.value_diff,3649.725151969804,"{""baseline"":""svi-scipy"",""challenger"":""mlp-torch"",""market"":""BTC-SYNTH""}"
2026-10-04T20:02:00.157774+00:00,gauge,risk.comparison.distance_rms_vol_bp,58.3778791248628,"{""baseline"":""svi-scipy"",""challenger"":""mlp-torch"",""market"":""BTC-SYNTH""}"
2026-10-04T20:02:00.157787+00:00,gauge,risk.comparison.distance_max_vol_bp,231.3992605683657,"{""baseline"":""svi-scipy"",""challenger"":""mlp-torch"",""market"":""BTC-SYNTH""}"
2026-10-04T20:02:00.157809+00:00,gauge,risk.surface_age_seconds,2.802147,"{""market"":""BTC-SYNTH"",""producer"":""svi-scipy""}"
2026-10-04T20:02:00.157820+00:00,counter,risk.report.freshness,1,"{""decision"":""NORMAL"",""market"":""BTC-SYNTH"",""producer"":""svi-scipy""}"
2026-10-04T20:02:00.157849+00:00,counter,runner.handled,1,"{""subscriber"":""risk-svi-scipy@BTC-SYNTH""}"
2026-10-04T20:02:00.278275+00:00,gauge,pricing.slices.attempted,3.0,"{""market"":""BTC-SYNTH"",""producer"":""svi-scipy""}"
2026-10-04T20:02:00.278306+00:00,gauge,pricing.slices.accepted,3.0,"{""market"":""BTC-SYNTH"",""producer"":""svi-scipy""}"
2026-10-04T20:02:00.278383+00:00,gauge,pricing.rmse_vol_bp,37.007676401102465,"{""market"":""BTC-SYNTH"",""producer"":""svi-scipy""}"
2026-10-04T20:02:00.278395+00:00,timing,pricing.cycle_ms,120.174,"{""market"":""BTC-SYNTH"",""producer"":""svi-scipy""}"
2026-10-04T20:02:00.278649+00:00,counter,bus.published,1,"{""topic"":""surface.BTC-SYNTH.svi-scipy""}"
2026-10-04T20:02:00.278696+00:00,counter,runner.handled,1,"{""subscriber"":""svi-scipy@BTC-SYNTH""}"
2026-10-04T20:02:00.278884+00:00,counter,risk.surface.received,1,"{""market"":""BTC-SYNTH"",""producer"":""svi-scipy"",""status"":""OK""}"
2026-10-04T20:02:00.278915+00:00,timing,risk.surface.snapshot_to_surface_ms,1922.303,"{""market"":""BTC-SYNTH"",""producer"":""svi-scipy""}"
2026-10-04T20:02:00.278937+00:00,timing,risk.surface.delivery_lag_ms,0.6679999999999999,"{""market"":""BTC-SYNTH"",""producer"":""svi-scipy""}"
2026-10-04T20:02:00.278964+00:00,gauge,risk.surface_age_seconds,1.922993,"{""market"":""BTC-SYNTH"",""producer"":""svi-scipy""}"
2026-10-04T20:02:00.278979+00:00,counter,risk.report.freshness,1,"{""decision"":""NORMAL"",""market"":""BTC-SYNTH"",""producer"":""svi-scipy""}"
2026-10-04T20:02:00.279049+00:00,gauge,risk.surface_age_seconds,3.923216,"{""market"":""BTC-SYNTH"",""producer"":""mlp-torch""}"
2026-10-04T20:02:00.279064+00:00,counter,risk.report.freshness,1,"{""decision"":""NORMAL"",""market"":""BTC-SYNTH"",""producer"":""mlp-torch""}"
2026-10-04T20:02:00.279311+00:00,gauge,risk.comparison.value_diff,69.08157362922793,"{""baseline"":""svi-scipy"",""challenger"":""mlp-torch"",""market"":""BTC-SYNTH""}"
2026-10-04T20:02:00.279329+00:00,gauge,risk.comparison.distance_rms_vol_bp,120.82643024673551,"{""baseline"":""svi-scipy"",""challenger"":""mlp-torch"",""market"":""BTC-SYNTH""}"
2026-10-04T20:02:00.279344+00:00,gauge,risk.comparison.distance_max_vol_bp,522.0576397549193,"{""baseline"":""svi-scipy"",""challenger"":""mlp-torch"",""market"":""BTC-SYNTH""}"
2026-10-04T20:02:00.279364+00:00,gauge,risk.surface_age_seconds,1.923397,"{""market"":""BTC-SYNTH"",""producer"":""svi-scipy""}"
2026-10-04T20:02:00.279376+00:00,counter,risk.report.freshness,1,"{""decision"":""NORMAL"",""market"":""BTC-SYNTH"",""producer"":""svi-scipy""}"
2026-10-04T20:02:00.279411+00:00,counter,runner.handled,1,"{""subscriber"":""risk-svi-scipy@BTC-SYNTH""}"
2026-10-04T20:02:00.284933+00:00,gauge,neural.butterfly_violation,0.0,"{""market"":""BTC-SYNTH""}"
2026-10-04T20:02:00.284960+00:00,gauge,neural.calendar_violation,0.0,"{""market"":""BTC-SYNTH""}"
2026-10-04T20:02:00.285747+00:00,gauge,neural.rmse_vol_bp,47.496065629183086,"{""market"":""BTC-SYNTH"",""producer"":""mlp-torch""}"
2026-10-04T20:02:00.286009+00:00,counter,bus.published,1,"{""topic"":""surface.BTC-SYNTH.mlp-torch""}"
2026-10-04T20:02:00.286046+00:00,counter,runner.handled,1,"{""subscriber"":""mlp-torch@BTC-SYNTH""}"
2026-10-04T20:02:00.286237+00:00,counter,risk.surface.received,1,"{""market"":""BTC-SYNTH"",""producer"":""mlp-torch"",""status"":""OK""}"
2026-10-04T20:02:00.286261+00:00,timing,risk.surface.snapshot_to_surface_ms,2928.62,"{""market"":""BTC-SYNTH"",""producer"":""mlp-torch""}"
2026-10-04T20:02:00.286278+00:00,timing,risk.surface.delivery_lag_ms,1.997,"{""market"":""BTC-SYNTH"",""producer"":""mlp-torch""}"
2026-10-04T20:02:00.286299+00:00,gauge,risk.surface_age_seconds,1.93033,"{""market"":""BTC-SYNTH"",""producer"":""svi-scipy""}"
2026-10-04T20:02:00.286312+00:00,counter,risk.report.freshness,1,"{""decision"":""NORMAL"",""market"":""BTC-SYNTH"",""producer"":""svi-scipy""}"
2026-10-04T20:02:00.286366+00:00,gauge,risk.surface_age_seconds,2.930703,"{""market"":""BTC-SYNTH"",""producer"":""mlp-torch""}"
2026-10-04T20:02:00.286378+00:00,counter,risk.report.freshness,1,"{""decision"":""NORMAL"",""market"":""BTC-SYNTH"",""producer"":""mlp-torch""}"
2026-10-04T20:02:00.286572+00:00,gauge,risk.comparison.value_diff,59.469736083960015,"{""baseline"":""svi-scipy"",""challenger"":""mlp-torch"",""market"":""BTC-SYNTH""}"
2026-10-04T20:02:00.286588+00:00,gauge,risk.comparison.distance_rms_vol_bp,113.10795562215363,"{""baseline"":""svi-scipy"",""challenger"":""mlp-torch"",""market"":""BTC-SYNTH""}"
2026-10-04T20:02:00.286601+00:00,gauge,risk.comparison.distance_max_vol_bp,485.84300007697425,"{""baseline"":""svi-scipy"",""challenger"":""mlp-torch"",""market"":""BTC-SYNTH""}"
2026-10-04T20:02:00.286703+00:00,gauge,risk.surface_age_seconds,2.931037,"{""market"":""BTC-SYNTH"",""producer"":""mlp-torch""}"
2026-10-04T20:02:00.286721+00:00,counter,risk.report.freshness,1,"{""decision"":""NORMAL"",""market"":""BTC-SYNTH"",""producer"":""mlp-torch""}"
2026-10-04T20:02:00.286769+00:00,counter,runner.handled,1,"{""subscriber"":""risk-mlp-torch@BTC-SYNTH""}"
2026-10-04T20:02:00.287637+00:00,gauge,neural.buffer.size,364.0,"{""market"":""BTC-SYNTH""}"
2026-10-04T20:02:00.287677+00:00,gauge,neural.buffer.cell_coverage,1.0,"{""market"":""BTC-SYNTH""}"
2026-10-04T20:02:01.109325+00:00,counter,marketdata.snapshot.published,1,"{""market"":""BTC-SYNTH""}"
2026-10-04T20:02:01.109354+00:00,gauge,marketdata.clock_skew_seconds,-1.753056,"{""market"":""BTC-SYNTH""}"
2026-10-04T20:02:01.109362+00:00,gauge,marketdata.coverage_ratio,0.9848484848484849,"{""market"":""BTC-SYNTH""}"
2026-10-04T20:02:01.109368+00:00,gauge,marketdata.max_age_seconds,3601.760777,"{""market"":""BTC-SYNTH""}"
2026-10-04T20:02:01.109382+00:00,counter,pipeline.heartbeat.emitted,1,"{""market"":""BTC-SYNTH""}"
2026-10-04T20:02:01.109393+00:00,counter,bus.published,1,"{""topic"":""snapshot.BTC-SYNTH""}"
2026-10-04T20:02:01.131179+00:00,counter,marketdata.update.applied,1,"{""market"":""BTC-SYNTH""}"
2026-10-04T20:02:01.131215+00:00,counter,marketdata.update.applied,1,"{""market"":""BTC-SYNTH""}"
2026-10-04T20:02:01.131235+00:00,counter,marketdata.update.applied,1,"{""market"":""BTC-SYNTH""}"
2026-10-04T20:02:01.131249+00:00,counter,marketdata.update.applied,1,"{""market"":""BTC-SYNTH""}"
2026-10-04T20:02:01.131263+00:00,counter,marketdata.update.applied,1,"{""market"":""BTC-SYNTH""}"
2026-10-04T20:02:01.131275+00:00,counter,marketdata.update.applied,1,"{""market"":""BTC-SYNTH""}"
2026-10-04T20:02:01.131289+00:00,counter,marketdata.update.applied,1,"{""market"":""BTC-SYNTH""}"
2026-10-04T20:02:01.131300+00:00,counter,marketdata.update.applied,1,"{""market"":""BTC-SYNTH""}"
2026-10-04T20:02:01.131313+00:00,counter,marketdata.update.applied,1,"{""market"":""BTC-SYNTH""}"
2026-10-04T20:02:01.131323+00:00,counter,marketdata.update.applied,1,"{""market"":""BTC-SYNTH""}"
2026-10-04T20:02:01.131335+00:00,counter,marketdata.update.applied,1,"{""market"":""BTC-SYNTH""}"
2026-10-04T20:02:01.131345+00:00,counter,marketdata.update.applied,1,"{""market"":""BTC-SYNTH""}"
2026-10-04T20:02:01.131356+00:00,counter,marketdata.update.applied,1,"{""market"":""BTC-SYNTH""}"
2026-10-04T20:02:01.131366+00:00,counter,marketdata.update.applied,1,"{""market"":""BTC-SYNTH""}"
2026-10-04T20:02:01.131377+00:00,counter,marketdata.update.applied,1,"{""market"":""BTC-SYNTH""}"
2026-10-04T20:02:01.131387+00:00,counter,marketdata.update.applied,1,"{""market"":""BTC-SYNTH""}"
2026-10-04T20:02:01.131397+00:00,counter,marketdata.update.applied,1,"{""market"":""BTC-SYNTH""}"
2026-10-04T20:02:01.131408+00:00,counter,marketdata.update.applied,1,"{""market"":""BTC-SYNTH""}"
2026-10-04T20:02:01.131420+00:00,counter,marketdata.update.applied,1,"{""market"":""BTC-SYNTH""}"
2026-10-04T20:02:01.131431+00:00,counter,marketdata.update.applied,1,"{""market"":""BTC-SYNTH""}"
2026-10-04T20:02:01.131442+00:00,counter,marketdata.update.applied,1,"{""market"":""BTC-SYNTH""}"
2026-10-04T20:02:01.131453+00:00,counter,marketdata.update.applied,1,"{""market"":""BTC-SYNTH""}"
2026-10-04T20:02:01.131465+00:00,counter,marketdata.update.applied,1,"{""market"":""BTC-SYNTH""}"
2026-10-04T20:02:01.131476+00:00,counter,marketdata.update.applied,1,"{""market"":""BTC-SYNTH""}"
2026-10-04T20:02:01.131488+00:00,counter,marketdata.update.applied,1,"{""market"":""BTC-SYNTH""}"
2026-10-04T20:02:01.131498+00:00,counter,marketdata.update.applied,1,"{""market"":""BTC-SYNTH""}"
2026-10-04T20:02:01.131510+00:00,counter,marketdata.update.applied,1,"{""market"":""BTC-SYNTH""}"
2026-10-04T20:02:01.131521+00:00,counter,marketdata.update.applied,1,"{""market"":""BTC-SYNTH""}"
2026-10-04T20:02:01.131532+00:00,counter,marketdata.update.applied,1,"{""market"":""BTC-SYNTH""}"
2026-10-04T20:02:01.131673+00:00,counter,marketdata.update.applied,1,"{""market"":""BTC-SYNTH""}"
2026-10-04T20:02:01.131695+00:00,counter,marketdata.update.applied,1,"{""market"":""BTC-SYNTH""}"
2026-10-04T20:02:01.131708+00:00,counter,marketdata.update.applied,1,"{""market"":""BTC-SYNTH""}"
2026-10-04T20:02:01.131720+00:00,counter,marketdata.update.applied,1,"{""market"":""BTC-SYNTH""}"
2026-10-04T20:02:01.131732+00:00,counter,marketdata.update.applied,1,"{""market"":""BTC-SYNTH""}"
2026-10-04T20:02:01.131745+00:00,counter,marketdata.update.applied,1,"{""market"":""BTC-SYNTH""}"
2026-10-04T20:02:01.131755+00:00,counter,marketdata.update.applied,1,"{""market"":""BTC-SYNTH""}"
2026-10-04T20:02:01.131766+00:00,counter,marketdata.update.applied,1,"{""market"":""BTC-SYNTH""}"
2026-10-04T20:02:01.131776+00:00,counter,marketdata.update.applied,1,"{""market"":""BTC-SYNTH""}"
2026-10-04T20:02:01.131788+00:00,counter,marketdata.update.applied,1,"{""market"":""BTC-SYNTH""}"
2026-10-04T20:02:01.131799+00:00,counter,marketdata.update.applied,1,"{""market"":""BTC-SYNTH""}"
2026-10-04T20:02:01.131810+00:00,counter,marketdata.update.applied,1,"{""market"":""BTC-SYNTH""}"
2026-10-04T20:02:01.131820+00:00,counter,marketdata.update.applied,1,"{""market"":""BTC-SYNTH""}"
2026-10-04T20:02:01.131832+00:00,counter,marketdata.update.applied,1,"{""market"":""BTC-SYNTH""}"
2026-10-04T20:02:01.131842+00:00,counter,marketdata.update.applied,1,"{""market"":""BTC-SYNTH""}"
2026-10-04T20:02:01.131856+00:00,counter,marketdata.update.applied,1,"{""market"":""BTC-SYNTH""}"
2026-10-04T20:02:01.131866+00:00,counter,marketdata.update.applied,1,"{""market"":""BTC-SYNTH""}"
2026-10-04T20:02:01.131879+00:00,counter,marketdata.update.applied,1,"{""market"":""BTC-SYNTH""}"
2026-10-04T20:02:01.131890+00:00,counter,marketdata.update.applied,1,"{""market"":""BTC-SYNTH""}"
2026-10-04T20:02:01.131901+00:00,counter,marketdata.update.applied,1,"{""market"":""BTC-SYNTH""}"
2026-10-04T20:02:01.131911+00:00,counter,marketdata.update.applied,1,"{""market"":""BTC-SYNTH""}"
2026-10-04T20:02:01.131923+00:00,counter,marketdata.update.applied,1,"{""market"":""BTC-SYNTH""}"
2026-10-04T20:02:01.131934+00:00,counter,marketdata.update.applied,1,"{""market"":""BTC-SYNTH""}"
2026-10-04T20:02:01.131945+00:00,counter,marketdata.update.applied,1,"{""market"":""BTC-SYNTH""}"
2026-10-04T20:02:01.131967+00:00,counter,marketdata.update.applied,1,"{""market"":""BTC-SYNTH""}"
2026-10-04T20:02:01.131980+00:00,counter,marketdata.update.applied,1,"{""market"":""BTC-SYNTH""}"
2026-10-04T20:02:01.131995+00:00,counter,marketdata.update.applied,1,"{""market"":""BTC-SYNTH""}"
2026-10-04T20:02:01.132006+00:00,counter,marketdata.update.applied,1,"{""market"":""BTC-SYNTH""}"
2026-10-04T20:02:01.132016+00:00,counter,marketdata.update.applied,1,"{""market"":""BTC-SYNTH""}"
2026-10-04T20:02:01.132027+00:00,counter,marketdata.update.applied,1,"{""market"":""BTC-SYNTH""}"
2026-10-04T20:02:01.132037+00:00,counter,marketdata.update.applied,1,"{""market"":""BTC-SYNTH""}"
2026-10-04T20:02:01.132047+00:00,counter,marketdata.update.applied,1,"{""market"":""BTC-SYNTH""}"
2026-10-04T20:02:01.132057+00:00,counter,marketdata.update.applied,1,"{""market"":""BTC-SYNTH""}"
2026-10-04T20:02:01.132068+00:00,counter,marketdata.update.applied,1,"{""market"":""BTC-SYNTH""}"
2026-10-04T20:02:01.132115+00:00,counter,marketdata.update.applied,1,"{""market"":""BTC-SYNTH""}"
2026-10-04T20:02:01.132131+00:00,counter,marketdata.update.applied,1,"{""market"":""BTC-SYNTH""}"
2026-10-04T20:02:01.132146+00:00,counter,marketdata.update.applied,1,"{""market"":""BTC-SYNTH""}"
2026-10-04T20:02:01.580531+00:00,gauge,pricing.slices.attempted,3.0,"{""market"":""BTC-SYNTH"",""producer"":""svi-scipy""}"
2026-10-04T20:02:01.580556+00:00,gauge,pricing.slices.accepted,3.0,"{""market"":""BTC-SYNTH"",""producer"":""svi-scipy""}"
2026-10-04T20:02:01.580620+00:00,gauge,pricing.rmse_vol_bp,38.10103709336919,"{""market"":""BTC-SYNTH"",""producer"":""svi-scipy""}"
2026-10-04T20:02:01.580627+00:00,timing,pricing.cycle_ms,471.001,"{""market"":""BTC-SYNTH"",""producer"":""svi-scipy""}"
2026-10-04T20:02:01.582066+00:00,counter,bus.published,1,"{""topic"":""surface.BTC-SYNTH.svi-scipy""}"
2026-10-04T20:02:01.582142+00:00,counter,runner.handled,1,"{""subscriber"":""svi-scipy@BTC-SYNTH""}"
2026-10-04T20:02:01.582229+00:00,counter,risk.surface.received,1,"{""market"":""BTC-SYNTH"",""producer"":""svi-scipy"",""status"":""OK""}"
2026-10-04T20:02:01.582242+00:00,timing,risk.surface.snapshot_to_surface_ms,2224.7270000000003,"{""market"":""BTC-SYNTH"",""producer"":""svi-scipy""}"
2026-10-04T20:02:01.582250+00:00,timing,risk.surface.delivery_lag_ms,1.7260000000000002,"{""market"":""BTC-SYNTH"",""producer"":""svi-scipy""}"
2026-10-04T20:02:01.582264+00:00,gauge,risk.surface_age_seconds,2.226463,"{""market"":""BTC-SYNTH"",""producer"":""svi-scipy""}"
2026-10-04T20:02:01.582271+00:00,counter,risk.report.freshness,1,"{""decision"":""NORMAL"",""market"":""BTC-SYNTH"",""producer"":""svi-scipy""}"
2026-10-04T20:02:01.582308+00:00,gauge,risk.surface_age_seconds,4.226647,"{""market"":""BTC-SYNTH"",""producer"":""mlp-torch""}"
2026-10-04T20:02:01.582314+00:00,counter,risk.report.freshness,1,"{""decision"":""NORMAL"",""market"":""BTC-SYNTH"",""producer"":""mlp-torch""}"
2026-10-04T20:02:01.582450+00:00,gauge,risk.comparison.value_diff,-228.62781929098128,"{""baseline"":""svi-scipy"",""challenger"":""mlp-torch"",""market"":""BTC-SYNTH""}"
2026-10-04T20:02:01.582459+00:00,gauge,risk.comparison.distance_rms_vol_bp,166.68495064834025,"{""baseline"":""svi-scipy"",""challenger"":""mlp-torch"",""market"":""BTC-SYNTH""}"
2026-10-04T20:02:01.582465+00:00,gauge,risk.comparison.distance_max_vol_bp,926.1220570015838,"{""baseline"":""svi-scipy"",""challenger"":""mlp-torch"",""market"":""BTC-SYNTH""}"
2026-10-04T20:02:01.582475+00:00,gauge,risk.surface_age_seconds,2.226676,"{""market"":""BTC-SYNTH"",""producer"":""svi-scipy""}"
2026-10-04T20:02:01.582480+00:00,counter,risk.report.freshness,1,"{""decision"":""NORMAL"",""market"":""BTC-SYNTH"",""producer"":""svi-scipy""}"
2026-10-04T20:02:01.582498+00:00,counter,runner.handled,1,"{""subscriber"":""risk-svi-scipy@BTC-SYNTH""}"
2026-10-04T20:02:02.110796+00:00,counter,marketdata.snapshot.published,1,"{""market"":""BTC-SYNTH""}"
2026-10-04T20:02:02.110844+00:00,gauge,marketdata.clock_skew_seconds,-1.756899,"{""market"":""BTC-SYNTH""}"
2026-10-04T20:02:02.110853+00:00,gauge,marketdata.coverage_ratio,1.0,"{""market"":""BTC-SYNTH""}"
2026-10-04T20:02:02.110860+00:00,gauge,marketdata.max_age_seconds,1.853634,"{""market"":""BTC-SYNTH""}"
2026-10-04T20:02:02.110868+00:00,counter,pipeline.heartbeat.emitted,1,"{""market"":""BTC-SYNTH""}"
2026-10-04T20:02:02.110879+00:00,counter,bus.published,1,"{""topic"":""snapshot.BTC-SYNTH""}"
2026-10-04T20:02:02.110892+00:00,counter,bus.dropped,1,"{""subscriber"":""mlp-torch@BTC-SYNTH"",""topic"":""snapshot.BTC-SYNTH""}"
2026-10-04T20:02:02.133304+00:00,counter,marketdata.update.applied,1,"{""market"":""BTC-SYNTH""}"
2026-10-04T20:02:02.133338+00:00,counter,marketdata.update.applied,1,"{""market"":""BTC-SYNTH""}"
2026-10-04T20:02:02.133357+00:00,counter,marketdata.update.applied,1,"{""market"":""BTC-SYNTH""}"
2026-10-04T20:02:02.133370+00:00,counter,marketdata.update.applied,1,"{""market"":""BTC-SYNTH""}"
2026-10-04T20:02:02.133432+00:00,counter,marketdata.update.applied,1,"{""market"":""BTC-SYNTH""}"
2026-10-04T20:02:02.133455+00:00,counter,marketdata.update.applied,1,"{""market"":""BTC-SYNTH""}"
2026-10-04T20:02:02.133472+00:00,counter,marketdata.update.applied,1,"{""market"":""BTC-SYNTH""}"
2026-10-04T20:02:02.133484+00:00,counter,marketdata.update.applied,1,"{""market"":""BTC-SYNTH""}"
2026-10-04T20:02:02.133497+00:00,counter,marketdata.update.applied,1,"{""market"":""BTC-SYNTH""}"
2026-10-04T20:02:02.133509+00:00,counter,marketdata.update.applied,1,"{""market"":""BTC-SYNTH""}"
2026-10-04T20:02:02.133521+00:00,counter,marketdata.update.applied,1,"{""market"":""BTC-SYNTH""}"
2026-10-04T20:02:02.133532+00:00,counter,marketdata.update.applied,1,"{""market"":""BTC-SYNTH""}"
2026-10-04T20:02:02.133544+00:00,counter,marketdata.update.applied,1,"{""market"":""BTC-SYNTH""}"
2026-10-04T20:02:02.133555+00:00,counter,marketdata.update.applied,1,"{""market"":""BTC-SYNTH""}"
2026-10-04T20:02:02.133566+00:00,counter,marketdata.update.applied,1,"{""market"":""BTC-SYNTH""}"
2026-10-04T20:02:02.133577+00:00,counter,marketdata.update.applied,1,"{""market"":""BTC-SYNTH""}"
2026-10-04T20:02:02.133589+00:00,counter,marketdata.update.applied,1,"{""market"":""BTC-SYNTH""}"
2026-10-04T20:02:02.133599+00:00,counter,marketdata.update.applied,1,"{""market"":""BTC-SYNTH""}"
2026-10-04T20:02:02.133611+00:00,counter,marketdata.update.applied,1,"{""market"":""BTC-SYNTH""}"
2026-10-04T20:02:02.133623+00:00,counter,marketdata.update.applied,1,"{""market"":""BTC-SYNTH""}"
2026-10-04T20:02:02.133636+00:00,counter,marketdata.update.applied,1,"{""market"":""BTC-SYNTH""}"
2026-10-04T20:02:02.133647+00:00,counter,marketdata.update.applied,1,"{""market"":""BTC-SYNTH""}"
2026-10-04T20:02:02.133662+00:00,counter,marketdata.update.applied,1,"{""market"":""BTC-SYNTH""}"
2026-10-04T20:02:02.133673+00:00,counter,marketdata.update.applied,1,"{""market"":""BTC-SYNTH""}"
2026-10-04T20:02:02.133685+00:00,counter,marketdata.update.applied,1,"{""market"":""BTC-SYNTH""}"
2026-10-04T20:02:02.133695+00:00,counter,marketdata.update.applied,1,"{""market"":""BTC-SYNTH""}"
2026-10-04T20:02:02.133706+00:00,counter,marketdata.update.applied,1,"{""market"":""BTC-SYNTH""}"
2026-10-04T20:02:02.133718+00:00,counter,marketdata.update.applied,1,"{""market"":""BTC-SYNTH""}"
2026-10-04T20:02:02.133730+00:00,counter,marketdata.update.applied,1,"{""market"":""BTC-SYNTH""}"
2026-10-04T20:02:02.133741+00:00,counter,marketdata.update.applied,1,"{""market"":""BTC-SYNTH""}"
2026-10-04T20:02:02.133753+00:00,counter,marketdata.update.applied,1,"{""market"":""BTC-SYNTH""}"
2026-10-04T20:02:02.133763+00:00,counter,marketdata.update.applied,1,"{""market"":""BTC-SYNTH""}"
2026-10-04T20:02:02.133779+00:00,counter,marketdata.update.applied,1,"{""market"":""BTC-SYNTH""}"
2026-10-04T20:02:02.133789+00:00,counter,marketdata.update.applied,1,"{""market"":""BTC-SYNTH""}"
2026-10-04T20:02:02.133800+00:00,counter,marketdata.update.applied,1,"{""market"":""BTC-SYNTH""}"
2026-10-04T20:02:02.133810+00:00,counter,marketdata.update.applied,1,"{""market"":""BTC-SYNTH""}"
2026-10-04T20:02:02.133821+00:00,counter,marketdata.update.applied,1,"{""market"":""BTC-SYNTH""}"
2026-10-04T20:02:02.133831+00:00,counter,marketdata.update.applied,1,"{""market"":""BTC-SYNTH""}"
2026-10-04T20:02:02.133842+00:00,counter,marketdata.update.applied,1,"{""market"":""BTC-SYNTH""}"
2026-10-04T20:02:02.133852+00:00,counter,marketdata.update.applied,1,"{""market"":""BTC-SYNTH""}"
2026-10-04T20:02:02.133862+00:00,counter,marketdata.update.applied,1,"{""market"":""BTC-SYNTH""}"
2026-10-04T20:02:02.133872+00:00,counter,marketdata.update.applied,1,"{""market"":""BTC-SYNTH""}"
2026-10-04T20:02:02.133883+00:00,counter,marketdata.update.applied,1,"{""market"":""BTC-SYNTH""}"
2026-10-04T20:02:02.133892+00:00,counter,marketdata.update.applied,1,"{""market"":""BTC-SYNTH""}"
2026-10-04T20:02:02.133905+00:00,counter,marketdata.update.applied,1,"{""market"":""BTC-SYNTH""}"
2026-10-04T20:02:02.133915+00:00,counter,marketdata.update.applied,1,"{""market"":""BTC-SYNTH""}"
2026-10-04T20:02:02.133927+00:00,counter,marketdata.update.applied,1,"{""market"":""BTC-SYNTH""}"
2026-10-04T20:02:02.133937+00:00,counter,marketdata.update.applied,1,"{""market"":""BTC-SYNTH""}"
2026-10-04T20:02:02.133948+00:00,counter,marketdata.update.applied,1,"{""market"":""BTC-SYNTH""}"
2026-10-04T20:02:02.133958+00:00,counter,marketdata.update.applied,1,"{""market"":""BTC-SYNTH""}"
2026-10-04T20:02:02.133969+00:00,counter,marketdata.update.applied,1,"{""market"":""BTC-SYNTH""}"
2026-10-04T20:02:02.133980+00:00,counter,marketdata.update.applied,1,"{""market"":""BTC-SYNTH""}"
2026-10-04T20:02:02.133991+00:00,counter,marketdata.update.applied,1,"{""market"":""BTC-SYNTH""}"
2026-10-04T20:02:02.134001+00:00,counter,marketdata.update.applied,1,"{""market"":""BTC-SYNTH""}"
2026-10-04T20:02:02.134013+00:00,counter,marketdata.update.applied,1,"{""market"":""BTC-SYNTH""}"
2026-10-04T20:02:02.134023+00:00,counter,marketdata.update.applied,1,"{""market"":""BTC-SYNTH""}"
2026-10-04T20:02:02.134081+00:00,counter,marketdata.update.applied,1,"{""market"":""BTC-SYNTH""}"
2026-10-04T20:02:02.134096+00:00,counter,marketdata.update.applied,1,"{""market"":""BTC-SYNTH""}"
2026-10-04T20:02:02.134109+00:00,counter,marketdata.update.applied,1,"{""market"":""BTC-SYNTH""}"
2026-10-04T20:02:02.134121+00:00,counter,marketdata.update.applied,1,"{""market"":""BTC-SYNTH""}"
2026-10-04T20:02:02.134133+00:00,counter,marketdata.update.applied,1,"{""market"":""BTC-SYNTH""}"
2026-10-04T20:02:02.134143+00:00,counter,marketdata.update.applied,1,"{""market"":""BTC-SYNTH""}"
2026-10-04T20:02:02.134155+00:00,counter,marketdata.update.applied,1,"{""market"":""BTC-SYNTH""}"
2026-10-04T20:02:02.134166+00:00,counter,marketdata.update.applied,1,"{""market"":""BTC-SYNTH""}"
2026-10-04T20:02:02.134177+00:00,counter,marketdata.update.applied,1,"{""market"":""BTC-SYNTH""}"
2026-10-04T20:02:02.134186+00:00,counter,marketdata.update.applied,1,"{""market"":""BTC-SYNTH""}"
2026-10-04T20:02:02.541923+00:00,gauge,pricing.slices.attempted,3.0,"{""market"":""BTC-SYNTH"",""producer"":""svi-scipy""}"
2026-10-04T20:02:02.541954+00:00,gauge,pricing.slices.accepted,3.0,"{""market"":""BTC-SYNTH"",""producer"":""svi-scipy""}"
2026-10-04T20:02:02.542031+00:00,gauge,pricing.rmse_vol_bp,34.26370333139678,"{""market"":""BTC-SYNTH"",""producer"":""svi-scipy""}"
2026-10-04T20:02:02.542042+00:00,timing,pricing.cycle_ms,430.88300000000004,"{""market"":""BTC-SYNTH"",""producer"":""svi-scipy""}"
2026-10-04T20:02:02.542369+00:00,counter,bus.published,1,"{""topic"":""surface.BTC-SYNTH.svi-scipy""}"
2026-10-04T20:02:02.542404+00:00,counter,runner.handled,1,"{""subscriber"":""svi-scipy@BTC-SYNTH""}"
2026-10-04T20:02:02.542511+00:00,counter,risk.surface.received,1,"{""market"":""BTC-SYNTH"",""producer"":""svi-scipy"",""status"":""OK""}"
2026-10-04T20:02:02.542533+00:00,timing,risk.surface.snapshot_to_surface_ms,2188.549,"{""market"":""BTC-SYNTH"",""producer"":""svi-scipy""}"
2026-10-04T20:02:02.542543+00:00,timing,risk.surface.delivery_lag_ms,0.628,"{""market"":""BTC-SYNTH"",""producer"":""svi-scipy""}"
2026-10-04T20:02:02.542558+00:00,gauge,risk.surface_age_seconds,2.189188,"{""market"":""BTC-SYNTH"",""producer"":""svi-scipy""}"
2026-10-04T20:02:02.542566+00:00,counter,risk.report.freshness,1,"{""decision"":""NORMAL"",""market"":""BTC-SYNTH"",""producer"":""svi-scipy""}"
2026-10-04T20:02:02.542613+00:00,gauge,risk.surface_age_seconds,5.186952,"{""market"":""BTC-SYNTH"",""producer"":""mlp-torch""}"
2026-10-04T20:02:02.542619+00:00,counter,risk.report.freshness,1,"{""decision"":""NORMAL"",""market"":""BTC-SYNTH"",""producer"":""mlp-torch""}"
2026-10-04T20:02:02.542781+00:00,gauge,risk.comparison.value_diff,-112.44727398552277,"{""baseline"":""svi-scipy"",""challenger"":""mlp-torch"",""market"":""BTC-SYNTH""}"
2026-10-04T20:02:02.542791+00:00,gauge,risk.comparison.distance_rms_vol_bp,59.80959579164248,"{""baseline"":""svi-scipy"",""challenger"":""mlp-torch"",""market"":""BTC-SYNTH""}"
2026-10-04T20:02:02.542799+00:00,gauge,risk.comparison.distance_max_vol_bp,220.36352198047672,"{""baseline"":""svi-scipy"",""challenger"":""mlp-torch"",""market"":""BTC-SYNTH""}"
2026-10-04T20:02:02.542809+00:00,gauge,risk.surface_age_seconds,2.189443,"{""market"":""BTC-SYNTH"",""producer"":""svi-scipy""}"
2026-10-04T20:02:02.542815+00:00,counter,risk.report.freshness,1,"{""decision"":""NORMAL"",""market"":""BTC-SYNTH"",""producer"":""svi-scipy""}"
2026-10-04T20:02:02.542834+00:00,counter,runner.handled,1,"{""subscriber"":""risk-svi-scipy@BTC-SYNTH""}"
2026-10-04T20:02:03.114159+00:00,counter,marketdata.snapshot.published,1,"{""market"":""BTC-SYNTH""}"
2026-10-04T20:02:03.114195+00:00,gauge,marketdata.clock_skew_seconds,-1.758116,"{""market"":""BTC-SYNTH""}"
2026-10-04T20:02:03.114205+00:00,gauge,marketdata.coverage_ratio,1.0,"{""market"":""BTC-SYNTH""}"
2026-10-04T20:02:03.114212+00:00,gauge,marketdata.max_age_seconds,1.856041,"{""market"":""BTC-SYNTH""}"
2026-10-04T20:02:03.114221+00:00,counter,pipeline.heartbeat.emitted,1,"{""market"":""BTC-SYNTH""}"
2026-10-04T20:02:03.114232+00:00,counter,bus.published,1,"{""topic"":""snapshot.BTC-SYNTH""}"
2026-10-04T20:02:03.114246+00:00,counter,bus.dropped,1,"{""subscriber"":""mlp-torch@BTC-SYNTH"",""topic"":""snapshot.BTC-SYNTH""}"
2026-10-04T20:02:03.134884+00:00,counter,marketdata.update.applied,1,"{""market"":""BTC-SYNTH""}"
2026-10-04T20:02:03.134925+00:00,counter,marketdata.update.applied,1,"{""market"":""BTC-SYNTH""}"
2026-10-04T20:02:03.134946+00:00,counter,marketdata.update.applied,1,"{""market"":""BTC-SYNTH""}"
2026-10-04T20:02:03.134959+00:00,counter,marketdata.update.applied,1,"{""market"":""BTC-SYNTH""}"
2026-10-04T20:02:03.134973+00:00,counter,marketdata.update.applied,1,"{""market"":""BTC-SYNTH""}"
2026-10-04T20:02:03.134987+00:00,counter,marketdata.update.applied,1,"{""market"":""BTC-SYNTH""}"
2026-10-04T20:02:03.135002+00:00,counter,marketdata.update.applied,1,"{""market"":""BTC-SYNTH""}"
2026-10-04T20:02:03.135014+00:00,counter,marketdata.update.applied,1,"{""market"":""BTC-SYNTH""}"
2026-10-04T20:02:03.135040+00:00,counter,marketdata.update.applied,1,"{""market"":""BTC-SYNTH""}"
2026-10-04T20:02:03.135054+00:00,counter,marketdata.update.applied,1,"{""market"":""BTC-SYNTH""}"
2026-10-04T20:02:03.135068+00:00,counter,marketdata.update.applied,1,"{""market"":""BTC-SYNTH""}"
2026-10-04T20:02:03.135081+00:00,counter,marketdata.update.applied,1,"{""market"":""BTC-SYNTH""}"
2026-10-04T20:02:03.135093+00:00,counter,marketdata.update.applied,1,"{""market"":""BTC-SYNTH""}"
2026-10-04T20:02:03.135105+00:00,counter,marketdata.update.applied,1,"{""market"":""BTC-SYNTH""}"
2026-10-04T20:02:03.135118+00:00,counter,marketdata.update.applied,1,"{""market"":""BTC-SYNTH""}"
2026-10-04T20:02:03.135130+00:00,counter,marketdata.update.applied,1,"{""market"":""BTC-SYNTH""}"
2026-10-04T20:02:03.135142+00:00,counter,marketdata.update.applied,1,"{""market"":""BTC-SYNTH""}"
2026-10-04T20:02:03.135153+00:00,counter,marketdata.update.applied,1,"{""market"":""BTC-SYNTH""}"
2026-10-04T20:02:03.135166+00:00,counter,marketdata.update.applied,1,"{""market"":""BTC-SYNTH""}"
2026-10-04T20:02:03.135177+00:00,counter,marketdata.update.applied,1,"{""market"":""BTC-SYNTH""}"
2026-10-04T20:02:03.135189+00:00,counter,marketdata.update.applied,1,"{""market"":""BTC-SYNTH""}"
2026-10-04T20:02:03.135202+00:00,counter,marketdata.update.applied,1,"{""market"":""BTC-SYNTH""}"
2026-10-04T20:02:03.135220+00:00,counter,marketdata.update.applied,1,"{""market"":""BTC-SYNTH""}"
2026-10-04T20:02:03.135232+00:00,counter,marketdata.update.applied,1,"{""market"":""BTC-SYNTH""}"
2026-10-04T20:02:03.135272+00:00,counter,marketdata.update.applied,1,"{""market"":""BTC-SYNTH""}"
2026-10-04T20:02:03.135291+00:00,counter,marketdata.update.applied,1,"{""market"":""BTC-SYNTH""}"
2026-10-04T20:02:03.135307+00:00,counter,marketdata.update.applied,1,"{""market"":""BTC-SYNTH""}"
2026-10-04T20:02:03.135321+00:00,counter,marketdata.update.applied,1,"{""market"":""BTC-SYNTH""}"
2026-10-04T20:02:03.135335+00:00,counter,marketdata.update.applied,1,"{""market"":""BTC-SYNTH""}"
2026-10-04T20:02:03.135348+00:00,counter,marketdata.update.applied,1,"{""market"":""BTC-SYNTH""}"
2026-10-04T20:02:03.135362+00:00,counter,marketdata.update.applied,1,"{""market"":""BTC-SYNTH""}"
2026-10-04T20:02:03.135374+00:00,counter,marketdata.update.applied,1,"{""market"":""BTC-SYNTH""}"
2026-10-04T20:02:03.135387+00:00,counter,marketdata.update.applied,1,"{""market"":""BTC-SYNTH""}"
2026-10-04T20:02:03.135398+00:00,counter,marketdata.update.applied,1,"{""market"":""BTC-SYNTH""}"
2026-10-04T20:02:03.135412+00:00,counter,marketdata.update.applied,1,"{""market"":""BTC-SYNTH""}"
2026-10-04T20:02:03.135424+00:00,counter,marketdata.update.applied,1,"{""market"":""BTC-SYNTH""}"
2026-10-04T20:02:03.135436+00:00,counter,marketdata.update.applied,1,"{""market"":""BTC-SYNTH""}"
2026-10-04T20:02:03.135448+00:00,counter,marketdata.update.applied,1,"{""market"":""BTC-SYNTH""}"
2026-10-04T20:02:03.135462+00:00,counter,marketdata.update.applied,1,"{""market"":""BTC-SYNTH""}"
2026-10-04T20:02:03.135473+00:00,counter,marketdata.update.applied,1,"{""market"":""BTC-SYNTH""}"
2026-10-04T20:02:03.135807+00:00,counter,marketdata.update.applied,1,"{""market"":""BTC-SYNTH""}"
2026-10-04T20:02:03.135846+00:00,counter,marketdata.update.applied,1,"{""market"":""BTC-SYNTH""}"
2026-10-04T20:02:03.135867+00:00,counter,marketdata.update.applied,1,"{""market"":""BTC-SYNTH""}"
2026-10-04T20:02:03.135882+00:00,counter,marketdata.update.applied,1,"{""market"":""BTC-SYNTH""}"
2026-10-04T20:02:03.135898+00:00,counter,marketdata.update.applied,1,"{""market"":""BTC-SYNTH""}"
2026-10-04T20:02:03.135910+00:00,counter,marketdata.update.applied,1,"{""market"":""BTC-SYNTH""}"
2026-10-04T20:02:03.135926+00:00,counter,marketdata.update.applied,1,"{""market"":""BTC-SYNTH""}"
2026-10-04T20:02:03.135938+00:00,counter,marketdata.update.applied,1,"{""market"":""BTC-SYNTH""}"
2026-10-04T20:02:03.135951+00:00,counter,marketdata.update.applied,1,"{""market"":""BTC-SYNTH""}"
2026-10-04T20:02:03.135963+00:00,counter,marketdata.update.applied,1,"{""market"":""BTC-SYNTH""}"
2026-10-04T20:02:03.135976+00:00,counter,marketdata.update.applied,1,"{""market"":""BTC-SYNTH""}"
2026-10-04T20:02:03.135990+00:00,counter,marketdata.update.applied,1,"{""market"":""BTC-SYNTH""}"
2026-10-04T20:02:03.136002+00:00,counter,marketdata.update.applied,1,"{""market"":""BTC-SYNTH""}"
2026-10-04T20:02:03.136015+00:00,counter,marketdata.update.applied,1,"{""market"":""BTC-SYNTH""}"
2026-10-04T20:02:03.136029+00:00,counter,marketdata.update.applied,1,"{""market"":""BTC-SYNTH""}"
2026-10-04T20:02:03.136041+00:00,counter,marketdata.update.applied,1,"{""market"":""BTC-SYNTH""}"
2026-10-04T20:02:03.136053+00:00,counter,marketdata.update.applied,1,"{""market"":""BTC-SYNTH""}"
2026-10-04T20:02:03.136066+00:00,counter,marketdata.update.applied,1,"{""market"":""BTC-SYNTH""}"
2026-10-04T20:02:03.136080+00:00,counter,marketdata.update.applied,1,"{""market"":""BTC-SYNTH""}"
2026-10-04T20:02:03.136092+00:00,counter,marketdata.update.applied,1,"{""market"":""BTC-SYNTH""}"
2026-10-04T20:02:03.136104+00:00,counter,marketdata.update.applied,1,"{""market"":""BTC-SYNTH""}"
2026-10-04T20:02:03.136116+00:00,counter,marketdata.update.applied,1,"{""market"":""BTC-SYNTH""}"
2026-10-04T20:02:03.136128+00:00,counter,marketdata.update.applied,1,"{""market"":""BTC-SYNTH""}"
2026-10-04T20:02:03.136140+00:00,counter,marketdata.update.applied,1,"{""market"":""BTC-SYNTH""}"
2026-10-04T20:02:03.136154+00:00,counter,marketdata.update.applied,1,"{""market"":""BTC-SYNTH""}"
2026-10-04T20:02:03.136165+00:00,counter,marketdata.update.applied,1,"{""market"":""BTC-SYNTH""}"
2026-10-04T20:02:03.579315+00:00,gauge,pricing.slices.attempted,3.0,"{""market"":""BTC-SYNTH"",""producer"":""svi-scipy""}"
2026-10-04T20:02:03.579356+00:00,gauge,pricing.slices.accepted,3.0,"{""market"":""BTC-SYNTH"",""producer"":""svi-scipy""}"
2026-10-04T20:02:03.579464+00:00,gauge,pricing.rmse_vol_bp,27.52603060687824,"{""market"":""BTC-SYNTH"",""producer"":""svi-scipy""}"
2026-10-04T20:02:03.579483+00:00,timing,pricing.cycle_ms,464.906,"{""market"":""BTC-SYNTH"",""producer"":""svi-scipy""}"
2026-10-04T20:02:03.579729+00:00,counter,bus.published,1,"{""topic"":""surface.BTC-SYNTH.svi-scipy""}"
2026-10-04T20:02:03.579763+00:00,counter,runner.handled,1,"{""subscriber"":""svi-scipy@BTC-SYNTH""}"
2026-10-04T20:02:03.579909+00:00,counter,risk.surface.received,1,"{""market"":""BTC-SYNTH"",""producer"":""svi-scipy"",""status"":""OK""}"
2026-10-04T20:02:03.579933+00:00,timing,risk.surface.snapshot_to_surface_ms,2223.768,"{""market"":""BTC-SYNTH"",""producer"":""svi-scipy""}"
2026-10-04T20:02:03.579950+00:00,timing,risk.surface.delivery_lag_ms,0.6449999999999999,"{""market"":""BTC-SYNTH"",""producer"":""svi-scipy""}"
2026-10-04T20:02:03.579971+00:00,gauge,risk.surface_age_seconds,2.224431,"{""market"":""BTC-SYNTH"",""producer"":""svi-scipy""}"
2026-10-04T20:02:03.579983+00:00,counter,risk.report.freshness,1,"{""decision"":""NORMAL"",""market"":""BTC-SYNTH"",""producer"":""svi-scipy""}"
2026-10-04T20:02:03.580039+00:00,gauge,risk.surface_age_seconds,6.224376,"{""market"":""BTC-SYNTH"",""producer"":""mlp-torch""}"
2026-10-04T20:02:03.580051+00:00,counter,risk.report.freshness,1,"{""decision"":""NORMAL"",""market"":""BTC-SYNTH"",""producer"":""mlp-torch""}"
2026-10-04T20:02:03.580301+00:00,gauge,risk.comparison.value_diff,-224.45223398979215,"{""baseline"":""svi-scipy"",""challenger"":""mlp-torch"",""market"":""BTC-SYNTH""}"
2026-10-04T20:02:03.580318+00:00,gauge,risk.comparison.distance_rms_vol_bp,114.25598477811457,"{""baseline"":""svi-scipy"",""challenger"":""mlp-torch"",""market"":""BTC-SYNTH""}"
2026-10-04T20:02:03.580330+00:00,gauge,risk.comparison.distance_max_vol_bp,529.5095959379071,"{""baseline"":""svi-scipy"",""challenger"":""mlp-torch"",""market"":""BTC-SYNTH""}"
2026-10-04T20:02:03.580370+00:00,gauge,risk.surface_age_seconds,2.22483,"{""market"":""BTC-SYNTH"",""producer"":""svi-scipy""}"
2026-10-04T20:02:03.580387+00:00,counter,risk.report.freshness,1,"{""decision"":""NORMAL"",""market"":""BTC-SYNTH"",""producer"":""svi-scipy""}"
2026-10-04T20:02:03.580421+00:00,counter,runner.handled,1,"{""subscriber"":""risk-svi-scipy@BTC-SYNTH""}"
2026-10-04T20:02:04.117087+00:00,counter,marketdata.snapshot.published,1,"{""market"":""BTC-SYNTH""}"
2026-10-04T20:02:04.117125+00:00,gauge,marketdata.clock_skew_seconds,-1.762727,"{""market"":""BTC-SYNTH""}"
2026-10-04T20:02:04.117136+00:00,gauge,marketdata.coverage_ratio,1.0,"{""market"":""BTC-SYNTH""}"
2026-10-04T20:02:04.117144+00:00,gauge,marketdata.max_age_seconds,1.857176,"{""market"":""BTC-SYNTH""}"
2026-10-04T20:02:04.117154+00:00,counter,pipeline.heartbeat.emitted,1,"{""market"":""BTC-SYNTH""}"
2026-10-04T20:02:04.117166+00:00,counter,bus.published,1,"{""topic"":""snapshot.BTC-SYNTH""}"
2026-10-04T20:02:04.117181+00:00,counter,bus.dropped,1,"{""subscriber"":""mlp-torch@BTC-SYNTH"",""topic"":""snapshot.BTC-SYNTH""}"
2026-10-04T20:02:04.137335+00:00,counter,marketdata.update.applied,1,"{""market"":""BTC-SYNTH""}"
2026-10-04T20:02:04.137375+00:00,counter,marketdata.update.applied,1,"{""market"":""BTC-SYNTH""}"
2026-10-04T20:02:04.137395+00:00,counter,marketdata.update.applied,1,"{""market"":""BTC-SYNTH""}"
2026-10-04T20:02:04.137413+00:00,counter,marketdata.update.applied,1,"{""market"":""BTC-SYNTH""}"
2026-10-04T20:02:04.137437+00:00,counter,marketdata.update.applied,1,"{""market"":""BTC-SYNTH""}"
2026-10-04T20:02:04.137455+00:00,counter,marketdata.update.applied,1,"{""market"":""BTC-SYNTH""}"
2026-10-04T20:02:04.137469+00:00,counter,marketdata.update.applied,1,"{""market"":""BTC-SYNTH""}"
2026-10-04T20:02:04.137482+00:00,counter,marketdata.update.applied,1,"{""market"":""BTC-SYNTH""}"
2026-10-04T20:02:04.137496+00:00,counter,marketdata.update.applied,1,"{""market"":""BTC-SYNTH""}"
2026-10-04T20:02:04.137507+00:00,counter,marketdata.update.applied,1,"{""market"":""BTC-SYNTH""}"
2026-10-04T20:02:04.137527+00:00,counter,marketdata.update.applied,1,"{""market"":""BTC-SYNTH""}"
2026-10-04T20:02:04.137539+00:00,counter,marketdata.update.applied,1,"{""market"":""BTC-SYNTH""}"
2026-10-04T20:02:04.137552+00:00,counter,marketdata.update.applied,1,"{""market"":""BTC-SYNTH""}"
2026-10-04T20:02:04.137565+00:00,counter,marketdata.update.applied,1,"{""market"":""BTC-SYNTH""}"
2026-10-04T20:02:04.137578+00:00,counter,marketdata.update.applied,1,"{""market"":""BTC-SYNTH""}"
2026-10-04T20:02:04.137589+00:00,counter,marketdata.update.applied,1,"{""market"":""BTC-SYNTH""}"
2026-10-04T20:02:04.137603+00:00,counter,marketdata.update.applied,1,"{""market"":""BTC-SYNTH""}"
2026-10-04T20:02:04.137615+00:00,counter,marketdata.update.applied,1,"{""market"":""BTC-SYNTH""}"
2026-10-04T20:02:04.137627+00:00,counter,marketdata.update.applied,1,"{""market"":""BTC-SYNTH""}"
2026-10-04T20:02:04.137638+00:00,counter,marketdata.update.applied,1,"{""market"":""BTC-SYNTH""}"
2026-10-04T20:02:04.137649+00:00,counter,marketdata.update.applied,1,"{""market"":""BTC-SYNTH""}"
2026-10-04T20:02:04.137660+00:00,counter,marketdata.update.applied,1,"{""market"":""BTC-SYNTH""}"
2026-10-04T20:02:04.137694+00:00,counter,marketdata.update.applied,1,"{""market"":""BTC-SYNTH""}"
2026-10-04T20:02:04.137716+00:00,counter,marketdata.update.applied,1,"{""market"":""BTC-SYNTH""}"
2026-10-04T20:02:04.138050+00:00,counter,marketdata.update.applied,1,"{""market"":""BTC-SYNTH""}"
2026-10-04T20:02:04.138083+00:00,counter,marketdata.update.applied,1,"{""market"":""BTC-SYNTH""}"
2026-10-04T20:02:04.138102+00:00,counter,marketdata.update.applied,1,"{""market"":""BTC-SYNTH""}"
2026-10-04T20:02:04.138117+00:00,counter,marketdata.update.applied,1,"{""market"":""BTC-SYNTH""}"
2026-10-04T20:02:04.138129+00:00,counter,marketdata.update.applied,1,"{""market"":""BTC-SYNTH""}"
2026-10-04T20:02:04.138141+00:00,counter,marketdata.update.applied,1,"{""market"":""BTC-SYNTH""}"
2026-10-04T20:02:04.138154+00:00,counter,marketdata.update.applied,1,"{""market"":""BTC-SYNTH""}"
2026-10-04T20:02:04.138165+00:00,counter,marketdata.update.applied,1,"{""market"":""BTC-SYNTH""}"
2026-10-04T20:02:04.138177+00:00,counter,marketdata.update.applied,1,"{""market"":""BTC-SYNTH""}"
2026-10-04T20:02:04.138188+00:00,counter,marketdata.update.applied,1,"{""market"":""BTC-SYNTH""}"
2026-10-04T20:02:04.138201+00:00,counter,marketdata.update.applied,1,"{""market"":""BTC-SYNTH""}"
2026-10-04T20:02:04.138212+00:00,counter,marketdata.update.applied,1,"{""market"":""BTC-SYNTH""}"
2026-10-04T20:02:04.138223+00:00,counter,marketdata.update.applied,1,"{""market"":""BTC-SYNTH""}"
2026-10-04T20:02:04.138234+00:00,counter,marketdata.update.applied,1,"{""market"":""BTC-SYNTH""}"
2026-10-04T20:02:04.138249+00:00,counter,marketdata.update.applied,1,"{""market"":""BTC-SYNTH""}"
2026-10-04T20:02:04.138259+00:00,counter,marketdata.update.applied,1,"{""market"":""BTC-SYNTH""}"
2026-10-04T20:02:04.138271+00:00,counter,marketdata.update.applied,1,"{""market"":""BTC-SYNTH""}"
2026-10-04T20:02:04.138281+00:00,counter,marketdata.update.applied,1,"{""market"":""BTC-SYNTH""}"
2026-10-04T20:02:04.138292+00:00,counter,marketdata.update.applied,1,"{""market"":""BTC-SYNTH""}"
2026-10-04T20:02:04.138311+00:00,counter,marketdata.update.applied,1,"{""market"":""BTC-SYNTH""}"
2026-10-04T20:02:04.138325+00:00,counter,marketdata.update.applied,1,"{""market"":""BTC-SYNTH""}"
2026-10-04T20:02:04.138336+00:00,counter,marketdata.update.applied,1,"{""market"":""BTC-SYNTH""}"
2026-10-04T20:02:04.138347+00:00,counter,marketdata.update.applied,1,"{""market"":""BTC-SYNTH""}"
2026-10-04T20:02:04.138357+00:00,counter,marketdata.update.applied,1,"{""market"":""BTC-SYNTH""}"
2026-10-04T20:02:04.138370+00:00,counter,marketdata.update.applied,1,"{""market"":""BTC-SYNTH""}"
2026-10-04T20:02:04.138381+00:00,counter,marketdata.update.applied,1,"{""market"":""BTC-SYNTH""}"
2026-10-04T20:02:04.138393+00:00,counter,marketdata.update.applied,1,"{""market"":""BTC-SYNTH""}"
2026-10-04T20:02:04.138404+00:00,counter,marketdata.update.applied,1,"{""market"":""BTC-SYNTH""}"
2026-10-04T20:02:04.138416+00:00,counter,marketdata.update.applied,1,"{""market"":""BTC-SYNTH""}"
2026-10-04T20:02:04.138426+00:00,counter,marketdata.update.applied,1,"{""market"":""BTC-SYNTH""}"
2026-10-04T20:02:04.138473+00:00,counter,marketdata.update.applied,1,"{""market"":""BTC-SYNTH""}"
2026-10-04T20:02:04.138516+00:00,counter,marketdata.update.applied,1,"{""market"":""BTC-SYNTH""}"
2026-10-04T20:02:04.138537+00:00,counter,marketdata.update.applied,1,"{""market"":""BTC-SYNTH""}"
2026-10-04T20:02:04.138554+00:00,counter,marketdata.update.applied,1,"{""market"":""BTC-SYNTH""}"
2026-10-04T20:02:04.138569+00:00,counter,marketdata.update.applied,1,"{""market"":""BTC-SYNTH""}"
2026-10-04T20:02:04.138581+00:00,counter,marketdata.update.applied,1,"{""market"":""BTC-SYNTH""}"
2026-10-04T20:02:04.138593+00:00,counter,marketdata.update.applied,1,"{""market"":""BTC-SYNTH""}"
2026-10-04T20:02:04.138604+00:00,counter,marketdata.update.applied,1,"{""market"":""BTC-SYNTH""}"
2026-10-04T20:02:04.138618+00:00,counter,marketdata.update.applied,1,"{""market"":""BTC-SYNTH""}"
2026-10-04T20:02:04.138629+00:00,counter,marketdata.update.applied,1,"{""market"":""BTC-SYNTH""}"
2026-10-04T20:02:04.138641+00:00,counter,marketdata.update.applied,1,"{""market"":""BTC-SYNTH""}"
2026-10-04T20:02:04.138653+00:00,counter,marketdata.update.applied,1,"{""market"":""BTC-SYNTH""}"
2026-10-04T20:02:04.806221+00:00,gauge,pricing.slices.attempted,3.0,"{""market"":""BTC-SYNTH"",""producer"":""svi-scipy""}"
2026-10-04T20:02:04.806251+00:00,gauge,pricing.slices.accepted,3.0,"{""market"":""BTC-SYNTH"",""producer"":""svi-scipy""}"
2026-10-04T20:02:04.806323+00:00,gauge,pricing.rmse_vol_bp,30.467498993921065,"{""market"":""BTC-SYNTH"",""producer"":""svi-scipy""}"
2026-10-04T20:02:04.806343+00:00,timing,pricing.cycle_ms,688.787,"{""market"":""BTC-SYNTH"",""producer"":""svi-scipy""}"
2026-10-04T20:02:04.806562+00:00,counter,bus.published,1,"{""topic"":""surface.BTC-SYNTH.svi-scipy""}"
2026-10-04T20:02:04.806594+00:00,counter,runner.handled,1,"{""subscriber"":""svi-scipy@BTC-SYNTH""}"
2026-10-04T20:02:04.806694+00:00,counter,risk.surface.received,1,"{""market"":""BTC-SYNTH"",""producer"":""svi-scipy"",""status"":""OK""}"
2026-10-04T20:02:04.806708+00:00,timing,risk.surface.snapshot_to_surface_ms,2452.424,"{""market"":""BTC-SYNTH"",""producer"":""svi-scipy""}"
2026-10-04T20:02:04.806716+00:00,timing,risk.surface.delivery_lag_ms,0.505,"{""market"":""BTC-SYNTH"",""producer"":""svi-scipy""}"
2026-10-04T20:02:04.806730+00:00,gauge,risk.surface_age_seconds,2.452939,"{""market"":""BTC-SYNTH"",""producer"":""svi-scipy""}"
2026-10-04T20:02:04.806737+00:00,counter,risk.report.freshness,1,"{""decision"":""NORMAL"",""market"":""BTC-SYNTH"",""producer"":""svi-scipy""}"
2026-10-04T20:02:04.806776+00:00,gauge,risk.surface_age_seconds,7.451115,"{""market"":""BTC-SYNTH"",""producer"":""mlp-torch""}"
2026-10-04T20:02:04.806783+00:00,counter,risk.report.freshness,1,"{""decision"":""NORMAL"",""market"":""BTC-SYNTH"",""producer"":""mlp-torch""}"
2026-10-04T20:02:04.806930+00:00,gauge,risk.comparison.value_diff,-212.6480001262098,"{""baseline"":""svi-scipy"",""challenger"":""mlp-torch"",""market"":""BTC-SYNTH""}"
2026-10-04T20:02:04.806938+00:00,gauge,risk.comparison.distance_rms_vol_bp,67.20592353842763,"{""baseline"":""svi-scipy"",""challenger"":""mlp-torch"",""market"":""BTC-SYNTH""}"
2026-10-04T20:02:04.806945+00:00,gauge,risk.comparison.distance_max_vol_bp,307.87535457919677,"{""baseline"":""svi-scipy"",""challenger"":""mlp-torch"",""market"":""BTC-SYNTH""}"
2026-10-04T20:02:04.806955+00:00,gauge,risk.surface_age_seconds,2.453166,"{""market"":""BTC-SYNTH"",""producer"":""svi-scipy""}"
2026-10-04T20:02:04.806960+00:00,counter,risk.report.freshness,1,"{""decision"":""NORMAL"",""market"":""BTC-SYNTH"",""producer"":""svi-scipy""}"
2026-10-04T20:02:04.806979+00:00,counter,runner.handled,1,"{""subscriber"":""risk-svi-scipy@BTC-SYNTH""}"
2026-10-04T20:02:05.119510+00:00,counter,marketdata.snapshot.published,1,"{""market"":""BTC-SYNTH""}"
2026-10-04T20:02:05.119553+00:00,gauge,marketdata.clock_skew_seconds,-1.764828,"{""market"":""BTC-SYNTH""}"
2026-10-04T20:02:05.119570+00:00,gauge,marketdata.coverage_ratio,1.0,"{""market"":""BTC-SYNTH""}"
2026-10-04T20:02:05.119583+00:00,gauge,marketdata.max_age_seconds,1.859648,"{""market"":""BTC-SYNTH""}"
2026-10-04T20:02:05.119599+00:00,counter,pipeline.heartbeat.emitted,1,"{""market"":""BTC-SYNTH""}"
2026-10-04T20:02:05.119617+00:00,counter,bus.published,1,"{""topic"":""snapshot.BTC-SYNTH""}"
2026-10-04T20:02:05.119637+00:00,counter,bus.dropped,1,"{""subscriber"":""mlp-torch@BTC-SYNTH"",""topic"":""snapshot.BTC-SYNTH""}"
2026-10-04T20:02:05.140102+00:00,counter,marketdata.update.applied,1,"{""market"":""BTC-SYNTH""}"
2026-10-04T20:02:05.140158+00:00,counter,marketdata.update.applied,1,"{""market"":""BTC-SYNTH""}"
2026-10-04T20:02:05.140184+00:00,counter,marketdata.update.applied,1,"{""market"":""BTC-SYNTH""}"
2026-10-04T20:02:05.140201+00:00,counter,marketdata.update.applied,1,"{""market"":""BTC-SYNTH""}"
2026-10-04T20:02:05.140217+00:00,counter,marketdata.update.applied,1,"{""market"":""BTC-SYNTH""}"
2026-10-04T20:02:05.140231+00:00,counter,marketdata.update.applied,1,"{""market"":""BTC-SYNTH""}"
2026-10-04T20:02:05.140246+00:00,counter,marketdata.update.applied,1,"{""market"":""BTC-SYNTH""}"
2026-10-04T20:02:05.140259+00:00,counter,marketdata.update.applied,1,"{""market"":""BTC-SYNTH""}"
2026-10-04T20:02:05.140327+00:00,counter,marketdata.update.applied,1,"{""market"":""BTC-SYNTH""}"
2026-10-04T20:02:05.140345+00:00,counter,marketdata.update.applied,1,"{""market"":""BTC-SYNTH""}"
2026-10-04T20:02:05.140362+00:00,counter,marketdata.update.applied,1,"{""market"":""BTC-SYNTH""}"
2026-10-04T20:02:05.140379+00:00,counter,marketdata.update.applied,1,"{""market"":""BTC-SYNTH""}"
2026-10-04T20:02:05.140410+00:00,counter,marketdata.update.applied,1,"{""market"":""BTC-SYNTH""}"
2026-10-04T20:02:05.140427+00:00,counter,marketdata.update.applied,1,"{""market"":""BTC-SYNTH""}"
2026-10-04T20:02:05.140442+00:00,counter,marketdata.update.applied,1,"{""market"":""BTC-SYNTH""}"
2026-10-04T20:02:05.140457+00:00,counter,marketdata.update.applied,1,"{""market"":""BTC-SYNTH""}"
2026-10-04T20:02:05.140471+00:00,counter,marketdata.update.applied,1,"{""market"":""BTC-SYNTH""}"
2026-10-04T20:02:05.140484+00:00,counter,marketdata.update.applied,1,"{""market"":""BTC-SYNTH""}"
2026-10-04T20:02:05.140497+00:00,counter,marketdata.update.applied,1,"{""market"":""BTC-SYNTH""}"
2026-10-04T20:02:05.140509+00:00,counter,marketdata.update.applied,1,"{""market"":""BTC-SYNTH""}"
2026-10-04T20:02:05.140528+00:00,counter,marketdata.update.applied,1,"{""market"":""BTC-SYNTH""}"
2026-10-04T20:02:05.140541+00:00,counter,marketdata.update.applied,1,"{""market"":""BTC-SYNTH""}"
2026-10-04T20:02:05.140557+00:00,counter,marketdata.update.applied,1,"{""market"":""BTC-SYNTH""}"
2026-10-04T20:02:05.140571+00:00,counter,marketdata.update.applied,1,"{""market"":""BTC-SYNTH""}"
2026-10-04T20:02:05.140585+00:00,counter,marketdata.update.applied,1,"{""market"":""BTC-SYNTH""}"
2026-10-04T20:02:05.140598+00:00,counter,marketdata.update.applied,1,"{""market"":""BTC-SYNTH""}"
2026-10-04T20:02:05.140612+00:00,counter,marketdata.update.applied,1,"{""market"":""BTC-SYNTH""}"
2026-10-04T20:02:05.140629+00:00,counter,marketdata.update.applied,1,"{""market"":""BTC-SYNTH""}"
2026-10-04T20:02:05.140643+00:00,counter,marketdata.update.applied,1,"{""market"":""BTC-SYNTH""}"
2026-10-04T20:02:05.140655+00:00,counter,marketdata.update.applied,1,"{""market"":""BTC-SYNTH""}"
2026-10-04T20:02:05.140669+00:00,counter,marketdata.update.applied,1,"{""market"":""BTC-SYNTH""}"
2026-10-04T20:02:05.140681+00:00,counter,marketdata.update.applied,1,"{""market"":""BTC-SYNTH""}"
2026-10-04T20:02:05.140694+00:00,counter,marketdata.update.applied,1,"{""market"":""BTC-SYNTH""}"
2026-10-04T20:02:05.140707+00:00,counter,marketdata.update.applied,1,"{""market"":""BTC-SYNTH""}"
2026-10-04T20:02:05.140723+00:00,counter,marketdata.update.applied,1,"{""market"":""BTC-SYNTH""}"
2026-10-04T20:02:05.140734+00:00,counter,marketdata.update.applied,1,"{""market"":""BTC-SYNTH""}"
2026-10-04T20:02:05.140746+00:00,counter,marketdata.update.applied,1,"{""market"":""BTC-SYNTH""}"
2026-10-04T20:02:05.140758+00:00,counter,marketdata.update.applied,1,"{""market"":""BTC-SYNTH""}"
2026-10-04T20:02:05.140771+00:00,counter,marketdata.update.applied,1,"{""market"":""BTC-SYNTH""}"
2026-10-04T20:02:05.140784+00:00,counter,marketdata.update.applied,1,"{""market"":""BTC-SYNTH""}"
2026-10-04T20:02:05.140796+00:00,counter,marketdata.update.applied,1,"{""market"":""BTC-SYNTH""}"
2026-10-04T20:02:05.140808+00:00,counter,marketdata.update.applied,1,"{""market"":""BTC-SYNTH""}"
2026-10-04T20:02:05.140821+00:00,counter,marketdata.update.applied,1,"{""market"":""BTC-SYNTH""}"
2026-10-04T20:02:05.140833+00:00,counter,marketdata.update.applied,1,"{""market"":""BTC-SYNTH""}"
2026-10-04T20:02:05.140845+00:00,counter,marketdata.update.applied,1,"{""market"":""BTC-SYNTH""}"
2026-10-04T20:02:05.140857+00:00,counter,marketdata.update.applied,1,"{""market"":""BTC-SYNTH""}"
2026-10-04T20:02:05.140870+00:00,counter,marketdata.update.applied,1,"{""market"":""BTC-SYNTH""}"
2026-10-04T20:02:05.140881+00:00,counter,marketdata.update.applied,1,"{""market"":""BTC-SYNTH""}"
2026-10-04T20:02:05.140895+00:00,counter,marketdata.update.applied,1,"{""market"":""BTC-SYNTH""}"
2026-10-04T20:02:05.140907+00:00,counter,marketdata.update.applied,1,"{""market"":""BTC-SYNTH""}"
2026-10-04T20:02:05.140918+00:00,counter,marketdata.update.applied,1,"{""market"":""BTC-SYNTH""}"
2026-10-04T20:02:05.140942+00:00,counter,marketdata.update.applied,1,"{""market"":""BTC-SYNTH""}"
2026-10-04T20:02:05.140958+00:00,counter,marketdata.update.applied,1,"{""market"":""BTC-SYNTH""}"
2026-10-04T20:02:05.140970+00:00,counter,marketdata.update.applied,1,"{""market"":""BTC-SYNTH""}"
2026-10-04T20:02:05.140983+00:00,counter,marketdata.update.applied,1,"{""market"":""BTC-SYNTH""}"
2026-10-04T20:02:05.140995+00:00,counter,marketdata.update.applied,1,"{""market"":""BTC-SYNTH""}"
2026-10-04T20:02:05.141007+00:00,counter,marketdata.update.applied,1,"{""market"":""BTC-SYNTH""}"
2026-10-04T20:02:05.141019+00:00,counter,marketdata.update.applied,1,"{""market"":""BTC-SYNTH""}"
2026-10-04T20:02:05.141031+00:00,counter,marketdata.update.applied,1,"{""market"":""BTC-SYNTH""}"
2026-10-04T20:02:05.141042+00:00,counter,marketdata.update.applied,1,"{""market"":""BTC-SYNTH""}"
2026-10-04T20:02:05.141054+00:00,counter,marketdata.update.applied,1,"{""market"":""BTC-SYNTH""}"
2026-10-04T20:02:05.141066+00:00,counter,marketdata.update.applied,1,"{""market"":""BTC-SYNTH""}"
2026-10-04T20:02:05.141088+00:00,counter,marketdata.update.applied,1,"{""market"":""BTC-SYNTH""}"
2026-10-04T20:02:05.141100+00:00,counter,marketdata.update.applied,1,"{""market"":""BTC-SYNTH""}"
2026-10-04T20:02:05.141113+00:00,counter,marketdata.update.applied,1,"{""market"":""BTC-SYNTH""}"
2026-10-04T20:02:05.141124+00:00,counter,marketdata.update.applied,1,"{""market"":""BTC-SYNTH""}"
2026-10-04T20:02:05.263003+00:00,gauge,pricing.slices.attempted,3.0,"{""market"":""BTC-SYNTH"",""producer"":""svi-scipy""}"
2026-10-04T20:02:05.263042+00:00,gauge,pricing.slices.accepted,3.0,"{""market"":""BTC-SYNTH"",""producer"":""svi-scipy""}"
2026-10-04T20:02:05.263152+00:00,gauge,pricing.rmse_vol_bp,53.16095061057136,"{""market"":""BTC-SYNTH"",""producer"":""svi-scipy""}"
2026-10-04T20:02:05.263172+00:00,timing,pricing.cycle_ms,142.71200000000002,"{""market"":""BTC-SYNTH"",""producer"":""svi-scipy""}"
2026-10-04T20:02:05.263505+00:00,counter,bus.published,1,"{""topic"":""surface.BTC-SYNTH.svi-scipy""}"
2026-10-04T20:02:05.263557+00:00,counter,runner.handled,1,"{""subscriber"":""svi-scipy@BTC-SYNTH""}"
2026-10-04T20:02:05.263678+00:00,counter,risk.surface.received,1,"{""market"":""BTC-SYNTH"",""producer"":""svi-scipy"",""status"":""OK""}"
2026-10-04T20:02:05.263699+00:00,timing,risk.surface.snapshot_to_surface_ms,1909.067,"{""market"":""BTC-SYNTH"",""producer"":""svi-scipy""}"
2026-10-04T20:02:05.263714+00:00,timing,risk.surface.delivery_lag_ms,0.723,"{""market"":""BTC-SYNTH"",""producer"":""svi-scipy""}"
2026-10-04T20:02:05.263735+00:00,gauge,risk.surface_age_seconds,1.909807,"{""market"":""BTC-SYNTH"",""producer"":""svi-scipy""}"
2026-10-04T20:02:05.263747+00:00,counter,risk.report.freshness,1,"{""decision"":""NORMAL"",""market"":""BTC-SYNTH"",""producer"":""svi-scipy""}"
2026-10-04T20:02:05.263801+00:00,gauge,risk.surface_age_seconds,7.908138,"{""market"":""BTC-SYNTH"",""producer"":""mlp-torch""}"
2026-10-04T20:02:05.263812+00:00,counter,risk.report.freshness,1,"{""decision"":""NORMAL"",""market"":""BTC-SYNTH"",""producer"":""mlp-torch""}"
2026-10-04T20:02:05.264024+00:00,gauge,risk.comparison.value_diff,-417.3194779614387,"{""baseline"":""svi-scipy"",""challenger"":""mlp-torch"",""market"":""BTC-SYNTH""}"
2026-10-04T20:02:05.264043+00:00,gauge,risk.comparison.distance_rms_vol_bp,133.21637586319744,"{""baseline"":""svi-scipy"",""challenger"":""mlp-torch"",""market"":""BTC-SYNTH""}"
2026-10-04T20:02:05.264056+00:00,gauge,risk.comparison.distance_max_vol_bp,516.8366095003284,"{""baseline"":""svi-scipy"",""challenger"":""mlp-torch"",""market"":""BTC-SYNTH""}"
2026-10-04T20:02:05.264072+00:00,gauge,risk.surface_age_seconds,1.910147,"{""market"":""BTC-SYNTH"",""producer"":""svi-scipy""}"
2026-10-04T20:02:05.264083+00:00,counter,risk.report.freshness,1,"{""decision"":""NORMAL"",""market"":""BTC-SYNTH"",""producer"":""svi-scipy""}"
2026-10-04T20:02:05.264112+00:00,counter,runner.handled,1,"{""subscriber"":""risk-svi-scipy@BTC-SYNTH""}"
2026-10-04T20:02:06.121350+00:00,counter,marketdata.snapshot.published,1,"{""market"":""BTC-SYNTH""}"
2026-10-04T20:02:06.121395+00:00,gauge,marketdata.clock_skew_seconds,-1.765429,"{""market"":""BTC-SYNTH""}"
2026-10-04T20:02:06.121418+00:00,gauge,marketdata.coverage_ratio,1.0,"{""market"":""BTC-SYNTH""}"
2026-10-04T20:02:06.121432+00:00,gauge,marketdata.max_age_seconds,1.864071,"{""market"":""BTC-SYNTH""}"
2026-10-04T20:02:06.121448+00:00,counter,pipeline.heartbeat.emitted,1,"{""market"":""BTC-SYNTH""}"
2026-10-04T20:02:06.121468+00:00,counter,bus.published,1,"{""topic"":""snapshot.BTC-SYNTH""}"
2026-10-04T20:02:06.121488+00:00,counter,bus.dropped,1,"{""subscriber"":""mlp-torch@BTC-SYNTH"",""topic"":""snapshot.BTC-SYNTH""}"
2026-10-04T20:02:06.142823+00:00,counter,marketdata.update.applied,1,"{""market"":""BTC-SYNTH""}"
2026-10-04T20:02:06.142866+00:00,counter,marketdata.update.applied,1,"{""market"":""BTC-SYNTH""}"
2026-10-04T20:02:06.142888+00:00,counter,marketdata.update.applied,1,"{""market"":""BTC-SYNTH""}"
2026-10-04T20:02:06.142901+00:00,counter,marketdata.update.applied,1,"{""market"":""BTC-SYNTH""}"
2026-10-04T20:02:06.142915+00:00,counter,marketdata.update.applied,1,"{""market"":""BTC-SYNTH""}"
2026-10-04T20:02:06.142926+00:00,counter,marketdata.update.applied,1,"{""market"":""BTC-SYNTH""}"
2026-10-04T20:02:06.142940+00:00,counter,marketdata.update.applied,1,"{""market"":""BTC-SYNTH""}"
2026-10-04T20:02:06.142951+00:00,counter,marketdata.update.applied,1,"{""market"":""BTC-SYNTH""}"
2026-10-04T20:02:06.142964+00:00,counter,marketdata.update.applied,1,"{""market"":""BTC-SYNTH""}"
2026-10-04T20:02:06.142975+00:00,counter,marketdata.update.applied,1,"{""market"":""BTC-SYNTH""}"
2026-10-04T20:02:06.142989+00:00,counter,marketdata.update.applied,1,"{""market"":""BTC-SYNTH""}"
2026-10-04T20:02:06.143001+00:00,counter,marketdata.update.applied,1,"{""market"":""BTC-SYNTH""}"
2026-10-04T20:02:06.143013+00:00,counter,marketdata.update.applied,1,"{""market"":""BTC-SYNTH""}"
2026-10-04T20:02:06.143024+00:00,counter,marketdata.update.applied,1,"{""market"":""BTC-SYNTH""}"
2026-10-04T20:02:06.143037+00:00,counter,marketdata.update.applied,1,"{""market"":""BTC-SYNTH""}"
2026-10-04T20:02:06.143048+00:00,counter,marketdata.update.applied,1,"{""market"":""BTC-SYNTH""}"
2026-10-04T20:02:06.143060+00:00,counter,marketdata.update.applied,1,"{""market"":""BTC-SYNTH""}"
2026-10-04T20:02:06.143071+00:00,counter,marketdata.update.applied,1,"{""market"":""BTC-SYNTH""}"
2026-10-04T20:02:06.143083+00:00,counter,marketdata.update.applied,1,"{""market"":""BTC-SYNTH""}"
2026-10-04T20:02:06.143094+00:00,counter,marketdata.update.applied,1,"{""market"":""BTC-SYNTH""}"
2026-10-04T20:02:06.143105+00:00,counter,marketdata.update.applied,1,"{""market"":""BTC-SYNTH""}"
2026-10-04T20:02:06.143116+00:00,counter,marketdata.update.applied,1,"{""market"":""BTC-SYNTH""}"
2026-10-04T20:02:06.143130+00:00,counter,marketdata.update.applied,1,"{""market"":""BTC-SYNTH""}"
2026-10-04T20:02:06.143141+00:00,counter,marketdata.update.applied,1,"{""market"":""BTC-SYNTH""}"
2026-10-04T20:02:06.143153+00:00,counter,marketdata.update.applied,1,"{""market"":""BTC-SYNTH""}"
2026-10-04T20:02:06.143165+00:00,counter,marketdata.update.applied,1,"{""market"":""BTC-SYNTH""}"
2026-10-04T20:02:06.143178+00:00,counter,marketdata.update.applied,1,"{""market"":""BTC-SYNTH""}"
2026-10-04T20:02:06.143189+00:00,counter,marketdata.update.applied,1,"{""market"":""BTC-SYNTH""}"
2026-10-04T20:02:06.143201+00:00,counter,marketdata.update.applied,1,"{""market"":""BTC-SYNTH""}"
2026-10-04T20:02:06.143212+00:00,counter,marketdata.update.applied,1,"{""market"":""BTC-SYNTH""}"
2026-10-04T20:02:06.143223+00:00,counter,marketdata.update.applied,1,"{""market"":""BTC-SYNTH""}"
2026-10-04T20:02:06.143234+00:00,counter,marketdata.update.applied,1,"{""market"":""BTC-SYNTH""}"
2026-10-04T20:02:06.143246+00:00,counter,marketdata.update.applied,1,"{""market"":""BTC-SYNTH""}"
2026-10-04T20:02:06.143256+00:00,counter,marketdata.update.applied,1,"{""market"":""BTC-SYNTH""}"
2026-10-04T20:02:06.143279+00:00,counter,marketdata.update.applied,1,"{""market"":""BTC-SYNTH""}"
2026-10-04T20:02:06.143292+00:00,counter,marketdata.update.applied,1,"{""market"":""BTC-SYNTH""}"
2026-10-04T20:02:06.143304+00:00,counter,marketdata.update.applied,1,"{""market"":""BTC-SYNTH""}"
2026-10-04T20:02:06.143315+00:00,counter,marketdata.update.applied,1,"{""market"":""BTC-SYNTH""}"
2026-10-04T20:02:06.143328+00:00,counter,marketdata.update.applied,1,"{""market"":""BTC-SYNTH""}"
2026-10-04T20:02:06.143339+00:00,counter,marketdata.update.applied,1,"{""market"":""BTC-SYNTH""}"
2026-10-04T20:02:06.143351+00:00,counter,marketdata.update.applied,1,"{""market"":""BTC-SYNTH""}"
2026-10-04T20:02:06.143362+00:00,counter,marketdata.update.applied,1,"{""market"":""BTC-SYNTH""}"
2026-10-04T20:02:06.143373+00:00,counter,marketdata.update.applied,1,"{""market"":""BTC-SYNTH""}"
2026-10-04T20:02:06.143385+00:00,counter,marketdata.update.applied,1,"{""market"":""BTC-SYNTH""}"
2026-10-04T20:02:06.143409+00:00,counter,marketdata.update.applied,1,"{""market"":""BTC-SYNTH""}"
2026-10-04T20:02:06.143424+00:00,counter,marketdata.update.applied,1,"{""market"":""BTC-SYNTH""}"
2026-10-04T20:02:06.143438+00:00,counter,marketdata.update.applied,1,"{""market"":""BTC-SYNTH""}"
2026-10-04T20:02:06.143449+00:00,counter,marketdata.update.applied,1,"{""market"":""BTC-SYNTH""}"
2026-10-04T20:02:06.143461+00:00,counter,marketdata.update.applied,1,"{""market"":""BTC-SYNTH""}"
2026-10-04T20:02:06.143472+00:00,counter,marketdata.update.applied,1,"{""market"":""BTC-SYNTH""}"
2026-10-04T20:02:06.143484+00:00,counter,marketdata.update.applied,1,"{""market"":""BTC-SYNTH""}"
2026-10-04T20:02:06.143495+00:00,counter,marketdata.update.applied,1,"{""market"":""BTC-SYNTH""}"
2026-10-04T20:02:06.143508+00:00,counter,marketdata.update.applied,1,"{""market"":""BTC-SYNTH""}"
2026-10-04T20:02:06.143519+00:00,counter,marketdata.update.applied,1,"{""market"":""BTC-SYNTH""}"
2026-10-04T20:02:06.143532+00:00,counter,marketdata.update.applied,1,"{""market"":""BTC-SYNTH""}"
2026-10-04T20:02:06.143543+00:00,counter,marketdata.update.applied,1,"{""market"":""BTC-SYNTH""}"
2026-10-04T20:02:06.143555+00:00,counter,marketdata.update.applied,1,"{""market"":""BTC-SYNTH""}"
2026-10-04T20:02:06.143567+00:00,counter,marketdata.update.applied,1,"{""market"":""BTC-SYNTH""}"
2026-10-04T20:02:06.143580+00:00,counter,marketdata.update.applied,1,"{""market"":""BTC-SYNTH""}"
2026-10-04T20:02:06.143591+00:00,counter,marketdata.update.applied,1,"{""market"":""BTC-SYNTH""}"
2026-10-04T20:02:06.143602+00:00,counter,marketdata.update.applied,1,"{""market"":""BTC-SYNTH""}"
2026-10-04T20:02:06.143613+00:00,counter,marketdata.update.applied,1,"{""market"":""BTC-SYNTH""}"
2026-10-04T20:02:06.143624+00:00,counter,marketdata.update.applied,1,"{""market"":""BTC-SYNTH""}"
2026-10-04T20:02:06.143635+00:00,counter,marketdata.update.applied,1,"{""market"":""BTC-SYNTH""}"
2026-10-04T20:02:06.143646+00:00,counter,marketdata.update.applied,1,"{""market"":""BTC-SYNTH""}"
2026-10-04T20:02:06.143656+00:00,counter,marketdata.update.applied,1,"{""market"":""BTC-SYNTH""}"
2026-10-04T20:02:06.381255+00:00,gauge,pricing.slices.attempted,3.0,"{""market"":""BTC-SYNTH"",""producer"":""svi-scipy""}"
2026-10-04T20:02:06.381289+00:00,gauge,pricing.slices.accepted,3.0,"{""market"":""BTC-SYNTH"",""producer"":""svi-scipy""}"
2026-10-04T20:02:06.381368+00:00,gauge,pricing.rmse_vol_bp,27.895700368161734,"{""market"":""BTC-SYNTH"",""producer"":""svi-scipy""}"
2026-10-04T20:02:06.381378+00:00,timing,pricing.cycle_ms,258.935,"{""market"":""BTC-SYNTH"",""producer"":""svi-scipy""}"
2026-10-04T20:02:06.381718+00:00,counter,bus.published,1,"{""topic"":""surface.BTC-SYNTH.svi-scipy""}"
2026-10-04T20:02:06.381763+00:00,counter,runner.handled,1,"{""subscriber"":""svi-scipy@BTC-SYNTH""}"
2026-10-04T20:02:06.381886+00:00,counter,risk.surface.received,1,"{""market"":""BTC-SYNTH"",""producer"":""svi-scipy"",""status"":""OK""}"
2026-10-04T20:02:06.381903+00:00,timing,risk.surface.snapshot_to_surface_ms,2026.0690000000002,"{""market"":""BTC-SYNTH"",""producer"":""svi-scipy""}"
2026-10-04T20:02:06.381982+00:00,timing,risk.surface.delivery_lag_ms,0.735,"{""market"":""BTC-SYNTH"",""producer"":""svi-scipy""}"
2026-10-04T20:02:06.382005+00:00,gauge,risk.surface_age_seconds,2.026825,"{""market"":""BTC-SYNTH"",""producer"":""svi-scipy""}"
2026-10-04T20:02:06.382015+00:00,counter,risk.report.freshness,1,"{""decision"":""NORMAL"",""market"":""BTC-SYNTH"",""producer"":""svi-scipy""}"
2026-10-04T20:02:06.382069+00:00,gauge,risk.surface_age_seconds,9.026408,"{""market"":""BTC-SYNTH"",""producer"":""mlp-torch""}"
2026-10-04T20:02:06.382076+00:00,counter,risk.report.freshness,1,"{""decision"":""NORMAL"",""market"":""BTC-SYNTH"",""producer"":""mlp-torch""}"
2026-10-04T20:02:06.382255+00:00,gauge,risk.comparison.value_diff,-352.0359967973018,"{""baseline"":""svi-scipy"",""challenger"":""mlp-torch"",""market"":""BTC-SYNTH""}"
2026-10-04T20:02:06.382266+00:00,gauge,risk.comparison.distance_rms_vol_bp,80.19277513446801,"{""baseline"":""svi-scipy"",""challenger"":""mlp-torch"",""market"":""BTC-SYNTH""}"
2026-10-04T20:02:06.382273+00:00,gauge,risk.comparison.distance_max_vol_bp,433.51581600468705,"{""baseline"":""svi-scipy"",""challenger"":""mlp-torch"",""market"":""BTC-SYNTH""}"
2026-10-04T20:02:06.382288+00:00,gauge,risk.surface_age_seconds,2.027112,"{""market"":""BTC-SYNTH"",""producer"":""svi-scipy""}"
2026-10-04T20:02:06.382295+00:00,counter,risk.report.freshness,1,"{""decision"":""NORMAL"",""market"":""BTC-SYNTH"",""producer"":""svi-scipy""}"
2026-10-04T20:02:06.382314+00:00,counter,runner.handled,1,"{""subscriber"":""risk-svi-scipy@BTC-SYNTH""}"
2026-10-04T20:02:07.124226+00:00,counter,marketdata.snapshot.published,1,"{""market"":""BTC-SYNTH""}"
2026-10-04T20:02:07.124268+00:00,gauge,marketdata.clock_skew_seconds,-1.767727,"{""market"":""BTC-SYNTH""}"
2026-10-04T20:02:07.124283+00:00,gauge,marketdata.coverage_ratio,1.0,"{""market"":""BTC-SYNTH""}"
2026-10-04T20:02:07.124295+00:00,gauge,marketdata.max_age_seconds,1.863801,"{""market"":""BTC-SYNTH""}"
2026-10-04T20:02:07.124310+00:00,counter,pipeline.heartbeat.emitted,1,"{""market"":""BTC-SYNTH""}"
2026-10-04T20:02:07.124326+00:00,counter,bus.published,1,"{""topic"":""snapshot.BTC-SYNTH""}"
2026-10-04T20:02:07.124347+00:00,counter,bus.dropped,1,"{""subscriber"":""mlp-torch@BTC-SYNTH"",""topic"":""snapshot.BTC-SYNTH""}"
2026-10-04T20:02:07.150965+00:00,counter,marketdata.update.applied,1,"{""market"":""BTC-SYNTH""}"
2026-10-04T20:02:07.151012+00:00,counter,marketdata.update.applied,1,"{""market"":""BTC-SYNTH""}"
2026-10-04T20:02:07.151031+00:00,counter,marketdata.update.applied,1,"{""market"":""BTC-SYNTH""}"
2026-10-04T20:02:07.151044+00:00,counter,marketdata.update.applied,1,"{""market"":""BTC-SYNTH""}"
2026-10-04T20:02:07.151057+00:00,counter,marketdata.update.applied,1,"{""market"":""BTC-SYNTH""}"
2026-10-04T20:02:07.151079+00:00,counter,marketdata.update.applied,1,"{""market"":""BTC-SYNTH""}"
2026-10-04T20:02:07.151093+00:00,counter,marketdata.update.applied,1,"{""market"":""BTC-SYNTH""}"
2026-10-04T20:02:07.151104+00:00,counter,marketdata.update.applied,1,"{""market"":""BTC-SYNTH""}"
2026-10-04T20:02:07.151116+00:00,counter,marketdata.update.applied,1,"{""market"":""BTC-SYNTH""}"
2026-10-04T20:02:07.151126+00:00,counter,marketdata.update.applied,1,"{""market"":""BTC-SYNTH""}"
2026-10-04T20:02:07.151139+00:00,counter,marketdata.update.applied,1,"{""market"":""BTC-SYNTH""}"
2026-10-04T20:02:07.151156+00:00,counter,marketdata.update.applied,1,"{""market"":""BTC-SYNTH""}"
2026-10-04T20:02:07.151166+00:00,counter,marketdata.update.applied,1,"{""market"":""BTC-SYNTH""}"
2026-10-04T20:02:07.151177+00:00,counter,marketdata.update.applied,1,"{""market"":""BTC-SYNTH""}"
2026-10-04T20:02:07.151189+00:00,counter,marketdata.update.applied,1,"{""market"":""BTC-SYNTH""}"
2026-10-04T20:02:07.151201+00:00,counter,marketdata.update.applied,1,"{""market"":""BTC-SYNTH""}"
2026-10-04T20:02:07.151211+00:00,counter,marketdata.update.applied,1,"{""market"":""BTC-SYNTH""}"
2026-10-04T20:02:07.151221+00:00,counter,marketdata.update.applied,1,"{""market"":""BTC-SYNTH""}"
2026-10-04T20:02:07.151232+00:00,counter,marketdata.update.applied,1,"{""market"":""BTC-SYNTH""}"
2026-10-04T20:02:07.151242+00:00,counter,marketdata.update.applied,1,"{""market"":""BTC-SYNTH""}"
2026-10-04T20:02:07.151253+00:00,counter,marketdata.update.applied,1,"{""market"":""BTC-SYNTH""}"
2026-10-04T20:02:07.151263+00:00,counter,marketdata.update.applied,1,"{""market"":""BTC-SYNTH""}"
2026-10-04T20:02:07.151275+00:00,counter,marketdata.update.applied,1,"{""market"":""BTC-SYNTH""}"
2026-10-04T20:02:07.151285+00:00,counter,marketdata.update.applied,1,"{""market"":""BTC-SYNTH""}"
2026-10-04T20:02:07.151310+00:00,counter,marketdata.update.applied,1,"{""market"":""BTC-SYNTH""}"
2026-10-04T20:02:07.151324+00:00,counter,marketdata.update.applied,1,"{""market"":""BTC-SYNTH""}"
2026-10-04T20:02:07.151336+00:00,counter,marketdata.update.applied,1,"{""market"":""BTC-SYNTH""}"
2026-10-04T20:02:07.151347+00:00,counter,marketdata.update.applied,1,"{""market"":""BTC-SYNTH""}"
2026-10-04T20:02:07.151359+00:00,counter,marketdata.update.applied,1,"{""market"":""BTC-SYNTH""}"
2026-10-04T20:02:07.151369+00:00,counter,marketdata.update.applied,1,"{""market"":""BTC-SYNTH""}"
2026-10-04T20:02:07.151380+00:00,counter,marketdata.update.applied,1,"{""market"":""BTC-SYNTH""}"
2026-10-04T20:02:07.151390+00:00,counter,marketdata.update.applied,1,"{""market"":""BTC-SYNTH""}"
2026-10-04T20:02:07.151401+00:00,counter,marketdata.update.applied,1,"{""market"":""BTC-SYNTH""}"
2026-10-04T20:02:07.151416+00:00,counter,marketdata.update.applied,1,"{""market"":""BTC-SYNTH""}"
2026-10-04T20:02:07.151428+00:00,counter,marketdata.update.applied,1,"{""market"":""BTC-SYNTH""}"
2026-10-04T20:02:07.151438+00:00,counter,marketdata.update.applied,1,"{""market"":""BTC-SYNTH""}"
2026-10-04T20:02:07.151449+00:00,counter,marketdata.update.applied,1,"{""market"":""BTC-SYNTH""}"
2026-10-04T20:02:07.151464+00:00,counter,marketdata.update.applied,1,"{""market"":""BTC-SYNTH""}"
2026-10-04T20:02:07.151476+00:00,counter,marketdata.update.applied,1,"{""market"":""BTC-SYNTH""}"
2026-10-04T20:02:07.151486+00:00,counter,marketdata.update.applied,1,"{""market"":""BTC-SYNTH""}"
2026-10-04T20:02:07.151497+00:00,counter,marketdata.update.applied,1,"{""market"":""BTC-SYNTH""}"
2026-10-04T20:02:07.151507+00:00,counter,marketdata.update.applied,1,"{""market"":""BTC-SYNTH""}"
2026-10-04T20:02:07.151519+00:00,counter,marketdata.update.applied,1,"{""market"":""BTC-SYNTH""}"
2026-10-04T20:02:07.151528+00:00,counter,marketdata.update.applied,1,"{""market"":""BTC-SYNTH""}"
2026-10-04T20:02:07.151556+00:00,counter,marketdata.update.applied,1,"{""market"":""BTC-SYNTH""}"
2026-10-04T20:02:07.151566+00:00,counter,marketdata.update.applied,1,"{""market"":""BTC-SYNTH""}"
2026-10-04T20:02:07.151577+00:00,counter,marketdata.update.applied,1,"{""market"":""BTC-SYNTH""}"
2026-10-04T20:02:07.151586+00:00,counter,marketdata.update.applied,1,"{""market"":""BTC-SYNTH""}"
2026-10-04T20:02:07.151597+00:00,counter,marketdata.update.applied,1,"{""market"":""BTC-SYNTH""}"
2026-10-04T20:02:07.151607+00:00,counter,marketdata.update.applied,1,"{""market"":""BTC-SYNTH""}"
2026-10-04T20:02:07.151618+00:00,counter,marketdata.update.applied,1,"{""market"":""BTC-SYNTH""}"
2026-10-04T20:02:07.151628+00:00,counter,marketdata.update.applied,1,"{""market"":""BTC-SYNTH""}"
2026-10-04T20:02:07.151638+00:00,counter,marketdata.update.applied,1,"{""market"":""BTC-SYNTH""}"
2026-10-04T20:02:07.151648+00:00,counter,marketdata.update.applied,1,"{""market"":""BTC-SYNTH""}"
2026-10-04T20:02:07.151658+00:00,counter,marketdata.update.applied,1,"{""market"":""BTC-SYNTH""}"
2026-10-04T20:02:07.151669+00:00,counter,marketdata.update.applied,1,"{""market"":""BTC-SYNTH""}"
2026-10-04T20:02:07.151680+00:00,counter,marketdata.update.applied,1,"{""market"":""BTC-SYNTH""}"
2026-10-04T20:02:07.151689+00:00,counter,marketdata.update.applied,1,"{""market"":""BTC-SYNTH""}"
2026-10-04T20:02:07.151700+00:00,counter,marketdata.update.applied,1,"{""market"":""BTC-SYNTH""}"
2026-10-04T20:02:07.151711+00:00,counter,marketdata.update.applied,1,"{""market"":""BTC-SYNTH""}"
2026-10-04T20:02:07.151781+00:00,counter,marketdata.update.applied,1,"{""market"":""BTC-SYNTH""}"
2026-10-04T20:02:07.151797+00:00,counter,marketdata.update.applied,1,"{""market"":""BTC-SYNTH""}"
2026-10-04T20:02:07.151811+00:00,counter,marketdata.update.applied,1,"{""market"":""BTC-SYNTH""}"
2026-10-04T20:02:07.151821+00:00,counter,marketdata.update.applied,1,"{""market"":""BTC-SYNTH""}"
2026-10-04T20:02:07.151833+00:00,counter,marketdata.update.applied,1,"{""market"":""BTC-SYNTH""}"
2026-10-04T20:02:07.151843+00:00,counter,marketdata.update.applied,1,"{""market"":""BTC-SYNTH""}"
2026-10-04T20:02:07.331024+00:00,gauge,pricing.slices.attempted,3.0,"{""market"":""BTC-SYNTH"",""producer"":""svi-scipy""}"
2026-10-04T20:02:07.331055+00:00,gauge,pricing.slices.accepted,3.0,"{""market"":""BTC-SYNTH"",""producer"":""svi-scipy""}"
2026-10-04T20:02:07.331129+00:00,gauge,pricing.rmse_vol_bp,38.9545514329521,"{""market"":""BTC-SYNTH"",""producer"":""svi-scipy""}"
2026-10-04T20:02:07.331139+00:00,timing,pricing.cycle_ms,205.94199999999998,"{""market"":""BTC-SYNTH"",""producer"":""svi-scipy""}"
2026-10-04T20:02:07.331432+00:00,counter,bus.published,1,"{""topic"":""surface.BTC-SYNTH.svi-scipy""}"
2026-10-04T20:02:07.331461+00:00,counter,runner.handled,1,"{""subscriber"":""svi-scipy@BTC-SYNTH""}"
2026-10-04T20:02:07.331558+00:00,counter,risk.surface.received,1,"{""market"":""BTC-SYNTH"",""producer"":""svi-scipy"",""status"":""OK""}"
2026-10-04T20:02:07.331572+00:00,timing,risk.surface.snapshot_to_surface_ms,1975.25,"{""market"":""BTC-SYNTH"",""producer"":""svi-scipy""}"
2026-10-04T20:02:07.331581+00:00,timing,risk.surface.delivery_lag_ms,0.5640000000000001,"{""market"":""BTC-SYNTH"",""producer"":""svi-scipy""}"
2026-10-04T20:02:07.331594+00:00,gauge,risk.surface_age_seconds,1.975825,"{""market"":""BTC-SYNTH"",""producer"":""svi-scipy""}"
2026-10-04T20:02:07.331601+00:00,counter,risk.report.freshness,1,"{""decision"":""NORMAL"",""market"":""BTC-SYNTH"",""producer"":""svi-scipy""}"
2026-10-04T20:02:07.331639+00:00,gauge,risk.surface_age_seconds,9.975978,"{""market"":""BTC-SYNTH"",""producer"":""mlp-torch""}"
2026-10-04T20:02:07.331645+00:00,counter,risk.report.freshness,1,"{""decision"":""NORMAL"",""market"":""BTC-SYNTH"",""producer"":""mlp-torch""}"
2026-10-04T20:02:07.331805+00:00,gauge,risk.comparison.value_diff,-455.128598030391,"{""baseline"":""svi-scipy"",""challenger"":""mlp-torch"",""market"":""BTC-SYNTH""}"
2026-10-04T20:02:07.331814+00:00,gauge,risk.comparison.distance_rms_vol_bp,119.61220764779607,"{""baseline"":""svi-scipy"",""challenger"":""mlp-torch"",""market"":""BTC-SYNTH""}"
2026-10-04T20:02:07.331821+00:00,gauge,risk.comparison.distance_max_vol_bp,590.7895472602331,"{""baseline"":""svi-scipy"",""challenger"":""mlp-torch"",""market"":""BTC-SYNTH""}"
2026-10-04T20:02:07.331831+00:00,gauge,risk.surface_age_seconds,1.976064,"{""market"":""BTC-SYNTH"",""producer"":""svi-scipy""}"
2026-10-04T20:02:07.331837+00:00,counter,risk.report.freshness,1,"{""decision"":""NORMAL"",""market"":""BTC-SYNTH"",""producer"":""svi-scipy""}"
2026-10-04T20:02:07.331857+00:00,counter,runner.handled,1,"{""subscriber"":""risk-svi-scipy@BTC-SYNTH""}"
2026-10-04T20:02:08.126696+00:00,counter,marketdata.snapshot.published,1,"{""market"":""BTC-SYNTH""}"
2026-10-04T20:02:08.126733+00:00,gauge,marketdata.clock_skew_seconds,-1.771345,"{""market"":""BTC-SYNTH""}"
2026-10-04T20:02:08.126742+00:00,gauge,marketdata.coverage_ratio,0.9848484848484849,"{""market"":""BTC-SYNTH""}"
2026-10-04T20:02:08.126748+00:00,gauge,marketdata.max_age_seconds,3601.864072,"{""market"":""BTC-SYNTH""}"
2026-10-04T20:02:08.126757+00:00,counter,pipeline.heartbeat.emitted,1,"{""market"":""BTC-SYNTH""}"
2026-10-04T20:02:08.126768+00:00,counter,bus.published,1,"{""topic"":""snapshot.BTC-SYNTH""}"
2026-10-04T20:02:08.126787+00:00,counter,bus.dropped,1,"{""subscriber"":""mlp-torch@BTC-SYNTH"",""topic"":""snapshot.BTC-SYNTH""}"
2026-10-04T20:02:08.152656+00:00,counter,marketdata.update.applied,1,"{""market"":""BTC-SYNTH""}"
2026-10-04T20:02:08.152691+00:00,counter,marketdata.update.applied,1,"{""market"":""BTC-SYNTH""}"
2026-10-04T20:02:08.152723+00:00,counter,marketdata.update.applied,1,"{""market"":""BTC-SYNTH""}"
2026-10-04T20:02:08.152741+00:00,counter,marketdata.update.applied,1,"{""market"":""BTC-SYNTH""}"
2026-10-04T20:02:08.152756+00:00,counter,marketdata.update.applied,1,"{""market"":""BTC-SYNTH""}"
2026-10-04T20:02:08.152769+00:00,counter,marketdata.update.applied,1,"{""market"":""BTC-SYNTH""}"
2026-10-04T20:02:08.152783+00:00,counter,marketdata.update.applied,1,"{""market"":""BTC-SYNTH""}"
2026-10-04T20:02:08.152795+00:00,counter,marketdata.update.applied,1,"{""market"":""BTC-SYNTH""}"
2026-10-04T20:02:08.152808+00:00,counter,marketdata.update.applied,1,"{""market"":""BTC-SYNTH""}"
2026-10-04T20:02:08.152829+00:00,counter,marketdata.update.applied,1,"{""market"":""BTC-SYNTH""}"
2026-10-04T20:02:08.152841+00:00,counter,marketdata.update.applied,1,"{""market"":""BTC-SYNTH""}"
2026-10-04T20:02:08.152851+00:00,counter,marketdata.update.applied,1,"{""market"":""BTC-SYNTH""}"
2026-10-04T20:02:08.152876+00:00,counter,marketdata.update.applied,1,"{""market"":""BTC-SYNTH""}"
2026-10-04T20:02:08.152887+00:00,counter,marketdata.update.applied,1,"{""market"":""BTC-SYNTH""}"
2026-10-04T20:02:08.152937+00:00,counter,marketdata.update.applied,1,"{""market"":""BTC-SYNTH""}"
2026-10-04T20:02:08.152967+00:00,counter,marketdata.update.applied,1,"{""market"":""BTC-SYNTH""}"
2026-10-04T20:02:08.152983+00:00,counter,marketdata.update.applied,1,"{""market"":""BTC-SYNTH""}"
2026-10-04T20:02:08.152994+00:00,counter,marketdata.update.applied,1,"{""market"":""BTC-SYNTH""}"
2026-10-04T20:02:08.153006+00:00,counter,marketdata.update.applied,1,"{""market"":""BTC-SYNTH""}"
2026-10-04T20:02:08.153016+00:00,counter,marketdata.update.applied,1,"{""market"":""BTC-SYNTH""}"
2026-10-04T20:02:08.153027+00:00,counter,marketdata.update.applied,1,"{""market"":""BTC-SYNTH""}"
2026-10-04T20:02:08.153038+00:00,counter,marketdata.update.applied,1,"{""market"":""BTC-SYNTH""}"
2026-10-04T20:02:08.153051+00:00,counter,marketdata.update.applied,1,"{""market"":""BTC-SYNTH""}"
2026-10-04T20:02:08.153061+00:00,counter,marketdata.update.applied,1,"{""market"":""BTC-SYNTH""}"
2026-10-04T20:02:08.153072+00:00,counter,marketdata.update.applied,1,"{""market"":""BTC-SYNTH""}"
2026-10-04T20:02:08.153082+00:00,counter,marketdata.update.applied,1,"{""market"":""BTC-SYNTH""}"
2026-10-04T20:02:08.153093+00:00,counter,marketdata.update.applied,1,"{""market"":""BTC-SYNTH""}"
2026-10-04T20:02:08.153104+00:00,counter,marketdata.update.applied,1,"{""market"":""BTC-SYNTH""}"
2026-10-04T20:02:08.153115+00:00,counter,marketdata.update.applied,1,"{""market"":""BTC-SYNTH""}"
2026-10-04T20:02:08.153125+00:00,counter,marketdata.update.applied,1,"{""market"":""BTC-SYNTH""}"
2026-10-04T20:02:08.153137+00:00,counter,marketdata.update.applied,1,"{""market"":""BTC-SYNTH""}"
2026-10-04T20:02:08.153147+00:00,counter,marketdata.update.applied,1,"{""market"":""BTC-SYNTH""}"
2026-10-04T20:02:08.153158+00:00,counter,marketdata.update.applied,1,"{""market"":""BTC-SYNTH""}"
2026-10-04T20:02:08.153169+00:00,counter,marketdata.update.applied,1,"{""market"":""BTC-SYNTH""}"
2026-10-04T20:02:08.153179+00:00,counter,marketdata.update.applied,1,"{""market"":""BTC-SYNTH""}"
2026-10-04T20:02:08.153189+00:00,counter,marketdata.update.applied,1,"{""market"":""BTC-SYNTH""}"
2026-10-04T20:02:08.153200+00:00,counter,marketdata.update.applied,1,"{""market"":""BTC-SYNTH""}"
2026-10-04T20:02:08.153210+00:00,counter,marketdata.update.applied,1,"{""market"":""BTC-SYNTH""}"
2026-10-04T20:02:08.153221+00:00,counter,marketdata.update.applied,1,"{""market"":""BTC-SYNTH""}"
2026-10-04T20:02:08.153230+00:00,counter,marketdata.update.applied,1,"{""market"":""BTC-SYNTH""}"
2026-10-04T20:02:08.153241+00:00,counter,marketdata.update.applied,1,"{""market"":""BTC-SYNTH""}"
2026-10-04T20:02:08.153251+00:00,counter,marketdata.update.applied,1,"{""market"":""BTC-SYNTH""}"
2026-10-04T20:02:08.153263+00:00,counter,marketdata.update.applied,1,"{""market"":""BTC-SYNTH""}"
2026-10-04T20:02:08.153273+00:00,counter,marketdata.update.applied,1,"{""market"":""BTC-SYNTH""}"
2026-10-04T20:02:08.153332+00:00,counter,marketdata.update.applied,1,"{""market"":""BTC-SYNTH""}"
2026-10-04T20:02:08.153346+00:00,counter,marketdata.update.applied,1,"{""market"":""BTC-SYNTH""}"
2026-10-04T20:02:08.153359+00:00,counter,marketdata.update.applied,1,"{""market"":""BTC-SYNTH""}"
2026-10-04T20:02:08.153370+00:00,counter,marketdata.update.applied,1,"{""market"":""BTC-SYNTH""}"
2026-10-04T20:02:08.153382+00:00,counter,marketdata.update.applied,1,"{""market"":""BTC-SYNTH""}"
2026-10-04T20:02:08.153392+00:00,counter,marketdata.update.applied,1,"{""market"":""BTC-SYNTH""}"
2026-10-04T20:02:08.153402+00:00,counter,marketdata.update.applied,1,"{""market"":""BTC-SYNTH""}"
2026-10-04T20:02:08.153413+00:00,counter,marketdata.update.applied,1,"{""market"":""BTC-SYNTH""}"
2026-10-04T20:02:08.153424+00:00,counter,marketdata.update.applied,1,"{""market"":""BTC-SYNTH""}"
2026-10-04T20:02:08.153433+00:00,counter,marketdata.update.applied,1,"{""market"":""BTC-SYNTH""}"
2026-10-04T20:02:08.153444+00:00,counter,marketdata.update.applied,1,"{""market"":""BTC-SYNTH""}"
2026-10-04T20:02:08.153454+00:00,counter,marketdata.update.applied,1,"{""market"":""BTC-SYNTH""}"
2026-10-04T20:02:08.153464+00:00,counter,marketdata.update.applied,1,"{""market"":""BTC-SYNTH""}"
2026-10-04T20:02:08.153474+00:00,counter,marketdata.update.applied,1,"{""market"":""BTC-SYNTH""}"
2026-10-04T20:02:08.153485+00:00,counter,marketdata.update.applied,1,"{""market"":""BTC-SYNTH""}"
2026-10-04T20:02:08.153505+00:00,counter,marketdata.update.applied,1,"{""market"":""BTC-SYNTH""}"
2026-10-04T20:02:08.153517+00:00,counter,marketdata.update.applied,1,"{""market"":""BTC-SYNTH""}"
2026-10-04T20:02:08.153527+00:00,counter,marketdata.update.applied,1,"{""market"":""BTC-SYNTH""}"
2026-10-04T20:02:08.153538+00:00,counter,marketdata.update.applied,1,"{""market"":""BTC-SYNTH""}"
2026-10-04T20:02:08.153548+00:00,counter,marketdata.update.applied,1,"{""market"":""BTC-SYNTH""}"
2026-10-04T20:02:08.153558+00:00,counter,marketdata.update.applied,1,"{""market"":""BTC-SYNTH""}"
2026-10-04T20:02:08.153568+00:00,counter,marketdata.update.applied,1,"{""market"":""BTC-SYNTH""}"
2026-10-04T20:02:08.518491+00:00,gauge,pricing.slices.attempted,3.0,"{""market"":""BTC-SYNTH"",""producer"":""svi-scipy""}"
2026-10-04T20:02:08.518525+00:00,gauge,pricing.slices.accepted,3.0,"{""market"":""BTC-SYNTH"",""producer"":""svi-scipy""}"
2026-10-04T20:02:08.518596+00:00,gauge,pricing.rmse_vol_bp,37.697678163055095,"{""market"":""BTC-SYNTH"",""producer"":""svi-scipy""}"
2026-10-04T20:02:08.518606+00:00,timing,pricing.cycle_ms,391.573,"{""market"":""BTC-SYNTH"",""producer"":""svi-scipy""}"
2026-10-04T20:02:08.518888+00:00,counter,bus.published,1,"{""topic"":""surface.BTC-SYNTH.svi-scipy""}"
2026-10-04T20:02:08.518919+00:00,counter,runner.handled,1,"{""subscriber"":""svi-scipy@BTC-SYNTH""}"
2026-10-04T20:02:08.519017+00:00,counter,risk.surface.received,1,"{""market"":""BTC-SYNTH"",""producer"":""svi-scipy"",""status"":""OK""}"
2026-10-04T20:02:08.519031+00:00,timing,risk.surface.snapshot_to_surface_ms,2163.75,"{""market"":""BTC-SYNTH"",""producer"":""svi-scipy""}"
2026-10-04T20:02:08.519039+00:00,timing,risk.surface.delivery_lag_ms,0.559,"{""market"":""BTC-SYNTH"",""producer"":""svi-scipy""}"
2026-10-04T20:02:08.519054+00:00,gauge,risk.surface_age_seconds,2.164319,"{""market"":""BTC-SYNTH"",""producer"":""svi-scipy""}"
2026-10-04T20:02:08.519060+00:00,counter,risk.report.freshness,1,"{""decision"":""NORMAL"",""market"":""BTC-SYNTH"",""producer"":""svi-scipy""}"
2026-10-04T20:02:08.519103+00:00,gauge,risk.surface_age_seconds,11.163443,"{""market"":""BTC-SYNTH"",""producer"":""mlp-torch""}"
2026-10-04T20:02:08.519110+00:00,counter,risk.report.freshness,1,"{""decision"":""NORMAL"",""market"":""BTC-SYNTH"",""producer"":""mlp-torch""}"
2026-10-04T20:02:08.519276+00:00,gauge,risk.comparison.value_diff,-455.92088547757885,"{""baseline"":""svi-scipy"",""challenger"":""mlp-torch"",""market"":""BTC-SYNTH""}"
2026-10-04T20:02:08.519298+00:00,gauge,risk.comparison.distance_rms_vol_bp,103.81026454471561,"{""baseline"":""svi-scipy"",""challenger"":""mlp-torch"",""market"":""BTC-SYNTH""}"
2026-10-04T20:02:08.519306+00:00,gauge,risk.comparison.distance_max_vol_bp,426.4642378852079,"{""baseline"":""svi-scipy"",""challenger"":""mlp-torch"",""market"":""BTC-SYNTH""}"
2026-10-04T20:02:08.519318+00:00,gauge,risk.surface_age_seconds,2.164585,"{""market"":""BTC-SYNTH"",""producer"":""svi-scipy""}"
2026-10-04T20:02:08.519325+00:00,counter,risk.report.freshness,1,"{""decision"":""NORMAL"",""market"":""BTC-SYNTH"",""producer"":""svi-scipy""}"
2026-10-04T20:02:08.519349+00:00,counter,runner.handled,1,"{""subscriber"":""risk-svi-scipy@BTC-SYNTH""}"
2026-10-04T20:02:09.129251+00:00,counter,marketdata.snapshot.published,1,"{""market"":""BTC-SYNTH""}"
2026-10-04T20:02:09.129297+00:00,gauge,marketdata.clock_skew_seconds,-1.775036,"{""market"":""BTC-SYNTH""}"
2026-10-04T20:02:09.129314+00:00,gauge,marketdata.coverage_ratio,1.0,"{""market"":""BTC-SYNTH""}"
2026-10-04T20:02:09.129327+00:00,gauge,marketdata.max_age_seconds,3601.812836,"{""market"":""BTC-SYNTH""}"
2026-10-04T20:02:09.129343+00:00,counter,pipeline.heartbeat.emitted,1,"{""market"":""BTC-SYNTH""}"
2026-10-04T20:02:09.129361+00:00,counter,bus.published,1,"{""topic"":""snapshot.BTC-SYNTH""}"
2026-10-04T20:02:09.129381+00:00,counter,bus.dropped,1,"{""subscriber"":""mlp-torch@BTC-SYNTH"",""topic"":""snapshot.BTC-SYNTH""}"
2026-10-04T20:02:09.155493+00:00,counter,marketdata.update.applied,1,"{""market"":""BTC-SYNTH""}"
2026-10-04T20:02:09.155533+00:00,counter,marketdata.update.applied,1,"{""market"":""BTC-SYNTH""}"
2026-10-04T20:02:09.155552+00:00,counter,marketdata.update.applied,1,"{""market"":""BTC-SYNTH""}"
2026-10-04T20:02:09.155565+00:00,counter,marketdata.update.applied,1,"{""market"":""BTC-SYNTH""}"
2026-10-04T20:02:09.155581+00:00,counter,marketdata.update.applied,1,"{""market"":""BTC-SYNTH""}"
2026-10-04T20:02:09.155594+00:00,counter,marketdata.update.applied,1,"{""market"":""BTC-SYNTH""}"
2026-10-04T20:02:09.155607+00:00,counter,marketdata.update.applied,1,"{""market"":""BTC-SYNTH""}"
2026-10-04T20:02:09.155619+00:00,counter,marketdata.update.applied,1,"{""market"":""BTC-SYNTH""}"
2026-10-04T20:02:09.155631+00:00,counter,marketdata.update.applied,1,"{""market"":""BTC-SYNTH""}"
2026-10-04T20:02:09.155652+00:00,counter,marketdata.update.applied,1,"{""market"":""BTC-SYNTH""}"
2026-10-04T20:02:09.155667+00:00,counter,marketdata.update.applied,1,"{""market"":""BTC-SYNTH""}"
2026-10-04T20:02:09.155678+00:00,counter,marketdata.update.applied,1,"{""market"":""BTC-SYNTH""}"
2026-10-04T20:02:09.155690+00:00,counter,marketdata.update.applied,1,"{""market"":""BTC-SYNTH""}"
2026-10-04T20:02:09.155705+00:00,counter,marketdata.update.applied,1,"{""market"":""BTC-SYNTH""}"
2026-10-04T20:02:09.155718+00:00,counter,marketdata.update.applied,1,"{""market"":""BTC-SYNTH""}"
2026-10-04T20:02:09.155729+00:00,counter,marketdata.update.applied,1,"{""market"":""BTC-SYNTH""}"
2026-10-04T20:02:09.155740+00:00,counter,marketdata.update.applied,1,"{""market"":""BTC-SYNTH""}"
2026-10-04T20:02:09.155752+00:00,counter,marketdata.update.applied,1,"{""market"":""BTC-SYNTH""}"
2026-10-04T20:02:09.155779+00:00,counter,marketdata.update.applied,1,"{""market"":""BTC-SYNTH""}"
2026-10-04T20:02:09.155794+00:00,counter,marketdata.update.applied,1,"{""market"":""BTC-SYNTH""}"
2026-10-04T20:02:09.155808+00:00,counter,marketdata.update.applied,1,"{""market"":""BTC-SYNTH""}"
2026-10-04T20:02:09.155823+00:00,counter,marketdata.update.applied,1,"{""market"":""BTC-SYNTH""}"
2026-10-04T20:02:09.155839+00:00,counter,marketdata.update.applied,1,"{""market"":""BTC-SYNTH""}"
2026-10-04T20:02:09.155852+00:00,counter,marketdata.update.applied,1,"{""market"":""BTC-SYNTH""}"
2026-10-04T20:02:09.155864+00:00,counter,marketdata.update.applied,1,"{""market"":""BTC-SYNTH""}"
2026-10-04T20:02:09.155875+00:00,counter,marketdata.update.applied,1,"{""market"":""BTC-SYNTH""}"
2026-10-04T20:02:09.155887+00:00,counter,marketdata.update.applied,1,"{""market"":""BTC-SYNTH""}"
2026-10-04T20:02:09.155899+00:00,counter,marketdata.update.applied,1,"{""market"":""BTC-SYNTH""}"
2026-10-04T20:02:09.155962+00:00,counter,marketdata.update.applied,1,"{""market"":""BTC-SYNTH""}"
2026-10-04T20:02:09.155980+00:00,counter,marketdata.update.applied,1,"{""market"":""BTC-SYNTH""}"
2026-10-04T20:02:09.155995+00:00,counter,marketdata.update.applied,1,"{""market"":""BTC-SYNTH""}"
2026-10-04T20:02:09.156008+00:00,counter,marketdata.update.applied,1,"{""market"":""BTC-SYNTH""}"
2026-10-04T20:02:09.156021+00:00,counter,marketdata.update.applied,1,"{""market"":""BTC-SYNTH""}"
2026-10-04T20:02:09.156032+00:00,counter,marketdata.update.applied,1,"{""market"":""BTC-SYNTH""}"
2026-10-04T20:02:09.156045+00:00,counter,marketdata.update.applied,1,"{""market"":""BTC-SYNTH""}"
2026-10-04T20:02:09.156056+00:00,counter,marketdata.update.applied,1,"{""market"":""BTC-SYNTH""}"
2026-10-04T20:02:09.156068+00:00,counter,marketdata.update.applied,1,"{""market"":""BTC-SYNTH""}"
2026-10-04T20:02:09.156104+00:00,counter,marketdata.update.applied,1,"{""market"":""BTC-SYNTH""}"
2026-10-04T20:02:09.156121+00:00,counter,marketdata.update.applied,1,"{""market"":""BTC-SYNTH""}"
2026-10-04T20:02:09.156134+00:00,counter,marketdata.update.applied,1,"{""market"":""BTC-SYNTH""}"
2026-10-04T20:02:09.156147+00:00,counter,marketdata.update.applied,1,"{""market"":""BTC-SYNTH""}"
2026-10-04T20:02:09.156158+00:00,counter,marketdata.update.applied,1,"{""market"":""BTC-SYNTH""}"
2026-10-04T20:02:09.156171+00:00,counter,marketdata.update.applied,1,"{""market"":""BTC-SYNTH""}"
2026-10-04T20:02:09.156202+00:00,counter,marketdata.update.applied,1,"{""market"":""BTC-SYNTH""}"
2026-10-04T20:02:09.156215+00:00,counter,marketdata.update.applied,1,"{""market"":""BTC-SYNTH""}"
2026-10-04T20:02:09.156226+00:00,counter,marketdata.update.applied,1,"{""market"":""BTC-SYNTH""}"
2026-10-04T20:02:09.156239+00:00,counter,marketdata.update.applied,1,"{""market"":""BTC-SYNTH""}"
2026-10-04T20:02:09.156253+00:00,counter,marketdata.update.applied,1,"{""market"":""BTC-SYNTH""}"
2026-10-04T20:02:09.156264+00:00,counter,marketdata.update.applied,1,"{""market"":""BTC-SYNTH""}"
2026-10-04T20:02:09.156275+00:00,counter,marketdata.update.applied,1,"{""market"":""BTC-SYNTH""}"
2026-10-04T20:02:09.156288+00:00,counter,marketdata.update.applied,1,"{""market"":""BTC-SYNTH""}"
2026-10-04T20:02:09.156298+00:00,counter,marketdata.update.applied,1,"{""market"":""BTC-SYNTH""}"
2026-10-04T20:02:09.156317+00:00,counter,marketdata.update.applied,1,"{""market"":""BTC-SYNTH""}"
2026-10-04T20:02:09.156328+00:00,counter,marketdata.update.applied,1,"{""market"":""BTC-SYNTH""}"
2026-10-04T20:02:09.156340+00:00,counter,marketdata.update.applied,1,"{""market"":""BTC-SYNTH""}"
2026-10-04T20:02:09.156352+00:00,counter,marketdata.update.applied,1,"{""market"":""BTC-SYNTH""}"
2026-10-04T20:02:09.156365+00:00,counter,marketdata.update.applied,1,"{""market"":""BTC-SYNTH""}"
2026-10-04T20:02:09.156377+00:00,counter,marketdata.update.applied,1,"{""market"":""BTC-SYNTH""}"
2026-10-04T20:02:09.156390+00:00,counter,marketdata.update.applied,1,"{""market"":""BTC-SYNTH""}"
2026-10-04T20:02:09.156402+00:00,counter,marketdata.update.applied,1,"{""market"":""BTC-SYNTH""}"
2026-10-04T20:02:09.156414+00:00,counter,marketdata.update.applied,1,"{""market"":""BTC-SYNTH""}"
2026-10-04T20:02:09.156425+00:00,counter,marketdata.update.applied,1,"{""market"":""BTC-SYNTH""}"
2026-10-04T20:02:09.156437+00:00,counter,marketdata.update.applied,1,"{""market"":""BTC-SYNTH""}"
2026-10-04T20:02:09.156447+00:00,counter,marketdata.update.applied,1,"{""market"":""BTC-SYNTH""}"
2026-10-04T20:02:09.156459+00:00,counter,marketdata.update.applied,1,"{""market"":""BTC-SYNTH""}"
2026-10-04T20:02:09.156470+00:00,counter,marketdata.update.applied,1,"{""market"":""BTC-SYNTH""}"
2026-10-04T20:02:09.294824+00:00,gauge,pricing.slices.attempted,3.0,"{""market"":""BTC-SYNTH"",""producer"":""svi-scipy""}"
2026-10-04T20:02:09.294852+00:00,gauge,pricing.slices.accepted,3.0,"{""market"":""BTC-SYNTH"",""producer"":""svi-scipy""}"
2026-10-04T20:02:09.294920+00:00,gauge,pricing.rmse_vol_bp,31.17850835176644,"{""market"":""BTC-SYNTH"",""producer"":""svi-scipy""}"
2026-10-04T20:02:09.294930+00:00,timing,pricing.cycle_ms,165.25699999999998,"{""market"":""BTC-SYNTH"",""producer"":""svi-scipy""}"
2026-10-04T20:02:09.295295+00:00,counter,bus.published,1,"{""topic"":""surface.BTC-SYNTH.svi-scipy""}"
2026-10-04T20:02:09.295317+00:00,counter,runner.handled,1,"{""subscriber"":""svi-scipy@BTC-SYNTH""}"
2026-10-04T20:02:09.295407+00:00,counter,risk.surface.received,1,"{""market"":""BTC-SYNTH"",""producer"":""svi-scipy"",""status"":""OK""}"
2026-10-04T20:02:09.295420+00:00,timing,risk.surface.snapshot_to_surface_ms,1941.322,"{""market"":""BTC-SYNTH"",""producer"":""svi-scipy""}"
2026-10-04T20:02:09.295429+00:00,timing,risk.surface.delivery_lag_ms,0.612,"{""market"":""BTC-SYNTH"",""producer"":""svi-scipy""}"
2026-10-04T20:02:09.295441+00:00,gauge,risk.surface_age_seconds,1.941944,"{""market"":""BTC-SYNTH"",""producer"":""svi-scipy""}"
2026-10-04T20:02:09.295447+00:00,counter,risk.report.freshness,1,"{""decision"":""NORMAL"",""market"":""BTC-SYNTH"",""producer"":""svi-scipy""}"
2026-10-04T20:02:09.295484+00:00,gauge,risk.surface_age_seconds,11.939823,"{""market"":""BTC-SYNTH"",""producer"":""mlp-torch""}"
2026-10-04T20:02:09.295490+00:00,counter,risk.report.freshness,1,"{""decision"":""NORMAL"",""market"":""BTC-SYNTH"",""producer"":""mlp-torch""}"
2026-10-04T20:02:09.295637+00:00,gauge,risk.comparison.value_diff,-475.61584251229215,"{""baseline"":""svi-scipy"",""challenger"":""mlp-torch"",""market"":""BTC-SYNTH""}"
2026-10-04T20:02:09.295648+00:00,gauge,risk.comparison.distance_rms_vol_bp,76.48090956403819,"{""baseline"":""svi-scipy"",""challenger"":""mlp-torch"",""market"":""BTC-SYNTH""}"
2026-10-04T20:02:09.295655+00:00,gauge,risk.comparison.distance_max_vol_bp,267.13380895787344,"{""baseline"":""svi-scipy"",""challenger"":""mlp-torch"",""market"":""BTC-SYNTH""}"
2026-10-04T20:02:09.295664+00:00,gauge,risk.surface_age_seconds,1.942169,"{""market"":""BTC-SYNTH"",""producer"":""svi-scipy""}"
2026-10-04T20:02:09.295670+00:00,counter,risk.report.freshness,1,"{""decision"":""NORMAL"",""market"":""BTC-SYNTH"",""producer"":""svi-scipy""}"
2026-10-04T20:02:09.295689+00:00,counter,runner.handled,1,"{""subscriber"":""risk-svi-scipy@BTC-SYNTH""}"
2026-10-04T20:02:09.829964+00:00,gauge,neural.butterfly_violation,0.0,"{""market"":""BTC-SYNTH""}"
2026-10-04T20:02:09.829996+00:00,gauge,neural.calendar_violation,0.0,"{""market"":""BTC-SYNTH""}"
2026-10-04T20:02:09.830008+00:00,counter,neural.restart,1,"{""market"":""BTC-SYNTH""}"
2026-10-04T20:02:09.830260+00:00,gauge,neural.restart.drift_vol_bp,13.209423077828635,"{""market"":""BTC-SYNTH"",""producer"":""mlp-torch""}"
2026-10-04T20:02:09.844532+00:00,gauge,neural.rmse_vol_bp,47.03625922087755,"{""market"":""BTC-SYNTH"",""producer"":""mlp-torch""}"
2026-10-04T20:02:09.844816+00:00,counter,bus.published,1,"{""topic"":""surface.BTC-SYNTH.mlp-torch""}"
2026-10-04T20:02:09.844867+00:00,counter,runner.handled,1,"{""subscriber"":""mlp-torch@BTC-SYNTH""}"
2026-10-04T20:02:09.845137+00:00,counter,risk.surface.received,1,"{""market"":""BTC-SYNTH"",""producer"":""mlp-torch"",""status"":""OK""}"
2026-10-04T20:02:09.845168+00:00,timing,risk.surface.snapshot_to_surface_ms,11473.573,"{""market"":""BTC-SYNTH"",""producer"":""mlp-torch""}"
2026-10-04T20:02:09.845189+00:00,timing,risk.surface.delivery_lag_ms,15.65,"{""market"":""BTC-SYNTH"",""producer"":""mlp-torch""}"
2026-10-04T20:02:09.845215+00:00,gauge,risk.surface_age_seconds,2.491714,"{""market"":""BTC-SYNTH"",""producer"":""svi-scipy""}"
2026-10-04T20:02:09.845229+00:00,counter,risk.report.freshness,1,"{""decision"":""NORMAL"",""market"":""BTC-SYNTH"",""producer"":""svi-scipy""}"
2026-10-04T20:02:09.845317+00:00,gauge,risk.surface_age_seconds,11.489349,"{""market"":""BTC-SYNTH"",""producer"":""mlp-torch""}"
2026-10-04T20:02:09.845332+00:00,counter,risk.report.freshness,1,"{""decision"":""NORMAL"",""market"":""BTC-SYNTH"",""producer"":""mlp-torch""}"
2026-10-04T20:02:09.845609+00:00,gauge,risk.comparison.value_diff,-435.6530990660758,"{""baseline"":""svi-scipy"",""challenger"":""mlp-torch"",""market"":""BTC-SYNTH""}"
2026-10-04T20:02:09.845704+00:00,gauge,risk.comparison.distance_rms_vol_bp,78.31892617553997,"{""baseline"":""svi-scipy"",""challenger"":""mlp-torch"",""market"":""BTC-SYNTH""}"
2026-10-04T20:02:09.845727+00:00,gauge,risk.comparison.distance_max_vol_bp,283.74495768376363,"{""baseline"":""svi-scipy"",""challenger"":""mlp-torch"",""market"":""BTC-SYNTH""}"
2026-10-04T20:02:09.845749+00:00,gauge,risk.surface_age_seconds,11.489782,"{""market"":""BTC-SYNTH"",""producer"":""mlp-torch""}"
2026-10-04T20:02:09.845763+00:00,counter,risk.report.freshness,1,"{""decision"":""NORMAL"",""market"":""BTC-SYNTH"",""producer"":""mlp-torch""}"
2026-10-04T20:02:09.845800+00:00,counter,runner.handled,1,"{""subscriber"":""risk-mlp-torch@BTC-SYNTH""}"
2026-10-04T20:02:09.847072+00:00,gauge,neural.buffer.size,396.0,"{""market"":""BTC-SYNTH""}"
2026-10-04T20:02:09.847100+00:00,gauge,neural.buffer.cell_coverage,1.0,"{""market"":""BTC-SYNTH""}"
2026-10-04T20:02:09.847116+00:00,counter,neural.buffer.pruned,1,"{""market"":""BTC-SYNTH""}"
2026-10-04T20:02:09.866707+00:00,gauge,neural.butterfly_violation,0.0,"{""market"":""BTC-SYNTH""}"
2026-10-04T20:02:09.866729+00:00,gauge,neural.calendar_violation,0.0,"{""market"":""BTC-SYNTH""}"
2026-10-04T20:02:09.867162+00:00,gauge,neural.rmse_vol_bp,45.663704456174536,"{""market"":""BTC-SYNTH"",""producer"":""mlp-torch""}"
2026-10-04T20:02:09.867318+00:00,counter,bus.published,1,"{""topic"":""surface.BTC-SYNTH.mlp-torch""}"
2026-10-04T20:02:09.867346+00:00,counter,runner.handled,1,"{""subscriber"":""mlp-torch@BTC-SYNTH""}"
2026-10-04T20:02:09.867429+00:00,counter,risk.surface.received,1,"{""market"":""BTC-SYNTH"",""producer"":""mlp-torch"",""status"":""OK""}"
2026-10-04T20:02:09.867443+00:00,timing,risk.surface.snapshot_to_surface_ms,2512.854,"{""market"":""BTC-SYNTH"",""producer"":""mlp-torch""}"
2026-10-04T20:02:09.867452+00:00,timing,risk.surface.delivery_lag_ms,1.103,"{""market"":""BTC-SYNTH"",""producer"":""mlp-torch""}"
2026-10-04T20:02:09.867463+00:00,gauge,risk.surface_age_seconds,2.513966,"{""market"":""BTC-SYNTH"",""producer"":""svi-scipy""}"
2026-10-04T20:02:09.867469+00:00,counter,risk.report.freshness,1,"{""decision"":""NORMAL"",""market"":""BTC-SYNTH"",""producer"":""svi-scipy""}"
2026-10-04T20:02:09.867501+00:00,gauge,risk.surface_age_seconds,2.514006,"{""market"":""BTC-SYNTH"",""producer"":""mlp-torch""}"
2026-10-04T20:02:09.867508+00:00,counter,risk.report.freshness,1,"{""decision"":""NORMAL"",""market"":""BTC-SYNTH"",""producer"":""mlp-torch""}"
2026-10-04T20:02:09.867631+00:00,gauge,risk.comparison.value_diff,36.980249227694,"{""baseline"":""svi-scipy"",""challenger"":""mlp-torch"",""market"":""BTC-SYNTH""}"
2026-10-04T20:02:09.867639+00:00,gauge,risk.comparison.distance_rms_vol_bp,75.20874453598796,"{""baseline"":""svi-scipy"",""challenger"":""mlp-torch"",""market"":""BTC-SYNTH""}"
2026-10-04T20:02:09.867646+00:00,gauge,risk.comparison.distance_max_vol_bp,290.4075375455972,"{""baseline"":""svi-scipy"",""challenger"":""mlp-torch"",""market"":""BTC-SYNTH""}"
2026-10-04T20:02:09.867655+00:00,gauge,risk.surface_age_seconds,2.51416,"{""market"":""BTC-SYNTH"",""producer"":""mlp-torch""}"
2026-10-04T20:02:09.867661+00:00,counter,risk.report.freshness,1,"{""decision"":""NORMAL"",""market"":""BTC-SYNTH"",""producer"":""mlp-torch""}"
2026-10-04T20:02:09.867679+00:00,counter,runner.handled,1,"{""subscriber"":""risk-mlp-torch@BTC-SYNTH""}"
2026-10-04T20:02:10.133826+00:00,counter,marketdata.snapshot.published,1,"{""market"":""BTC-SYNTH""}"
2026-10-04T20:02:10.133889+00:00,gauge,marketdata.clock_skew_seconds,-1.776471,"{""market"":""BTC-SYNTH""}"
2026-10-04T20:02:10.133905+00:00,gauge,marketdata.coverage_ratio,0.9848484848484849,"{""market"":""BTC-SYNTH""}"
2026-10-04T20:02:10.133918+00:00,gauge,marketdata.max_age_seconds,1.875446,"{""market"":""BTC-SYNTH""}"
2026-10-04T20:02:10.133932+00:00,counter,pipeline.heartbeat.emitted,1,"{""market"":""BTC-SYNTH""}"
2026-10-04T20:02:10.133950+00:00,counter,bus.published,1,"{""topic"":""snapshot.BTC-SYNTH""}"
2026-10-04T20:02:10.137351+00:00,gauge,neural.buffer.size,429.0,"{""market"":""BTC-SYNTH""}"
2026-10-04T20:02:10.137380+00:00,gauge,neural.buffer.cell_coverage,1.0,"{""market"":""BTC-SYNTH""}"
2026-10-04T20:02:10.160211+00:00,counter,marketdata.update.applied,1,"{""market"":""BTC-SYNTH""}"
2026-10-04T20:02:10.160287+00:00,counter,marketdata.update.applied,1,"{""market"":""BTC-SYNTH""}"
2026-10-04T20:02:10.160322+00:00,counter,marketdata.update.applied,1,"{""market"":""BTC-SYNTH""}"
2026-10-04T20:02:10.160350+00:00,counter,marketdata.update.applied,1,"{""market"":""BTC-SYNTH""}"
2026-10-04T20:02:10.160398+00:00,counter,marketdata.update.applied,1,"{""market"":""BTC-SYNTH""}"
2026-10-04T20:02:10.160437+00:00,counter,marketdata.update.applied,1,"{""market"":""BTC-SYNTH""}"
2026-10-04T20:02:10.160488+00:00,counter,marketdata.update.applied,1,"{""market"":""BTC-SYNTH""}"
2026-10-04T20:02:10.160519+00:00,counter,marketdata.update.applied,1,"{""market"":""BTC-SYNTH""}"
2026-10-04T20:02:10.160556+00:00,counter,marketdata.update.applied,1,"{""market"":""BTC-SYNTH""}"
2026-10-04T20:02:10.160581+00:00,counter,marketdata.update.applied,1,"{""market"":""BTC-SYNTH""}"
2026-10-04T20:02:10.160607+00:00,counter,marketdata.update.applied,1,"{""market"":""BTC-SYNTH""}"
2026-10-04T20:02:10.160636+00:00,counter,marketdata.update.applied,1,"{""market"":""BTC-SYNTH""}"
2026-10-04T20:02:10.160662+00:00,counter,marketdata.update.applied,1,"{""market"":""BTC-SYNTH""}"
2026-10-04T20:02:10.160686+00:00,counter,marketdata.update.applied,1,"{""market"":""BTC-SYNTH""}"
2026-10-04T20:02:10.160714+00:00,counter,marketdata.update.applied,1,"{""market"":""BTC-SYNTH""}"
2026-10-04T20:02:10.160738+00:00,counter,marketdata.update.applied,1,"{""market"":""BTC-SYNTH""}"
2026-10-04T20:02:10.160768+00:00,counter,marketdata.update.applied,1,"{""market"":""BTC-SYNTH""}"
2026-10-04T20:02:10.160792+00:00,counter,marketdata.update.applied,1,"{""market"":""BTC-SYNTH""}"
2026-10-04T20:02:10.160817+00:00,counter,marketdata.update.applied,1,"{""market"":""BTC-SYNTH""}"
2026-10-04T20:02:10.160840+00:00,counter,marketdata.update.applied,1,"{""market"":""BTC-SYNTH""}"
2026-10-04T20:02:10.160865+00:00,counter,marketdata.update.applied,1,"{""market"":""BTC-SYNTH""}"
2026-10-04T20:02:10.160888+00:00,counter,marketdata.update.applied,1,"{""market"":""BTC-SYNTH""}"
2026-10-04T20:02:10.160915+00:00,counter,marketdata.update.applied,1,"{""market"":""BTC-SYNTH""}"
2026-10-04T20:02:10.160938+00:00,counter,marketdata.update.applied,1,"{""market"":""BTC-SYNTH""}"
2026-10-04T20:02:10.160963+00:00,counter,marketdata.update.applied,1,"{""market"":""BTC-SYNTH""}"
2026-10-04T20:02:10.160984+00:00,counter,marketdata.update.applied,1,"{""market"":""BTC-SYNTH""}"
2026-10-04T20:02:10.161009+00:00,counter,marketdata.update.applied,1,"{""market"":""BTC-SYNTH""}"
2026-10-04T20:02:10.161031+00:00,counter,marketdata.update.applied,1,"{""market"":""BTC-SYNTH""}"
2026-10-04T20:02:10.161056+00:00,counter,marketdata.update.applied,1,"{""market"":""BTC-SYNTH""}"
2026-10-04T20:02:10.161078+00:00,counter,marketdata.update.applied,1,"{""market"":""BTC-SYNTH""}"
2026-10-04T20:02:10.161104+00:00,counter,marketdata.update.applied,1,"{""market"":""BTC-SYNTH""}"
2026-10-04T20:02:10.161127+00:00,counter,marketdata.update.applied,1,"{""market"":""BTC-SYNTH""}"
2026-10-04T20:02:10.161150+00:00,counter,marketdata.update.applied,1,"{""market"":""BTC-SYNTH""}"
2026-10-04T20:02:10.161172+00:00,counter,marketdata.update.applied,1,"{""market"":""BTC-SYNTH""}"
2026-10-04T20:02:10.161197+00:00,counter,marketdata.update.applied,1,"{""market"":""BTC-SYNTH""}"
2026-10-04T20:02:10.161219+00:00,counter,marketdata.update.applied,1,"{""market"":""BTC-SYNTH""}"
2026-10-04T20:02:10.161256+00:00,counter,marketdata.update.applied,1,"{""market"":""BTC-SYNTH""}"
2026-10-04T20:02:10.161280+00:00,counter,marketdata.update.applied,1,"{""market"":""BTC-SYNTH""}"
2026-10-04T20:02:10.161305+00:00,counter,marketdata.update.applied,1,"{""market"":""BTC-SYNTH""}"
2026-10-04T20:02:10.161328+00:00,counter,marketdata.update.applied,1,"{""market"":""BTC-SYNTH""}"
2026-10-04T20:02:10.161351+00:00,counter,marketdata.update.applied,1,"{""market"":""BTC-SYNTH""}"
2026-10-04T20:02:10.161473+00:00,counter,marketdata.update.applied,1,"{""market"":""BTC-SYNTH""}"
2026-10-04T20:02:10.161506+00:00,counter,marketdata.update.applied,1,"{""market"":""BTC-SYNTH""}"
2026-10-04T20:02:10.161530+00:00,counter,marketdata.update.applied,1,"{""market"":""BTC-SYNTH""}"
2026-10-04T20:02:10.161576+00:00,counter,marketdata.update.applied,1,"{""market"":""BTC-SYNTH""}"
2026-10-04T20:02:10.161606+00:00,counter,marketdata.update.applied,1,"{""market"":""BTC-SYNTH""}"
2026-10-04T20:02:10.161633+00:00,counter,marketdata.update.applied,1,"{""market"":""BTC-SYNTH""}"
2026-10-04T20:02:10.161656+00:00,counter,marketdata.update.applied,1,"{""market"":""BTC-SYNTH""}"
2026-10-04T20:02:10.161681+00:00,counter,marketdata.update.applied,1,"{""market"":""BTC-SYNTH""}"
2026-10-04T20:02:10.161703+00:00,counter,marketdata.update.applied,1,"{""market"":""BTC-SYNTH""}"
2026-10-04T20:02:10.161728+00:00,counter,marketdata.update.applied,1,"{""market"":""BTC-SYNTH""}"
2026-10-04T20:02:10.161751+00:00,counter,marketdata.update.applied,1,"{""market"":""BTC-SYNTH""}"
2026-10-04T20:02:10.161774+00:00,counter,marketdata.update.applied,1,"{""market"":""BTC-SYNTH""}"
2026-10-04T20:02:10.161796+00:00,counter,marketdata.update.applied,1,"{""market"":""BTC-SYNTH""}"
2026-10-04T20:02:10.161820+00:00,counter,marketdata.update.applied,1,"{""market"":""BTC-SYNTH""}"
2026-10-04T20:02:10.161843+00:00,counter,marketdata.update.applied,1,"{""market"":""BTC-SYNTH""}"
2026-10-04T20:02:10.161867+00:00,counter,marketdata.update.applied,1,"{""market"":""BTC-SYNTH""}"
2026-10-04T20:02:10.161889+00:00,counter,marketdata.update.applied,1,"{""market"":""BTC-SYNTH""}"
2026-10-04T20:02:10.161914+00:00,counter,marketdata.update.applied,1,"{""market"":""BTC-SYNTH""}"
2026-10-04T20:02:10.161936+00:00,counter,marketdata.update.applied,1,"{""market"":""BTC-SYNTH""}"
2026-10-04T20:02:10.161960+00:00,counter,marketdata.update.applied,1,"{""market"":""BTC-SYNTH""}"
2026-10-04T20:02:10.161981+00:00,counter,marketdata.update.applied,1,"{""market"":""BTC-SYNTH""}"
2026-10-04T20:02:10.162005+00:00,counter,marketdata.update.applied,1,"{""market"":""BTC-SYNTH""}"
2026-10-04T20:02:10.162026+00:00,counter,marketdata.update.applied,1,"{""market"":""BTC-SYNTH""}"
2026-10-04T20:02:10.162050+00:00,counter,marketdata.update.applied,1,"{""market"":""BTC-SYNTH""}"
2026-10-04T20:02:10.162071+00:00,counter,marketdata.update.applied,1,"{""market"":""BTC-SYNTH""}"
2026-10-04T20:02:10.335844+00:00,gauge,pricing.slices.attempted,3.0,"{""market"":""BTC-SYNTH"",""producer"":""svi-scipy""}"
2026-10-04T20:02:10.335874+00:00,gauge,pricing.slices.accepted,3.0,"{""market"":""BTC-SYNTH"",""producer"":""svi-scipy""}"
2026-10-04T20:02:10.335947+00:00,gauge,pricing.rmse_vol_bp,47.93467461409387,"{""market"":""BTC-SYNTH"",""producer"":""svi-scipy""}"
2026-10-04T20:02:10.335958+00:00,timing,pricing.cycle_ms,201.566,"{""market"":""BTC-SYNTH"",""producer"":""svi-scipy""}"
2026-10-04T20:02:10.336362+00:00,counter,bus.published,1,"{""topic"":""surface.BTC-SYNTH.svi-scipy""}"
2026-10-04T20:02:10.336419+00:00,counter,runner.handled,1,"{""subscriber"":""svi-scipy@BTC-SYNTH""}"
2026-10-04T20:02:10.336595+00:00,counter,risk.surface.received,1,"{""market"":""BTC-SYNTH"",""producer"":""svi-scipy"",""status"":""OK""}"
2026-10-04T20:02:10.336624+00:00,timing,risk.surface.snapshot_to_surface_ms,1979.598,"{""market"":""BTC-SYNTH"",""producer"":""svi-scipy""}"
2026-10-04T20:02:10.336645+00:00,timing,risk.surface.delivery_lag_ms,0.8069999999999999,"{""market"":""BTC-SYNTH"",""producer"":""svi-scipy""}"
2026-10-04T20:02:10.336670+00:00,gauge,risk.surface_age_seconds,1.980426,"{""market"":""BTC-SYNTH"",""producer"":""svi-scipy""}"
2026-10-04T20:02:10.336683+00:00,counter,risk.report.freshness,1,"{""decision"":""NORMAL"",""market"":""BTC-SYNTH"",""producer"":""svi-scipy""}"
2026-10-04T20:02:10.336748+00:00,gauge,risk.surface_age_seconds,2.983249,"{""market"":""BTC-SYNTH"",""producer"":""mlp-torch""}"
2026-10-04T20:02:10.336761+00:00,counter,risk.report.freshness,1,"{""decision"":""NORMAL"",""market"":""BTC-SYNTH"",""producer"":""mlp-torch""}"
2026-10-04T20:02:10.336991+00:00,gauge,risk.comparison.value_diff,116.64135828850704,"{""baseline"":""svi-scipy"",""challenger"":""mlp-torch"",""market"":""BTC-SYNTH""}"
2026-10-04T20:02:10.337008+00:00,gauge,risk.comparison.distance_rms_vol_bp,88.38285131104465,"{""baseline"":""svi-scipy"",""challenger"":""mlp-torch"",""market"":""BTC-SYNTH""}"
2026-10-04T20:02:10.337023+00:00,gauge,risk.comparison.distance_max_vol_bp,274.12306048168136,"{""baseline"":""svi-scipy"",""challenger"":""mlp-torch"",""market"":""BTC-SYNTH""}"
2026-10-04T20:02:10.337042+00:00,gauge,risk.surface_age_seconds,1.980801,"{""market"":""BTC-SYNTH"",""producer"":""svi-scipy""}"
2026-10-04T20:02:10.337054+00:00,counter,risk.report.freshness,1,"{""decision"":""NORMAL"",""market"":""BTC-SYNTH"",""producer"":""svi-scipy""}"
2026-10-04T20:02:10.337088+00:00,counter,runner.handled,1,"{""subscriber"":""risk-svi-scipy@BTC-SYNTH""}"
2026-10-04T20:02:10.353310+00:00,gauge,neural.butterfly_violation,0.0,"{""market"":""BTC-SYNTH""}"
2026-10-04T20:02:10.353331+00:00,gauge,neural.calendar_violation,0.0,"{""market"":""BTC-SYNTH""}"
2026-10-04T20:02:10.353935+00:00,gauge,neural.rmse_vol_bp,63.68247880080776,"{""market"":""BTC-SYNTH"",""producer"":""mlp-torch""}"
2026-10-04T20:02:10.354260+00:00,counter,bus.published,1,"{""topic"":""surface.BTC-SYNTH.mlp-torch""}"
2026-10-04T20:02:10.354302+00:00,counter,runner.handled,1,"{""subscriber"":""mlp-torch@BTC-SYNTH""}"
2026-10-04T20:02:10.354423+00:00,counter,risk.surface.received,1,"{""market"":""BTC-SYNTH"",""producer"":""mlp-torch"",""status"":""OK""}"
2026-10-04T20:02:10.354451+00:00,timing,risk.surface.snapshot_to_surface_ms,1996.71,"{""market"":""BTC-SYNTH"",""producer"":""mlp-torch""}"
2026-10-04T20:02:10.354469+00:00,timing,risk.surface.delivery_lag_ms,1.52,"{""market"":""BTC-SYNTH"",""producer"":""mlp-torch""}"
2026-10-04T20:02:10.354495+00:00,gauge,risk.surface_age_seconds,1.998248,"{""market"":""BTC-SYNTH"",""producer"":""svi-scipy""}"
2026-10-04T20:02:10.354508+00:00,counter,risk.report.freshness,1,"{""decision"":""NORMAL"",""market"":""BTC-SYNTH"",""producer"":""svi-scipy""}"
2026-10-04T20:02:10.354554+00:00,gauge,risk.surface_age_seconds,1.998313,"{""market"":""BTC-SYNTH"",""producer"":""mlp-torch""}"
2026-10-04T20:02:10.354566+00:00,counter,risk.report.freshness,1,"{""decision"":""NORMAL"",""market"":""BTC-SYNTH"",""producer"":""mlp-torch""}"
2026-10-04T20:02:10.354760+00:00,gauge,risk.comparison.value_diff,17.185943104486796,"{""baseline"":""svi-scipy"",""challenger"":""mlp-torch"",""market"":""BTC-SYNTH""}"
2026-10-04T20:02:10.354782+00:00,gauge,risk.comparison.distance_rms_vol_bp,75.64803353193366,"{""baseline"":""svi-scipy"",""challenger"":""mlp-torch"",""market"":""BTC-SYNTH""}"
2026-10-04T20:02:10.354796+00:00,gauge,risk.comparison.distance_max_vol_bp,276.3962755321214,"{""baseline"":""svi-scipy"",""challenger"":""mlp-torch"",""market"":""BTC-SYNTH""}"
2026-10-04T20:02:10.354814+00:00,gauge,risk.surface_age_seconds,1.998573,"{""market"":""BTC-SYNTH"",""producer"":""mlp-torch""}"
2026-10-04T20:02:10.354826+00:00,counter,risk.report.freshness,1,"{""decision"":""NORMAL"",""market"":""BTC-SYNTH"",""producer"":""mlp-torch""}"
2026-10-04T20:02:10.354859+00:00,counter,runner.handled,1,"{""subscriber"":""risk-mlp-torch@BTC-SYNTH""}"
2026-10-04T20:02:11.139997+00:00,counter,marketdata.snapshot.published,1,"{""market"":""BTC-SYNTH""}"
2026-10-04T20:02:11.140143+00:00,gauge,marketdata.clock_skew_seconds,-1.783732,"{""market"":""BTC-SYNTH""}"
2026-10-04T20:02:11.140198+00:00,gauge,marketdata.coverage_ratio,1.0,"{""market"":""BTC-SYNTH""}"
2026-10-04T20:02:11.140237+00:00,gauge,marketdata.max_age_seconds,1.880851,"{""market"":""BTC-SYNTH""}"
2026-10-04T20:02:11.140278+00:00,counter,pipeline.heartbeat.emitted,1,"{""market"":""BTC-SYNTH""}"
2026-10-04T20:02:11.140426+00:00,counter,bus.published,1,"{""topic"":""snapshot.BTC-SYNTH""}"
2026-10-04T20:02:11.142822+00:00,gauge,neural.buffer.size,462.0,"{""market"":""BTC-SYNTH""}"
2026-10-04T20:02:11.142924+00:00,gauge,neural.buffer.cell_coverage,1.0,"{""market"":""BTC-SYNTH""}"
2026-10-04T20:02:11.165732+00:00,counter,marketdata.update.applied,1,"{""market"":""BTC-SYNTH""}"
2026-10-04T20:02:11.165789+00:00,counter,marketdata.update.applied,1,"{""market"":""BTC-SYNTH""}"
2026-10-04T20:02:11.165821+00:00,counter,marketdata.update.applied,1,"{""market"":""BTC-SYNTH""}"
2026-10-04T20:02:11.165860+00:00,counter,marketdata.update.applied,1,"{""market"":""BTC-SYNTH""}"
2026-10-04T20:02:11.165887+00:00,counter,marketdata.update.applied,1,"{""market"":""BTC-SYNTH""}"
2026-10-04T20:02:11.165910+00:00,counter,marketdata.update.applied,1,"{""market"":""BTC-SYNTH""}"
2026-10-04T20:02:11.165936+00:00,counter,marketdata.update.applied,1,"{""market"":""BTC-SYNTH""}"
2026-10-04T20:02:11.165958+00:00,counter,marketdata.update.applied,1,"{""market"":""BTC-SYNTH""}"
2026-10-04T20:02:11.165981+00:00,counter,marketdata.update.applied,1,"{""market"":""BTC-SYNTH""}"
2026-10-04T20:02:11.166003+00:00,counter,marketdata.update.applied,1,"{""market"":""BTC-SYNTH""}"
2026-10-04T20:02:11.166027+00:00,counter,marketdata.update.applied,1,"{""market"":""BTC-SYNTH""}"
2026-10-04T20:02:11.166048+00:00,counter,marketdata.update.applied,1,"{""market"":""BTC-SYNTH""}"
2026-10-04T20:02:11.166071+00:00,counter,marketdata.update.applied,1,"{""market"":""BTC-SYNTH""}"
2026-10-04T20:02:11.166092+00:00,counter,marketdata.update.applied,1,"{""market"":""BTC-SYNTH""}"
2026-10-04T20:02:11.166116+00:00,counter,marketdata.update.applied,1,"{""market"":""BTC-SYNTH""}"
2026-10-04T20:02:11.166146+00:00,counter,marketdata.update.applied,1,"{""market"":""BTC-SYNTH""}"
2026-10-04T20:02:11.166169+00:00,counter,marketdata.update.applied,1,"{""market"":""BTC-SYNTH""}"
2026-10-04T20:02:11.166191+00:00,counter,marketdata.update.applied,1,"{""market"":""BTC-SYNTH""}"
2026-10-04T20:02:11.166214+00:00,counter,marketdata.update.applied,1,"{""market"":""BTC-SYNTH""}"
2026-10-04T20:02:11.166235+00:00,counter,marketdata.update.applied,1,"{""market"":""BTC-SYNTH""}"
2026-10-04T20:02:11.166257+00:00,counter,marketdata.update.applied,1,"{""market"":""BTC-SYNTH""}"
2026-10-04T20:02:11.166278+00:00,counter,marketdata.update.applied,1,"{""market"":""BTC-SYNTH""}"
2026-10-04T20:02:11.166304+00:00,counter,marketdata.update.applied,1,"{""market"":""BTC-SYNTH""}"
2026-10-04T20:02:11.166325+00:00,counter,marketdata.update.applied,1,"{""market"":""BTC-SYNTH""}"
2026-10-04T20:02:11.166348+00:00,counter,marketdata.update.applied,1,"{""market"":""BTC-SYNTH""}"
2026-10-04T20:02:11.166369+00:00,counter,marketdata.update.applied,1,"{""market"":""BTC-SYNTH""}"
2026-10-04T20:02:11.166392+00:00,counter,marketdata.update.applied,1,"{""market"":""BTC-SYNTH""}"
2026-10-04T20:02:11.166413+00:00,counter,marketdata.update.applied,1,"{""market"":""BTC-SYNTH""}"
2026-10-04T20:02:11.166437+00:00,counter,marketdata.update.applied,1,"{""market"":""BTC-SYNTH""}"
2026-10-04T20:02:11.166458+00:00,counter,marketdata.update.applied,1,"{""market"":""BTC-SYNTH""}"
2026-10-04T20:02:11.166483+00:00,counter,marketdata.update.applied,1,"{""market"":""BTC-SYNTH""}"
2026-10-04T20:02:11.166504+00:00,counter,marketdata.update.applied,1,"{""market"":""BTC-SYNTH""}"
2026-10-04T20:02:11.166527+00:00,counter,marketdata.update.applied,1,"{""market"":""BTC-SYNTH""}"
2026-10-04T20:02:11.166548+00:00,counter,marketdata.update.applied,1,"{""market"":""BTC-SYNTH""}"
2026-10-04T20:02:11.166571+00:00,counter,marketdata.update.applied,1,"{""market"":""BTC-SYNTH""}"
2026-10-04T20:02:11.166592+00:00,counter,marketdata.update.applied,1,"{""market"":""BTC-SYNTH""}"
2026-10-04T20:02:11.166615+00:00,counter,marketdata.update.applied,1,"{""market"":""BTC-SYNTH""}"
2026-10-04T20:02:11.166635+00:00,counter,marketdata.update.applied,1,"{""market"":""BTC-SYNTH""}"
2026-10-04T20:02:11.166658+00:00,counter,marketdata.update.applied,1,"{""market"":""BTC-SYNTH""}"
2026-10-04T20:02:11.166678+00:00,counter,marketdata.update.applied,1,"{""market"":""BTC-SYNTH""}"
2026-10-04T20:02:11.166700+00:00,counter,marketdata.update.applied,1,"{""market"":""BTC-SYNTH""}"
2026-10-04T20:02:11.166743+00:00,counter,marketdata.update.applied,1,"{""market"":""BTC-SYNTH""}"
2026-10-04T20:02:11.166773+00:00,counter,marketdata.update.applied,1,"{""market"":""BTC-SYNTH""}"
2026-10-04T20:02:11.166796+00:00,counter,marketdata.update.applied,1,"{""market"":""BTC-SYNTH""}"
2026-10-04T20:02:11.166822+00:00,counter,marketdata.update.applied,1,"{""market"":""BTC-SYNTH""}"
2026-10-04T20:02:11.166843+00:00,counter,marketdata.update.applied,1,"{""market"":""BTC-SYNTH""}"
2026-10-04T20:02:11.166866+00:00,counter,marketdata.update.applied,1,"{""market"":""BTC-SYNTH""}"
2026-10-04T20:02:11.166887+00:00,counter,marketdata.update.applied,1,"{""market"":""BTC-SYNTH""}"
2026-10-04T20:02:11.166910+00:00,counter,marketdata.update.applied,1,"{""market"":""BTC-SYNTH""}"
2026-10-04T20:02:11.166931+00:00,counter,marketdata.update.applied,1,"{""market"":""BTC-SYNTH""}"
2026-10-04T20:02:11.166954+00:00,counter,marketdata.update.applied,1,"{""market"":""BTC-SYNTH""}"
2026-10-04T20:02:11.166975+00:00,counter,marketdata.update.applied,1,"{""market"":""BTC-SYNTH""}"
2026-10-04T20:02:11.166997+00:00,counter,marketdata.update.applied,1,"{""market"":""BTC-SYNTH""}"
2026-10-04T20:02:11.167018+00:00,counter,marketdata.update.applied,1,"{""market"":""BTC-SYNTH""}"
2026-10-04T20:02:11.167041+00:00,counter,marketdata.update.applied,1,"{""market"":""BTC-SYNTH""}"
2026-10-04T20:02:11.167063+00:00,counter,marketdata.update.applied,1,"{""market"":""BTC-SYNTH""}"
2026-10-04T20:02:11.167085+00:00,counter,marketdata.update.applied,1,"{""market"":""BTC-SYNTH""}"
2026-10-04T20:02:11.167106+00:00,counter,marketdata.update.applied,1,"{""market"":""BTC-SYNTH""}"
2026-10-04T20:02:11.167129+00:00,counter,marketdata.update.applied,1,"{""market"":""BTC-SYNTH""}"
2026-10-04T20:02:11.167151+00:00,counter,marketdata.update.applied,1,"{""market"":""BTC-SYNTH""}"
2026-10-04T20:02:11.167173+00:00,counter,marketdata.update.applied,1,"{""market"":""BTC-SYNTH""}"
2026-10-04T20:02:11.167193+00:00,counter,marketdata.update.applied,1,"{""market"":""BTC-SYNTH""}"
2026-10-04T20:02:11.167216+00:00,counter,marketdata.update.applied,1,"{""market"":""BTC-SYNTH""}"
2026-10-04T20:02:11.167237+00:00,counter,marketdata.update.applied,1,"{""market"":""BTC-SYNTH""}"
2026-10-04T20:02:11.167258+00:00,counter,marketdata.update.applied,1,"{""market"":""BTC-SYNTH""}"
2026-10-04T20:02:11.167280+00:00,counter,marketdata.update.applied,1,"{""market"":""BTC-SYNTH""}"
2026-10-04T20:02:11.245754+00:00,gauge,pricing.slices.attempted,3.0,"{""market"":""BTC-SYNTH"",""producer"":""svi-scipy""}"
2026-10-04T20:02:11.245785+00:00,gauge,pricing.slices.accepted,3.0,"{""market"":""BTC-SYNTH"",""producer"":""svi-scipy""}"
2026-10-04T20:02:11.245856+00:00,gauge,pricing.rmse_vol_bp,41.63931023378764,"{""market"":""BTC-SYNTH"",""producer"":""svi-scipy""}"
2026-10-04T20:02:11.245866+00:00,timing,pricing.cycle_ms,102.657,"{""market"":""BTC-SYNTH"",""producer"":""svi-scipy""}"
2026-10-04T20:02:11.246203+00:00,counter,bus.published,1,"{""topic"":""surface.BTC-SYNTH.svi-scipy""}"
2026-10-04T20:02:11.246252+00:00,counter,runner.handled,1,"{""subscriber"":""svi-scipy@BTC-SYNTH""}"
2026-10-04T20:02:11.246396+00:00,counter,risk.surface.received,1,"{""market"":""BTC-SYNTH"",""producer"":""svi-scipy"",""status"":""OK""}"
2026-10-04T20:02:11.246419+00:00,timing,risk.surface.snapshot_to_surface_ms,1891.969,"{""market"":""BTC-SYNTH"",""producer"":""svi-scipy""}"
2026-10-04T20:02:11.246436+00:00,timing,risk.surface.delivery_lag_ms,0.6890000000000001,"{""market"":""BTC-SYNTH"",""producer"":""svi-scipy""}"
2026-10-04T20:02:11.246461+00:00,gauge,risk.surface_age_seconds,1.892678,"{""market"":""BTC-SYNTH"",""producer"":""svi-scipy""}"
2026-10-04T20:02:11.246474+00:00,counter,risk.report.freshness,1,"{""decision"":""NORMAL"",""market"":""BTC-SYNTH"",""producer"":""svi-scipy""}"
2026-10-04T20:02:11.246536+00:00,gauge,risk.surface_age_seconds,2.890295,"{""market"":""BTC-SYNTH"",""producer"":""mlp-torch""}"
2026-10-04T20:02:11.246550+00:00,counter,risk.report.freshness,1,"{""decision"":""NORMAL"",""market"":""BTC-SYNTH"",""producer"":""mlp-torch""}"
2026-10-04T20:02:11.246773+00:00,gauge,risk.comparison.value_diff,-137.49666653703025,"{""baseline"":""svi-scipy"",""challenger"":""mlp-torch"",""market"":""BTC-SYNTH""}"
2026-10-04T20:02:11.246865+00:00,gauge,risk.comparison.distance_rms_vol_bp,54.284654605278334,"{""baseline"":""svi-scipy"",""challenger"":""mlp-torch"",""market"":""BTC-SYNTH""}"
2026-10-04T20:02:11.246887+00:00,gauge,risk.comparison.distance_max_vol_bp,125.51988795475478,"{""baseline"":""svi-scipy"",""challenger"":""mlp-torch"",""market"":""BTC-SYNTH""}"
2026-10-04T20:02:11.246908+00:00,gauge,risk.surface_age_seconds,1.893128,"{""market"":""BTC-SYNTH"",""producer"":""svi-scipy""}"
2026-10-04T20:02:11.246920+00:00,counter,risk.report.freshness,1,"{""decision"":""NORMAL"",""market"":""BTC-SYNTH"",""producer"":""svi-scipy""}"
2026-10-04T20:02:11.246956+00:00,counter,runner.handled,1,"{""subscriber"":""risk-svi-scipy@BTC-SYNTH""}"
2026-10-04T20:02:12.143078+00:00,counter,marketdata.snapshot.published,1,"{""market"":""BTC-SYNTH""}"
2026-10-04T20:02:12.143129+00:00,gauge,marketdata.clock_skew_seconds,-1.786443,"{""market"":""BTC-SYNTH""}"
2026-10-04T20:02:12.143146+00:00,gauge,marketdata.coverage_ratio,0.9848484848484849,"{""market"":""BTC-SYNTH""}"
2026-10-04T20:02:12.143160+00:00,gauge,marketdata.max_age_seconds,1.884387,"{""market"":""BTC-SYNTH""}"
2026-10-04T20:02:12.143175+00:00,counter,pipeline.heartbeat.emitted,1,"{""market"":""BTC-SYNTH""}"
2026-10-04T20:02:12.143194+00:00,counter,bus.published,1,"{""topic"":""snapshot.BTC-SYNTH""}"
2026-10-04T20:02:12.168329+00:00,counter,marketdata.update.applied,1,"{""market"":""BTC-SYNTH""}"
2026-10-04T20:02:12.168461+00:00,counter,marketdata.update.applied,1,"{""market"":""BTC-SYNTH""}"
2026-10-04T20:02:12.168514+00:00,counter,marketdata.update.applied,1,"{""market"":""BTC-SYNTH""}"
2026-10-04T20:02:12.168548+00:00,counter,marketdata.update.applied,1,"{""market"":""BTC-SYNTH""}"
2026-10-04T20:02:12.168609+00:00,counter,marketdata.update.applied,1,"{""market"":""BTC-SYNTH""}"
2026-10-04T20:02:12.168627+00:00,counter,marketdata.update.applied,1,"{""market"":""BTC-SYNTH""}"
2026-10-04T20:02:12.168646+00:00,counter,marketdata.update.applied,1,"{""market"":""BTC-SYNTH""}"
2026-10-04T20:02:12.168664+00:00,counter,marketdata.update.applied,1,"{""market"":""BTC-SYNTH""}"
2026-10-04T20:02:12.168682+00:00,counter,marketdata.update.applied,1,"{""market"":""BTC-SYNTH""}"
2026-10-04T20:02:12.168699+00:00,counter,marketdata.update.applied,1,"{""market"":""BTC-SYNTH""}"
2026-10-04T20:02:12.168796+00:00,counter,marketdata.update.applied,1,"{""market"":""BTC-SYNTH""}"
2026-10-04T20:02:12.168838+00:00,counter,marketdata.update.applied,1,"{""market"":""BTC-SYNTH""}"
2026-10-04T20:02:12.168863+00:00,counter,marketdata.update.applied,1,"{""market"":""BTC-SYNTH""}"
2026-10-04T20:02:12.168881+00:00,counter,marketdata.update.applied,1,"{""market"":""BTC-SYNTH""}"
2026-10-04T20:02:12.168901+00:00,counter,marketdata.update.applied,1,"{""market"":""BTC-SYNTH""}"
2026-10-04T20:02:12.168918+00:00,counter,marketdata.update.applied,1,"{""market"":""BTC-SYNTH""}"
2026-10-04T20:02:12.168936+00:00,counter,marketdata.update.applied,1,"{""market"":""BTC-SYNTH""}"
2026-10-04T20:02:12.168953+00:00,counter,marketdata.update.applied,1,"{""market"":""BTC-SYNTH""}"
2026-10-04T20:02:12.168972+00:00,counter,marketdata.update.applied,1,"{""market"":""BTC-SYNTH""}"
2026-10-04T20:02:12.168989+00:00,counter,marketdata.update.applied,1,"{""market"":""BTC-SYNTH""}"
2026-10-04T20:02:12.169007+00:00,counter,marketdata.update.applied,1,"{""market"":""BTC-SYNTH""}"
2026-10-04T20:02:12.169024+00:00,counter,marketdata.update.applied,1,"{""market"":""BTC-SYNTH""}"
2026-10-04T20:02:12.169045+00:00,counter,marketdata.update.applied,1,"{""market"":""BTC-SYNTH""}"
2026-10-04T20:02:12.169061+00:00,counter,marketdata.update.applied,1,"{""market"":""BTC-SYNTH""}"
2026-10-04T20:02:12.169079+00:00,counter,marketdata.update.applied,1,"{""market"":""BTC-SYNTH""}"
2026-10-04T20:02:12.169094+00:00,counter,marketdata.update.applied,1,"{""market"":""BTC-SYNTH""}"
2026-10-04T20:02:12.169111+00:00,counter,marketdata.update.applied,1,"{""market"":""BTC-SYNTH""}"
2026-10-04T20:02:12.169127+00:00,counter,marketdata.update.applied,1,"{""market"":""BTC-SYNTH""}"
2026-10-04T20:02:12.169144+00:00,counter,marketdata.update.applied,1,"{""market"":""BTC-SYNTH""}"
2026-10-04T20:02:12.169160+00:00,counter,marketdata.update.applied,1,"{""market"":""BTC-SYNTH""}"
2026-10-04T20:02:12.169177+00:00,counter,marketdata.update.applied,1,"{""market"":""BTC-SYNTH""}"
2026-10-04T20:02:12.169193+00:00,counter,marketdata.update.applied,1,"{""market"":""BTC-SYNTH""}"
2026-10-04T20:02:12.169210+00:00,counter,marketdata.update.applied,1,"{""market"":""BTC-SYNTH""}"
2026-10-04T20:02:12.169226+00:00,counter,marketdata.update.applied,1,"{""market"":""BTC-SYNTH""}"
2026-10-04T20:02:12.169242+00:00,counter,marketdata.update.applied,1,"{""market"":""BTC-SYNTH""}"
2026-10-04T20:02:12.169259+00:00,counter,marketdata.update.applied,1,"{""market"":""BTC-SYNTH""}"
2026-10-04T20:02:12.169275+00:00,counter,marketdata.update.applied,1,"{""market"":""BTC-SYNTH""}"
2026-10-04T20:02:12.169290+00:00,counter,marketdata.update.applied,1,"{""market"":""BTC-SYNTH""}"
2026-10-04T20:02:12.169304+00:00,counter,marketdata.update.applied,1,"{""market"":""BTC-SYNTH""}"
2026-10-04T20:02:12.169318+00:00,counter,marketdata.update.applied,1,"{""market"":""BTC-SYNTH""}"
2026-10-04T20:02:12.169332+00:00,counter,marketdata.update.applied,1,"{""market"":""BTC-SYNTH""}"
2026-10-04T20:02:12.169346+00:00,counter,marketdata.update.applied,1,"{""market"":""BTC-SYNTH""}"
2026-10-04T20:02:12.169362+00:00,counter,marketdata.update.applied,1,"{""market"":""BTC-SYNTH""}"
2026-10-04T20:02:12.169375+00:00,counter,marketdata.update.applied,1,"{""market"":""BTC-SYNTH""}"
2026-10-04T20:02:12.169392+00:00,counter,marketdata.update.applied,1,"{""market"":""BTC-SYNTH""}"
2026-10-04T20:02:12.169405+00:00,counter,marketdata.update.applied,1,"{""market"":""BTC-SYNTH""}"
2026-10-04T20:02:12.169421+00:00,counter,marketdata.update.applied,1,"{""market"":""BTC-SYNTH""}"
2026-10-04T20:02:12.169435+00:00,counter,marketdata.update.applied,1,"{""market"":""BTC-SYNTH""}"
2026-10-04T20:02:12.169451+00:00,counter,marketdata.update.applied,1,"{""market"":""BTC-SYNTH""}"
2026-10-04T20:02:12.169465+00:00,counter,marketdata.update.applied,1,"{""market"":""BTC-SYNTH""}"
2026-10-04T20:02:12.169479+00:00,counter,marketdata.update.applied,1,"{""market"":""BTC-SYNTH""}"
2026-10-04T20:02:12.169493+00:00,counter,marketdata.update.applied,1,"{""market"":""BTC-SYNTH""}"
2026-10-04T20:02:12.169508+00:00,counter,marketdata.update.applied,1,"{""market"":""BTC-SYNTH""}"
2026-10-04T20:02:12.169523+00:00,counter,marketdata.update.applied,1,"{""market"":""BTC-SYNTH""}"
2026-10-04T20:02:12.169538+00:00,counter,marketdata.update.applied,1,"{""market"":""BTC-SYNTH""}"
2026-10-04T20:02:12.169553+00:00,counter,marketdata.update.applied,1,"{""market"":""BTC-SYNTH""}"
2026-10-04T20:02:12.169567+00:00,counter,marketdata.update.applied,1,"{""market"":""BTC-SYNTH""}"
2026-10-04T20:02:12.169581+00:00,counter,marketdata.update.applied,1,"{""market"":""BTC-SYNTH""}"
2026-10-04T20:02:12.169596+00:00,counter,marketdata.update.applied,1,"{""market"":""BTC-SYNTH""}"
2026-10-04T20:02:12.169610+00:00,counter,marketdata.update.applied,1,"{""market"":""BTC-SYNTH""}"
2026-10-04T20:02:12.169624+00:00,counter,marketdata.update.applied,1,"{""market"":""BTC-SYNTH""}"
2026-10-04T20:02:12.169638+00:00,counter,marketdata.update.applied,1,"{""market"":""BTC-SYNTH""}"
2026-10-04T20:02:12.169653+00:00,counter,marketdata.update.applied,1,"{""market"":""BTC-SYNTH""}"
2026-10-04T20:02:12.169667+00:00,counter,marketdata.update.applied,1,"{""market"":""BTC-SYNTH""}"
2026-10-04T20:02:12.169681+00:00,counter,marketdata.update.applied,1,"{""market"":""BTC-SYNTH""}"
2026-10-04T20:02:12.169694+00:00,counter,marketdata.update.applied,1,"{""market"":""BTC-SYNTH""}"
2026-10-04T20:02:12.379396+00:00,gauge,pricing.slices.attempted,3.0,"{""market"":""BTC-SYNTH"",""producer"":""svi-scipy""}"
2026-10-04T20:02:12.379431+00:00,gauge,pricing.slices.accepted,3.0,"{""market"":""BTC-SYNTH"",""producer"":""svi-scipy""}"
2026-10-04T20:02:12.379521+00:00,gauge,pricing.rmse_vol_bp,37.36707198262654,"{""market"":""BTC-SYNTH"",""producer"":""svi-scipy""}"
2026-10-04T20:02:12.379585+00:00,timing,pricing.cycle_ms,235.862,"{""market"":""BTC-SYNTH"",""producer"":""svi-scipy""}"
2026-10-04T20:02:12.379881+00:00,counter,bus.published,1,"{""topic"":""surface.BTC-SYNTH.svi-scipy""}"
2026-10-04T20:02:12.379932+00:00,counter,runner.handled,1,"{""subscriber"":""svi-scipy@BTC-SYNTH""}"
2026-10-04T20:02:12.380080+00:00,counter,risk.surface.received,1,"{""market"":""BTC-SYNTH"",""producer"":""svi-scipy"",""status"":""OK""}"
2026-10-04T20:02:12.380114+00:00,timing,risk.surface.snapshot_to_surface_ms,2023.5240000000001,"{""market"":""BTC-SYNTH"",""producer"":""svi-scipy""}"
2026-10-04T20:02:12.380132+00:00,timing,risk.surface.delivery_lag_ms,0.746,"{""market"":""BTC-SYNTH"",""producer"":""svi-scipy""}"
2026-10-04T20:02:12.380167+00:00,gauge,risk.surface_age_seconds,2.024299,"{""market"":""BTC-SYNTH"",""producer"":""svi-scipy""}"
2026-10-04T20:02:12.380181+00:00,counter,risk.report.freshness,1,"{""decision"":""NORMAL"",""market"":""BTC-SYNTH"",""producer"":""svi-scipy""}"
2026-10-04T20:02:12.380256+00:00,gauge,risk.surface_age_seconds,4.024015,"{""market"":""BTC-SYNTH"",""producer"":""mlp-torch""}"
2026-10-04T20:02:12.380269+00:00,counter,risk.report.freshness,1,"{""decision"":""NORMAL"",""market"":""BTC-SYNTH"",""producer"":""mlp-torch""}"
2026-10-04T20:02:12.380585+00:00,gauge,risk.comparison.value_diff,-76.63930582598186,"{""baseline"":""svi-scipy"",""challenger"":""mlp-torch"",""market"":""BTC-SYNTH""}"
2026-10-04T20:02:12.380609+00:00,gauge,risk.comparison.distance_rms_vol_bp,114.8244576756961,"{""baseline"":""svi-scipy"",""challenger"":""mlp-torch"",""market"":""BTC-SYNTH""}"
2026-10-04T20:02:12.380626+00:00,gauge,risk.comparison.distance_max_vol_bp,577.833179477436,"{""baseline"":""svi-scipy"",""challenger"":""mlp-torch"",""market"":""BTC-SYNTH""}"
2026-10-04T20:02:12.380647+00:00,gauge,risk.surface_age_seconds,2.024782,"{""market"":""BTC-SYNTH"",""producer"":""svi-scipy""}"
2026-10-04T20:02:12.380660+00:00,counter,risk.report.freshness,1,"{""decision"":""NORMAL"",""market"":""BTC-SYNTH"",""producer"":""svi-scipy""}"
2026-10-04T20:02:12.380695+00:00,counter,runner.handled,1,"{""subscriber"":""risk-svi-scipy@BTC-SYNTH""}"
2026-10-04T20:02:13.145568+00:00,counter,marketdata.snapshot.published,1,"{""market"":""BTC-SYNTH""}"
2026-10-04T20:02:13.145601+00:00,gauge,marketdata.clock_skew_seconds,-1.788608,"{""market"":""BTC-SYNTH""}"
2026-10-04T20:02:13.145610+00:00,gauge,marketdata.coverage_ratio,1.0,"{""market"":""BTC-SYNTH""}"
2026-10-04T20:02:13.145616+00:00,gauge,marketdata.max_age_seconds,1.888103,"{""market"":""BTC-SYNTH""}"
2026-10-04T20:02:13.145623+00:00,counter,pipeline.heartbeat.emitted,1,"{""market"":""BTC-SYNTH""}"
2026-10-04T20:02:13.145633+00:00,counter,bus.published,1,"{""topic"":""snapshot.BTC-SYNTH""}"
2026-10-04T20:02:13.145650+00:00,counter,bus.dropped,1,"{""subscriber"":""mlp-torch@BTC-SYNTH"",""topic"":""snapshot.BTC-SYNTH""}"
2026-10-04T20:02:13.169998+00:00,counter,marketdata.update.applied,1,"{""market"":""BTC-SYNTH""}"
2026-10-04T20:02:13.170033+00:00,counter,marketdata.update.applied,1,"{""market"":""BTC-SYNTH""}"
2026-10-04T20:02:13.170054+00:00,counter,marketdata.update.applied,1,"{""market"":""BTC-SYNTH""}"
2026-10-04T20:02:13.170077+00:00,counter,marketdata.update.applied,1,"{""market"":""BTC-SYNTH""}"
2026-10-04T20:02:13.170093+00:00,counter,marketdata.update.applied,1,"{""market"":""BTC-SYNTH""}"
2026-10-04T20:02:13.170105+00:00,counter,marketdata.update.applied,1,"{""market"":""BTC-SYNTH""}"
2026-10-04T20:02:13.170118+00:00,counter,marketdata.update.applied,1,"{""market"":""BTC-SYNTH""}"
2026-10-04T20:02:13.170130+00:00,counter,marketdata.update.applied,1,"{""market"":""BTC-SYNTH""}"
2026-10-04T20:02:13.170141+00:00,counter,marketdata.update.applied,1,"{""market"":""BTC-SYNTH""}"
2026-10-04T20:02:13.170152+00:00,counter,marketdata.update.applied,1,"{""market"":""BTC-SYNTH""}"
2026-10-04T20:02:13.170165+00:00,counter,marketdata.update.applied,1,"{""market"":""BTC-SYNTH""}"
2026-10-04T20:02:13.170176+00:00,counter,marketdata.update.applied,1,"{""market"":""BTC-SYNTH""}"
2026-10-04T20:02:13.170187+00:00,counter,marketdata.update.applied,1,"{""market"":""BTC-SYNTH""}"
2026-10-04T20:02:13.170197+00:00,counter,marketdata.update.applied,1,"{""market"":""BTC-SYNTH""}"
2026-10-04T20:02:13.170209+00:00,counter,marketdata.update.applied,1,"{""market"":""BTC-SYNTH""}"
2026-10-04T20:02:13.170220+00:00,counter,marketdata.update.applied,1,"{""market"":""BTC-SYNTH""}"
2026-10-04T20:02:13.170236+00:00,counter,marketdata.update.applied,1,"{""market"":""BTC-SYNTH""}"
2026-10-04T20:02:13.170246+00:00,counter,marketdata.update.applied,1,"{""market"":""BTC-SYNTH""}"
2026-10-04T20:02:13.170260+00:00,counter,marketdata.update.applied,1,"{""market"":""BTC-SYNTH""}"
2026-10-04T20:02:13.170272+00:00,counter,marketdata.update.applied,1,"{""market"":""BTC-SYNTH""}"
2026-10-04T20:02:13.170284+00:00,counter,marketdata.update.applied,1,"{""market"":""BTC-SYNTH""}"
2026-10-04T20:02:13.170295+00:00,counter,marketdata.update.applied,1,"{""market"":""BTC-SYNTH""}"
2026-10-04T20:02:13.170311+00:00,counter,marketdata.update.applied,1,"{""market"":""BTC-SYNTH""}"
2026-10-04T20:02:13.170322+00:00,counter,marketdata.update.applied,1,"{""market"":""BTC-SYNTH""}"
2026-10-04T20:02:13.170334+00:00,counter,marketdata.update.applied,1,"{""market"":""BTC-SYNTH""}"
2026-10-04T20:02:13.170344+00:00,counter,marketdata.update.applied,1,"{""market"":""BTC-SYNTH""}"
2026-10-04T20:02:13.170361+00:00,counter,marketdata.update.applied,1,"{""market"":""BTC-SYNTH""}"
2026-10-04T20:02:13.170371+00:00,counter,marketdata.update.applied,1,"{""market"":""BTC-SYNTH""}"
2026-10-04T20:02:13.170383+00:00,counter,marketdata.update.applied,1,"{""market"":""BTC-SYNTH""}"
2026-10-04T20:02:13.170393+00:00,counter,marketdata.update.applied,1,"{""market"":""BTC-SYNTH""}"
2026-10-04T20:02:13.170406+00:00,counter,marketdata.update.applied,1,"{""market"":""BTC-SYNTH""}"
2026-10-04T20:02:13.170417+00:00,counter,marketdata.update.applied,1,"{""market"":""BTC-SYNTH""}"
2026-10-04T20:02:13.170428+00:00,counter,marketdata.update.applied,1,"{""market"":""BTC-SYNTH""}"
2026-10-04T20:02:13.170438+00:00,counter,marketdata.update.applied,1,"{""market"":""BTC-SYNTH""}"
2026-10-04T20:02:13.170450+00:00,counter,marketdata.update.applied,1,"{""market"":""BTC-SYNTH""}"
2026-10-04T20:02:13.170460+00:00,counter,marketdata.update.applied,1,"{""market"":""BTC-SYNTH""}"
2026-10-04T20:02:13.170472+00:00,counter,marketdata.update.applied,1,"{""market"":""BTC-SYNTH""}"
2026-10-04T20:02:13.170483+00:00,counter,marketdata.update.applied,1,"{""market"":""BTC-SYNTH""}"
2026-10-04T20:02:13.170495+00:00,counter,marketdata.update.applied,1,"{""market"":""BTC-SYNTH""}"
2026-10-04T20:02:13.170505+00:00,counter,marketdata.update.applied,1,"{""market"":""BTC-SYNTH""}"
2026-10-04T20:02:13.170517+00:00,counter,marketdata.update.applied,1,"{""market"":""BTC-SYNTH""}"
2026-10-04T20:02:13.170527+00:00,counter,marketdata.update.applied,1,"{""market"":""BTC-SYNTH""}"
2026-10-04T20:02:13.170539+00:00,counter,marketdata.update.applied,1,"{""market"":""BTC-SYNTH""}"
2026-10-04T20:02:13.170550+00:00,counter,marketdata.update.applied,1,"{""market"":""BTC-SYNTH""}"
2026-10-04T20:02:13.170563+00:00,counter,marketdata.update.applied,1,"{""market"":""BTC-SYNTH""}"
2026-10-04T20:02:13.170573+00:00,counter,marketdata.update.applied,1,"{""market"":""BTC-SYNTH""}"
2026-10-04T20:02:13.170584+00:00,counter,marketdata.update.applied,1,"{""market"":""BTC-SYNTH""}"
2026-10-04T20:02:13.170595+00:00,counter,marketdata.update.applied,1,"{""market"":""BTC-SYNTH""}"
2026-10-04T20:02:13.170606+00:00,counter,marketdata.update.applied,1,"{""market"":""BTC-SYNTH""}"
2026-10-04T20:02:13.170616+00:00,counter,marketdata.update.applied,1,"{""market"":""BTC-SYNTH""}"
2026-10-04T20:02:13.170628+00:00,counter,marketdata.update.applied,1,"{""market"":""BTC-SYNTH""}"
2026-10-04T20:02:13.170638+00:00,counter,marketdata.update.applied,1,"{""market"":""BTC-SYNTH""}"
2026-10-04T20:02:13.170650+00:00,counter,marketdata.update.applied,1,"{""market"":""BTC-SYNTH""}"
2026-10-04T20:02:13.170660+00:00,counter,marketdata.update.applied,1,"{""market"":""BTC-SYNTH""}"
2026-10-04T20:02:13.170723+00:00,counter,marketdata.update.applied,1,"{""market"":""BTC-SYNTH""}"
2026-10-04T20:02:13.170739+00:00,counter,marketdata.update.applied,1,"{""market"":""BTC-SYNTH""}"
2026-10-04T20:02:13.170755+00:00,counter,marketdata.update.applied,1,"{""market"":""BTC-SYNTH""}"
2026-10-04T20:02:13.170767+00:00,counter,marketdata.update.applied,1,"{""market"":""BTC-SYNTH""}"
2026-10-04T20:02:13.170780+00:00,counter,marketdata.update.applied,1,"{""market"":""BTC-SYNTH""}"
2026-10-04T20:02:13.170791+00:00,counter,marketdata.update.applied,1,"{""market"":""BTC-SYNTH""}"
2026-10-04T20:02:13.170814+00:00,counter,marketdata.update.applied,1,"{""market"":""BTC-SYNTH""}"
2026-10-04T20:02:13.170832+00:00,counter,marketdata.update.applied,1,"{""market"":""BTC-SYNTH""}"
2026-10-04T20:02:13.170857+00:00,counter,marketdata.update.applied,1,"{""market"":""BTC-SYNTH""}"
2026-10-04T20:02:13.170874+00:00,counter,marketdata.update.applied,1,"{""market"":""BTC-SYNTH""}"
2026-10-04T20:02:13.170889+00:00,counter,marketdata.update.applied,1,"{""market"":""BTC-SYNTH""}"
2026-10-04T20:02:13.170900+00:00,counter,marketdata.update.applied,1,"{""market"":""BTC-SYNTH""}"
2026-10-04T20:02:13.497598+00:00,gauge,pricing.slices.attempted,3.0,"{""market"":""BTC-SYNTH"",""producer"":""svi-scipy""}"
2026-10-04T20:02:13.497626+00:00,gauge,pricing.slices.accepted,3.0,"{""market"":""BTC-SYNTH"",""producer"":""svi-scipy""}"
2026-10-04T20:02:13.497694+00:00,gauge,pricing.rmse_vol_bp,33.53286372036948,"{""market"":""BTC-SYNTH"",""producer"":""svi-scipy""}"
2026-10-04T20:02:13.497704+00:00,timing,pricing.cycle_ms,351.786,"{""market"":""BTC-SYNTH"",""producer"":""svi-scipy""}"
2026-10-04T20:02:13.497955+00:00,counter,bus.published,1,"{""topic"":""surface.BTC-SYNTH.svi-scipy""}"
2026-10-04T20:02:13.497992+00:00,counter,runner.handled,1,"{""subscriber"":""svi-scipy@BTC-SYNTH""}"
2026-10-04T20:02:13.498085+00:00,counter,risk.surface.received,1,"{""market"":""BTC-SYNTH"",""producer"":""svi-scipy"",""status"":""OK""}"
2026-10-04T20:02:13.498097+00:00,timing,risk.surface.snapshot_to_surface_ms,2141.207,"{""market"":""BTC-SYNTH"",""producer"":""svi-scipy""}"
2026-10-04T20:02:13.498105+00:00,timing,risk.surface.delivery_lag_ms,0.514,"{""market"":""BTC-SYNTH"",""producer"":""svi-scipy""}"
2026-10-04T20:02:13.498117+00:00,gauge,risk.surface_age_seconds,2.14173,"{""market"":""BTC-SYNTH"",""producer"":""svi-scipy""}"
2026-10-04T20:02:13.498123+00:00,counter,risk.report.freshness,1,"{""decision"":""NORMAL"",""market"":""BTC-SYNTH"",""producer"":""svi-scipy""}"
2026-10-04T20:02:13.498159+00:00,gauge,risk.surface_age_seconds,5.14192,"{""market"":""BTC-SYNTH"",""producer"":""mlp-torch""}"
2026-10-04T20:02:13.498164+00:00,counter,risk.report.freshness,1,"{""decision"":""NORMAL"",""market"":""BTC-SYNTH"",""producer"":""mlp-torch""}"
2026-10-04T20:02:13.498296+00:00,gauge,risk.comparison.value_diff,-129.7978320589864,"{""baseline"":""svi-scipy"",""challenger"":""mlp-torch"",""market"":""BTC-SYNTH""}"
2026-10-04T20:02:13.498304+00:00,gauge,risk.comparison.distance_rms_vol_bp,62.23127296534144,"{""baseline"":""svi-scipy"",""challenger"":""mlp-torch"",""market"":""BTC-SYNTH""}"
2026-10-04T20:02:13.498310+00:00,gauge,risk.comparison.distance_max_vol_bp,239.92129320481115,"{""baseline"":""svi-scipy"",""challenger"":""mlp-torch"",""market"":""BTC-SYNTH""}"
2026-10-04T20:02:13.498319+00:00,gauge,risk.surface_age_seconds,2.141935,"{""market"":""BTC-SYNTH"",""producer"":""svi-scipy""}"
2026-10-04T20:02:13.498324+00:00,counter,risk.report.freshness,1,"{""decision"":""NORMAL"",""market"":""BTC-SYNTH"",""producer"":""svi-scipy""}"
2026-10-04T20:02:13.498341+00:00,counter,runner.handled,1,"{""subscriber"":""risk-svi-scipy@BTC-SYNTH""}"
2026-10-04T20:02:14.151380+00:00,counter,marketdata.snapshot.published,1,"{""market"":""BTC-SYNTH""}"
2026-10-04T20:02:14.151425+00:00,gauge,marketdata.clock_skew_seconds,-1.794767,"{""market"":""BTC-SYNTH""}"
2026-10-04T20:02:14.151435+00:00,gauge,marketdata.coverage_ratio,1.0,"{""market"":""BTC-SYNTH""}"
2026-10-04T20:02:14.151441+00:00,gauge,marketdata.max_age_seconds,1.893354,"{""market"":""BTC-SYNTH""}"
2026-10-04T20:02:14.151449+00:00,counter,pipeline.heartbeat.emitted,1,"{""market"":""BTC-SYNTH""}"
2026-10-04T20:02:14.151461+00:00,counter,bus.published,1,"{""topic"":""snapshot.BTC-SYNTH""}"
2026-10-04T20:02:14.151477+00:00,counter,bus.dropped,1,"{""subscriber"":""mlp-torch@BTC-SYNTH"",""topic"":""snapshot.BTC-SYNTH""}"
2026-10-04T20:02:14.176297+00:00,counter,marketdata.update.applied,1,"{""market"":""BTC-SYNTH""}"
2026-10-04T20:02:14.176374+00:00,counter,marketdata.update.applied,1,"{""market"":""BTC-SYNTH""}"
2026-10-04T20:02:14.176413+00:00,counter,marketdata.update.applied,1,"{""market"":""BTC-SYNTH""}"
2026-10-04T20:02:14.176444+00:00,counter,marketdata.update.applied,1,"{""market"":""BTC-SYNTH""}"
2026-10-04T20:02:14.176473+00:00,counter,marketdata.update.applied,1,"{""market"":""BTC-SYNTH""}"
2026-10-04T20:02:14.176500+00:00,counter,marketdata.update.applied,1,"{""market"":""BTC-SYNTH""}"
2026-10-04T20:02:14.176529+00:00,counter,marketdata.update.applied,1,"{""market"":""BTC-SYNTH""}"
2026-10-04T20:02:14.176555+00:00,counter,marketdata.update.applied,1,"{""market"":""BTC-SYNTH""}"
2026-10-04T20:02:14.176581+00:00,counter,marketdata.update.applied,1,"{""market"":""BTC-SYNTH""}"
2026-10-04T20:02:14.176606+00:00,counter,marketdata.update.applied,1,"{""market"":""BTC-SYNTH""}"
2026-10-04T20:02:14.176633+00:00,counter,marketdata.update.applied,1,"{""market"":""BTC-SYNTH""}"
2026-10-04T20:02:14.176658+00:00,counter,marketdata.update.applied,1,"{""market"":""BTC-SYNTH""}"
2026-10-04T20:02:14.176685+00:00,counter,marketdata.update.applied,1,"{""market"":""BTC-SYNTH""}"
2026-10-04T20:02:14.176710+00:00,counter,marketdata.update.applied,1,"{""market"":""BTC-SYNTH""}"
2026-10-04T20:02:14.176736+00:00,counter,marketdata.update.applied,1,"{""market"":""BTC-SYNTH""}"
2026-10-04T20:02:14.176762+00:00,counter,marketdata.update.applied,1,"{""market"":""BTC-SYNTH""}"
2026-10-04T20:02:14.176792+00:00,counter,marketdata.update.applied,1,"{""market"":""BTC-SYNTH""}"
2026-10-04T20:02:14.176816+00:00,counter,marketdata.update.applied,1,"{""market"":""BTC-SYNTH""}"
2026-10-04T20:02:14.176841+00:00,counter,marketdata.update.applied,1,"{""market"":""BTC-SYNTH""}"
2026-10-04T20:02:14.176888+00:00,counter,marketdata.update.applied,1,"{""market"":""BTC-SYNTH""}"
2026-10-04T20:02:14.176923+00:00,counter,marketdata.update.applied,1,"{""market"":""BTC-SYNTH""}"
2026-10-04T20:02:14.176967+00:00,counter,marketdata.update.applied,1,"{""market"":""BTC-SYNTH""}"
2026-10-04T20:02:14.176999+00:00,counter,marketdata.update.applied,1,"{""market"":""BTC-SYNTH""}"
2026-10-04T20:02:14.177023+00:00,counter,marketdata.update.applied,1,"{""market"":""BTC-SYNTH""}"
2026-10-04T20:02:14.177049+00:00,counter,marketdata.update.applied,1,"{""market"":""BTC-SYNTH""}"
2026-10-04T20:02:14.177072+00:00,counter,marketdata.update.applied,1,"{""market"":""BTC-SYNTH""}"
2026-10-04T20:02:14.177098+00:00,counter,marketdata.update.applied,1,"{""market"":""BTC-SYNTH""}"
2026-10-04T20:02:14.177122+00:00,counter,marketdata.update.applied,1,"{""market"":""BTC-SYNTH""}"
2026-10-04T20:02:14.177146+00:00,counter,marketdata.update.applied,1,"{""market"":""BTC-SYNTH""}"
2026-10-04T20:02:14.177169+00:00,counter,marketdata.update.applied,1,"{""market"":""BTC-SYNTH""}"
2026-10-04T20:02:14.177193+00:00,counter,marketdata.update.applied,1,"{""market"":""BTC-SYNTH""}"
2026-10-04T20:02:14.177238+00:00,counter,marketdata.update.applied,1,"{""market"":""BTC-SYNTH""}"
2026-10-04T20:02:14.177281+00:00,counter,marketdata.update.applied,1,"{""market"":""BTC-SYNTH""}"
2026-10-04T20:02:14.177317+00:00,counter,marketdata.update.applied,1,"{""market"":""BTC-SYNTH""}"
2026-10-04T20:02:14.177345+00:00,counter,marketdata.update.applied,1,"{""market"":""BTC-SYNTH""}"
2026-10-04T20:02:14.177374+00:00,counter,marketdata.update.applied,1,"{""market"":""BTC-SYNTH""}"
2026-10-04T20:02:14.177401+00:00,counter,marketdata.update.applied,1,"{""market"":""BTC-SYNTH""}"
2026-10-04T20:02:14.177433+00:00,counter,marketdata.update.applied,1,"{""market"":""BTC-SYNTH""}"
2026-10-04T20:02:14.178045+00:00,counter,marketdata.update.applied,1,"{""market"":""BTC-SYNTH""}"
2026-10-04T20:02:14.178102+00:00,counter,marketdata.update.applied,1,"{""market"":""BTC-SYNTH""}"
2026-10-04T20:02:14.178141+00:00,counter,marketdata.update.applied,1,"{""market"":""BTC-SYNTH""}"
2026-10-04T20:02:14.178191+00:00,counter,marketdata.update.applied,1,"{""market"":""BTC-SYNTH""}"
2026-10-04T20:02:14.178239+00:00,counter,marketdata.update.applied,1,"{""market"":""BTC-SYNTH""}"
2026-10-04T20:02:14.178271+00:00,counter,marketdata.update.applied,1,"{""market"":""BTC-SYNTH""}"
2026-10-04T20:02:14.178306+00:00,counter,marketdata.update.applied,1,"{""market"":""BTC-SYNTH""}"
2026-10-04T20:02:14.178336+00:00,counter,marketdata.update.applied,1,"{""market"":""BTC-SYNTH""}"
2026-10-04T20:02:14.178367+00:00,counter,marketdata.update.applied,1,"{""market"":""BTC-SYNTH""}"
2026-10-04T20:02:14.178395+00:00,counter,marketdata.update.applied,1,"{""market"":""BTC-SYNTH""}"
2026-10-04T20:02:14.178423+00:00,counter,marketdata.update.applied,1,"{""market"":""BTC-SYNTH""}"
2026-10-04T20:02:14.178448+00:00,counter,marketdata.update.applied,1,"{""market"":""BTC-SYNTH""}"
2026-10-04T20:02:14.178477+00:00,counter,marketdata.update.applied,1,"{""market"":""BTC-SYNTH""}"
2026-10-04T20:02:14.178502+00:00,counter,marketdata.update.applied,1,"{""market"":""BTC-SYNTH""}"
2026-10-04T20:02:14.178528+00:00,counter,marketdata.update.applied,1,"{""market"":""BTC-SYNTH""}"
2026-10-04T20:02:14.178552+00:00,counter,marketdata.update.applied,1,"{""market"":""BTC-SYNTH""}"
2026-10-04T20:02:14.178578+00:00,counter,marketdata.update.applied,1,"{""market"":""BTC-SYNTH""}"
2026-10-04T20:02:14.178603+00:00,counter,marketdata.update.applied,1,"{""market"":""BTC-SYNTH""}"
2026-10-04T20:02:14.178628+00:00,counter,marketdata.update.applied,1,"{""market"":""BTC-SYNTH""}"
2026-10-04T20:02:14.178653+00:00,counter,marketdata.update.applied,1,"{""market"":""BTC-SYNTH""}"
2026-10-04T20:02:14.178679+00:00,counter,marketdata.update.applied,1,"{""market"":""BTC-SYNTH""}"
2026-10-04T20:02:14.178703+00:00,counter,marketdata.update.applied,1,"{""market"":""BTC-SYNTH""}"
2026-10-04T20:02:14.178728+00:00,counter,marketdata.update.applied,1,"{""market"":""BTC-SYNTH""}"
2026-10-04T20:02:14.178751+00:00,counter,marketdata.update.applied,1,"{""market"":""BTC-SYNTH""}"
2026-10-04T20:02:14.178777+00:00,counter,marketdata.update.applied,1,"{""market"":""BTC-SYNTH""}"
2026-10-04T20:02:14.178802+00:00,counter,marketdata.update.applied,1,"{""market"":""BTC-SYNTH""}"
2026-10-04T20:02:14.178827+00:00,counter,marketdata.update.applied,1,"{""market"":""BTC-SYNTH""}"
2026-10-04T20:02:14.178850+00:00,counter,marketdata.update.applied,1,"{""market"":""BTC-SYNTH""}"
2026-10-04T20:02:14.206113+00:00,gauge,pricing.slices.attempted,3.0,"{""market"":""BTC-SYNTH"",""producer"":""svi-scipy""}"
2026-10-04T20:02:14.206141+00:00,gauge,pricing.slices.accepted,3.0,"{""market"":""BTC-SYNTH"",""producer"":""svi-scipy""}"
2026-10-04T20:02:14.206223+00:00,gauge,pricing.rmse_vol_bp,24.578181647776535,"{""market"":""BTC-SYNTH"",""producer"":""svi-scipy""}"
2026-10-04T20:02:14.206234+00:00,timing,pricing.cycle_ms,54.337,"{""market"":""BTC-SYNTH"",""producer"":""svi-scipy""}"
2026-10-04T20:02:14.206380+00:00,counter,bus.published,1,"{""topic"":""surface.BTC-SYNTH.svi-scipy""}"
2026-10-04T20:02:14.206439+00:00,counter,runner.handled,1,"{""subscriber"":""svi-scipy@BTC-SYNTH""}"
2026-10-04T20:02:14.206588+00:00,counter,risk.surface.received,1,"{""market"":""BTC-SYNTH"",""producer"":""svi-scipy"",""status"":""OK""}"
2026-10-04T20:02:14.206609+00:00,timing,risk.surface.snapshot_to_surface_ms,1850.0939999999998,"{""market"":""BTC-SYNTH"",""producer"":""svi-scipy""}"
2026-10-04T20:02:14.206621+00:00,timing,risk.surface.delivery_lag_ms,0.515,"{""market"":""BTC-SYNTH"",""producer"":""svi-scipy""}"
2026-10-04T20:02:14.206638+00:00,gauge,risk.surface_age_seconds,1.850622,"{""market"":""BTC-SYNTH"",""producer"":""svi-scipy""}"
2026-10-04T20:02:14.206647+00:00,counter,risk.report.freshness,1,"{""decision"":""NORMAL"",""market"":""BTC-SYNTH"",""producer"":""svi-scipy""}"
2026-10-04T20:02:14.206691+00:00,gauge,risk.surface_age_seconds,5.850452,"{""market"":""BTC-SYNTH"",""producer"":""mlp-torch""}"
2026-10-04T20:02:14.206700+00:00,counter,risk.report.freshness,1,"{""decision"":""NORMAL"",""market"":""BTC-SYNTH"",""producer"":""mlp-torch""}"
2026-10-04T20:02:14.206869+00:00,gauge,risk.comparison.value_diff,-34.45260787087682,"{""baseline"":""svi-scipy"",""challenger"":""mlp-torch"",""market"":""BTC-SYNTH""}"
2026-10-04T20:02:14.206880+00:00,gauge,risk.comparison.distance_rms_vol_bp,93.8916948056986,"{""baseline"":""svi-scipy"",""challenger"":""mlp-torch"",""market"":""BTC-SYNTH""}"
2026-10-04T20:02:14.206888+00:00,gauge,risk.comparison.distance_max_vol_bp,259.2292966108611,"{""baseline"":""svi-scipy"",""challenger"":""mlp-torch"",""market"":""BTC-SYNTH""}"
2026-10-04T20:02:14.206899+00:00,gauge,risk.surface_age_seconds,1.850887,"{""market"":""BTC-SYNTH"",""producer"":""svi-scipy""}"
2026-10-04T20:02:14.206907+00:00,counter,risk.report.freshness,1,"{""decision"":""NORMAL"",""market"":""BTC-SYNTH"",""producer"":""svi-scipy""}"
2026-10-04T20:02:14.206928+00:00,counter,runner.handled,1,"{""subscriber"":""risk-svi-scipy@BTC-SYNTH""}"
2026-10-04T20:02:15.159441+00:00,counter,marketdata.snapshot.published,1,"{""market"":""BTC-SYNTH""}"
2026-10-04T20:02:15.159484+00:00,gauge,marketdata.clock_skew_seconds,-1.805201,"{""market"":""BTC-SYNTH""}"
2026-10-04T20:02:15.159500+00:00,gauge,marketdata.coverage_ratio,1.0,"{""market"":""BTC-SYNTH""}"
2026-10-04T20:02:15.159514+00:00,gauge,marketdata.max_age_seconds,3601.832249,"{""market"":""BTC-SYNTH""}"
2026-10-04T20:02:15.159529+00:00,counter,pipeline.heartbeat.emitted,1,"{""market"":""BTC-SYNTH""}"
2026-10-04T20:02:15.159546+00:00,counter,bus.published,1,"{""topic"":""snapshot.BTC-SYNTH""}"
2026-10-04T20:02:15.159566+00:00,counter,bus.dropped,1,"{""subscriber"":""mlp-torch@BTC-SYNTH"",""topic"":""snapshot.BTC-SYNTH""}"
2026-10-04T20:02:15.181909+00:00,counter,marketdata.update.applied,1,"{""market"":""BTC-SYNTH""}"
2026-10-04T20:02:15.181952+00:00,counter,marketdata.update.applied,1,"{""market"":""BTC-SYNTH""}"
2026-10-04T20:02:15.181971+00:00,counter,marketdata.update.applied,1,"{""market"":""BTC-SYNTH""}"
2026-10-04T20:02:15.181984+00:00,counter,marketdata.update.applied,1,"{""market"":""BTC-SYNTH""}"
2026-10-04T20:02:15.181998+00:00,counter,marketdata.update.applied,1,"{""market"":""BTC-SYNTH""}"
2026-10-04T20:02:15.182010+00:00,counter,marketdata.update.applied,1,"{""market"":""BTC-SYNTH""}"
2026-10-04T20:02:15.182022+00:00,counter,marketdata.update.applied,1,"{""market"":""BTC-SYNTH""}"
2026-10-04T20:02:15.182033+00:00,counter,marketdata.update.applied,1,"{""market"":""BTC-SYNTH""}"
2026-10-04T20:02:15.182045+00:00,counter,marketdata.update.applied,1,"{""market"":""BTC-SYNTH""}"
2026-10-04T20:02:15.182055+00:00,counter,marketdata.update.applied,1,"{""market"":""BTC-SYNTH""}"
2026-10-04T20:02:15.182068+00:00,counter,marketdata.update.applied,1,"{""market"":""BTC-SYNTH""}"
2026-10-04T20:02:15.182081+00:00,counter,marketdata.update.applied,1,"{""market"":""BTC-SYNTH""}"
2026-10-04T20:02:15.182095+00:00,counter,marketdata.update.applied,1,"{""market"":""BTC-SYNTH""}"
2026-10-04T20:02:15.182105+00:00,counter,marketdata.update.applied,1,"{""market"":""BTC-SYNTH""}"
2026-10-04T20:02:15.182118+00:00,counter,marketdata.update.applied,1,"{""market"":""BTC-SYNTH""}"
2026-10-04T20:02:15.182130+00:00,counter,marketdata.update.applied,1,"{""market"":""BTC-SYNTH""}"
2026-10-04T20:02:15.182141+00:00,counter,marketdata.update.applied,1,"{""market"":""BTC-SYNTH""}"
2026-10-04T20:02:15.182152+00:00,counter,marketdata.update.applied,1,"{""market"":""BTC-SYNTH""}"
2026-10-04T20:02:15.182164+00:00,counter,marketdata.update.applied,1,"{""market"":""BTC-SYNTH""}"
2026-10-04T20:02:15.182175+00:00,counter,marketdata.update.applied,1,"{""market"":""BTC-SYNTH""}"
2026-10-04T20:02:15.182186+00:00,counter,marketdata.update.applied,1,"{""market"":""BTC-SYNTH""}"
2026-10-04T20:02:15.182197+00:00,counter,marketdata.update.applied,1,"{""market"":""BTC-SYNTH""}"
2026-10-04T20:02:15.182261+00:00,counter,marketdata.update.applied,1,"{""market"":""BTC-SYNTH""}"
2026-10-04T20:02:15.182277+00:00,counter,marketdata.update.applied,1,"{""market"":""BTC-SYNTH""}"
2026-10-04T20:02:15.182292+00:00,counter,marketdata.update.applied,1,"{""market"":""BTC-SYNTH""}"
2026-10-04T20:02:15.182304+00:00,counter,marketdata.update.applied,1,"{""market"":""BTC-SYNTH""}"
2026-10-04T20:02:15.182317+00:00,counter,marketdata.update.applied,1,"{""market"":""BTC-SYNTH""}"
2026-10-04T20:02:15.182329+00:00,counter,marketdata.update.applied,1,"{""market"":""BTC-SYNTH""}"
2026-10-04T20:02:15.182341+00:00,counter,marketdata.update.applied,1,"{""market"":""BTC-SYNTH""}"
2026-10-04T20:02:15.182352+00:00,counter,marketdata.update.applied,1,"{""market"":""BTC-SYNTH""}"
2026-10-04T20:02:15.182365+00:00,counter,marketdata.update.applied,1,"{""market"":""BTC-SYNTH""}"
2026-10-04T20:02:15.182375+00:00,counter,marketdata.update.applied,1,"{""market"":""BTC-SYNTH""}"
2026-10-04T20:02:15.182386+00:00,counter,marketdata.update.applied,1,"{""market"":""BTC-SYNTH""}"
2026-10-04T20:02:15.182398+00:00,counter,marketdata.update.applied,1,"{""market"":""BTC-SYNTH""}"
2026-10-04T20:02:15.182410+00:00,counter,marketdata.update.applied,1,"{""market"":""BTC-SYNTH""}"
2026-10-04T20:02:15.182421+00:00,counter,marketdata.update.applied,1,"{""market"":""BTC-SYNTH""}"
2026-10-04T20:02:15.182433+00:00,counter,marketdata.update.applied,1,"{""market"":""BTC-SYNTH""}"
2026-10-04T20:02:15.182444+00:00,counter,marketdata.update.applied,1,"{""market"":""BTC-SYNTH""}"
2026-10-04T20:02:15.182457+00:00,counter,marketdata.update.applied,1,"{""market"":""BTC-SYNTH""}"
2026-10-04T20:02:15.182469+00:00,counter,marketdata.update.applied,1,"{""market"":""BTC-SYNTH""}"
2026-10-04T20:02:15.182480+00:00,counter,marketdata.update.applied,1,"{""market"":""BTC-SYNTH""}"
2026-10-04T20:02:15.182491+00:00,counter,marketdata.update.applied,1,"{""market"":""BTC-SYNTH""}"
2026-10-04T20:02:15.182515+00:00,counter,marketdata.update.applied,1,"{""market"":""BTC-SYNTH""}"
2026-10-04T20:02:15.182529+00:00,counter,marketdata.update.applied,1,"{""market"":""BTC-SYNTH""}"
2026-10-04T20:02:15.182543+00:00,counter,marketdata.update.applied,1,"{""market"":""BTC-SYNTH""}"
2026-10-04T20:02:15.182553+00:00,counter,marketdata.update.applied,1,"{""market"":""BTC-SYNTH""}"
2026-10-04T20:02:15.182576+00:00,counter,marketdata.update.applied,1,"{""market"":""BTC-SYNTH""}"
2026-10-04T20:02:15.182592+00:00,counter,marketdata.update.applied,1,"{""market"":""BTC-SYNTH""}"
2026-10-04T20:02:15.182606+00:00,counter,marketdata.update.applied,1,"{""market"":""BTC-SYNTH""}"
2026-10-04T20:02:15.182618+00:00,counter,marketdata.update.applied,1,"{""market"":""BTC-SYNTH""}"
2026-10-04T20:02:15.182630+00:00,counter,marketdata.update.applied,1,"{""market"":""BTC-SYNTH""}"
2026-10-04T20:02:15.182641+00:00,counter,marketdata.update.applied,1,"{""market"":""BTC-SYNTH""}"
2026-10-04T20:02:15.182653+00:00,counter,marketdata.update.applied,1,"{""market"":""BTC-SYNTH""}"
2026-10-04T20:02:15.182664+00:00,counter,marketdata.update.applied,1,"{""market"":""BTC-SYNTH""}"
2026-10-04T20:02:15.182676+00:00,counter,marketdata.update.applied,1,"{""market"":""BTC-SYNTH""}"
2026-10-04T20:02:15.182686+00:00,counter,marketdata.update.applied,1,"{""market"":""BTC-SYNTH""}"
2026-10-04T20:02:15.182703+00:00,counter,marketdata.update.applied,1,"{""market"":""BTC-SYNTH""}"
2026-10-04T20:02:15.182713+00:00,counter,marketdata.update.applied,1,"{""market"":""BTC-SYNTH""}"
2026-10-04T20:02:15.182723+00:00,counter,marketdata.update.applied,1,"{""market"":""BTC-SYNTH""}"
2026-10-04T20:02:15.182734+00:00,counter,marketdata.update.applied,1,"{""market"":""BTC-SYNTH""}"
2026-10-04T20:02:15.182744+00:00,counter,marketdata.update.applied,1,"{""market"":""BTC-SYNTH""}"
2026-10-04T20:02:15.182755+00:00,counter,marketdata.update.applied,1,"{""market"":""BTC-SYNTH""}"
2026-10-04T20:02:15.182766+00:00,counter,marketdata.update.applied,1,"{""market"":""BTC-SYNTH""}"
2026-10-04T20:02:15.182776+00:00,counter,marketdata.update.applied,1,"{""market"":""BTC-SYNTH""}"
2026-10-04T20:02:15.182789+00:00,counter,marketdata.update.applied,1,"{""market"":""BTC-SYNTH""}"
2026-10-04T20:02:15.182799+00:00,counter,marketdata.update.applied,1,"{""market"":""BTC-SYNTH""}"
2026-10-04T20:02:15.295051+00:00,gauge,pricing.slices.attempted,3.0,"{""market"":""BTC-SYNTH"",""producer"":""svi-scipy""}"
2026-10-04T20:02:15.295083+00:00,gauge,pricing.slices.accepted,3.0,"{""market"":""BTC-SYNTH"",""producer"":""svi-scipy""}"
2026-10-04T20:02:15.295155+00:00,gauge,pricing.rmse_vol_bp,37.956326512473204,"{""market"":""BTC-SYNTH"",""producer"":""svi-scipy""}"
2026-10-04T20:02:15.295166+00:00,timing,pricing.cycle_ms,135.215,"{""market"":""BTC-SYNTH"",""producer"":""svi-scipy""}"
2026-10-04T20:02:15.295385+00:00,counter,bus.published,1,"{""topic"":""surface.BTC-SYNTH.svi-scipy""}"
2026-10-04T20:02:15.295421+00:00,counter,runner.handled,1,"{""subscriber"":""svi-scipy@BTC-SYNTH""}"
2026-10-04T20:02:15.295521+00:00,counter,risk.surface.received,1,"{""market"":""BTC-SYNTH"",""producer"":""svi-scipy"",""status"":""OK""}"
2026-10-04T20:02:15.295537+00:00,timing,risk.surface.snapshot_to_surface_ms,1941.5739999999998,"{""market"":""BTC-SYNTH"",""producer"":""svi-scipy""}"
2026-10-04T20:02:15.295546+00:00,timing,risk.surface.delivery_lag_ms,0.504,"{""market"":""BTC-SYNTH"",""producer"":""svi-scipy""}"
2026-10-04T20:02:15.295561+00:00,gauge,risk.surface_age_seconds,1.942089,"{""market"":""BTC-SYNTH"",""producer"":""svi-scipy""}"
2026-10-04T20:02:15.295568+00:00,counter,risk.report.freshness,1,"{""decision"":""NORMAL"",""market"":""BTC-SYNTH"",""producer"":""svi-scipy""}"
2026-10-04T20:02:15.295608+00:00,gauge,risk.surface_age_seconds,6.939369,"{""market"":""BTC-SYNTH"",""producer"":""mlp-torch""}"
2026-10-04T20:02:15.295614+00:00,counter,risk.report.freshness,1,"{""decision"":""NORMAL"",""market"":""BTC-SYNTH"",""producer"":""mlp-torch""}"
2026-10-04T20:02:15.295758+00:00,gauge,risk.comparison.value_diff,-83.60906120601067,"{""baseline"":""svi-scipy"",""challenger"":""mlp-torch"",""market"":""BTC-SYNTH""}"
2026-10-04T20:02:15.295768+00:00,gauge,risk.comparison.distance_rms_vol_bp,136.9715311211585,"{""baseline"":""svi-scipy"",""challenger"":""mlp-torch"",""market"":""BTC-SYNTH""}"
2026-10-04T20:02:15.295775+00:00,gauge,risk.comparison.distance_max_vol_bp,756.4398265809014,"{""baseline"":""svi-scipy"",""challenger"":""mlp-torch"",""market"":""BTC-SYNTH""}"
2026-10-04T20:02:15.295785+00:00,gauge,risk.surface_age_seconds,1.942316,"{""market"":""BTC-SYNTH"",""producer"":""svi-scipy""}"
2026-10-04T20:02:15.295791+00:00,counter,risk.report.freshness,1,"{""decision"":""NORMAL"",""market"":""BTC-SYNTH"",""producer"":""svi-scipy""}"
2026-10-04T20:02:15.295817+00:00,counter,runner.handled,1,"{""subscriber"":""risk-svi-scipy@BTC-SYNTH""}"
2026-10-04T20:02:16.161388+00:00,counter,marketdata.snapshot.published,1,"{""market"":""BTC-SYNTH""}"
2026-10-04T20:02:16.161435+00:00,gauge,marketdata.clock_skew_seconds,-1.805734,"{""market"":""BTC-SYNTH""}"
2026-10-04T20:02:16.161452+00:00,gauge,marketdata.coverage_ratio,1.0,"{""market"":""BTC-SYNTH""}"
2026-10-04T20:02:16.161465+00:00,gauge,marketdata.max_age_seconds,1.900503,"{""market"":""BTC-SYNTH""}"
2026-10-04T20:02:16.161481+00:00,counter,pipeline.heartbeat.emitted,1,"{""market"":""BTC-SYNTH""}"
2026-10-04T20:02:16.161500+00:00,counter,bus.published,1,"{""topic"":""snapshot.BTC-SYNTH""}"
2026-10-04T20:02:16.161520+00:00,counter,bus.dropped,1,"{""subscriber"":""mlp-torch@BTC-SYNTH"",""topic"":""snapshot.BTC-SYNTH""}"
2026-10-04T20:02:16.184301+00:00,counter,marketdata.update.applied,1,"{""market"":""BTC-SYNTH""}"
2026-10-04T20:02:16.184347+00:00,counter,marketdata.update.applied,1,"{""market"":""BTC-SYNTH""}"
2026-10-04T20:02:16.184366+00:00,counter,marketdata.update.applied,1,"{""market"":""BTC-SYNTH""}"
2026-10-04T20:02:16.184405+00:00,counter,marketdata.update.applied,1,"{""market"":""BTC-SYNTH""}"
2026-10-04T20:02:16.184422+00:00,counter,marketdata.update.applied,1,"{""market"":""BTC-SYNTH""}"
2026-10-04T20:02:16.184436+00:00,counter,marketdata.update.applied,1,"{""market"":""BTC-SYNTH""}"
2026-10-04T20:02:16.184509+00:00,counter,marketdata.update.applied,1,"{""market"":""BTC-SYNTH""}"
2026-10-04T20:02:16.184527+00:00,counter,marketdata.update.applied,1,"{""market"":""BTC-SYNTH""}"
2026-10-04T20:02:16.184542+00:00,counter,marketdata.update.applied,1,"{""market"":""BTC-SYNTH""}"
2026-10-04T20:02:16.184555+00:00,counter,marketdata.update.applied,1,"{""market"":""BTC-SYNTH""}"
2026-10-04T20:02:16.184569+00:00,counter,marketdata.update.applied,1,"{""market"":""BTC-SYNTH""}"
2026-10-04T20:02:16.184581+00:00,counter,marketdata.update.applied,1,"{""market"":""BTC-SYNTH""}"
2026-10-04T20:02:16.184593+00:00,counter,marketdata.update.applied,1,"{""market"":""BTC-SYNTH""}"
2026-10-04T20:02:16.184605+00:00,counter,marketdata.update.applied,1,"{""market"":""BTC-SYNTH""}"
2026-10-04T20:02:16.184617+00:00,counter,marketdata.update.applied,1,"{""market"":""BTC-SYNTH""}"
2026-10-04T20:02:16.184629+00:00,counter,marketdata.update.applied,1,"{""market"":""BTC-SYNTH""}"
2026-10-04T20:02:16.184642+00:00,counter,marketdata.update.applied,1,"{""market"":""BTC-SYNTH""}"
2026-10-04T20:02:16.184654+00:00,counter,marketdata.update.applied,1,"{""market"":""BTC-SYNTH""}"
2026-10-04T20:02:16.184666+00:00,counter,marketdata.update.applied,1,"{""market"":""BTC-SYNTH""}"
2026-10-04T20:02:16.184685+00:00,counter,marketdata.update.applied,1,"{""market"":""BTC-SYNTH""}"
2026-10-04T20:02:16.184705+00:00,counter,marketdata.update.applied,1,"{""market"":""BTC-SYNTH""}"
2026-10-04T20:02:16.184732+00:00,counter,marketdata.update.applied,1,"{""market"":""BTC-SYNTH""}"
2026-10-04T20:02:16.184755+00:00,counter,marketdata.update.applied,1,"{""market"":""BTC-SYNTH""}"
2026-10-04T20:02:16.184768+00:00,counter,marketdata.update.applied,1,"{""market"":""BTC-SYNTH""}"
2026-10-04T20:02:16.184791+00:00,counter,marketdata.update.applied,1,"{""market"":""BTC-SYNTH""}"
2026-10-04T20:02:16.184804+00:00,counter,marketdata.update.applied,1,"{""market"":""BTC-SYNTH""}"
2026-10-04T20:02:16.184820+00:00,counter,marketdata.update.applied,1,"{""market"":""BTC-SYNTH""}"
2026-10-04T20:02:16.184833+00:00,counter,marketdata.update.applied,1,"{""market"":""BTC-SYNTH""}"
2026-10-04T20:02:16.184849+00:00,counter,marketdata.update.applied,1,"{""market"":""BTC-SYNTH""}"
2026-10-04T20:02:16.184861+00:00,counter,marketdata.update.applied,1,"{""market"":""BTC-SYNTH""}"
2026-10-04T20:02:16.184874+00:00,counter,marketdata.update.applied,1,"{""market"":""BTC-SYNTH""}"
2026-10-04T20:02:16.184888+00:00,counter,marketdata.update.applied,1,"{""market"":""BTC-SYNTH""}"
2026-10-04T20:02:16.184900+00:00,counter,marketdata.update.applied,1,"{""market"":""BTC-SYNTH""}"
2026-10-04T20:02:16.184911+00:00,counter,marketdata.update.applied,1,"{""market"":""BTC-SYNTH""}"
2026-10-04T20:02:16.184924+00:00,counter,marketdata.update.applied,1,"{""market"":""BTC-SYNTH""}"
2026-10-04T20:02:16.184935+00:00,counter,marketdata.update.applied,1,"{""market"":""BTC-SYNTH""}"
2026-10-04T20:02:16.184947+00:00,counter,marketdata.update.applied,1,"{""market"":""BTC-SYNTH""}"
2026-10-04T20:02:16.184958+00:00,counter,marketdata.update.applied,1,"{""market"":""BTC-SYNTH""}"
2026-10-04T20:02:16.184971+00:00,counter,marketdata.update.applied,1,"{""market"":""BTC-SYNTH""}"
2026-10-04T20:02:16.184987+00:00,counter,marketdata.update.applied,1,"{""market"":""BTC-SYNTH""}"
2026-10-04T20:02:16.185001+00:00,counter,marketdata.update.applied,1,"{""market"":""BTC-SYNTH""}"
2026-10-04T20:02:16.185013+00:00,counter,marketdata.update.applied,1,"{""market"":""BTC-SYNTH""}"
2026-10-04T20:02:16.185025+00:00,counter,marketdata.update.applied,1,"{""market"":""BTC-SYNTH""}"
2026-10-04T20:02:16.185047+00:00,counter,marketdata.update.applied,1,"{""market"":""BTC-SYNTH""}"
2026-10-04T20:02:16.185069+00:00,counter,marketdata.update.applied,1,"{""market"":""BTC-SYNTH""}"
2026-10-04T20:02:16.185082+00:00,counter,marketdata.update.applied,1,"{""market"":""BTC-SYNTH""}"
2026-10-04T20:02:16.185096+00:00,counter,marketdata.update.applied,1,"{""market"":""BTC-SYNTH""}"
2026-10-04T20:02:16.185114+00:00,counter,marketdata.update.applied,1,"{""market"":""BTC-SYNTH""}"
2026-10-04T20:02:16.185130+00:00,counter,marketdata.update.applied,1,"{""market"":""BTC-SYNTH""}"
2026-10-04T20:02:16.185142+00:00,counter,marketdata.update.applied,1,"{""market"":""BTC-SYNTH""}"
2026-10-04T20:02:16.185155+00:00,counter,marketdata.update.applied,1,"{""market"":""BTC-SYNTH""}"
2026-10-04T20:02:16.185166+00:00,counter,marketdata.update.applied,1,"{""market"":""BTC-SYNTH""}"
2026-10-04T20:02:16.185178+00:00,counter,marketdata.update.applied,1,"{""market"":""BTC-SYNTH""}"
2026-10-04T20:02:16.185190+00:00,counter,marketdata.update.applied,1,"{""market"":""BTC-SYNTH""}"
2026-10-04T20:02:16.185202+00:00,counter,marketdata.update.applied,1,"{""market"":""BTC-SYNTH""}"
2026-10-04T20:02:16.185213+00:00,counter,marketdata.update.applied,1,"{""market"":""BTC-SYNTH""}"
2026-10-04T20:02:16.185234+00:00,counter,marketdata.update.applied,1,"{""market"":""BTC-SYNTH""}"
2026-10-04T20:02:16.185246+00:00,counter,marketdata.update.applied,1,"{""market"":""BTC-SYNTH""}"
2026-10-04T20:02:16.185259+00:00,counter,marketdata.update.applied,1,"{""market"":""BTC-SYNTH""}"
2026-10-04T20:02:16.185271+00:00,counter,marketdata.update.applied,1,"{""market"":""BTC-SYNTH""}"
2026-10-04T20:02:16.185283+00:00,counter,marketdata.update.applied,1,"{""market"":""BTC-SYNTH""}"
2026-10-04T20:02:16.185294+00:00,counter,marketdata.update.applied,1,"{""market"":""BTC-SYNTH""}"
2026-10-04T20:02:16.185306+00:00,counter,marketdata.update.applied,1,"{""market"":""BTC-SYNTH""}"
2026-10-04T20:02:16.185317+00:00,counter,marketdata.update.applied,1,"{""market"":""BTC-SYNTH""}"
2026-10-04T20:02:16.185329+00:00,counter,marketdata.update.applied,1,"{""market"":""BTC-SYNTH""}"
2026-10-04T20:02:16.185340+00:00,counter,marketdata.update.applied,1,"{""market"":""BTC-SYNTH""}"
2026-10-04T20:02:16.435315+00:00,gauge,pricing.slices.attempted,3.0,"{""market"":""BTC-SYNTH"",""producer"":""svi-scipy""}"
2026-10-04T20:02:16.435356+00:00,gauge,pricing.slices.accepted,3.0,"{""market"":""BTC-SYNTH"",""producer"":""svi-scipy""}"
2026-10-04T20:02:16.435437+00:00,gauge,pricing.rmse_vol_bp,30.036859498194676,"{""market"":""BTC-SYNTH"",""producer"":""svi-scipy""}"
2026-10-04T20:02:16.435447+00:00,timing,pricing.cycle_ms,273.562,"{""market"":""BTC-SYNTH"",""producer"":""svi-scipy""}"
2026-10-04T20:02:16.435681+00:00,counter,bus.published,1,"{""topic"":""surface.BTC-SYNTH.svi-scipy""}"
2026-10-04T20:02:16.435710+00:00,counter,runner.handled,1,"{""subscriber"":""svi-scipy@BTC-SYNTH""}"
2026-10-04T20:02:16.435809+00:00,counter,risk.surface.received,1,"{""market"":""BTC-SYNTH"",""producer"":""svi-scipy"",""status"":""OK""}"
2026-10-04T20:02:16.435823+00:00,timing,risk.surface.snapshot_to_surface_ms,2080.3500000000004,"{""market"":""BTC-SYNTH"",""producer"":""svi-scipy""}"
2026-10-04T20:02:16.435831+00:00,timing,risk.surface.delivery_lag_ms,0.527,"{""market"":""BTC-SYNTH"",""producer"":""svi-scipy""}"
2026-10-04T20:02:16.435846+00:00,gauge,risk.surface_age_seconds,2.080887,"{""market"":""BTC-SYNTH"",""producer"":""svi-scipy""}"
2026-10-04T20:02:16.435852+00:00,counter,risk.report.freshness,1,"{""decision"":""NORMAL"",""market"":""BTC-SYNTH"",""producer"":""svi-scipy""}"
2026-10-04T20:02:16.435894+00:00,gauge,risk.surface_age_seconds,8.079655,"{""market"":""BTC-SYNTH"",""producer"":""mlp-torch""}"
2026-10-04T20:02:16.435900+00:00,counter,risk.report.freshness,1,"{""decision"":""NORMAL"",""market"":""BTC-SYNTH"",""producer"":""mlp-torch""}"
2026-10-04T20:02:16.436046+00:00,gauge,risk.comparison.value_diff,119.21704272038187,"{""baseline"":""svi-scipy"",""challenger"":""mlp-torch"",""market"":""BTC-SYNTH""}"
2026-10-04T20:02:16.436054+00:00,gauge,risk.comparison.distance_rms_vol_bp,136.6817780074099,"{""baseline"":""svi-scipy"",""challenger"":""mlp-torch"",""market"":""BTC-SYNTH""}"
2026-10-04T20:02:16.436061+00:00,gauge,risk.comparison.distance_max_vol_bp,616.8164152662404,"{""baseline"":""svi-scipy"",""challenger"":""mlp-torch"",""market"":""BTC-SYNTH""}"
2026-10-04T20:02:16.436071+00:00,gauge,risk.surface_age_seconds,2.081116,"{""market"":""BTC-SYNTH"",""producer"":""svi-scipy""}"
2026-10-04T20:02:16.436171+00:00,counter,risk.report.freshness,1,"{""decision"":""NORMAL"",""market"":""BTC-SYNTH"",""producer"":""svi-scipy""}"
2026-10-04T20:02:16.436197+00:00,counter,runner.handled,1,"{""subscriber"":""risk-svi-scipy@BTC-SYNTH""}"
2026-10-04T20:02:17.164493+00:00,counter,marketdata.snapshot.published,1,"{""market"":""BTC-SYNTH""}"
2026-10-04T20:02:17.164546+00:00,gauge,marketdata.clock_skew_seconds,-1.80782,"{""market"":""BTC-SYNTH""}"
2026-10-04T20:02:17.164563+00:00,gauge,marketdata.coverage_ratio,1.0,"{""market"":""BTC-SYNTH""}"
2026-10-04T20:02:17.164577+00:00,gauge,marketdata.max_age_seconds,1.903582,"{""market"":""BTC-SYNTH""}"
2026-10-04T20:02:17.164594+00:00,counter,pipeline.heartbeat.emitted,1,"{""market"":""BTC-SYNTH""}"
2026-10-04T20:02:17.164614+00:00,counter,bus.published,1,"{""topic"":""snapshot.BTC-SYNTH""}"
2026-10-04T20:02:17.164639+00:00,counter,bus.dropped,1,"{""subscriber"":""mlp-torch@BTC-SYNTH"",""topic"":""snapshot.BTC-SYNTH""}"
2026-10-04T20:02:17.189520+00:00,counter,marketdata.update.applied,1,"{""market"":""BTC-SYNTH""}"
2026-10-04T20:02:17.189563+00:00,counter,marketdata.update.applied,1,"{""market"":""BTC-SYNTH""}"
2026-10-04T20:02:17.189582+00:00,counter,marketdata.update.applied,1,"{""market"":""BTC-SYNTH""}"
2026-10-04T20:02:17.189597+00:00,counter,marketdata.update.applied,1,"{""market"":""BTC-SYNTH""}"
2026-10-04T20:02:17.189621+00:00,counter,marketdata.update.applied,1,"{""market"":""BTC-SYNTH""}"
2026-10-04T20:02:17.189633+00:00,counter,marketdata.update.applied,1,"{""market"":""BTC-SYNTH""}"
2026-10-04T20:02:17.189648+00:00,counter,marketdata.update.applied,1,"{""market"":""BTC-SYNTH""}"
2026-10-04T20:02:17.189659+00:00,counter,marketdata.update.applied,1,"{""market"":""BTC-SYNTH""}"
2026-10-04T20:02:17.189672+00:00,counter,marketdata.update.applied,1,"{""market"":""BTC-SYNTH""}"
2026-10-04T20:02:17.189683+00:00,counter,marketdata.update.applied,1,"{""market"":""BTC-SYNTH""}"
2026-10-04T20:02:17.189695+00:00,counter,marketdata.update.applied,1,"{""market"":""BTC-SYNTH""}"
2026-10-04T20:02:17.189707+00:00,counter,marketdata.update.applied,1,"{""market"":""BTC-SYNTH""}"
2026-10-04T20:02:17.189723+00:00,counter,marketdata.update.applied,1,"{""market"":""BTC-SYNTH""}"
2026-10-04T20:02:17.189733+00:00,counter,marketdata.update.applied,1,"{""market"":""BTC-SYNTH""}"
2026-10-04T20:02:17.189746+00:00,counter,marketdata.update.applied,1,"{""market"":""BTC-SYNTH""}"
2026-10-04T20:02:17.189757+00:00,counter,marketdata.update.applied,1,"{""market"":""BTC-SYNTH""}"
2026-10-04T20:02:17.189769+00:00,counter,marketdata.update.applied,1,"{""market"":""BTC-SYNTH""}"
2026-10-04T20:02:17.189779+00:00,counter,marketdata.update.applied,1,"{""market"":""BTC-SYNTH""}"
2026-10-04T20:02:17.189791+00:00,counter,marketdata.update.applied,1,"{""market"":""BTC-SYNTH""}"
2026-10-04T20:02:17.189801+00:00,counter,marketdata.update.applied,1,"{""market"":""BTC-SYNTH""}"
2026-10-04T20:02:17.189813+00:00,counter,marketdata.update.applied,1,"{""market"":""BTC-SYNTH""}"
2026-10-04T20:02:17.189824+00:00,counter,marketdata.update.applied,1,"{""market"":""BTC-SYNTH""}"
2026-10-04T20:02:17.189837+00:00,counter,marketdata.update.applied,1,"{""market"":""BTC-SYNTH""}"
2026-10-04T20:02:17.189848+00:00,counter,marketdata.update.applied,1,"{""market"":""BTC-SYNTH""}"
2026-10-04T20:02:17.189860+00:00,counter,marketdata.update.applied,1,"{""market"":""BTC-SYNTH""}"
2026-10-04T20:02:17.189871+00:00,counter,marketdata.update.applied,1,"{""market"":""BTC-SYNTH""}"
2026-10-04T20:02:17.189883+00:00,counter,marketdata.update.applied,1,"{""market"":""BTC-SYNTH""}"
2026-10-04T20:02:17.189895+00:00,counter,marketdata.update.applied,1,"{""market"":""BTC-SYNTH""}"
2026-10-04T20:02:17.189907+00:00,counter,marketdata.update.applied,1,"{""market"":""BTC-SYNTH""}"
2026-10-04T20:02:17.189919+00:00,counter,marketdata.update.applied,1,"{""market"":""BTC-SYNTH""}"
2026-10-04T20:02:17.189931+00:00,counter,marketdata.update.applied,1,"{""market"":""BTC-SYNTH""}"
2026-10-04T20:02:17.189941+00:00,counter,marketdata.update.applied,1,"{""market"":""BTC-SYNTH""}"
2026-10-04T20:02:17.189953+00:00,counter,marketdata.update.applied,1,"{""market"":""BTC-SYNTH""}"
2026-10-04T20:02:17.189964+00:00,counter,marketdata.update.applied,1,"{""market"":""BTC-SYNTH""}"
2026-10-04T20:02:17.189975+00:00,counter,marketdata.update.applied,1,"{""market"":""BTC-SYNTH""}"
2026-10-04T20:02:17.189985+00:00,counter,marketdata.update.applied,1,"{""market"":""BTC-SYNTH""}"
2026-10-04T20:02:17.189996+00:00,counter,marketdata.update.applied,1,"{""market"":""BTC-SYNTH""}"
2026-10-04T20:02:17.190007+00:00,counter,marketdata.update.applied,1,"{""market"":""BTC-SYNTH""}"
2026-10-04T20:02:17.190019+00:00,counter,marketdata.update.applied,1,"{""market"":""BTC-SYNTH""}"
2026-10-04T20:02:17.190031+00:00,counter,marketdata.update.applied,1,"{""market"":""BTC-SYNTH""}"
2026-10-04T20:02:17.190042+00:00,counter,marketdata.update.applied,1,"{""market"":""BTC-SYNTH""}"
2026-10-04T20:02:17.190054+00:00,counter,marketdata.update.applied,1,"{""market"":""BTC-SYNTH""}"
2026-10-04T20:02:17.190066+00:00,counter,marketdata.update.applied,1,"{""market"":""BTC-SYNTH""}"
2026-10-04T20:02:17.190076+00:00,counter,marketdata.update.applied,1,"{""market"":""BTC-SYNTH""}"
2026-10-04T20:02:17.190089+00:00,counter,marketdata.update.applied,1,"{""market"":""BTC-SYNTH""}"
2026-10-04T20:02:17.190100+00:00,counter,marketdata.update.applied,1,"{""market"":""BTC-SYNTH""}"
2026-10-04T20:02:17.190112+00:00,counter,marketdata.update.applied,1,"{""market"":""BTC-SYNTH""}"
2026-10-04T20:02:17.190122+00:00,counter,marketdata.update.applied,1,"{""market"":""BTC-SYNTH""}"
2026-10-04T20:02:17.190134+00:00,counter,marketdata.update.applied,1,"{""market"":""BTC-SYNTH""}"
2026-10-04T20:02:17.190144+00:00,counter,marketdata.update.applied,1,"{""market"":""BTC-SYNTH""}"
2026-10-04T20:02:17.190156+00:00,counter,marketdata.update.applied,1,"{""market"":""BTC-SYNTH""}"
2026-10-04T20:02:17.190167+00:00,counter,marketdata.update.applied,1,"{""market"":""BTC-SYNTH""}"
2026-10-04T20:02:17.190179+00:00,counter,marketdata.update.applied,1,"{""market"":""BTC-SYNTH""}"
2026-10-04T20:02:17.190190+00:00,counter,marketdata.update.applied,1,"{""market"":""BTC-SYNTH""}"
2026-10-04T20:02:17.190201+00:00,counter,marketdata.update.applied,1,"{""market"":""BTC-SYNTH""}"
2026-10-04T20:02:17.190213+00:00,counter,marketdata.update.applied,1,"{""market"":""BTC-SYNTH""}"
2026-10-04T20:02:17.190224+00:00,counter,marketdata.update.applied,1,"{""market"":""BTC-SYNTH""}"
2026-10-04T20:02:17.190235+00:00,counter,marketdata.update.applied,1,"{""market"":""BTC-SYNTH""}"
2026-10-04T20:02:17.190246+00:00,counter,marketdata.update.applied,1,"{""market"":""BTC-SYNTH""}"
2026-10-04T20:02:17.190258+00:00,counter,marketdata.update.applied,1,"{""market"":""BTC-SYNTH""}"
2026-10-04T20:02:17.190269+00:00,counter,marketdata.update.applied,1,"{""market"":""BTC-SYNTH""}"
2026-10-04T20:02:17.190280+00:00,counter,marketdata.update.applied,1,"{""market"":""BTC-SYNTH""}"
2026-10-04T20:02:17.190291+00:00,counter,marketdata.update.applied,1,"{""market"":""BTC-SYNTH""}"
2026-10-04T20:02:17.190301+00:00,counter,marketdata.update.applied,1,"{""market"":""BTC-SYNTH""}"
2026-10-04T20:02:17.190313+00:00,counter,marketdata.update.applied,1,"{""market"":""BTC-SYNTH""}"
2026-10-04T20:02:17.190324+00:00,counter,marketdata.update.applied,1,"{""market"":""BTC-SYNTH""}"
2026-10-04T20:02:17.395717+00:00,gauge,pricing.slices.attempted,3.0,"{""market"":""BTC-SYNTH"",""producer"":""svi-scipy""}"
2026-10-04T20:02:17.395752+00:00,gauge,pricing.slices.accepted,3.0,"{""market"":""BTC-SYNTH"",""producer"":""svi-scipy""}"
2026-10-04T20:02:17.395824+00:00,gauge,pricing.rmse_vol_bp,26.868588198333907,"{""market"":""BTC-SYNTH"",""producer"":""svi-scipy""}"
2026-10-04T20:02:17.395833+00:00,timing,pricing.cycle_ms,230.824,"{""market"":""BTC-SYNTH"",""producer"":""svi-scipy""}"
2026-10-04T20:02:17.396184+00:00,counter,bus.published,1,"{""topic"":""surface.BTC-SYNTH.svi-scipy""}"
2026-10-04T20:02:17.396217+00:00,counter,runner.handled,1,"{""subscriber"":""svi-scipy@BTC-SYNTH""}"
2026-10-04T20:02:17.396318+00:00,counter,risk.surface.received,1,"{""market"":""BTC-SYNTH"",""producer"":""svi-scipy"",""status"":""OK""}"
2026-10-04T20:02:17.396377+00:00,timing,risk.surface.snapshot_to_surface_ms,2040.028,"{""market"":""BTC-SYNTH"",""producer"":""svi-scipy""}"
2026-10-04T20:02:17.396389+00:00,timing,risk.surface.delivery_lag_ms,0.68,"{""market"":""BTC-SYNTH"",""producer"":""svi-scipy""}"
2026-10-04T20:02:17.396403+00:00,gauge,risk.surface_age_seconds,2.04072,"{""market"":""BTC-SYNTH"",""producer"":""svi-scipy""}"
2026-10-04T20:02:17.396411+00:00,counter,risk.report.freshness,1,"{""decision"":""NORMAL"",""market"":""BTC-SYNTH"",""producer"":""svi-scipy""}"
2026-10-04T20:02:17.396450+00:00,gauge,risk.surface_age_seconds,9.040211,"{""market"":""BTC-SYNTH"",""producer"":""mlp-torch""}"
2026-10-04T20:02:17.396457+00:00,counter,risk.report.freshness,1,"{""decision"":""NORMAL"",""market"":""BTC-SYNTH"",""producer"":""mlp-torch""}"
2026-10-04T20:02:17.396598+00:00,gauge,risk.comparison.value_diff,193.52426153955457,"{""baseline"":""svi-scipy"",""challenger"":""mlp-torch"",""market"":""BTC-SYNTH""}"
2026-10-04T20:02:17.396607+00:00,gauge,risk.comparison.distance_rms_vol_bp,120.58320602869267,"{""baseline"":""svi-scipy"",""challenger"":""mlp-torch"",""market"":""BTC-SYNTH""}"
2026-10-04T20:02:17.396613+00:00,gauge,risk.comparison.distance_max_vol_bp,343.1176496764321,"{""baseline"":""svi-scipy"",""challenger"":""mlp-torch"",""market"":""BTC-SYNTH""}"
2026-10-04T20:02:17.396623+00:00,gauge,risk.surface_age_seconds,2.040942,"{""market"":""BTC-SYNTH"",""producer"":""svi-scipy""}"
2026-10-04T20:02:17.396630+00:00,counter,risk.report.freshness,1,"{""decision"":""NORMAL"",""market"":""BTC-SYNTH"",""producer"":""svi-scipy""}"
2026-10-04T20:02:17.396649+00:00,counter,runner.handled,1,"{""subscriber"":""risk-svi-scipy@BTC-SYNTH""}"
2026-10-04T20:02:18.167488+00:00,counter,marketdata.snapshot.published,1,"{""market"":""BTC-SYNTH""}"
2026-10-04T20:02:18.167528+00:00,gauge,marketdata.clock_skew_seconds,-1.811113,"{""market"":""BTC-SYNTH""}"
2026-10-04T20:02:18.167544+00:00,gauge,marketdata.coverage_ratio,1.0,"{""market"":""BTC-SYNTH""}"
2026-10-04T20:02:18.167557+00:00,gauge,marketdata.max_age_seconds,1.906683,"{""market"":""BTC-SYNTH""}"
2026-10-04T20:02:18.167571+00:00,counter,pipeline.heartbeat.emitted,1,"{""market"":""BTC-SYNTH""}"
2026-10-04T20:02:18.167588+00:00,counter,bus.published,1,"{""topic"":""snapshot.BTC-SYNTH""}"
2026-10-04T20:02:18.167607+00:00,counter,bus.dropped,1,"{""subscriber"":""mlp-torch@BTC-SYNTH"",""topic"":""snapshot.BTC-SYNTH""}"
2026-10-04T20:02:18.192365+00:00,counter,marketdata.update.applied,1,"{""market"":""BTC-SYNTH""}"
2026-10-04T20:02:18.192434+00:00,counter,marketdata.update.applied,1,"{""market"":""BTC-SYNTH""}"
2026-10-04T20:02:18.192461+00:00,counter,marketdata.update.applied,1,"{""market"":""BTC-SYNTH""}"
2026-10-04T20:02:18.192475+00:00,counter,marketdata.update.applied,1,"{""market"":""BTC-SYNTH""}"
2026-10-04T20:02:18.192489+00:00,counter,marketdata.update.applied,1,"{""market"":""BTC-SYNTH""}"
2026-10-04T20:02:18.192502+00:00,counter,marketdata.update.applied,1,"{""market"":""BTC-SYNTH""}"
2026-10-04T20:02:18.192516+00:00,counter,marketdata.update.applied,1,"{""market"":""BTC-SYNTH""}"
2026-10-04T20:02:18.192529+00:00,counter,marketdata.update.applied,1,"{""market"":""BTC-SYNTH""}"
2026-10-04T20:02:18.192554+00:00,counter,marketdata.update.applied,1,"{""market"":""BTC-SYNTH""}"
2026-10-04T20:02:18.192567+00:00,counter,marketdata.update.applied,1,"{""market"":""BTC-SYNTH""}"
2026-10-04T20:02:18.192581+00:00,counter,marketdata.update.applied,1,"{""market"":""BTC-SYNTH""}"
2026-10-04T20:02:18.192595+00:00,counter,marketdata.update.applied,1,"{""market"":""BTC-SYNTH""}"
2026-10-04T20:02:18.192612+00:00,counter,marketdata.update.applied,1,"{""market"":""BTC-SYNTH""}"
2026-10-04T20:02:18.192632+00:00,counter,marketdata.update.applied,1,"{""market"":""BTC-SYNTH""}"
2026-10-04T20:02:18.192648+00:00,counter,marketdata.update.applied,1,"{""market"":""BTC-SYNTH""}"
2026-10-04T20:02:18.192661+00:00,counter,marketdata.update.applied,1,"{""market"":""BTC-SYNTH""}"
2026-10-04T20:02:18.192674+00:00,counter,marketdata.update.applied,1,"{""market"":""BTC-SYNTH""}"
2026-10-04T20:02:18.192688+00:00,counter,marketdata.update.applied,1,"{""market"":""BTC-SYNTH""}"
2026-10-04T20:02:18.192702+00:00,counter,marketdata.update.applied,1,"{""market"":""BTC-SYNTH""}"
2026-10-04T20:02:18.192715+00:00,counter,marketdata.update.applied,1,"{""market"":""BTC-SYNTH""}"
2026-10-04T20:02:18.192728+00:00,counter,marketdata.update.applied,1,"{""market"":""BTC-SYNTH""}"
2026-10-04T20:02:18.192740+00:00,counter,marketdata.update.applied,1,"{""market"":""BTC-SYNTH""}"
2026-10-04T20:02:18.192756+00:00,counter,marketdata.update.applied,1,"{""market"":""BTC-SYNTH""}"
2026-10-04T20:02:18.192769+00:00,counter,marketdata.update.applied,1,"{""market"":""BTC-SYNTH""}"
2026-10-04T20:02:18.192782+00:00,counter,marketdata.update.applied,1,"{""market"":""BTC-SYNTH""}"
2026-10-04T20:02:18.192794+00:00,counter,marketdata.update.applied,1,"{""market"":""BTC-SYNTH""}"
2026-10-04T20:02:18.192806+00:00,counter,marketdata.update.applied,1,"{""market"":""BTC-SYNTH""}"
2026-10-04T20:02:18.192818+00:00,counter,marketdata.update.applied,1,"{""market"":""BTC-SYNTH""}"
2026-10-04T20:02:18.192832+00:00,counter,marketdata.update.applied,1,"{""market"":""BTC-SYNTH""}"
2026-10-04T20:02:18.192845+00:00,counter,marketdata.update.applied,1,"{""market"":""BTC-SYNTH""}"
2026-10-04T20:02:18.192858+00:00,counter,marketdata.update.applied,1,"{""market"":""BTC-SYNTH""}"
2026-10-04T20:02:18.192870+00:00,counter,marketdata.update.applied,1,"{""market"":""BTC-SYNTH""}"
2026-10-04T20:02:18.192883+00:00,counter,marketdata.update.applied,1,"{""market"":""BTC-SYNTH""}"
2026-10-04T20:02:18.192896+00:00,counter,marketdata.update.applied,1,"{""market"":""BTC-SYNTH""}"
2026-10-04T20:02:18.192908+00:00,counter,marketdata.update.applied,1,"{""market"":""BTC-SYNTH""}"
2026-10-04T20:02:18.192919+00:00,counter,marketdata.update.applied,1,"{""market"":""BTC-SYNTH""}"
2026-10-04T20:02:18.192932+00:00,counter,marketdata.update.applied,1,"{""market"":""BTC-SYNTH""}"
2026-10-04T20:02:18.192943+00:00,counter,marketdata.update.applied,1,"{""market"":""BTC-SYNTH""}"
2026-10-04T20:02:18.192955+00:00,counter,marketdata.update.applied,1,"{""market"":""BTC-SYNTH""}"
2026-10-04T20:02:18.192968+00:00,counter,marketdata.update.applied,1,"{""market"":""BTC-SYNTH""}"
2026-10-04T20:02:18.192980+00:00,counter,marketdata.update.applied,1,"{""market"":""BTC-SYNTH""}"
2026-10-04T20:02:18.192991+00:00,counter,marketdata.update.applied,1,"{""market"":""BTC-SYNTH""}"
2026-10-04T20:02:18.193003+00:00,counter,marketdata.update.applied,1,"{""market"":""BTC-SYNTH""}"
2026-10-04T20:02:18.193014+00:00,counter,marketdata.update.applied,1,"{""market"":""BTC-SYNTH""}"
2026-10-04T20:02:18.193026+00:00,counter,marketdata.update.applied,1,"{""market"":""BTC-SYNTH""}"
2026-10-04T20:02:18.193037+00:00,counter,marketdata.update.applied,1,"{""market"":""BTC-SYNTH""}"
2026-10-04T20:02:18.193050+00:00,counter,marketdata.update.applied,1,"{""market"":""BTC-SYNTH""}"
2026-10-04T20:02:18.193060+00:00,counter,marketdata.update.applied,1,"{""market"":""BTC-SYNTH""}"
2026-10-04T20:02:18.193071+00:00,counter,marketdata.update.applied,1,"{""market"":""BTC-SYNTH""}"
2026-10-04T20:02:18.193082+00:00,counter,marketdata.update.applied,1,"{""market"":""BTC-SYNTH""}"
2026-10-04T20:02:18.193093+00:00,counter,marketdata.update.applied,1,"{""market"":""BTC-SYNTH""}"
2026-10-04T20:02:18.193104+00:00,counter,marketdata.update.applied,1,"{""market"":""BTC-SYNTH""}"
2026-10-04T20:02:18.193115+00:00,counter,marketdata.update.applied,1,"{""market"":""BTC-SYNTH""}"
2026-10-04T20:02:18.193127+00:00,counter,marketdata.update.applied,1,"{""market"":""BTC-SYNTH""}"
2026-10-04T20:02:18.193138+00:00,counter,marketdata.update.applied,1,"{""market"":""BTC-SYNTH""}"
2026-10-04T20:02:18.193149+00:00,counter,marketdata.update.applied,1,"{""market"":""BTC-SYNTH""}"
2026-10-04T20:02:18.193175+00:00,counter,marketdata.update.applied,1,"{""market"":""BTC-SYNTH""}"
2026-10-04T20:02:18.193188+00:00,counter,marketdata.update.applied,1,"{""market"":""BTC-SYNTH""}"
2026-10-04T20:02:18.193213+00:00,counter,marketdata.update.applied,1,"{""market"":""BTC-SYNTH""}"
2026-10-04T20:02:18.193502+00:00,counter,marketdata.update.applied,1,"{""market"":""BTC-SYNTH""}"
2026-10-04T20:02:18.193523+00:00,counter,marketdata.update.applied,1,"{""market"":""BTC-SYNTH""}"
2026-10-04T20:02:18.193537+00:00,counter,marketdata.update.applied,1,"{""market"":""BTC-SYNTH""}"
2026-10-04T20:02:18.193552+00:00,counter,marketdata.update.applied,1,"{""market"":""BTC-SYNTH""}"
2026-10-04T20:02:18.193563+00:00,counter,marketdata.update.applied,1,"{""market"":""BTC-SYNTH""}"
2026-10-04T20:02:18.193577+00:00,counter,marketdata.update.applied,1,"{""market"":""BTC-SYNTH""}"
2026-10-04T20:02:18.193588+00:00,counter,marketdata.update.applied,1,"{""market"":""BTC-SYNTH""}"
2026-10-04T20:02:18.323549+00:00,gauge,pricing.slices.attempted,3.0,"{""market"":""BTC-SYNTH"",""producer"":""svi-scipy""}"
2026-10-04T20:02:18.323577+00:00,gauge,pricing.slices.accepted,3.0,"{""market"":""BTC-SYNTH"",""producer"":""svi-scipy""}"
2026-10-04T20:02:18.323651+00:00,gauge,pricing.rmse_vol_bp,29.942744663196258,"{""market"":""BTC-SYNTH"",""producer"":""svi-scipy""}"
2026-10-04T20:02:18.323662+00:00,timing,pricing.cycle_ms,155.41,"{""market"":""BTC-SYNTH"",""producer"":""svi-scipy""}"
2026-10-04T20:02:18.323868+00:00,counter,bus.published,1,"{""topic"":""surface.BTC-SYNTH.svi-scipy""}"
2026-10-04T20:02:18.323903+00:00,counter,runner.handled,1,"{""subscriber"":""svi-scipy@BTC-SYNTH""}"
2026-10-04T20:02:18.324005+00:00,counter,risk.surface.received,1,"{""market"":""BTC-SYNTH"",""producer"":""svi-scipy"",""status"":""OK""}"
2026-10-04T20:02:18.324021+00:00,timing,risk.surface.snapshot_to_surface_ms,1967.8439999999998,"{""market"":""BTC-SYNTH"",""producer"":""svi-scipy""}"
2026-10-04T20:02:18.324031+00:00,timing,risk.surface.delivery_lag_ms,0.49,"{""market"":""BTC-SYNTH"",""producer"":""svi-scipy""}"
2026-10-04T20:02:18.324045+00:00,gauge,risk.surface_age_seconds,1.968345,"{""market"":""BTC-SYNTH"",""producer"":""svi-scipy""}"
2026-10-04T20:02:18.324053+00:00,counter,risk.report.freshness,1,"{""decision"":""NORMAL"",""market"":""BTC-SYNTH"",""producer"":""svi-scipy""}"
2026-10-04T20:02:18.324092+00:00,gauge,risk.surface_age_seconds,9.967853,"{""market"":""BTC-SYNTH"",""producer"":""mlp-torch""}"
2026-10-04T20:02:18.324099+00:00,counter,risk.report.freshness,1,"{""decision"":""NORMAL"",""market"":""BTC-SYNTH"",""producer"":""mlp-torch""}"
2026-10-04T20:02:18.324300+00:00,gauge,risk.comparison.value_diff,335.4583301628918,"{""baseline"":""svi-scipy"",""challenger"":""mlp-torch"",""market"":""BTC-SYNTH""}"
2026-10-04T20:02:18.324329+00:00,gauge,risk.comparison.distance_rms_vol_bp,89.13387591497546,"{""baseline"":""svi-scipy"",""challenger"":""mlp-torch"",""market"":""BTC-SYNTH""}"
2026-10-04T20:02:18.324337+00:00,gauge,risk.comparison.distance_max_vol_bp,277.59060758185797,"{""baseline"":""svi-scipy"",""challenger"":""mlp-torch"",""market"":""BTC-SYNTH""}"
2026-10-04T20:02:18.324351+00:00,gauge,risk.surface_age_seconds,1.968651,"{""market"":""BTC-SYNTH"",""producer"":""svi-scipy""}"
2026-10-04T20:02:18.324359+00:00,counter,risk.report.freshness,1,"{""decision"":""NORMAL"",""market"":""BTC-SYNTH"",""producer"":""svi-scipy""}"
2026-10-04T20:02:18.324390+00:00,counter,runner.handled,1,"{""subscriber"":""risk-svi-scipy@BTC-SYNTH""}"
2026-10-04T20:02:18.988852+00:00,gauge,neural.butterfly_violation,0.0,"{""market"":""BTC-SYNTH""}"
2026-10-04T20:02:18.988887+00:00,gauge,neural.calendar_violation,0.0,"{""market"":""BTC-SYNTH""}"
2026-10-04T20:02:18.988897+00:00,counter,neural.restart,1,"{""market"":""BTC-SYNTH""}"
2026-10-04T20:02:18.989190+00:00,gauge,neural.restart.drift_vol_bp,21.25978231684778,"{""market"":""BTC-SYNTH"",""producer"":""mlp-torch""}"
2026-10-04T20:02:19.015539+00:00,gauge,neural.rmse_vol_bp,48.13150074095408,"{""market"":""BTC-SYNTH"",""producer"":""mlp-torch""}"
2026-10-04T20:02:19.015949+00:00,counter,bus.published,1,"{""topic"":""surface.BTC-SYNTH.mlp-torch""}"
2026-10-04T20:02:19.015996+00:00,counter,runner.handled,1,"{""subscriber"":""mlp-torch@BTC-SYNTH""}"
2026-10-04T20:02:19.016319+00:00,counter,risk.surface.received,1,"{""market"":""BTC-SYNTH"",""producer"":""mlp-torch"",""status"":""OK""}"
2026-10-04T20:02:19.016350+00:00,timing,risk.surface.snapshot_to_surface_ms,9634.491,"{""market"":""BTC-SYNTH"",""producer"":""mlp-torch""}"
2026-10-04T20:02:19.016387+00:00,timing,risk.surface.delivery_lag_ms,28.099,"{""market"":""BTC-SYNTH"",""producer"":""mlp-torch""}"
2026-10-04T20:02:19.016430+00:00,gauge,risk.surface_age_seconds,2.660721,"{""market"":""BTC-SYNTH"",""producer"":""svi-scipy""}"
2026-10-04T20:02:19.016446+00:00,counter,risk.report.freshness,1,"{""decision"":""NORMAL"",""market"":""BTC-SYNTH"",""producer"":""svi-scipy""}"
2026-10-04T20:02:19.016520+00:00,gauge,risk.surface_age_seconds,9.66274,"{""market"":""BTC-SYNTH"",""producer"":""mlp-torch""}"
2026-10-04T20:02:19.016535+00:00,counter,risk.report.freshness,1,"{""decision"":""NORMAL"",""market"":""BTC-SYNTH"",""producer"":""mlp-torch""}"
2026-10-04T20:02:19.016765+00:00,gauge,risk.comparison.value_diff,399.8223343832651,"{""baseline"":""svi-scipy"",""challenger"":""mlp-torch"",""market"":""BTC-SYNTH""}"
2026-10-04T20:02:19.016782+00:00,gauge,risk.comparison.distance_rms_vol_bp,78.72021702559624,"{""baseline"":""svi-scipy"",""challenger"":""mlp-torch"",""market"":""BTC-SYNTH""}"
2026-10-04T20:02:19.016796+00:00,gauge,risk.comparison.distance_max_vol_bp,235.60194018339197,"{""baseline"":""svi-scipy"",""challenger"":""mlp-torch"",""market"":""BTC-SYNTH""}"
2026-10-04T20:02:19.016815+00:00,gauge,risk.surface_age_seconds,9.663035,"{""market"":""BTC-SYNTH"",""producer"":""mlp-torch""}"
2026-10-04T20:02:19.016826+00:00,counter,risk.report.freshness,1,"{""decision"":""NORMAL"",""market"":""BTC-SYNTH"",""producer"":""mlp-torch""}"
2026-10-04T20:02:19.016858+00:00,counter,runner.handled,1,"{""subscriber"":""risk-mlp-torch@BTC-SYNTH""}"
2026-10-04T20:02:19.017977+00:00,gauge,neural.buffer.size,495.0,"{""market"":""BTC-SYNTH""}"
2026-10-04T20:02:19.018004+00:00,gauge,neural.buffer.cell_coverage,1.0,"{""market"":""BTC-SYNTH""}"
2026-10-04T20:02:19.041844+00:00,gauge,neural.butterfly_violation,0.0,"{""market"":""BTC-SYNTH""}"
2026-10-04T20:02:19.041866+00:00,gauge,neural.calendar_violation,0.0,"{""market"":""BTC-SYNTH""}"
2026-10-04T20:02:19.042258+00:00,gauge,neural.rmse_vol_bp,40.49253192214456,"{""market"":""BTC-SYNTH"",""producer"":""mlp-torch""}"
2026-10-04T20:02:19.042762+00:00,counter,bus.published,1,"{""topic"":""surface.BTC-SYNTH.mlp-torch""}"
2026-10-04T20:02:19.042813+00:00,counter,runner.handled,1,"{""subscriber"":""mlp-torch@BTC-SYNTH""}"
2026-10-04T20:02:19.042974+00:00,counter,risk.surface.received,1,"{""market"":""BTC-SYNTH"",""producer"":""mlp-torch"",""status"":""OK""}"
2026-10-04T20:02:19.043003+00:00,timing,risk.surface.snapshot_to_surface_ms,2685.808,"{""market"":""BTC-SYNTH"",""producer"":""mlp-torch""}"
2026-10-04T20:02:19.043023+00:00,timing,risk.surface.delivery_lag_ms,1.516,"{""market"":""BTC-SYNTH"",""producer"":""mlp-torch""}"
2026-10-04T20:02:19.043048+00:00,gauge,risk.surface_age_seconds,2.687345,"{""market"":""BTC-SYNTH"",""producer"":""svi-scipy""}"
2026-10-04T20:02:19.043062+00:00,counter,risk.report.freshness,1,"{""decision"":""NORMAL"",""market"":""BTC-SYNTH"",""producer"":""svi-scipy""}"
2026-10-04T20:02:19.043125+00:00,gauge,risk.surface_age_seconds,2.687425,"{""market"":""BTC-SYNTH"",""producer"":""mlp-torch""}"
2026-10-04T20:02:19.043138+00:00,counter,risk.report.freshness,1,"{""decision"":""NORMAL"",""market"":""BTC-SYNTH"",""producer"":""mlp-torch""}"
2026-10-04T20:02:19.043322+00:00,gauge,risk.comparison.value_diff,36.56074302447814,"{""baseline"":""svi-scipy"",""challenger"":""mlp-torch"",""market"":""BTC-SYNTH""}"
2026-10-04T20:02:19.043339+00:00,gauge,risk.comparison.distance_rms_vol_bp,72.61696362800336,"{""baseline"":""svi-scipy"",""challenger"":""mlp-torch"",""market"":""BTC-SYNTH""}"
2026-10-04T20:02:19.043353+00:00,gauge,risk.comparison.distance_max_vol_bp,233.54629459554465,"{""baseline"":""svi-scipy"",""challenger"":""mlp-torch"",""market"":""BTC-SYNTH""}"
2026-10-04T20:02:19.043374+00:00,gauge,risk.surface_age_seconds,2.687674,"{""market"":""BTC-SYNTH"",""producer"":""mlp-torch""}"
2026-10-04T20:02:19.043432+00:00,counter,risk.report.freshness,1,"{""decision"":""NORMAL"",""market"":""BTC-SYNTH"",""producer"":""mlp-torch""}"
2026-10-04T20:02:19.043471+00:00,counter,runner.handled,1,"{""subscriber"":""risk-mlp-torch@BTC-SYNTH""}"
2026-10-04T20:02:19.180832+00:00,counter,marketdata.snapshot.published,1,"{""market"":""BTC-SYNTH""}"
2026-10-04T20:02:19.180867+00:00,gauge,marketdata.clock_skew_seconds,-1.825249,"{""market"":""BTC-SYNTH""}"
2026-10-04T20:02:19.180874+00:00,gauge,marketdata.coverage_ratio,1.0,"{""market"":""BTC-SYNTH""}"
2026-10-04T20:02:19.180878+00:00,gauge,marketdata.max_age_seconds,1.923868,"{""market"":""BTC-SYNTH""}"
2026-10-04T20:02:19.180885+00:00,counter,pipeline.heartbeat.emitted,1,"{""market"":""BTC-SYNTH""}"
2026-10-04T20:02:19.180895+00:00,counter,bus.published,1,"{""topic"":""snapshot.BTC-SYNTH""}"
2026-10-04T20:02:19.183281+00:00,gauge,neural.buffer.size,528.0,"{""market"":""BTC-SYNTH""}"
2026-10-04T20:02:19.183296+00:00,gauge,neural.buffer.cell_coverage,1.0,"{""market"":""BTC-SYNTH""}"
2026-10-04T20:02:19.198810+00:00,counter,marketdata.update.applied,1,"{""market"":""BTC-SYNTH""}"
2026-10-04T20:02:19.198845+00:00,counter,marketdata.update.applied,1,"{""market"":""BTC-SYNTH""}"
2026-10-04T20:02:19.198865+00:00,counter,marketdata.update.applied,1,"{""market"":""BTC-SYNTH""}"
2026-10-04T20:02:19.198880+00:00,counter,marketdata.update.applied,1,"{""market"":""BTC-SYNTH""}"
2026-10-04T20:02:19.198896+00:00,counter,marketdata.update.applied,1,"{""market"":""BTC-SYNTH""}"
2026-10-04T20:02:19.198908+00:00,counter,marketdata.update.applied,1,"{""market"":""BTC-SYNTH""}"
2026-10-04T20:02:19.198922+00:00,counter,marketdata.update.applied,1,"{""market"":""BTC-SYNTH""}"
2026-10-04T20:02:19.198935+00:00,counter,marketdata.update.applied,1,"{""market"":""BTC-SYNTH""}"
2026-10-04T20:02:19.198948+00:00,counter,marketdata.update.applied,1,"{""market"":""BTC-SYNTH""}"
2026-10-04T20:02:19.198960+00:00,counter,marketdata.update.applied,1,"{""market"":""BTC-SYNTH""}"
2026-10-04T20:02:19.198974+00:00,counter,marketdata.update.applied,1,"{""market"":""BTC-SYNTH""}"
2026-10-04T20:02:19.198987+00:00,counter,marketdata.update.applied,1,"{""market"":""BTC-SYNTH""}"
2026-10-04T20:02:19.199000+00:00,counter,marketdata.update.applied,1,"{""market"":""BTC-SYNTH""}"
2026-10-04T20:02:19.199012+00:00,counter,marketdata.update.applied,1,"{""market"":""BTC-SYNTH""}"
2026-10-04T20:02:19.199026+00:00,counter,marketdata.update.applied,1,"{""market"":""BTC-SYNTH""}"
2026-10-04T20:02:19.199038+00:00,counter,marketdata.update.applied,1,"{""market"":""BTC-SYNTH""}"
2026-10-04T20:02:19.199050+00:00,counter,marketdata.update.applied,1,"{""market"":""BTC-SYNTH""}"
2026-10-04T20:02:19.199062+00:00,counter,marketdata.update.applied,1,"{""market"":""BTC-SYNTH""}"
2026-10-04T20:02:19.199074+00:00,counter,marketdata.update.applied,1,"{""market"":""BTC-SYNTH""}"
2026-10-04T20:02:19.199086+00:00,counter,marketdata.update.applied,1,"{""market"":""BTC-SYNTH""}"
2026-10-04T20:02:19.199099+00:00,counter,marketdata.update.applied,1,"{""market"":""BTC-SYNTH""}"
2026-10-04T20:02:19.199110+00:00,counter,marketdata.update.applied,1,"{""market"":""BTC-SYNTH""}"
2026-10-04T20:02:19.199125+00:00,counter,marketdata.update.applied,1,"{""market"":""BTC-SYNTH""}"
2026-10-04T20:02:19.199137+00:00,counter,marketdata.update.applied,1,"{""market"":""BTC-SYNTH""}"
2026-10-04T20:02:19.199150+00:00,counter,marketdata.update.applied,1,"{""market"":""BTC-SYNTH""}"
2026-10-04T20:02:19.199162+00:00,counter,marketdata.update.applied,1,"{""market"":""BTC-SYNTH""}"
2026-10-04T20:02:19.199174+00:00,counter,marketdata.update.applied,1,"{""market"":""BTC-SYNTH""}"
2026-10-04T20:02:19.199186+00:00,counter,marketdata.update.applied,1,"{""market"":""BTC-SYNTH""}"
2026-10-04T20:02:19.199198+00:00,counter,marketdata.update.applied,1,"{""market"":""BTC-SYNTH""}"
2026-10-04T20:02:19.199213+00:00,counter,marketdata.update.applied,1,"{""market"":""BTC-SYNTH""}"
2026-10-04T20:02:19.199226+00:00,counter,marketdata.update.applied,1,"{""market"":""BTC-SYNTH""}"
2026-10-04T20:02:19.199239+00:00,counter,marketdata.update.applied,1,"{""market"":""BTC-SYNTH""}"
2026-10-04T20:02:19.199252+00:00,counter,marketdata.update.applied,1,"{""market"":""BTC-SYNTH""}"
2026-10-04T20:02:19.199264+00:00,counter,marketdata.update.applied,1,"{""market"":""BTC-SYNTH""}"
2026-10-04T20:02:19.199277+00:00,counter,marketdata.update.applied,1,"{""market"":""BTC-SYNTH""}"
2026-10-04T20:02:19.199288+00:00,counter,marketdata.update.applied,1,"{""market"":""BTC-SYNTH""}"
2026-10-04T20:02:19.199300+00:00,counter,marketdata.update.applied,1,"{""market"":""BTC-SYNTH""}"
2026-10-04T20:02:19.199312+00:00,counter,marketdata.update.applied,1,"{""market"":""BTC-SYNTH""}"
2026-10-04T20:02:19.199326+00:00,counter,marketdata.update.applied,1,"{""market"":""BTC-SYNTH""}"
2026-10-04T20:02:19.199337+00:00,counter,marketdata.update.applied,1,"{""market"":""BTC-SYNTH""}"
2026-10-04T20:02:19.199349+00:00,counter,marketdata.update.applied,1,"{""market"":""BTC-SYNTH""}"
2026-10-04T20:02:19.199360+00:00,counter,marketdata.update.applied,1,"{""market"":""BTC-SYNTH""}"
2026-10-04T20:02:19.199373+00:00,counter,marketdata.update.applied,1,"{""market"":""BTC-SYNTH""}"
2026-10-04T20:02:19.199385+00:00,counter,marketdata.update.applied,1,"{""market"":""BTC-SYNTH""}"
2026-10-04T20:02:19.199398+00:00,counter,marketdata.update.applied,1,"{""market"":""BTC-SYNTH""}"
2026-10-04T20:02:19.199410+00:00,counter,marketdata.update.applied,1,"{""market"":""BTC-SYNTH""}"
2026-10-04T20:02:19.199422+00:00,counter,marketdata.update.applied,1,"{""market"":""BTC-SYNTH""}"
2026-10-04T20:02:19.199434+00:00,counter,marketdata.update.applied,1,"{""market"":""BTC-SYNTH""}"
2026-10-04T20:02:19.199447+00:00,counter,marketdata.update.applied,1,"{""market"":""BTC-SYNTH""}"
2026-10-04T20:02:19.199458+00:00,counter,marketdata.update.applied,1,"{""market"":""BTC-SYNTH""}"
2026-10-04T20:02:19.199471+00:00,counter,marketdata.update.applied,1,"{""market"":""BTC-SYNTH""}"
2026-10-04T20:02:19.199483+00:00,counter,marketdata.update.applied,1,"{""market"":""BTC-SYNTH""}"
2026-10-04T20:02:19.199496+00:00,counter,marketdata.update.applied,1,"{""market"":""BTC-SYNTH""}"
2026-10-04T20:02:19.199507+00:00,counter,marketdata.update.applied,1,"{""market"":""BTC-SYNTH""}"
2026-10-04T20:02:19.199520+00:00,counter,marketdata.update.applied,1,"{""market"":""BTC-SYNTH""}"
2026-10-04T20:02:19.199532+00:00,counter,marketdata.update.applied,1,"{""market"":""BTC-SYNTH""}"
2026-10-04T20:02:19.199544+00:00,counter,marketdata.update.applied,1,"{""market"":""BTC-SYNTH""}"
2026-10-04T20:02:19.199556+00:00,counter,marketdata.update.applied,1,"{""market"":""BTC-SYNTH""}"
2026-10-04T20:02:19.199569+00:00,counter,marketdata.update.applied,1,"{""market"":""BTC-SYNTH""}"
2026-10-04T20:02:19.199581+00:00,counter,marketdata.update.applied,1,"{""market"":""BTC-SYNTH""}"
2026-10-04T20:02:19.199592+00:00,counter,marketdata.update.applied,1,"{""market"":""BTC-SYNTH""}"
2026-10-04T20:02:19.199603+00:00,counter,marketdata.update.applied,1,"{""market"":""BTC-SYNTH""}"
2026-10-04T20:02:19.199616+00:00,counter,marketdata.update.applied,1,"{""market"":""BTC-SYNTH""}"
2026-10-04T20:02:19.199627+00:00,counter,marketdata.update.applied,1,"{""market"":""BTC-SYNTH""}"
2026-10-04T20:02:19.199640+00:00,counter,marketdata.update.applied,1,"{""market"":""BTC-SYNTH""}"
2026-10-04T20:02:19.199651+00:00,counter,marketdata.update.applied,1,"{""market"":""BTC-SYNTH""}"
2026-10-04T20:02:19.337283+00:00,gauge,pricing.slices.attempted,3.0,"{""market"":""BTC-SYNTH"",""producer"":""svi-scipy""}"
2026-10-04T20:02:19.337312+00:00,gauge,pricing.slices.accepted,3.0,"{""market"":""BTC-SYNTH"",""producer"":""svi-scipy""}"
2026-10-04T20:02:19.337384+00:00,gauge,pricing.rmse_vol_bp,33.25872143056703,"{""market"":""BTC-SYNTH"",""producer"":""svi-scipy""}"
2026-10-04T20:02:19.337394+00:00,timing,pricing.cycle_ms,156.158,"{""market"":""BTC-SYNTH"",""producer"":""svi-scipy""}"
2026-10-04T20:02:19.337737+00:00,counter,bus.published,1,"{""topic"":""surface.BTC-SYNTH.svi-scipy""}"
2026-10-04T20:02:19.337770+00:00,counter,runner.handled,1,"{""subscriber"":""svi-scipy@BTC-SYNTH""}"
2026-10-04T20:02:19.337930+00:00,counter,risk.surface.received,1,"{""market"":""BTC-SYNTH"",""producer"":""svi-scipy"",""status"":""OK""}"
2026-10-04T20:02:19.337956+00:00,timing,risk.surface.snapshot_to_surface_ms,1982.104,"{""market"":""BTC-SYNTH"",""producer"":""svi-scipy""}"
2026-10-04T20:02:19.337968+00:00,timing,risk.surface.delivery_lag_ms,0.6920000000000001,"{""market"":""BTC-SYNTH"",""producer"":""svi-scipy""}"
2026-10-04T20:02:19.337984+00:00,gauge,risk.surface_age_seconds,1.982809,"{""market"":""BTC-SYNTH"",""producer"":""svi-scipy""}"
2026-10-04T20:02:19.337992+00:00,counter,risk.report.freshness,1,"{""decision"":""NORMAL"",""market"":""BTC-SYNTH"",""producer"":""svi-scipy""}"
2026-10-04T20:02:19.338031+00:00,gauge,risk.surface_age_seconds,2.982333,"{""market"":""BTC-SYNTH"",""producer"":""mlp-torch""}"
2026-10-04T20:02:19.338038+00:00,counter,risk.report.freshness,1,"{""decision"":""NORMAL"",""market"":""BTC-SYNTH"",""producer"":""mlp-torch""}"
2026-10-04T20:02:19.338182+00:00,gauge,risk.comparison.value_diff,61.711048081022454,"{""baseline"":""svi-scipy"",""challenger"":""mlp-torch"",""market"":""BTC-SYNTH""}"
2026-10-04T20:02:19.338192+00:00,gauge,risk.comparison.distance_rms_vol_bp,63.760060523080085,"{""baseline"":""svi-scipy"",""challenger"":""mlp-torch"",""market"":""BTC-SYNTH""}"
2026-10-04T20:02:19.338199+00:00,gauge,risk.comparison.distance_max_vol_bp,197.79510741847807,"{""baseline"":""svi-scipy"",""challenger"":""mlp-torch"",""market"":""BTC-SYNTH""}"
2026-10-04T20:02:19.338214+00:00,gauge,risk.surface_age_seconds,1.983042,"{""market"":""BTC-SYNTH"",""producer"":""svi-scipy""}"
2026-10-04T20:02:19.338220+00:00,counter,risk.report.freshness,1,"{""decision"":""NORMAL"",""market"":""BTC-SYNTH"",""producer"":""svi-scipy""}"
2026-10-04T20:02:19.338240+00:00,counter,runner.handled,1,"{""subscriber"":""risk-svi-scipy@BTC-SYNTH""}"
2026-10-04T20:02:19.367839+00:00,gauge,neural.butterfly_violation,0.0,"{""market"":""BTC-SYNTH""}"
2026-10-04T20:02:19.367869+00:00,gauge,neural.calendar_violation,0.0,"{""market"":""BTC-SYNTH""}"
2026-10-04T20:02:19.368822+00:00,gauge,neural.rmse_vol_bp,42.01076166659118,"{""market"":""BTC-SYNTH"",""producer"":""mlp-torch""}"
2026-10-04T20:02:19.369124+00:00,counter,bus.published,1,"{""topic"":""surface.BTC-SYNTH.mlp-torch""}"
2026-10-04T20:02:19.369160+00:00,counter,runner.handled,1,"{""subscriber"":""mlp-torch@BTC-SYNTH""}"
2026-10-04T20:02:19.369274+00:00,counter,risk.surface.received,1,"{""market"":""BTC-SYNTH"",""producer"":""mlp-torch"",""status"":""OK""}"
2026-10-04T20:02:19.369294+00:00,timing,risk.surface.snapshot_to_surface_ms,2012.0149999999999,"{""market"":""BTC-SYNTH"",""producer"":""mlp-torch""}"
2026-10-04T20:02:19.369309+00:00,timing,risk.surface.delivery_lag_ms,2.121,"{""market"":""BTC-SYNTH"",""producer"":""mlp-torch""}"
2026-10-04T20:02:19.369329+00:00,gauge,risk.surface_age_seconds,2.014153,"{""market"":""BTC-SYNTH"",""producer"":""svi-scipy""}"
2026-10-04T20:02:19.369340+00:00,counter,risk.report.freshness,1,"{""decision"":""NORMAL"",""market"":""BTC-SYNTH"",""producer"":""svi-scipy""}"
2026-10-04T20:02:19.369392+00:00,gauge,risk.surface_age_seconds,2.014218,"{""market"":""BTC-SYNTH"",""producer"":""mlp-torch""}"
2026-10-04T20:02:19.369403+00:00,counter,risk.report.freshness,1,"{""decision"":""NORMAL"",""market"":""BTC-SYNTH"",""producer"":""mlp-torch""}"
2026-10-04T20:02:19.369559+00:00,gauge,risk.comparison.value_diff,47.748921718564816,"{""baseline"":""svi-scipy"",""challenger"":""mlp-torch"",""market"":""BTC-SYNTH""}"
2026-10-04T20:02:19.369574+00:00,gauge,risk.comparison.distance_rms_vol_bp,64.18405284881803,"{""baseline"":""svi-scipy"",""challenger"":""mlp-torch"",""market"":""BTC-SYNTH""}"
2026-10-04T20:02:19.369586+00:00,gauge,risk.comparison.distance_max_vol_bp,226.5308972183877,"{""baseline"":""svi-scipy"",""challenger"":""mlp-torch"",""market"":""BTC-SYNTH""}"
2026-10-04T20:02:19.369603+00:00,gauge,risk.surface_age_seconds,2.014429,"{""market"":""BTC-SYNTH"",""producer"":""mlp-torch""}"
2026-10-04T20:02:19.369613+00:00,counter,risk.report.freshness,1,"{""decision"":""NORMAL"",""market"":""BTC-SYNTH"",""producer"":""mlp-torch""}"
2026-10-04T20:02:19.369640+00:00,counter,runner.handled,1,"{""subscriber"":""risk-mlp-torch@BTC-SYNTH""}"
2026-10-04T20:02:20.190135+00:00,counter,marketdata.snapshot.published,1,"{""market"":""BTC-SYNTH""}"
2026-10-04T20:02:20.190268+00:00,gauge,marketdata.clock_skew_seconds,-1.831466,"{""market"":""BTC-SYNTH""}"
2026-10-04T20:02:20.190323+00:00,gauge,marketdata.coverage_ratio,1.0,"{""market"":""BTC-SYNTH""}"
2026-10-04T20:02:20.190367+00:00,gauge,marketdata.max_age_seconds,1.930949,"{""market"":""BTC-SYNTH""}"
2026-10-04T20:02:20.190418+00:00,counter,pipeline.heartbeat.emitted,1,"{""market"":""BTC-SYNTH""}"
2026-10-04T20:02:20.190473+00:00,counter,bus.published,1,"{""topic"":""snapshot.BTC-SYNTH""}"
2026-10-04T20:02:20.199989+00:00,gauge,neural.buffer.size,561.0,"{""market"":""BTC-SYNTH""}"
2026-10-04T20:02:20.200023+00:00,gauge,neural.buffer.cell_coverage,1.0,"{""market"":""BTC-SYNTH""}"
2026-10-04T20:02:20.203659+00:00,counter,marketdata.update.applied,1,"{""market"":""BTC-SYNTH""}"
2026-10-04T20:02:20.203711+00:00,counter,marketdata.update.applied,1,"{""market"":""BTC-SYNTH""}"
2026-10-04T20:02:20.203748+00:00,counter,marketdata.update.applied,1,"{""market"":""BTC-SYNTH""}"
2026-10-04T20:02:20.203778+00:00,counter,marketdata.update.applied,1,"{""market"":""BTC-SYNTH""}"
2026-10-04T20:02:20.203807+00:00,counter,marketdata.update.applied,1,"{""market"":""BTC-SYNTH""}"
2026-10-04T20:02:20.203833+00:00,counter,marketdata.update.applied,1,"{""market"":""BTC-SYNTH""}"
2026-10-04T20:02:20.203860+00:00,counter,marketdata.update.applied,1,"{""market"":""BTC-SYNTH""}"
2026-10-04T20:02:20.203885+00:00,counter,marketdata.update.applied,1,"{""market"":""BTC-SYNTH""}"
2026-10-04T20:02:20.203912+00:00,counter,marketdata.update.applied,1,"{""market"":""BTC-SYNTH""}"
2026-10-04T20:02:20.203936+00:00,counter,marketdata.update.applied,1,"{""market"":""BTC-SYNTH""}"
2026-10-04T20:02:20.203963+00:00,counter,marketdata.update.applied,1,"{""market"":""BTC-SYNTH""}"
2026-10-04T20:02:20.203988+00:00,counter,marketdata.update.applied,1,"{""market"":""BTC-SYNTH""}"
2026-10-04T20:02:20.204014+00:00,counter,marketdata.update.applied,1,"{""market"":""BTC-SYNTH""}"
2026-10-04T20:02:20.204038+00:00,counter,marketdata.update.applied,1,"{""market"":""BTC-SYNTH""}"
2026-10-04T20:02:20.204065+00:00,counter,marketdata.update.applied,1,"{""market"":""BTC-SYNTH""}"
2026-10-04T20:02:20.204089+00:00,counter,marketdata.update.applied,1,"{""market"":""BTC-SYNTH""}"
2026-10-04T20:02:20.204115+00:00,counter,marketdata.update.applied,1,"{""market"":""BTC-SYNTH""}"
2026-10-04T20:02:20.204158+00:00,counter,marketdata.update.applied,1,"{""market"":""BTC-SYNTH""}"
2026-10-04T20:02:20.204213+00:00,counter,marketdata.update.applied,1,"{""market"":""BTC-SYNTH""}"
2026-10-04T20:02:20.204241+00:00,counter,marketdata.update.applied,1,"{""market"":""BTC-SYNTH""}"
2026-10-04T20:02:20.204282+00:00,counter,marketdata.update.applied,1,"{""market"":""BTC-SYNTH""}"
2026-10-04T20:02:20.204307+00:00,counter,marketdata.update.applied,1,"{""market"":""BTC-SYNTH""}"
2026-10-04T20:02:20.204337+00:00,counter,marketdata.update.applied,1,"{""market"":""BTC-SYNTH""}"
2026-10-04T20:02:20.204362+00:00,counter,marketdata.update.applied,1,"{""market"":""BTC-SYNTH""}"
2026-10-04T20:02:20.204389+00:00,counter,marketdata.update.applied,1,"{""market"":""BTC-SYNTH""}"
2026-10-04T20:02:20.204413+00:00,counter,marketdata.update.applied,1,"{""market"":""BTC-SYNTH""}"
2026-10-04T20:02:20.204440+00:00,counter,marketdata.update.applied,1,"{""market"":""BTC-SYNTH""}"
2026-10-04T20:02:20.204465+00:00,counter,marketdata.update.applied,1,"{""market"":""BTC-SYNTH""}"
2026-10-04T20:02:20.204490+00:00,counter,marketdata.update.applied,1,"{""market"":""BTC-SYNTH""}"
2026-10-04T20:02:20.204514+00:00,counter,marketdata.update.applied,1,"{""market"":""BTC-SYNTH""}"
2026-10-04T20:02:20.204540+00:00,counter,marketdata.update.applied,1,"{""market"":""BTC-SYNTH""}"
2026-10-04T20:02:20.204564+00:00,counter,marketdata.update.applied,1,"{""market"":""BTC-SYNTH""}"
2026-10-04T20:02:20.204696+00:00,counter,marketdata.update.applied,1,"{""market"":""BTC-SYNTH""}"
2026-10-04T20:02:20.204730+00:00,counter,marketdata.update.applied,1,"{""market"":""BTC-SYNTH""}"
2026-10-04T20:02:20.204763+00:00,counter,marketdata.update.applied,1,"{""market"":""BTC-SYNTH""}"
2026-10-04T20:02:20.204787+00:00,counter,marketdata.update.applied,1,"{""market"":""BTC-SYNTH""}"
2026-10-04T20:02:20.204812+00:00,counter,marketdata.update.applied,1,"{""market"":""BTC-SYNTH""}"
2026-10-04T20:02:20.204835+00:00,counter,marketdata.update.applied,1,"{""market"":""BTC-SYNTH""}"
2026-10-04T20:02:20.204862+00:00,counter,marketdata.update.applied,1,"{""market"":""BTC-SYNTH""}"
2026-10-04T20:02:20.204885+00:00,counter,marketdata.update.applied,1,"{""market"":""BTC-SYNTH""}"
2026-10-04T20:02:20.204910+00:00,counter,marketdata.update.applied,1,"{""market"":""BTC-SYNTH""}"
2026-10-04T20:02:20.204933+00:00,counter,marketdata.update.applied,1,"{""market"":""BTC-SYNTH""}"
2026-10-04T20:02:20.204959+00:00,counter,marketdata.update.applied,1,"{""market"":""BTC-SYNTH""}"
2026-10-04T20:02:20.204982+00:00,counter,marketdata.update.applied,1,"{""market"":""BTC-SYNTH""}"
2026-10-04T20:02:20.205008+00:00,counter,marketdata.update.applied,1,"{""market"":""BTC-SYNTH""}"
2026-10-04T20:02:20.205031+00:00,counter,marketdata.update.applied,1,"{""market"":""BTC-SYNTH""}"
2026-10-04T20:02:20.205056+00:00,counter,marketdata.update.applied,1,"{""market"":""BTC-SYNTH""}"
2026-10-04T20:02:20.205078+00:00,counter,marketdata.update.applied,1,"{""market"":""BTC-SYNTH""}"
2026-10-04T20:02:20.205103+00:00,counter,marketdata.update.applied,1,"{""market"":""BTC-SYNTH""}"
2026-10-04T20:02:20.205125+00:00,counter,marketdata.update.applied,1,"{""market"":""BTC-SYNTH""}"
2026-10-04T20:02:20.205150+00:00,counter,marketdata.update.applied,1,"{""market"":""BTC-SYNTH""}"
2026-10-04T20:02:20.205172+00:00,counter,marketdata.update.applied,1,"{""market"":""BTC-SYNTH""}"
2026-10-04T20:02:20.205196+00:00,counter,marketdata.update.applied,1,"{""market"":""BTC-SYNTH""}"
2026-10-04T20:02:20.205230+00:00,counter,marketdata.update.applied,1,"{""market"":""BTC-SYNTH""}"
2026-10-04T20:02:20.205271+00:00,counter,marketdata.update.applied,1,"{""market"":""BTC-SYNTH""}"
2026-10-04T20:02:20.205298+00:00,counter,marketdata.update.applied,1,"{""market"":""BTC-SYNTH""}"
2026-10-04T20:02:20.205324+00:00,counter,marketdata.update.applied,1,"{""market"":""BTC-SYNTH""}"
2026-10-04T20:02:20.205347+00:00,counter,marketdata.update.applied,1,"{""market"":""BTC-SYNTH""}"
2026-10-04T20:02:20.205373+00:00,counter,marketdata.update.applied,1,"{""market"":""BTC-SYNTH""}"
2026-10-04T20:02:20.205396+00:00,counter,marketdata.update.applied,1,"{""market"":""BTC-SYNTH""}"
2026-10-04T20:02:20.205418+00:00,counter,marketdata.update.applied,1,"{""market"":""BTC-SYNTH""}"
2026-10-04T20:02:20.205439+00:00,counter,marketdata.update.applied,1,"{""market"":""BTC-SYNTH""}"
2026-10-04T20:02:20.205462+00:00,counter,marketdata.update.applied,1,"{""market"":""BTC-SYNTH""}"
2026-10-04T20:02:20.205483+00:00,counter,marketdata.update.applied,1,"{""market"":""BTC-SYNTH""}"
2026-10-04T20:02:20.205505+00:00,counter,marketdata.update.applied,1,"{""market"":""BTC-SYNTH""}"
2026-10-04T20:02:20.205527+00:00,counter,marketdata.update.applied,1,"{""market"":""BTC-SYNTH""}"
2026-10-04T20:02:20.284112+00:00,gauge,pricing.slices.attempted,3.0,"{""market"":""BTC-SYNTH"",""producer"":""svi-scipy""}"
2026-10-04T20:02:20.284141+00:00,gauge,pricing.slices.accepted,3.0,"{""market"":""BTC-SYNTH"",""producer"":""svi-scipy""}"
2026-10-04T20:02:20.284214+00:00,gauge,pricing.rmse_vol_bp,35.030253215030896,"{""market"":""BTC-SYNTH"",""producer"":""svi-scipy""}"
2026-10-04T20:02:20.284229+00:00,timing,pricing.cycle_ms,89.428,"{""market"":""BTC-SYNTH"",""producer"":""svi-scipy""}"
2026-10-04T20:02:20.284805+00:00,counter,bus.published,1,"{""topic"":""surface.BTC-SYNTH.svi-scipy""}"
2026-10-04T20:02:20.284841+00:00,counter,runner.handled,1,"{""subscriber"":""svi-scipy@BTC-SYNTH""}"
2026-10-04T20:02:20.284961+00:00,counter,risk.surface.received,1,"{""market"":""BTC-SYNTH"",""producer"":""svi-scipy"",""status"":""OK""}"
2026-10-04T20:02:20.284977+00:00,timing,risk.surface.snapshot_to_surface_ms,1928.119,"{""market"":""BTC-SYNTH"",""producer"":""svi-scipy""}"
2026-10-04T20:02:20.284988+00:00,timing,risk.surface.delivery_lag_ms,0.885,"{""market"":""BTC-SYNTH"",""producer"":""svi-scipy""}"
2026-10-04T20:02:20.285004+00:00,gauge,risk.surface_age_seconds,1.929016,"{""market"":""BTC-SYNTH"",""producer"":""svi-scipy""}"
2026-10-04T20:02:20.285011+00:00,counter,risk.report.freshness,1,"{""decision"":""NORMAL"",""market"":""BTC-SYNTH"",""producer"":""svi-scipy""}"
2026-10-04T20:02:20.285054+00:00,gauge,risk.surface_age_seconds,2.929882,"{""market"":""BTC-SYNTH"",""producer"":""mlp-torch""}"
2026-10-04T20:02:20.285061+00:00,counter,risk.report.freshness,1,"{""decision"":""NORMAL"",""market"":""BTC-SYNTH"",""producer"":""mlp-torch""}"
2026-10-04T20:02:20.285216+00:00,gauge,risk.comparison.value_diff,220.81285252617818,"{""baseline"":""svi-scipy"",""challenger"":""mlp-torch"",""market"":""BTC-SYNTH""}"
2026-10-04T20:02:20.285226+00:00,gauge,risk.comparison.distance_rms_vol_bp,97.47072567078627,"{""baseline"":""svi-scipy"",""challenger"":""mlp-torch"",""market"":""BTC-SYNTH""}"
2026-10-04T20:02:20.285233+00:00,gauge,risk.comparison.distance_max_vol_bp,297.2851579056457,"{""baseline"":""svi-scipy"",""challenger"":""mlp-torch"",""market"":""BTC-SYNTH""}"
2026-10-04T20:02:20.285243+00:00,gauge,risk.surface_age_seconds,1.929258,"{""market"":""BTC-SYNTH"",""producer"":""svi-scipy""}"
2026-10-04T20:02:20.285249+00:00,counter,risk.report.freshness,1,"{""decision"":""NORMAL"",""market"":""BTC-SYNTH"",""producer"":""svi-scipy""}"
2026-10-04T20:02:20.285268+00:00,counter,runner.handled,1,"{""subscriber"":""risk-svi-scipy@BTC-SYNTH""}"
2026-10-04T20:02:20.306795+00:00,gauge,neural.butterfly_violation,0.0,"{""market"":""BTC-SYNTH""}"
2026-10-04T20:02:20.306814+00:00,gauge,neural.calendar_violation,0.0,"{""market"":""BTC-SYNTH""}"
2026-10-04T20:02:20.307580+00:00,gauge,neural.rmse_vol_bp,49.69184965146155,"{""market"":""BTC-SYNTH"",""producer"":""mlp-torch""}"
2026-10-04T20:02:20.308005+00:00,counter,bus.published,1,"{""topic"":""surface.BTC-SYNTH.mlp-torch""}"
2026-10-04T20:02:20.308035+00:00,counter,runner.handled,1,"{""subscriber"":""mlp-torch@BTC-SYNTH""}"
2026-10-04T20:02:20.308145+00:00,counter,risk.surface.received,1,"{""market"":""BTC-SYNTH"",""producer"":""mlp-torch"",""status"":""OK""}"
2026-10-04T20:02:20.308161+00:00,timing,risk.surface.snapshot_to_surface_ms,1950.4850000000001,"{""market"":""BTC-SYNTH"",""producer"":""mlp-torch""}"
2026-10-04T20:02:20.308185+00:00,timing,risk.surface.delivery_lag_ms,1.716,"{""market"":""BTC-SYNTH"",""producer"":""mlp-torch""}"
2026-10-04T20:02:20.308201+00:00,gauge,risk.surface_age_seconds,1.952215,"{""market"":""BTC-SYNTH"",""producer"":""svi-scipy""}"
2026-10-04T20:02:20.308209+00:00,counter,risk.report.freshness,1,"{""decision"":""NORMAL"",""market"":""BTC-SYNTH"",""producer"":""svi-scipy""}"
2026-10-04T20:02:20.308241+00:00,gauge,risk.surface_age_seconds,1.952257,"{""market"":""BTC-SYNTH"",""producer"":""mlp-torch""}"
2026-10-04T20:02:20.308248+00:00,counter,risk.report.freshness,1,"{""decision"":""NORMAL"",""market"":""BTC-SYNTH"",""producer"":""mlp-torch""}"
2026-10-04T20:02:20.308361+00:00,gauge,risk.comparison.value_diff,118.78389174822587,"{""baseline"":""svi-scipy"",""challenger"":""mlp-torch"",""market"":""BTC-SYNTH""}"
2026-10-04T20:02:20.308369+00:00,gauge,risk.comparison.distance_rms_vol_bp,86.3145798237151,"{""baseline"":""svi-scipy"",""challenger"":""mlp-torch"",""market"":""BTC-SYNTH""}"
2026-10-04T20:02:20.308375+00:00,gauge,risk.comparison.distance_max_vol_bp,288.78581119253346,"{""baseline"":""svi-scipy"",""challenger"":""mlp-torch"",""market"":""BTC-SYNTH""}"
2026-10-04T20:02:20.308384+00:00,gauge,risk.surface_age_seconds,1.9524,"{""market"":""BTC-SYNTH"",""producer"":""mlp-torch""}"
2026-10-04T20:02:20.308390+00:00,counter,risk.report.freshness,1,"{""decision"":""NORMAL"",""market"":""BTC-SYNTH"",""producer"":""mlp-torch""}"
2026-10-04T20:02:20.308460+00:00,counter,runner.handled,1,"{""subscriber"":""risk-mlp-torch@BTC-SYNTH""}"
2026-10-04T20:02:21.263401+00:00,counter,marketdata.snapshot.published,1,"{""market"":""BTC-SYNTH""}"
2026-10-04T20:02:21.263458+00:00,gauge,marketdata.clock_skew_seconds,-1.908625,"{""market"":""BTC-SYNTH""}"
2026-10-04T20:02:21.263473+00:00,gauge,marketdata.coverage_ratio,1.0,"{""market"":""BTC-SYNTH""}"
2026-10-04T20:02:21.263484+00:00,gauge,marketdata.max_age_seconds,2.005952,"{""market"":""BTC-SYNTH""}"
2026-10-04T20:02:21.263499+00:00,counter,pipeline.heartbeat.emitted,1,"{""market"":""BTC-SYNTH""}"
2026-10-04T20:02:21.263517+00:00,counter,bus.published,1,"{""topic"":""snapshot.BTC-SYNTH""}"
2026-10-04T20:02:21.263642+00:00,counter,marketdata.update.applied,1,"{""market"":""BTC-SYNTH""}"
2026-10-04T20:02:21.263682+00:00,counter,marketdata.update.applied,1,"{""market"":""BTC-SYNTH""}"
2026-10-04T20:02:21.263715+00:00,counter,marketdata.update.applied,1,"{""market"":""BTC-SYNTH""}"
2026-10-04T20:02:21.263741+00:00,counter,marketdata.update.applied,1,"{""market"":""BTC-SYNTH""}"
2026-10-04T20:02:21.263768+00:00,counter,marketdata.update.applied,1,"{""market"":""BTC-SYNTH""}"
2026-10-04T20:02:21.263791+00:00,counter,marketdata.update.applied,1,"{""market"":""BTC-SYNTH""}"
2026-10-04T20:02:21.263822+00:00,counter,marketdata.update.applied,1,"{""market"":""BTC-SYNTH""}"
2026-10-04T20:02:21.263843+00:00,counter,marketdata.update.applied,1,"{""market"":""BTC-SYNTH""}"
2026-10-04T20:02:21.263866+00:00,counter,marketdata.update.applied,1,"{""market"":""BTC-SYNTH""}"
2026-10-04T20:02:21.263888+00:00,counter,marketdata.update.applied,1,"{""market"":""BTC-SYNTH""}"
2026-10-04T20:02:21.263914+00:00,counter,marketdata.update.applied,1,"{""market"":""BTC-SYNTH""}"
2026-10-04T20:02:21.263935+00:00,counter,marketdata.update.applied,1,"{""market"":""BTC-SYNTH""}"
2026-10-04T20:02:21.263957+00:00,counter,marketdata.update.applied,1,"{""market"":""BTC-SYNTH""}"
2026-10-04T20:02:21.263975+00:00,counter,marketdata.update.applied,1,"{""market"":""BTC-SYNTH""}"
2026-10-04T20:02:21.263998+00:00,counter,marketdata.update.applied,1,"{""market"":""BTC-SYNTH""}"
2026-10-04T20:02:21.264019+00:00,counter,marketdata.update.applied,1,"{""market"":""BTC-SYNTH""}"
2026-10-04T20:02:21.264057+00:00,counter,marketdata.update.applied,1,"{""market"":""BTC-SYNTH""}"
2026-10-04T20:02:21.264080+00:00,counter,marketdata.update.applied,1,"{""market"":""BTC-SYNTH""}"
2026-10-04T20:02:21.264105+00:00,counter,marketdata.update.applied,1,"{""market"":""BTC-SYNTH""}"
2026-10-04T20:02:21.264127+00:00,counter,marketdata.update.applied,1,"{""market"":""BTC-SYNTH""}"
2026-10-04T20:02:21.264149+00:00,counter,marketdata.update.applied,1,"{""market"":""BTC-SYNTH""}"
2026-10-04T20:02:21.264170+00:00,counter,marketdata.update.applied,1,"{""market"":""BTC-SYNTH""}"
2026-10-04T20:02:21.264195+00:00,counter,marketdata.update.applied,1,"{""market"":""BTC-SYNTH""}"
2026-10-04T20:02:21.264288+00:00,counter,marketdata.update.applied,1,"{""market"":""BTC-SYNTH""}"
2026-10-04T20:02:21.264324+00:00,counter,marketdata.update.applied,1,"{""market"":""BTC-SYNTH""}"
2026-10-04T20:02:21.264346+00:00,counter,marketdata.update.applied,1,"{""market"":""BTC-SYNTH""}"
2026-10-04T20:02:21.264377+00:00,counter,marketdata.update.applied,1,"{""market"":""BTC-SYNTH""}"
2026-10-04T20:02:21.264399+00:00,counter,marketdata.update.applied,1,"{""market"":""BTC-SYNTH""}"
2026-10-04T20:02:21.264420+00:00,counter,marketdata.update.applied,1,"{""market"":""BTC-SYNTH""}"
2026-10-04T20:02:21.264440+00:00,counter,marketdata.update.applied,1,"{""market"":""BTC-SYNTH""}"
2026-10-04T20:02:21.264473+00:00,counter,marketdata.update.applied,1,"{""market"":""BTC-SYNTH""}"
2026-10-04T20:02:21.264495+00:00,counter,marketdata.update.applied,1,"{""market"":""BTC-SYNTH""}"
2026-10-04T20:02:21.264519+00:00,counter,marketdata.update.applied,1,"{""market"":""BTC-SYNTH""}"
2026-10-04T20:02:21.264539+00:00,counter,marketdata.update.applied,1,"{""market"":""BTC-SYNTH""}"
2026-10-04T20:02:21.264561+00:00,counter,marketdata.update.applied,1,"{""market"":""BTC-SYNTH""}"
2026-10-04T20:02:21.264582+00:00,counter,marketdata.update.applied,1,"{""market"":""BTC-SYNTH""}"
2026-10-04T20:02:21.264604+00:00,counter,marketdata.update.applied,1,"{""market"":""BTC-SYNTH""}"
2026-10-04T20:02:21.264624+00:00,counter,marketdata.update.applied,1,"{""market"":""BTC-SYNTH""}"
2026-10-04T20:02:21.264646+00:00,counter,marketdata.update.applied,1,"{""market"":""BTC-SYNTH""}"
2026-10-04T20:02:21.264669+00:00,counter,marketdata.update.applied,1,"{""market"":""BTC-SYNTH""}"
2026-10-04T20:02:21.264714+00:00,counter,marketdata.update.applied,1,"{""market"":""BTC-SYNTH""}"
2026-10-04T20:02:21.264743+00:00,counter,marketdata.update.applied,1,"{""market"":""BTC-SYNTH""}"
2026-10-04T20:02:21.264770+00:00,counter,marketdata.update.applied,1,"{""market"":""BTC-SYNTH""}"
2026-10-04T20:02:21.264792+00:00,counter,marketdata.update.applied,1,"{""market"":""BTC-SYNTH""}"
2026-10-04T20:02:21.264816+00:00,counter,marketdata.update.applied,1,"{""market"":""BTC-SYNTH""}"
2026-10-04T20:02:21.264837+00:00,counter,marketdata.update.applied,1,"{""market"":""BTC-SYNTH""}"
2026-10-04T20:02:21.264860+00:00,counter,marketdata.update.applied,1,"{""market"":""BTC-SYNTH""}"
2026-10-04T20:02:21.264881+00:00,counter,marketdata.update.applied,1,"{""market"":""BTC-SYNTH""}"
2026-10-04T20:02:21.264902+00:00,counter,marketdata.update.applied,1,"{""market"":""BTC-SYNTH""}"
2026-10-04T20:02:21.264921+00:00,counter,marketdata.update.applied,1,"{""market"":""BTC-SYNTH""}"
2026-10-04T20:02:21.264943+00:00,counter,marketdata.update.applied,1,"{""market"":""BTC-SYNTH""}"
2026-10-04T20:02:21.264964+00:00,counter,marketdata.update.applied,1,"{""market"":""BTC-SYNTH""}"
2026-10-04T20:02:21.264986+00:00,counter,marketdata.update.applied,1,"{""market"":""BTC-SYNTH""}"
2026-10-04T20:02:21.265006+00:00,counter,marketdata.update.applied,1,"{""market"":""BTC-SYNTH""}"
2026-10-04T20:02:21.265029+00:00,counter,marketdata.update.applied,1,"{""market"":""BTC-SYNTH""}"
2026-10-04T20:02:21.265051+00:00,counter,marketdata.update.applied,1,"{""market"":""BTC-SYNTH""}"
2026-10-04T20:02:21.265069+00:00,counter,marketdata.update.applied,1,"{""market"":""BTC-SYNTH""}"
2026-10-04T20:02:21.265086+00:00,counter,marketdata.update.applied,1,"{""market"":""BTC-SYNTH""}"
2026-10-04T20:02:21.265104+00:00,counter,marketdata.update.applied,1,"{""market"":""BTC-SYNTH""}"
2026-10-04T20:02:21.265122+00:00,counter,marketdata.update.applied,1,"{""market"":""BTC-SYNTH""}"
2026-10-04T20:02:21.265140+00:00,counter,marketdata.update.applied,1,"{""market"":""BTC-SYNTH""}"
2026-10-04T20:02:21.265158+00:00,counter,marketdata.update.applied,1,"{""market"":""BTC-SYNTH""}"
2026-10-04T20:02:21.265176+00:00,counter,marketdata.update.applied,1,"{""market"":""BTC-SYNTH""}"
2026-10-04T20:02:21.265195+00:00,counter,marketdata.update.applied,1,"{""market"":""BTC-SYNTH""}"
2026-10-04T20:02:21.265214+00:00,counter,marketdata.update.applied,1,"{""market"":""BTC-SYNTH""}"
2026-10-04T20:02:21.265232+00:00,counter,marketdata.update.applied,1,"{""market"":""BTC-SYNTH""}"
2026-10-04T20:02:21.268081+00:00,gauge,neural.buffer.size,594.0,"{""market"":""BTC-SYNTH""}"
2026-10-04T20:02:21.268106+00:00,gauge,neural.buffer.cell_coverage,1.0,"{""market"":""BTC-SYNTH""}"
2026-10-04T20:02:21.450046+00:00,gauge,pricing.slices.attempted,3.0,"{""market"":""BTC-SYNTH"",""producer"":""svi-scipy""}"
2026-10-04T20:02:21.450074+00:00,gauge,pricing.slices.accepted,3.0,"{""market"":""BTC-SYNTH"",""producer"":""svi-scipy""}"
2026-10-04T20:02:21.450144+00:00,gauge,pricing.rmse_vol_bp,27.106015317371906,"{""market"":""BTC-SYNTH"",""producer"":""svi-scipy""}"
2026-10-04T20:02:21.450152+00:00,timing,pricing.cycle_ms,184.576,"{""market"":""BTC-SYNTH"",""producer"":""svi-scipy""}"
2026-10-04T20:02:21.450339+00:00,counter,bus.published,1,"{""topic"":""surface.BTC-SYNTH.svi-scipy""}"
2026-10-04T20:02:21.450369+00:00,counter,runner.handled,1,"{""subscriber"":""svi-scipy@BTC-SYNTH""}"
2026-10-04T20:02:21.450451+00:00,counter,risk.surface.received,1,"{""market"":""BTC-SYNTH"",""producer"":""svi-scipy"",""status"":""OK""}"
2026-10-04T20:02:21.450508+00:00,timing,risk.surface.snapshot_to_surface_ms,2096.067,"{""market"":""BTC-SYNTH"",""producer"":""svi-scipy""}"
2026-10-04T20:02:21.450520+00:00,timing,risk.surface.delivery_lag_ms,0.486,"{""market"":""BTC-SYNTH"",""producer"":""svi-scipy""}"
2026-10-04T20:02:21.450534+00:00,gauge,risk.surface_age_seconds,2.096564,"{""market"":""BTC-SYNTH"",""producer"":""svi-scipy""}"
2026-10-04T20:02:21.450541+00:00,counter,risk.report.freshness,1,"{""decision"":""NORMAL"",""market"":""BTC-SYNTH"",""producer"":""svi-scipy""}"
2026-10-04T20:02:21.450588+00:00,gauge,risk.surface_age_seconds,3.094604,"{""market"":""BTC-SYNTH"",""producer"":""mlp-torch""}"
2026-10-04T20:02:21.450595+00:00,counter,risk.report.freshness,1,"{""decision"":""NORMAL"",""market"":""BTC-SYNTH"",""producer"":""mlp-torch""}"
2026-10-04T20:02:21.450751+00:00,gauge,risk.comparison.value_diff,115.28102599590784,"{""baseline"":""svi-scipy"",""challenger"":""mlp-torch"",""market"":""BTC-SYNTH""}"
2026-10-04T20:02:21.450761+00:00,gauge,risk.comparison.distance_rms_vol_bp,98.21224030736255,"{""baseline"":""svi-scipy"",""challenger"":""mlp-torch"",""market"":""BTC-SYNTH""}"
2026-10-04T20:02:21.450768+00:00,gauge,risk.comparison.distance_max_vol_bp,355.59087806239177,"{""baseline"":""svi-scipy"",""challenger"":""mlp-torch"",""market"":""BTC-SYNTH""}"
2026-10-04T20:02:21.450779+00:00,gauge,risk.surface_age_seconds,2.096812,"{""market"":""BTC-SYNTH"",""producer"":""svi-scipy""}"
2026-10-04T20:02:21.450795+00:00,counter,risk.report.freshness,1,"{""decision"":""NORMAL"",""market"":""BTC-SYNTH"",""producer"":""svi-scipy""}"
2026-10-04T20:02:21.450820+00:00,counter,runner.handled,1,"{""subscriber"":""risk-svi-scipy@BTC-SYNTH""}"
2026-10-04T20:02:22.265077+00:00,counter,marketdata.snapshot.published,1,"{""market"":""BTC-SYNTH""}"
2026-10-04T20:02:22.265119+00:00,gauge,marketdata.clock_skew_seconds,-1.908615,"{""market"":""BTC-SYNTH""}"
2026-10-04T20:02:22.265131+00:00,gauge,marketdata.coverage_ratio,0.9696969696969697,"{""market"":""BTC-SYNTH""}"
2026-10-04T20:02:22.265139+00:00,gauge,marketdata.max_age_seconds,3601.95376,"{""market"":""BTC-SYNTH""}"
2026-10-04T20:02:22.265149+00:00,counter,pipeline.heartbeat.emitted,1,"{""market"":""BTC-SYNTH""}"
2026-10-04T20:02:22.265163+00:00,counter,bus.published,1,"{""topic"":""snapshot.BTC-SYNTH""}"
2026-10-04T20:02:22.265325+00:00,counter,marketdata.update.applied,1,"{""market"":""BTC-SYNTH""}"
2026-10-04T20:02:22.265352+00:00,counter,marketdata.update.applied,1,"{""market"":""BTC-SYNTH""}"
2026-10-04T20:02:22.265375+00:00,counter,marketdata.update.applied,1,"{""market"":""BTC-SYNTH""}"
2026-10-04T20:02:22.265393+00:00,counter,marketdata.update.applied,1,"{""market"":""BTC-SYNTH""}"
2026-10-04T20:02:22.265411+00:00,counter,marketdata.update.applied,1,"{""market"":""BTC-SYNTH""}"
2026-10-04T20:02:22.265427+00:00,counter,marketdata.update.applied,1,"{""market"":""BTC-SYNTH""}"
2026-10-04T20:02:22.265444+00:00,counter,marketdata.update.applied,1,"{""market"":""BTC-SYNTH""}"
2026-10-04T20:02:22.265459+00:00,counter,marketdata.update.applied,1,"{""market"":""BTC-SYNTH""}"
2026-10-04T20:02:22.265474+00:00,counter,marketdata.update.applied,1,"{""market"":""BTC-SYNTH""}"
2026-10-04T20:02:22.265489+00:00,counter,marketdata.update.applied,1,"{""market"":""BTC-SYNTH""}"
2026-10-04T20:02:22.265505+00:00,counter,marketdata.update.applied,1,"{""market"":""BTC-SYNTH""}"
2026-10-04T20:02:22.265519+00:00,counter,marketdata.update.applied,1,"{""market"":""BTC-SYNTH""}"
2026-10-04T20:02:22.265535+00:00,counter,marketdata.update.applied,1,"{""market"":""BTC-SYNTH""}"
2026-10-04T20:02:22.265549+00:00,counter,marketdata.update.applied,1,"{""market"":""BTC-SYNTH""}"
2026-10-04T20:02:22.265565+00:00,counter,marketdata.update.applied,1,"{""market"":""BTC-SYNTH""}"
2026-10-04T20:02:22.265580+00:00,counter,marketdata.update.applied,1,"{""market"":""BTC-SYNTH""}"
2026-10-04T20:02:22.265595+00:00,counter,marketdata.update.applied,1,"{""market"":""BTC-SYNTH""}"
2026-10-04T20:02:22.265610+00:00,counter,marketdata.update.applied,1,"{""market"":""BTC-SYNTH""}"
2026-10-04T20:02:22.265625+00:00,counter,marketdata.update.applied,1,"{""market"":""BTC-SYNTH""}"
2026-10-04T20:02:22.265652+00:00,counter,marketdata.update.applied,1,"{""market"":""BTC-SYNTH""}"
2026-10-04T20:02:22.265674+00:00,counter,marketdata.update.applied,1,"{""market"":""BTC-SYNTH""}"
2026-10-04T20:02:22.265693+00:00,counter,marketdata.update.applied,1,"{""market"":""BTC-SYNTH""}"
2026-10-04T20:02:22.265711+00:00,counter,marketdata.update.applied,1,"{""market"":""BTC-SYNTH""}"
2026-10-04T20:02:22.265726+00:00,counter,marketdata.update.applied,1,"{""market"":""BTC-SYNTH""}"
2026-10-04T20:02:22.265741+00:00,counter,marketdata.update.applied,1,"{""market"":""BTC-SYNTH""}"
2026-10-04T20:02:22.265756+00:00,counter,marketdata.update.applied,1,"{""market"":""BTC-SYNTH""}"
2026-10-04T20:02:22.265771+00:00,counter,marketdata.update.applied,1,"{""market"":""BTC-SYNTH""}"
2026-10-04T20:02:22.265784+00:00,counter,marketdata.update.applied,1,"{""market"":""BTC-SYNTH""}"
2026-10-04T20:02:22.265799+00:00,counter,marketdata.update.applied,1,"{""market"":""BTC-SYNTH""}"
2026-10-04T20:02:22.265812+00:00,counter,marketdata.update.applied,1,"{""market"":""BTC-SYNTH""}"
2026-10-04T20:02:22.265827+00:00,counter,marketdata.update.applied,1,"{""market"":""BTC-SYNTH""}"
2026-10-04T20:02:22.265841+00:00,counter,marketdata.update.applied,1,"{""market"":""BTC-SYNTH""}"
2026-10-04T20:02:22.265855+00:00,counter,marketdata.update.applied,1,"{""market"":""BTC-SYNTH""}"
2026-10-04T20:02:22.265869+00:00,counter,marketdata.update.applied,1,"{""market"":""BTC-SYNTH""}"
2026-10-04T20:02:22.265883+00:00,counter,marketdata.update.applied,1,"{""market"":""BTC-SYNTH""}"
2026-10-04T20:02:22.265897+00:00,counter,marketdata.update.applied,1,"{""market"":""BTC-SYNTH""}"
2026-10-04T20:02:22.265912+00:00,counter,marketdata.update.applied,1,"{""market"":""BTC-SYNTH""}"
2026-10-04T20:02:22.265926+00:00,counter,marketdata.update.applied,1,"{""market"":""BTC-SYNTH""}"
2026-10-04T20:02:22.265941+00:00,counter,marketdata.update.applied,1,"{""market"":""BTC-SYNTH""}"
2026-10-04T20:02:22.265955+00:00,counter,marketdata.update.applied,1,"{""market"":""BTC-SYNTH""}"
2026-10-04T20:02:22.265970+00:00,counter,marketdata.update.applied,1,"{""market"":""BTC-SYNTH""}"
2026-10-04T20:02:22.265983+00:00,counter,marketdata.update.applied,1,"{""market"":""BTC-SYNTH""}"
2026-10-04T20:02:22.265998+00:00,counter,marketdata.update.applied,1,"{""market"":""BTC-SYNTH""}"
2026-10-04T20:02:22.266012+00:00,counter,marketdata.update.applied,1,"{""market"":""BTC-SYNTH""}"
2026-10-04T20:02:22.266028+00:00,counter,marketdata.update.applied,1,"{""market"":""BTC-SYNTH""}"
2026-10-04T20:02:22.266042+00:00,counter,marketdata.update.applied,1,"{""market"":""BTC-SYNTH""}"
2026-10-04T20:02:22.266057+00:00,counter,marketdata.update.applied,1,"{""market"":""BTC-SYNTH""}"
2026-10-04T20:02:22.266071+00:00,counter,marketdata.update.applied,1,"{""market"":""BTC-SYNTH""}"
2026-10-04T20:02:22.266085+00:00,counter,marketdata.update.applied,1,"{""market"":""BTC-SYNTH""}"
2026-10-04T20:02:22.266099+00:00,counter,marketdata.update.applied,1,"{""market"":""BTC-SYNTH""}"
2026-10-04T20:02:22.266113+00:00,counter,marketdata.update.applied,1,"{""market"":""BTC-SYNTH""}"
2026-10-04T20:02:22.266127+00:00,counter,marketdata.update.applied,1,"{""market"":""BTC-SYNTH""}"
2026-10-04T20:02:22.266142+00:00,counter,marketdata.update.applied,1,"{""market"":""BTC-SYNTH""}"
2026-10-04T20:02:22.266155+00:00,counter,marketdata.update.applied,1,"{""market"":""BTC-SYNTH""}"
2026-10-04T20:02:22.266170+00:00,counter,marketdata.update.applied,1,"{""market"":""BTC-SYNTH""}"
2026-10-04T20:02:22.266184+00:00,counter,marketdata.update.applied,1,"{""market"":""BTC-SYNTH""}"
2026-10-04T20:02:22.266199+00:00,counter,marketdata.update.applied,1,"{""market"":""BTC-SYNTH""}"
2026-10-04T20:02:22.266213+00:00,counter,marketdata.update.applied,1,"{""market"":""BTC-SYNTH""}"
2026-10-04T20:02:22.266228+00:00,counter,marketdata.update.applied,1,"{""market"":""BTC-SYNTH""}"
2026-10-04T20:02:22.266242+00:00,counter,marketdata.update.applied,1,"{""market"":""BTC-SYNTH""}"
2026-10-04T20:02:22.266330+00:00,counter,marketdata.update.applied,1,"{""market"":""BTC-SYNTH""}"
2026-10-04T20:02:22.266351+00:00,counter,marketdata.update.applied,1,"{""market"":""BTC-SYNTH""}"
2026-10-04T20:02:22.266368+00:00,counter,marketdata.update.applied,1,"{""market"":""BTC-SYNTH""}"
2026-10-04T20:02:22.266384+00:00,counter,marketdata.update.applied,1,"{""market"":""BTC-SYNTH""}"
2026-10-04T20:02:22.266400+00:00,counter,marketdata.update.applied,1,"{""market"":""BTC-SYNTH""}"
2026-10-04T20:02:22.266415+00:00,counter,marketdata.update.applied,1,"{""market"":""BTC-SYNTH""}"
2026-10-04T20:02:22.351105+00:00,gauge,pricing.slices.attempted,3.0,"{""market"":""BTC-SYNTH"",""producer"":""svi-scipy""}"
2026-10-04T20:02:22.351139+00:00,gauge,pricing.slices.accepted,3.0,"{""market"":""BTC-SYNTH"",""producer"":""svi-scipy""}"
2026-10-04T20:02:22.351219+00:00,gauge,pricing.rmse_vol_bp,40.79771194224723,"{""market"":""BTC-SYNTH"",""producer"":""svi-scipy""}"
2026-10-04T20:02:22.351231+00:00,timing,pricing.cycle_ms,84.507,"{""market"":""BTC-SYNTH"",""producer"":""svi-scipy""}"
2026-10-04T20:02:22.351730+00:00,counter,bus.published,1,"{""topic"":""surface.BTC-SYNTH.svi-scipy""}"
2026-10-04T20:02:22.351772+00:00,counter,runner.handled,1,"{""subscriber"":""svi-scipy@BTC-SYNTH""}"
2026-10-04T20:02:22.351891+00:00,counter,risk.surface.received,1,"{""market"":""BTC-SYNTH"",""producer"":""svi-scipy"",""status"":""OK""}"
2026-10-04T20:02:22.351910+00:00,timing,risk.surface.snapshot_to_surface_ms,1995.2179999999998,"{""market"":""BTC-SYNTH"",""producer"":""svi-scipy""}"
2026-10-04T20:02:22.351921+00:00,timing,risk.surface.delivery_lag_ms,0.824,"{""market"":""BTC-SYNTH"",""producer"":""svi-scipy""}"
2026-10-04T20:02:22.351937+00:00,gauge,risk.surface_age_seconds,1.996055,"{""market"":""BTC-SYNTH"",""producer"":""svi-scipy""}"
2026-10-04T20:02:22.351945+00:00,counter,risk.report.freshness,1,"{""decision"":""NORMAL"",""market"":""BTC-SYNTH"",""producer"":""svi-scipy""}"
2026-10-04T20:02:22.351988+00:00,gauge,risk.surface_age_seconds,3.996003,"{""market"":""BTC-SYNTH"",""producer"":""mlp-torch""}"
2026-10-04T20:02:22.351996+00:00,counter,risk.report.freshness,1,"{""decision"":""NORMAL"",""market"":""BTC-SYNTH"",""producer"":""mlp-torch""}"
2026-10-04T20:02:22.352177+00:00,gauge,risk.comparison.value_diff,196.32679380221816,"{""baseline"":""svi-scipy"",""challenger"":""mlp-torch"",""market"":""BTC-SYNTH""}"
2026-10-04T20:02:22.352192+00:00,gauge,risk.comparison.distance_rms_vol_bp,81.94137158852446,"{""baseline"":""svi-scipy"",""challenger"":""mlp-torch"",""market"":""BTC-SYNTH""}"
2026-10-04T20:02:22.352200+00:00,gauge,risk.comparison.distance_max_vol_bp,227.94094887597427,"{""baseline"":""svi-scipy"",""challenger"":""mlp-torch"",""market"":""BTC-SYNTH""}"
2026-10-04T20:02:22.352212+00:00,gauge,risk.surface_age_seconds,1.996332,"{""market"":""BTC-SYNTH"",""producer"":""svi-scipy""}"
2026-10-04T20:02:22.352221+00:00,counter,risk.report.freshness,1,"{""decision"":""NORMAL"",""market"":""BTC-SYNTH"",""producer"":""svi-scipy""}"
2026-10-04T20:02:22.352246+00:00,counter,runner.handled,1,"{""subscriber"":""risk-svi-scipy@BTC-SYNTH""}"
2026-10-04T20:02:23.269029+00:00,counter,marketdata.snapshot.published,1,"{""market"":""BTC-SYNTH""}"
2026-10-04T20:02:23.269068+00:00,gauge,marketdata.clock_skew_seconds,-1.916085,"{""market"":""BTC-SYNTH""}"
2026-10-04T20:02:23.269076+00:00,gauge,marketdata.coverage_ratio,1.0,"{""market"":""BTC-SYNTH""}"
2026-10-04T20:02:23.269082+00:00,gauge,marketdata.max_age_seconds,2.009972,"{""market"":""BTC-SYNTH""}"
2026-10-04T20:02:23.269090+00:00,counter,pipeline.heartbeat.emitted,1,"{""market"":""BTC-SYNTH""}"
2026-10-04T20:02:23.269101+00:00,counter,bus.published,1,"{""topic"":""snapshot.BTC-SYNTH""}"
2026-10-04T20:02:23.269118+00:00,counter,bus.dropped,1,"{""subscriber"":""mlp-torch@BTC-SYNTH"",""topic"":""snapshot.BTC-SYNTH""}"
2026-10-04T20:02:23.269187+00:00,counter,marketdata.update.applied,1,"{""market"":""BTC-SYNTH""}"
2026-10-04T20:02:23.269205+00:00,counter,marketdata.update.applied,1,"{""market"":""BTC-SYNTH""}"
2026-10-04T20:02:23.269220+00:00,counter,marketdata.update.applied,1,"{""market"":""BTC-SYNTH""}"
2026-10-04T20:02:23.269232+00:00,counter,marketdata.update.applied,1,"{""market"":""BTC-SYNTH""}"
2026-10-04T20:02:23.269244+00:00,counter,marketdata.update.applied,1,"{""market"":""BTC-SYNTH""}"
2026-10-04T20:02:23.269255+00:00,counter,marketdata.update.applied,1,"{""market"":""BTC-SYNTH""}"
2026-10-04T20:02:23.269267+00:00,counter,marketdata.update.applied,1,"{""market"":""BTC-SYNTH""}"
2026-10-04T20:02:23.269282+00:00,counter,marketdata.update.applied,1,"{""market"":""BTC-SYNTH""}"
2026-10-04T20:02:23.269292+00:00,counter,marketdata.update.applied,1,"{""market"":""BTC-SYNTH""}"
2026-10-04T20:02:23.269301+00:00,counter,marketdata.update.applied,1,"{""market"":""BTC-SYNTH""}"
2026-10-04T20:02:23.269313+00:00,counter,marketdata.update.applied,1,"{""market"":""BTC-SYNTH""}"
2026-10-04T20:02:23.269323+00:00,counter,marketdata.update.applied,1,"{""market"":""BTC-SYNTH""}"
2026-10-04T20:02:23.269333+00:00,counter,marketdata.update.applied,1,"{""market"":""BTC-SYNTH""}"
2026-10-04T20:02:23.269343+00:00,counter,marketdata.update.applied,1,"{""market"":""BTC-SYNTH""}"
2026-10-04T20:02:23.269354+00:00,counter,marketdata.update.applied,1,"{""market"":""BTC-SYNTH""}"
2026-10-04T20:02:23.269364+00:00,counter,marketdata.update.applied,1,"{""market"":""BTC-SYNTH""}"
2026-10-04T20:02:23.269375+00:00,counter,marketdata.update.applied,1,"{""market"":""BTC-SYNTH""}"
2026-10-04T20:02:23.269384+00:00,counter,marketdata.update.applied,1,"{""market"":""BTC-SYNTH""}"
2026-10-04T20:02:23.269394+00:00,counter,marketdata.update.applied,1,"{""market"":""BTC-SYNTH""}"
2026-10-04T20:02:23.269403+00:00,counter,marketdata.update.applied,1,"{""market"":""BTC-SYNTH""}"
2026-10-04T20:02:23.269413+00:00,counter,marketdata.update.applied,1,"{""market"":""BTC-SYNTH""}"
2026-10-04T20:02:23.269423+00:00,counter,marketdata.update.applied,1,"{""market"":""BTC-SYNTH""}"
2026-10-04T20:02:23.269435+00:00,counter,marketdata.update.applied,1,"{""market"":""BTC-SYNTH""}"
2026-10-04T20:02:23.269445+00:00,counter,marketdata.update.applied,1,"{""market"":""BTC-SYNTH""}"
2026-10-04T20:02:23.269455+00:00,counter,marketdata.update.applied,1,"{""market"":""BTC-SYNTH""}"
2026-10-04T20:02:23.269464+00:00,counter,marketdata.update.applied,1,"{""market"":""BTC-SYNTH""}"
2026-10-04T20:02:23.269475+00:00,counter,marketdata.update.applied,1,"{""market"":""BTC-SYNTH""}"
2026-10-04T20:02:23.269484+00:00,counter,marketdata.update.applied,1,"{""market"":""BTC-SYNTH""}"
2026-10-04T20:02:23.269494+00:00,counter,marketdata.update.applied,1,"{""market"":""BTC-SYNTH""}"
2026-10-04T20:02:23.269504+00:00,counter,marketdata.update.applied,1,"{""market"":""BTC-SYNTH""}"
2026-10-04T20:02:23.269515+00:00,counter,marketdata.update.applied,1,"{""market"":""BTC-SYNTH""}"
2026-10-04T20:02:23.269525+00:00,counter,marketdata.update.applied,1,"{""market"":""BTC-SYNTH""}"
2026-10-04T20:02:23.269536+00:00,counter,marketdata.update.applied,1,"{""market"":""BTC-SYNTH""}"
2026-10-04T20:02:23.269546+00:00,counter,marketdata.update.applied,1,"{""market"":""BTC-SYNTH""}"
2026-10-04T20:02:23.269556+00:00,counter,marketdata.update.applied,1,"{""market"":""BTC-SYNTH""}"
2026-10-04T20:02:23.269566+00:00,counter,marketdata.update.applied,1,"{""market"":""BTC-SYNTH""}"
2026-10-04T20:02:23.269576+00:00,counter,marketdata.update.applied,1,"{""market"":""BTC-SYNTH""}"
2026-10-04T20:02:23.269586+00:00,counter,marketdata.update.applied,1,"{""market"":""BTC-SYNTH""}"
2026-10-04T20:02:23.269597+00:00,counter,marketdata.update.applied,1,"{""market"":""BTC-SYNTH""}"
2026-10-04T20:02:23.269607+00:00,counter,marketdata.update.applied,1,"{""market"":""BTC-SYNTH""}"
2026-10-04T20:02:23.269617+00:00,counter,marketdata.update.applied,1,"{""market"":""BTC-SYNTH""}"
2026-10-04T20:02:23.269627+00:00,counter,marketdata.update.applied,1,"{""market"":""BTC-SYNTH""}"
2026-10-04T20:02:23.269637+00:00,counter,marketdata.update.applied,1,"{""market"":""BTC-SYNTH""}"
2026-10-04T20:02:23.269647+00:00,counter,marketdata.update.applied,1,"{""market"":""BTC-SYNTH""}"
2026-10-04T20:02:23.269707+00:00,counter,marketdata.update.applied,1,"{""market"":""BTC-SYNTH""}"
2026-10-04T20:02:23.269721+00:00,counter,marketdata.update.applied,1,"{""market"":""BTC-SYNTH""}"
2026-10-04T20:02:23.269735+00:00,counter,marketdata.update.applied,1,"{""market"":""BTC-SYNTH""}"
2026-10-04T20:02:23.269745+00:00,counter,marketdata.update.applied,1,"{""market"":""BTC-SYNTH""}"
2026-10-04T20:02:23.269756+00:00,counter,marketdata.update.applied,1,"{""market"":""BTC-SYNTH""}"
2026-10-04T20:02:23.269767+00:00,counter,marketdata.update.applied,1,"{""market"":""BTC-SYNTH""}"
2026-10-04T20:02:23.269778+00:00,counter,marketdata.update.applied,1,"{""market"":""BTC-SYNTH""}"
2026-10-04T20:02:23.269788+00:00,counter,marketdata.update.applied,1,"{""market"":""BTC-SYNTH""}"
2026-10-04T20:02:23.269799+00:00,counter,marketdata.update.applied,1,"{""market"":""BTC-SYNTH""}"
2026-10-04T20:02:23.269809+00:00,counter,marketdata.update.applied,1,"{""market"":""BTC-SYNTH""}"
2026-10-04T20:02:23.269820+00:00,counter,marketdata.update.applied,1,"{""market"":""BTC-SYNTH""}"
2026-10-04T20:02:23.269830+00:00,counter,marketdata.update.applied,1,"{""market"":""BTC-SYNTH""}"
2026-10-04T20:02:23.269840+00:00,counter,marketdata.update.applied,1,"{""market"":""BTC-SYNTH""}"
2026-10-04T20:02:23.269851+00:00,counter,marketdata.update.applied,1,"{""market"":""BTC-SYNTH""}"
2026-10-04T20:02:23.269862+00:00,counter,marketdata.update.applied,1,"{""market"":""BTC-SYNTH""}"
2026-10-04T20:02:23.269871+00:00,counter,marketdata.update.applied,1,"{""market"":""BTC-SYNTH""}"
2026-10-04T20:02:23.269881+00:00,counter,marketdata.update.applied,1,"{""market"":""BTC-SYNTH""}"
2026-10-04T20:02:23.269891+00:00,counter,marketdata.update.applied,1,"{""market"":""BTC-SYNTH""}"
2026-10-04T20:02:23.269902+00:00,counter,marketdata.update.applied,1,"{""market"":""BTC-SYNTH""}"
2026-10-04T20:02:23.269922+00:00,counter,marketdata.update.applied,1,"{""market"":""BTC-SYNTH""}"
2026-10-04T20:02:23.269957+00:00,counter,marketdata.update.applied,1,"{""market"":""BTC-SYNTH""}"
2026-10-04T20:02:23.269973+00:00,counter,marketdata.update.applied,1,"{""market"":""BTC-SYNTH""}"
2026-10-04T20:02:23.346915+00:00,gauge,pricing.slices.attempted,3.0,"{""market"":""BTC-SYNTH"",""producer"":""svi-scipy""}"
2026-10-04T20:02:23.346945+00:00,gauge,pricing.slices.accepted,3.0,"{""market"":""BTC-SYNTH"",""producer"":""svi-scipy""}"
2026-10-04T20:02:23.347016+00:00,gauge,pricing.rmse_vol_bp,29.011937397659533,"{""market"":""BTC-SYNTH"",""producer"":""svi-scipy""}"
2026-10-04T20:02:23.347027+00:00,timing,pricing.cycle_ms,76.809,"{""market"":""BTC-SYNTH"",""producer"":""svi-scipy""}"
2026-10-04T20:02:23.347324+00:00,counter,bus.published,1,"{""topic"":""surface.BTC-SYNTH.svi-scipy""}"
2026-10-04T20:02:23.347364+00:00,counter,runner.handled,1,"{""subscriber"":""svi-scipy@BTC-SYNTH""}"
2026-10-04T20:02:23.347572+00:00,counter,risk.surface.received,1,"{""market"":""BTC-SYNTH"",""producer"":""svi-scipy"",""status"":""OK""}"
2026-10-04T20:02:23.347608+00:00,timing,risk.surface.snapshot_to_surface_ms,1994.6950000000002,"{""market"":""BTC-SYNTH"",""producer"":""svi-scipy""}"
2026-10-04T20:02:23.347623+00:00,timing,risk.surface.delivery_lag_ms,0.713,"{""market"":""BTC-SYNTH"",""producer"":""svi-scipy""}"
2026-10-04T20:02:23.347650+00:00,gauge,risk.surface_age_seconds,1.995431,"{""market"":""BTC-SYNTH"",""producer"":""svi-scipy""}"
2026-10-04T20:02:23.347662+00:00,counter,risk.report.freshness,1,"{""decision"":""NORMAL"",""market"":""BTC-SYNTH"",""producer"":""svi-scipy""}"
2026-10-04T20:02:23.347720+00:00,gauge,risk.surface_age_seconds,4.991734,"{""market"":""BTC-SYNTH"",""producer"":""mlp-torch""}"
2026-10-04T20:02:23.347730+00:00,counter,risk.report.freshness,1,"{""decision"":""NORMAL"",""market"":""BTC-SYNTH"",""producer"":""mlp-torch""}"
2026-10-04T20:02:23.347890+00:00,gauge,risk.comparison.value_diff,97.06600248723407,"{""baseline"":""svi-scipy"",""challenger"":""mlp-torch"",""market"":""BTC-SYNTH""}"
2026-10-04T20:02:23.347901+00:00,gauge,risk.comparison.distance_rms_vol_bp,91.86744986877503,"{""baseline"":""svi-scipy"",""challenger"":""mlp-torch"",""market"":""BTC-SYNTH""}"
2026-10-04T20:02:23.347908+00:00,gauge,risk.comparison.distance_max_vol_bp,340.89621069387067,"{""baseline"":""svi-scipy"",""challenger"":""mlp-torch"",""market"":""BTC-SYNTH""}"
2026-10-04T20:02:23.347918+00:00,gauge,risk.surface_age_seconds,1.995705,"{""market"":""BTC-SYNTH"",""producer"":""svi-scipy""}"
2026-10-04T20:02:23.347924+00:00,counter,risk.report.freshness,1,"{""decision"":""NORMAL"",""market"":""BTC-SYNTH"",""producer"":""svi-scipy""}"
2026-10-04T20:02:23.347943+00:00,counter,runner.handled,1,"{""subscriber"":""risk-svi-scipy@BTC-SYNTH""}"
2026-10-04T20:02:24.271726+00:00,counter,marketdata.snapshot.published,1,"{""market"":""BTC-SYNTH""}"
2026-10-04T20:02:24.271763+00:00,gauge,marketdata.clock_skew_seconds,-1.915023,"{""market"":""BTC-SYNTH""}"
2026-10-04T20:02:24.271777+00:00,gauge,marketdata.coverage_ratio,1.0,"{""market"":""BTC-SYNTH""}"
2026-10-04T20:02:24.271789+00:00,gauge,marketdata.max_age_seconds,3601.948111,"{""market"":""BTC-SYNTH""}"
2026-10-04T20:02:24.271802+00:00,counter,pipeline.heartbeat.emitted,1,"{""market"":""BTC-SYNTH""}"
2026-10-04T20:02:24.271819+00:00,counter,bus.published,1,"{""topic"":""snapshot.BTC-SYNTH""}"
2026-10-04T20:02:24.271835+00:00,counter,bus.dropped,1,"{""subscriber"":""mlp-torch@BTC-SYNTH"",""topic"":""snapshot.BTC-SYNTH""}"
2026-10-04T20:02:24.271936+00:00,counter,marketdata.update.applied,1,"{""market"":""BTC-SYNTH""}"
2026-10-04T20:02:24.271972+00:00,counter,marketdata.update.applied,1,"{""market"":""BTC-SYNTH""}"
2026-10-04T20:02:24.272002+00:00,counter,marketdata.update.applied,1,"{""market"":""BTC-SYNTH""}"
2026-10-04T20:02:24.272031+00:00,counter,marketdata.update.applied,1,"{""market"":""BTC-SYNTH""}"
2026-10-04T20:02:24.272059+00:00,counter,marketdata.update.applied,1,"{""market"":""BTC-SYNTH""}"
2026-10-04T20:02:24.272098+00:00,counter,marketdata.update.applied,1,"{""market"":""BTC-SYNTH""}"
2026-10-04T20:02:24.272126+00:00,counter,marketdata.update.applied,1,"{""market"":""BTC-SYNTH""}"
2026-10-04T20:02:24.272150+00:00,counter,marketdata.update.applied,1,"{""market"":""BTC-SYNTH""}"
2026-10-04T20:02:24.272177+00:00,counter,marketdata.update.applied,1,"{""market"":""BTC-SYNTH""}"
2026-10-04T20:02:24.272201+00:00,counter,marketdata.update.applied,1,"{""market"":""BTC-SYNTH""}"
2026-10-04T20:02:24.272226+00:00,counter,marketdata.update.applied,1,"{""market"":""BTC-SYNTH""}"
2026-10-04T20:02:24.272249+00:00,counter,marketdata.update.applied,1,"{""market"":""BTC-SYNTH""}"
2026-10-04T20:02:24.272279+00:00,counter,marketdata.update.applied,1,"{""market"":""BTC-SYNTH""}"
2026-10-04T20:02:24.272302+00:00,counter,marketdata.update.applied,1,"{""market"":""BTC-SYNTH""}"
2026-10-04T20:02:24.272329+00:00,counter,marketdata.update.applied,1,"{""market"":""BTC-SYNTH""}"
2026-10-04T20:02:24.272352+00:00,counter,marketdata.update.applied,1,"{""market"":""BTC-SYNTH""}"
2026-10-04T20:02:24.272377+00:00,counter,marketdata.update.applied,1,"{""market"":""BTC-SYNTH""}"
2026-10-04T20:02:24.272399+00:00,counter,marketdata.update.applied,1,"{""market"":""BTC-SYNTH""}"
2026-10-04T20:02:24.272423+00:00,counter,marketdata.update.applied,1,"{""market"":""BTC-SYNTH""}"
2026-10-04T20:02:24.272446+00:00,counter,marketdata.update.applied,1,"{""market"":""BTC-SYNTH""}"
2026-10-04T20:02:24.272470+00:00,counter,marketdata.update.applied,1,"{""market"":""BTC-SYNTH""}"
2026-10-04T20:02:24.272492+00:00,counter,marketdata.update.applied,1,"{""market"":""BTC-SYNTH""}"
2026-10-04T20:02:24.272519+00:00,counter,marketdata.update.applied,1,"{""market"":""BTC-SYNTH""}"
2026-10-04T20:02:24.272545+00:00,counter,marketdata.update.applied,1,"{""market"":""BTC-SYNTH""}"
2026-10-04T20:02:24.272568+00:00,counter,marketdata.update.applied,1,"{""market"":""BTC-SYNTH""}"
2026-10-04T20:02:24.272590+00:00,counter,marketdata.update.applied,1,"{""market"":""BTC-SYNTH""}"
2026-10-04T20:02:24.272613+00:00,counter,marketdata.update.applied,1,"{""market"":""BTC-SYNTH""}"
2026-10-04T20:02:24.272635+00:00,counter,marketdata.update.applied,1,"{""market"":""BTC-SYNTH""}"
2026-10-04T20:02:24.272729+00:00,counter,marketdata.update.applied,1,"{""market"":""BTC-SYNTH""}"
2026-10-04T20:02:24.272759+00:00,counter,marketdata.update.applied,1,"{""market"":""BTC-SYNTH""}"
2026-10-04T20:02:24.272786+00:00,counter,marketdata.update.applied,1,"{""market"":""BTC-SYNTH""}"
2026-10-04T20:02:24.272810+00:00,counter,marketdata.update.applied,1,"{""market"":""BTC-SYNTH""}"
2026-10-04T20:02:24.272869+00:00,counter,marketdata.update.applied,1,"{""market"":""BTC-SYNTH""}"
2026-10-04T20:02:24.272897+00:00,counter,marketdata.update.applied,1,"{""market"":""BTC-SYNTH""}"
2026-10-04T20:02:24.272924+00:00,counter,marketdata.update.applied,1,"{""market"":""BTC-SYNTH""}"
2026-10-04T20:02:24.272947+00:00,counter,marketdata.update.applied,1,"{""market"":""BTC-SYNTH""}"
2026-10-04T20:02:24.272984+00:00,counter,marketdata.update.applied,1,"{""market"":""BTC-SYNTH""}"
2026-10-04T20:02:24.273007+00:00,counter,marketdata.update.applied,1,"{""market"":""BTC-SYNTH""}"
2026-10-04T20:02:24.273031+00:00,counter,marketdata.update.applied,1,"{""market"":""BTC-SYNTH""}"
2026-10-04T20:02:24.273053+00:00,counter,marketdata.update.applied,1,"{""market"":""BTC-SYNTH""}"
2026-10-04T20:02:24.273077+00:00,counter,marketdata.update.applied,1,"{""market"":""BTC-SYNTH""}"
2026-10-04T20:02:24.273099+00:00,counter,marketdata.update.applied,1,"{""market"":""BTC-SYNTH""}"
2026-10-04T20:02:24.273123+00:00,counter,marketdata.update.applied,1,"{""market"":""BTC-SYNTH""}"
2026-10-04T20:02:24.273144+00:00,counter,marketdata.update.applied,1,"{""market"":""BTC-SYNTH""}"
2026-10-04T20:02:24.273169+00:00,counter,marketdata.update.applied,1,"{""market"":""BTC-SYNTH""}"
2026-10-04T20:02:24.273191+00:00,counter,marketdata.update.applied,1,"{""market"":""BTC-SYNTH""}"
2026-10-04T20:02:24.273215+00:00,counter,marketdata.update.applied,1,"{""market"":""BTC-SYNTH""}"
2026-10-04T20:02:24.273236+00:00,counter,marketdata.update.applied,1,"{""market"":""BTC-SYNTH""}"
2026-10-04T20:02:24.273259+00:00,counter,marketdata.update.applied,1,"{""market"":""BTC-SYNTH""}"
2026-10-04T20:02:24.273280+00:00,counter,marketdata.update.applied,1,"{""market"":""BTC-SYNTH""}"
2026-10-04T20:02:24.273303+00:00,counter,marketdata.update.applied,1,"{""market"":""BTC-SYNTH""}"
2026-10-04T20:02:24.273325+00:00,counter,marketdata.update.applied,1,"{""market"":""BTC-SYNTH""}"
2026-10-04T20:02:24.273347+00:00,counter,marketdata.update.applied,1,"{""market"":""BTC-SYNTH""}"
2026-10-04T20:02:24.273369+00:00,counter,marketdata.update.applied,1,"{""market"":""BTC-SYNTH""}"
2026-10-04T20:02:24.273392+00:00,counter,marketdata.update.applied,1,"{""market"":""BTC-SYNTH""}"
2026-10-04T20:02:24.273414+00:00,counter,marketdata.update.applied,1,"{""market"":""BTC-SYNTH""}"
2026-10-04T20:02:24.273471+00:00,counter,marketdata.update.applied,1,"{""market"":""BTC-SYNTH""}"
2026-10-04T20:02:24.273500+00:00,counter,marketdata.update.applied,1,"{""market"":""BTC-SYNTH""}"
2026-10-04T20:02:24.273527+00:00,counter,marketdata.update.applied,1,"{""market"":""BTC-SYNTH""}"
2026-10-04T20:02:24.273550+00:00,counter,marketdata.update.applied,1,"{""market"":""BTC-SYNTH""}"
2026-10-04T20:02:24.273574+00:00,counter,marketdata.update.applied,1,"{""market"":""BTC-SYNTH""}"
2026-10-04T20:02:24.273598+00:00,counter,marketdata.update.applied,1,"{""market"":""BTC-SYNTH""}"
2026-10-04T20:02:24.273622+00:00,counter,marketdata.update.applied,1,"{""market"":""BTC-SYNTH""}"
2026-10-04T20:02:24.273643+00:00,counter,marketdata.update.applied,1,"{""market"":""BTC-SYNTH""}"
2026-10-04T20:02:24.273666+00:00,counter,marketdata.update.applied,1,"{""market"":""BTC-SYNTH""}"
2026-10-04T20:02:24.273688+00:00,counter,marketdata.update.applied,1,"{""market"":""BTC-SYNTH""}"
2026-10-04T20:02:24.411404+00:00,gauge,pricing.slices.attempted,3.0,"{""market"":""BTC-SYNTH"",""producer"":""svi-scipy""}"
2026-10-04T20:02:24.411433+00:00,gauge,pricing.slices.accepted,3.0,"{""market"":""BTC-SYNTH"",""producer"":""svi-scipy""}"
2026-10-04T20:02:24.411505+00:00,gauge,pricing.rmse_vol_bp,43.909631945254276,"{""market"":""BTC-SYNTH"",""producer"":""svi-scipy""}"
2026-10-04T20:02:24.411514+00:00,timing,pricing.cycle_ms,137.501,"{""market"":""BTC-SYNTH"",""producer"":""svi-scipy""}"
2026-10-04T20:02:24.411834+00:00,counter,bus.published,1,"{""topic"":""surface.BTC-SYNTH.svi-scipy""}"
2026-10-04T20:02:24.411874+00:00,counter,runner.handled,1,"{""subscriber"":""svi-scipy@BTC-SYNTH""}"
2026-10-04T20:02:24.412016+00:00,counter,risk.surface.received,1,"{""market"":""BTC-SYNTH"",""producer"":""svi-scipy"",""status"":""OK""}"
2026-10-04T20:02:24.412038+00:00,timing,risk.surface.snapshot_to_surface_ms,2055.3219999999997,"{""market"":""BTC-SYNTH"",""producer"":""svi-scipy""}"
2026-10-04T20:02:24.412086+00:00,timing,risk.surface.delivery_lag_ms,0.674,"{""market"":""BTC-SYNTH"",""producer"":""svi-scipy""}"
2026-10-04T20:02:24.412113+00:00,gauge,risk.surface_age_seconds,2.056033,"{""market"":""BTC-SYNTH"",""producer"":""svi-scipy""}"
2026-10-04T20:02:24.412139+00:00,counter,risk.report.freshness,1,"{""decision"":""NORMAL"",""market"":""BTC-SYNTH"",""producer"":""svi-scipy""}"
2026-10-04T20:02:24.412202+00:00,gauge,risk.surface_age_seconds,6.056215,"{""market"":""BTC-SYNTH"",""producer"":""mlp-torch""}"
2026-10-04T20:02:24.412216+00:00,counter,risk.report.freshness,1,"{""decision"":""NORMAL"",""market"":""BTC-SYNTH"",""producer"":""mlp-torch""}"
2026-10-04T20:02:24.412430+00:00,gauge,risk.comparison.value_diff,53.1766969299606,"{""baseline"":""svi-scipy"",""challenger"":""mlp-torch"",""market"":""BTC-SYNTH""}"
2026-10-04T20:02:24.412446+00:00,gauge,risk.comparison.distance_rms_vol_bp,74.73503772994484,"{""baseline"":""svi-scipy"",""challenger"":""mlp-torch"",""market"":""BTC-SYNTH""}"
2026-10-04T20:02:24.412459+00:00,gauge,risk.comparison.distance_max_vol_bp,208.71560344444705,"{""baseline"":""svi-scipy"",""challenger"":""mlp-torch"",""market"":""BTC-SYNTH""}"
2026-10-04T20:02:24.412490+00:00,gauge,risk.surface_age_seconds,2.056412,"{""market"":""BTC-SYNTH"",""producer"":""svi-scipy""}"
2026-10-04T20:02:24.412501+00:00,counter,risk.report.freshness,1,"{""decision"":""NORMAL"",""market"":""BTC-SYNTH"",""producer"":""svi-scipy""}"
2026-10-04T20:02:24.412533+00:00,counter,runner.handled,1,"{""subscriber"":""risk-svi-scipy@BTC-SYNTH""}"
2026-10-04T20:02:25.274784+00:00,counter,marketdata.snapshot.published,1,"{""market"":""BTC-SYNTH""}"
2026-10-04T20:02:25.274824+00:00,gauge,marketdata.clock_skew_seconds,-1.919727,"{""market"":""BTC-SYNTH""}"
2026-10-04T20:02:25.274841+00:00,gauge,marketdata.coverage_ratio,0.9848484848484849,"{""market"":""BTC-SYNTH""}"
2026-10-04T20:02:25.274853+00:00,gauge,marketdata.max_age_seconds,2.017386,"{""market"":""BTC-SYNTH""}"
2026-10-04T20:02:25.274867+00:00,counter,pipeline.heartbeat.emitted,1,"{""market"":""BTC-SYNTH""}"
2026-10-04T20:02:25.274884+00:00,counter,bus.published,1,"{""topic"":""snapshot.BTC-SYNTH""}"
2026-10-04T20:02:25.274903+00:00,counter,bus.dropped,1,"{""subscriber"":""mlp-torch@BTC-SYNTH"",""topic"":""snapshot.BTC-SYNTH""}"
2026-10-04T20:02:25.275021+00:00,counter,marketdata.update.applied,1,"{""market"":""BTC-SYNTH""}"
2026-10-04T20:02:25.275058+00:00,counter,marketdata.update.applied,1,"{""market"":""BTC-SYNTH""}"
2026-10-04T20:02:25.275079+00:00,counter,marketdata.update.applied,1,"{""market"":""BTC-SYNTH""}"
2026-10-04T20:02:25.275093+00:00,counter,marketdata.update.applied,1,"{""market"":""BTC-SYNTH""}"
2026-10-04T20:02:25.275108+00:00,counter,marketdata.update.applied,1,"{""market"":""BTC-SYNTH""}"
2026-10-04T20:02:25.275141+00:00,counter,marketdata.update.applied,1,"{""market"":""BTC-SYNTH""}"
2026-10-04T20:02:25.275164+00:00,counter,marketdata.update.applied,1,"{""market"":""BTC-SYNTH""}"
2026-10-04T20:02:25.275221+00:00,counter,marketdata.update.applied,1,"{""market"":""BTC-SYNTH""}"
2026-10-04T20:02:25.275246+00:00,counter,marketdata.update.applied,1,"{""market"":""BTC-SYNTH""}"
2026-10-04T20:02:25.275260+00:00,counter,marketdata.update.applied,1,"{""market"":""BTC-SYNTH""}"
2026-10-04T20:02:25.275275+00:00,counter,marketdata.update.applied,1,"{""market"":""BTC-SYNTH""}"
2026-10-04T20:02:25.275286+00:00,counter,marketdata.update.applied,1,"{""market"":""BTC-SYNTH""}"
2026-10-04T20:02:25.275356+00:00,counter,marketdata.update.applied,1,"{""market"":""BTC-SYNTH""}"
2026-10-04T20:02:25.275372+00:00,counter,marketdata.update.applied,1,"{""market"":""BTC-SYNTH""}"
2026-10-04T20:02:25.275387+00:00,counter,marketdata.update.applied,1,"{""market"":""BTC-SYNTH""}"
2026-10-04T20:02:25.275400+00:00,counter,marketdata.update.applied,1,"{""market"":""BTC-SYNTH""}"
2026-10-04T20:02:25.275413+00:00,counter,marketdata.update.applied,1,"{""market"":""BTC-SYNTH""}"
2026-10-04T20:02:25.275424+00:00,counter,marketdata.update.applied,1,"{""market"":""BTC-SYNTH""}"
2026-10-04T20:02:25.275436+00:00,counter,marketdata.update.applied,1,"{""market"":""BTC-SYNTH""}"
2026-10-04T20:02:25.275447+00:00,counter,marketdata.update.applied,1,"{""market"":""BTC-SYNTH""}"
2026-10-04T20:02:25.275460+00:00,counter,marketdata.update.applied,1,"{""market"":""BTC-SYNTH""}"
2026-10-04T20:02:25.275474+00:00,counter,marketdata.update.applied,1,"{""market"":""BTC-SYNTH""}"
2026-10-04T20:02:25.275488+00:00,counter,marketdata.update.applied,1,"{""market"":""BTC-SYNTH""}"
2026-10-04T20:02:25.275499+00:00,counter,marketdata.update.applied,1,"{""market"":""BTC-SYNTH""}"
2026-10-04T20:02:25.275511+00:00,counter,marketdata.update.applied,1,"{""market"":""BTC-SYNTH""}"
2026-10-04T20:02:25.275522+00:00,counter,marketdata.update.applied,1,"{""market"":""BTC-SYNTH""}"
2026-10-04T20:02:25.275533+00:00,counter,marketdata.update.applied,1,"{""market"":""BTC-SYNTH""}"
2026-10-04T20:02:25.275544+00:00,counter,marketdata.update.applied,1,"{""market"":""BTC-SYNTH""}"
2026-10-04T20:02:25.275556+00:00,counter,marketdata.update.applied,1,"{""market"":""BTC-SYNTH""}"
2026-10-04T20:02:25.275566+00:00,counter,marketdata.update.applied,1,"{""market"":""BTC-SYNTH""}"
2026-10-04T20:02:25.275578+00:00,counter,marketdata.update.applied,1,"{""market"":""BTC-SYNTH""}"
2026-10-04T20:02:25.275589+00:00,counter,marketdata.update.applied,1,"{""market"":""BTC-SYNTH""}"
2026-10-04T20:02:25.275600+00:00,counter,marketdata.update.applied,1,"{""market"":""BTC-SYNTH""}"
2026-10-04T20:02:25.275611+00:00,counter,marketdata.update.applied,1,"{""market"":""BTC-SYNTH""}"
2026-10-04T20:02:25.275623+00:00,counter,marketdata.update.applied,1,"{""market"":""BTC-SYNTH""}"
2026-10-04T20:02:25.275633+00:00,counter,marketdata.update.applied,1,"{""market"":""BTC-SYNTH""}"
2026-10-04T20:02:25.275646+00:00,counter,marketdata.update.applied,1,"{""market"":""BTC-SYNTH""}"
2026-10-04T20:02:25.275657+00:00,counter,marketdata.update.applied,1,"{""market"":""BTC-SYNTH""}"
2026-10-04T20:02:25.275669+00:00,counter,marketdata.update.applied,1,"{""market"":""BTC-SYNTH""}"
2026-10-04T20:02:25.275681+00:00,counter,marketdata.update.applied,1,"{""market"":""BTC-SYNTH""}"
2026-10-04T20:02:25.275693+00:00,counter,marketdata.update.applied,1,"{""market"":""BTC-SYNTH""}"
2026-10-04T20:02:25.275710+00:00,counter,marketdata.update.applied,1,"{""market"":""BTC-SYNTH""}"
2026-10-04T20:02:25.275722+00:00,counter,marketdata.update.applied,1,"{""market"":""BTC-SYNTH""}"
2026-10-04T20:02:25.275733+00:00,counter,marketdata.update.applied,1,"{""market"":""BTC-SYNTH""}"
2026-10-04T20:02:25.275745+00:00,counter,marketdata.update.applied,1,"{""market"":""BTC-SYNTH""}"
2026-10-04T20:02:25.275756+00:00,counter,marketdata.update.applied,1,"{""market"":""BTC-SYNTH""}"
2026-10-04T20:02:25.275769+00:00,counter,marketdata.update.applied,1,"{""market"":""BTC-SYNTH""}"
2026-10-04T20:02:25.275780+00:00,counter,marketdata.update.applied,1,"{""market"":""BTC-SYNTH""}"
2026-10-04T20:02:25.275792+00:00,counter,marketdata.update.applied,1,"{""market"":""BTC-SYNTH""}"
2026-10-04T20:02:25.275803+00:00,counter,marketdata.update.applied,1,"{""market"":""BTC-SYNTH""}"
2026-10-04T20:02:25.275816+00:00,counter,marketdata.update.applied,1,"{""market"":""BTC-SYNTH""}"
2026-10-04T20:02:25.275826+00:00,counter,marketdata.update.applied,1,"{""market"":""BTC-SYNTH""}"
2026-10-04T20:02:25.275837+00:00,counter,marketdata.update.applied,1,"{""market"":""BTC-SYNTH""}"
2026-10-04T20:02:25.275849+00:00,counter,marketdata.update.applied,1,"{""market"":""BTC-SYNTH""}"
2026-10-04T20:02:25.275861+00:00,counter,marketdata.update.applied,1,"{""market"":""BTC-SYNTH""}"
2026-10-04T20:02:25.275872+00:00,counter,marketdata.update.applied,1,"{""market"":""BTC-SYNTH""}"
2026-10-04T20:02:25.275885+00:00,counter,marketdata.update.applied,1,"{""market"":""BTC-SYNTH""}"
2026-10-04T20:02:25.275896+00:00,counter,marketdata.update.applied,1,"{""market"":""BTC-SYNTH""}"
2026-10-04T20:02:25.275908+00:00,counter,marketdata.update.applied,1,"{""market"":""BTC-SYNTH""}"
2026-10-04T20:02:25.275920+00:00,counter,marketdata.update.applied,1,"{""market"":""BTC-SYNTH""}"
2026-10-04T20:02:25.275931+00:00,counter,marketdata.update.applied,1,"{""market"":""BTC-SYNTH""}"
2026-10-04T20:02:25.275942+00:00,counter,marketdata.update.applied,1,"{""market"":""BTC-SYNTH""}"
2026-10-04T20:02:25.275953+00:00,counter,marketdata.update.applied,1,"{""market"":""BTC-SYNTH""}"
2026-10-04T20:02:25.275964+00:00,counter,marketdata.update.applied,1,"{""market"":""BTC-SYNTH""}"
2026-10-04T20:02:25.275975+00:00,counter,marketdata.update.applied,1,"{""market"":""BTC-SYNTH""}"
2026-10-04T20:02:25.275985+00:00,counter,marketdata.update.applied,1,"{""market"":""BTC-SYNTH""}"
2026-10-04T20:02:25.538855+00:00,gauge,pricing.slices.attempted,3.0,"{""market"":""BTC-SYNTH"",""producer"":""svi-scipy""}"
2026-10-04T20:02:25.538884+00:00,gauge,pricing.slices.accepted,3.0,"{""market"":""BTC-SYNTH"",""producer"":""svi-scipy""}"
2026-10-04T20:02:25.538952+00:00,gauge,pricing.rmse_vol_bp,31.399655129036113,"{""market"":""BTC-SYNTH"",""producer"":""svi-scipy""}"
2026-10-04T20:02:25.538961+00:00,timing,pricing.cycle_ms,262.586,"{""market"":""BTC-SYNTH"",""producer"":""svi-scipy""}"
2026-10-04T20:02:25.539273+00:00,counter,bus.published,1,"{""topic"":""surface.BTC-SYNTH.svi-scipy""}"
2026-10-04T20:02:25.539305+00:00,counter,runner.handled,1,"{""subscriber"":""svi-scipy@BTC-SYNTH""}"
2026-10-04T20:02:25.539404+00:00,counter,risk.surface.received,1,"{""market"":""BTC-SYNTH"",""producer"":""svi-scipy"",""status"":""OK""}"
2026-10-04T20:02:25.539415+00:00,timing,risk.surface.snapshot_to_surface_ms,2184.475,"{""market"":""BTC-SYNTH"",""producer"":""svi-scipy""}"
2026-10-04T20:02:25.539424+00:00,timing,risk.surface.delivery_lag_ms,0.5770000000000001,"{""market"":""BTC-SYNTH"",""producer"":""svi-scipy""}"
2026-10-04T20:02:25.539438+00:00,gauge,risk.surface_age_seconds,2.185063,"{""market"":""BTC-SYNTH"",""producer"":""svi-scipy""}"
2026-10-04T20:02:25.539444+00:00,counter,risk.report.freshness,1,"{""decision"":""NORMAL"",""market"":""BTC-SYNTH"",""producer"":""svi-scipy""}"
2026-10-04T20:02:25.539485+00:00,gauge,risk.surface_age_seconds,7.183501,"{""market"":""BTC-SYNTH"",""producer"":""mlp-torch""}"
2026-10-04T20:02:25.539492+00:00,counter,risk.report.freshness,1,"{""decision"":""NORMAL"",""market"":""BTC-SYNTH"",""producer"":""mlp-torch""}"
2026-10-04T20:02:25.539626+00:00,gauge,risk.comparison.value_diff,224.1722885304298,"{""baseline"":""svi-scipy"",""challenger"":""mlp-torch"",""market"":""BTC-SYNTH""}"
2026-10-04T20:02:25.539634+00:00,gauge,risk.comparison.distance_rms_vol_bp,90.60823382180477,"{""baseline"":""svi-scipy"",""challenger"":""mlp-torch"",""market"":""BTC-SYNTH""}"
2026-10-04T20:02:25.539640+00:00,gauge,risk.comparison.distance_max_vol_bp,393.4271109959964,"{""baseline"":""svi-scipy"",""challenger"":""mlp-torch"",""market"":""BTC-SYNTH""}"
2026-10-04T20:02:25.539649+00:00,gauge,risk.surface_age_seconds,2.185277,"{""market"":""BTC-SYNTH"",""producer"":""svi-scipy""}"
2026-10-04T20:02:25.539654+00:00,counter,risk.report.freshness,1,"{""decision"":""NORMAL"",""market"":""BTC-SYNTH"",""producer"":""svi-scipy""}"
2026-10-04T20:02:25.539670+00:00,counter,runner.handled,1,"{""subscriber"":""risk-svi-scipy@BTC-SYNTH""}"
2026-10-04T20:02:26.277287+00:00,counter,marketdata.snapshot.published,1,"{""market"":""BTC-SYNTH""}"
2026-10-04T20:02:26.277327+00:00,gauge,marketdata.clock_skew_seconds,-1.920152,"{""market"":""BTC-SYNTH""}"
2026-10-04T20:02:26.277344+00:00,gauge,marketdata.coverage_ratio,0.9848484848484849,"{""market"":""BTC-SYNTH""}"
2026-10-04T20:02:26.277422+00:00,gauge,marketdata.max_age_seconds,2.016736,"{""market"":""BTC-SYNTH""}"
2026-10-04T20:02:26.277446+00:00,counter,pipeline.heartbeat.emitted,1,"{""market"":""BTC-SYNTH""}"
2026-10-04T20:02:26.277466+00:00,counter,bus.published,1,"{""topic"":""snapshot.BTC-SYNTH""}"
2026-10-04T20:02:26.277486+00:00,counter,bus.dropped,1,"{""subscriber"":""mlp-torch@BTC-SYNTH"",""topic"":""snapshot.BTC-SYNTH""}"
2026-10-04T20:02:26.277572+00:00,counter,marketdata.update.applied,1,"{""market"":""BTC-SYNTH""}"
2026-10-04T20:02:26.277605+00:00,counter,marketdata.update.applied,1,"{""market"":""BTC-SYNTH""}"
2026-10-04T20:02:26.277636+00:00,counter,marketdata.update.applied,1,"{""market"":""BTC-SYNTH""}"
2026-10-04T20:02:26.277662+00:00,counter,marketdata.update.applied,1,"{""market"":""BTC-SYNTH""}"
2026-10-04T20:02:26.277689+00:00,counter,marketdata.update.applied,1,"{""market"":""BTC-SYNTH""}"
2026-10-04T20:02:26.277714+00:00,counter,marketdata.update.applied,1,"{""market"":""BTC-SYNTH""}"
2026-10-04T20:02:26.277741+00:00,counter,marketdata.update.applied,1,"{""market"":""BTC-SYNTH""}"
2026-10-04T20:02:26.277765+00:00,counter,marketdata.update.applied,1,"{""market"":""BTC-SYNTH""}"
2026-10-04T20:02:26.277791+00:00,counter,marketdata.update.applied,1,"{""market"":""BTC-SYNTH""}"
2026-10-04T20:02:26.277830+00:00,counter,marketdata.update.applied,1,"{""market"":""BTC-SYNTH""}"
2026-10-04T20:02:26.277859+00:00,counter,marketdata.update.applied,1,"{""market"":""BTC-SYNTH""}"
2026-10-04T20:02:26.277884+00:00,counter,marketdata.update.applied,1,"{""market"":""BTC-SYNTH""}"
2026-10-04T20:02:26.277909+00:00,counter,marketdata.update.applied,1,"{""market"":""BTC-SYNTH""}"
2026-10-04T20:02:26.277933+00:00,counter,marketdata.update.applied,1,"{""market"":""BTC-SYNTH""}"
2026-10-04T20:02:26.277959+00:00,counter,marketdata.update.applied,1,"{""market"":""BTC-SYNTH""}"
2026-10-04T20:02:26.278007+00:00,counter,marketdata.update.applied,1,"{""market"":""BTC-SYNTH""}"
2026-10-04T20:02:26.278042+00:00,counter,marketdata.update.applied,1,"{""market"":""BTC-SYNTH""}"
2026-10-04T20:02:26.278069+00:00,counter,marketdata.update.applied,1,"{""market"":""BTC-SYNTH""}"
2026-10-04T20:02:26.278096+00:00,counter,marketdata.update.applied,1,"{""market"":""BTC-SYNTH""}"
2026-10-04T20:02:26.278122+00:00,counter,marketdata.update.applied,1,"{""market"":""BTC-SYNTH""}"
2026-10-04T20:02:26.278150+00:00,counter,marketdata.update.applied,1,"{""market"":""BTC-SYNTH""}"
2026-10-04T20:02:26.278174+00:00,counter,marketdata.update.applied,1,"{""market"":""BTC-SYNTH""}"
2026-10-04T20:02:26.278202+00:00,counter,marketdata.update.applied,1,"{""market"":""BTC-SYNTH""}"
2026-10-04T20:02:26.278227+00:00,counter,marketdata.update.applied,1,"{""market"":""BTC-SYNTH""}"
2026-10-04T20:02:26.278254+00:00,counter,marketdata.update.applied,1,"{""market"":""BTC-SYNTH""}"
2026-10-04T20:02:26.278278+00:00,counter,marketdata.update.applied,1,"{""market"":""BTC-SYNTH""}"
2026-10-04T20:02:26.278306+00:00,counter,marketdata.update.applied,1,"{""market"":""BTC-SYNTH""}"
2026-10-04T20:02:26.278330+00:00,counter,marketdata.update.applied,1,"{""market"":""BTC-SYNTH""}"
2026-10-04T20:02:26.278357+00:00,counter,marketdata.update.applied,1,"{""market"":""BTC-SYNTH""}"
2026-10-04T20:02:26.278381+00:00,counter,marketdata.update.applied,1,"{""market"":""BTC-SYNTH""}"
2026-10-04T20:02:26.278409+00:00,counter,marketdata.update.applied,1,"{""market"":""BTC-SYNTH""}"
2026-10-04T20:02:26.278432+00:00,counter,marketdata.update.applied,1,"{""market"":""BTC-SYNTH""}"
2026-10-04T20:02:26.278457+00:00,counter,marketdata.update.applied,1,"{""market"":""BTC-SYNTH""}"
2026-10-04T20:02:26.278480+00:00,counter,marketdata.update.applied,1,"{""market"":""BTC-SYNTH""}"
2026-10-04T20:02:26.278506+00:00,counter,marketdata.update.applied,1,"{""market"":""BTC-SYNTH""}"
2026-10-04T20:02:26.278530+00:00,counter,marketdata.update.applied,1,"{""market"":""BTC-SYNTH""}"
2026-10-04T20:02:26.278554+00:00,counter,marketdata.update.applied,1,"{""market"":""BTC-SYNTH""}"
2026-10-04T20:02:26.278577+00:00,counter,marketdata.update.applied,1,"{""market"":""BTC-SYNTH""}"
2026-10-04T20:02:26.278603+00:00,counter,marketdata.update.applied,1,"{""market"":""BTC-SYNTH""}"
2026-10-04T20:02:26.278627+00:00,counter,marketdata.update.applied,1,"{""market"":""BTC-SYNTH""}"
2026-10-04T20:02:26.278653+00:00,counter,marketdata.update.applied,1,"{""market"":""BTC-SYNTH""}"
2026-10-04T20:02:26.278678+00:00,counter,marketdata.update.applied,1,"{""market"":""BTC-SYNTH""}"
2026-10-04T20:02:26.278706+00:00,counter,marketdata.update.applied,1,"{""market"":""BTC-SYNTH""}"
2026-10-04T20:02:26.278730+00:00,counter,marketdata.update.applied,1,"{""market"":""BTC-SYNTH""}"
2026-10-04T20:02:26.278758+00:00,counter,marketdata.update.applied,1,"{""market"":""BTC-SYNTH""}"
2026-10-04T20:02:26.278782+00:00,counter,marketdata.update.applied,1,"{""market"":""BTC-SYNTH""}"
2026-10-04T20:02:26.278807+00:00,counter,marketdata.update.applied,1,"{""market"":""BTC-SYNTH""}"
2026-10-04T20:02:26.278832+00:00,counter,marketdata.update.applied,1,"{""market"":""BTC-SYNTH""}"
2026-10-04T20:02:26.278857+00:00,counter,marketdata.update.applied,1,"{""market"":""BTC-SYNTH""}"
2026-10-04T20:02:26.278881+00:00,counter,marketdata.update.applied,1,"{""market"":""BTC-SYNTH""}"
2026-10-04T20:02:26.278907+00:00,counter,marketdata.update.applied,1,"{""market"":""BTC-SYNTH""}"
2026-10-04T20:02:26.278939+00:00,counter,marketdata.update.applied,1,"{""market"":""BTC-SYNTH""}"
2026-10-04T20:02:26.278964+00:00,counter,marketdata.update.applied,1,"{""market"":""BTC-SYNTH""}"
2026-10-04T20:02:26.278987+00:00,counter,marketdata.update.applied,1,"{""market"":""BTC-SYNTH""}"
2026-10-04T20:02:26.279015+00:00,counter,marketdata.update.applied,1,"{""market"":""BTC-SYNTH""}"
2026-10-04T20:02:26.279064+00:00,counter,marketdata.update.applied,1,"{""market"":""BTC-SYNTH""}"
2026-10-04T20:02:26.279099+00:00,counter,marketdata.update.applied,1,"{""market"":""BTC-SYNTH""}"
2026-10-04T20:02:26.279125+00:00,counter,marketdata.update.applied,1,"{""market"":""BTC-SYNTH""}"
2026-10-04T20:02:26.279152+00:00,counter,marketdata.update.applied,1,"{""market"":""BTC-SYNTH""}"
2026-10-04T20:02:26.279177+00:00,counter,marketdata.update.applied,1,"{""market"":""BTC-SYNTH""}"
2026-10-04T20:02:26.279203+00:00,counter,marketdata.update.applied,1,"{""market"":""BTC-SYNTH""}"
2026-10-04T20:02:26.279228+00:00,counter,marketdata.update.applied,1,"{""market"":""BTC-SYNTH""}"
2026-10-04T20:02:26.279255+00:00,counter,marketdata.update.applied,1,"{""market"":""BTC-SYNTH""}"
2026-10-04T20:02:26.279280+00:00,counter,marketdata.update.applied,1,"{""market"":""BTC-SYNTH""}"
2026-10-04T20:02:26.279305+00:00,counter,marketdata.update.applied,1,"{""market"":""BTC-SYNTH""}"
2026-10-04T20:02:26.279329+00:00,counter,marketdata.update.applied,1,"{""market"":""BTC-SYNTH""}"
2026-10-04T20:02:26.669494+00:00,gauge,pricing.slices.attempted,3.0,"{""market"":""BTC-SYNTH"",""producer"":""svi-scipy""}"
2026-10-04T20:02:26.669524+00:00,gauge,pricing.slices.accepted,3.0,"{""market"":""BTC-SYNTH"",""producer"":""svi-scipy""}"
2026-10-04T20:02:26.669590+00:00,gauge,pricing.rmse_vol_bp,24.26742200129697,"{""market"":""BTC-SYNTH"",""producer"":""svi-scipy""}"
2026-10-04T20:02:26.669600+00:00,timing,pricing.cycle_ms,389.874,"{""market"":""BTC-SYNTH"",""producer"":""svi-scipy""}"
2026-10-04T20:02:26.669819+00:00,counter,bus.published,1,"{""topic"":""surface.BTC-SYNTH.svi-scipy""}"
2026-10-04T20:02:26.669850+00:00,counter,runner.handled,1,"{""subscriber"":""svi-scipy@BTC-SYNTH""}"
2026-10-04T20:02:26.669942+00:00,counter,risk.surface.received,1,"{""market"":""BTC-SYNTH"",""producer"":""svi-scipy"",""status"":""OK""}"
2026-10-04T20:02:26.669957+00:00,timing,risk.surface.snapshot_to_surface_ms,2313.0660000000003,"{""market"":""BTC-SYNTH"",""producer"":""svi-scipy""}"
2026-10-04T20:02:26.669965+00:00,timing,risk.surface.delivery_lag_ms,0.479,"{""market"":""BTC-SYNTH"",""producer"":""svi-scipy""}"
2026-10-04T20:02:26.669978+00:00,gauge,risk.surface_age_seconds,2.313554,"{""market"":""BTC-SYNTH"",""producer"":""svi-scipy""}"
2026-10-04T20:02:26.669985+00:00,counter,risk.report.freshness,1,"{""decision"":""NORMAL"",""market"":""BTC-SYNTH"",""producer"":""svi-scipy""}"
2026-10-04T20:02:26.670207+00:00,gauge,risk.surface_age_seconds,8.314219,"{""market"":""BTC-SYNTH"",""producer"":""mlp-torch""}"
2026-10-04T20:02:26.670228+00:00,counter,risk.report.freshness,1,"{""decision"":""NORMAL"",""market"":""BTC-SYNTH"",""producer"":""mlp-torch""}"
2026-10-04T20:02:26.670372+00:00,gauge,risk.comparison.value_diff,276.46773154477705,"{""baseline"":""svi-scipy"",""challenger"":""mlp-torch"",""market"":""BTC-SYNTH""}"
2026-10-04T20:02:26.670382+00:00,gauge,risk.comparison.distance_rms_vol_bp,67.66981873880735,"{""baseline"":""svi-scipy"",""challenger"":""mlp-torch"",""market"":""BTC-SYNTH""}"
2026-10-04T20:02:26.670389+00:00,gauge,risk.comparison.distance_max_vol_bp,193.856282227175,"{""baseline"":""svi-scipy"",""challenger"":""mlp-torch"",""market"":""BTC-SYNTH""}"
2026-10-04T20:02:26.670399+00:00,gauge,risk.surface_age_seconds,2.313978,"{""market"":""BTC-SYNTH"",""producer"":""svi-scipy""}"
2026-10-04T20:02:26.670406+00:00,counter,risk.report.freshness,1,"{""decision"":""NORMAL"",""market"":""BTC-SYNTH"",""producer"":""svi-scipy""}"
2026-10-04T20:02:26.670424+00:00,counter,runner.handled,1,"{""subscriber"":""risk-svi-scipy@BTC-SYNTH""}"
2026-10-04T20:02:27.279972+00:00,counter,marketdata.snapshot.published,1,"{""market"":""BTC-SYNTH""}"
2026-10-04T20:02:27.280003+00:00,gauge,marketdata.clock_skew_seconds,-1.92329,"{""market"":""BTC-SYNTH""}"
2026-10-04T20:02:27.280012+00:00,gauge,marketdata.coverage_ratio,0.9848484848484849,"{""market"":""BTC-SYNTH""}"
2026-10-04T20:02:27.280018+00:00,gauge,marketdata.max_age_seconds,3602.006712,"{""market"":""BTC-SYNTH""}"
2026-10-04T20:02:27.280026+00:00,counter,pipeline.heartbeat.emitted,1,"{""market"":""BTC-SYNTH""}"
2026-10-04T20:02:27.280037+00:00,counter,bus.published,1,"{""topic"":""snapshot.BTC-SYNTH""}"
2026-10-04T20:02:27.280048+00:00,counter,bus.dropped,1,"{""subscriber"":""mlp-torch@BTC-SYNTH"",""topic"":""snapshot.BTC-SYNTH""}"
2026-10-04T20:02:27.280107+00:00,counter,marketdata.update.applied,1,"{""market"":""BTC-SYNTH""}"
2026-10-04T20:02:27.280125+00:00,counter,marketdata.update.applied,1,"{""market"":""BTC-SYNTH""}"
2026-10-04T20:02:27.280141+00:00,counter,marketdata.update.applied,1,"{""market"":""BTC-SYNTH""}"
2026-10-04T20:02:27.280154+00:00,counter,marketdata.update.applied,1,"{""market"":""BTC-SYNTH""}"
2026-10-04T20:02:27.280167+00:00,counter,marketdata.update.applied,1,"{""market"":""BTC-SYNTH""}"
2026-10-04T20:02:27.280178+00:00,counter,marketdata.update.applied,1,"{""market"":""BTC-SYNTH""}"
2026-10-04T20:02:27.280191+00:00,counter,marketdata.update.applied,1,"{""market"":""BTC-SYNTH""}"
2026-10-04T20:02:27.280206+00:00,counter,marketdata.update.applied,1,"{""market"":""BTC-SYNTH""}"
2026-10-04T20:02:27.280219+00:00,counter,marketdata.update.applied,1,"{""market"":""BTC-SYNTH""}"
2026-10-04T20:02:27.280230+00:00,counter,marketdata.update.applied,1,"{""market"":""BTC-SYNTH""}"
2026-10-04T20:02:27.280244+00:00,counter,marketdata.update.applied,1,"{""market"":""BTC-SYNTH""}"
2026-10-04T20:02:27.280274+00:00,counter,marketdata.update.applied,1,"{""market"":""BTC-SYNTH""}"
2026-10-04T20:02:27.280287+00:00,counter,marketdata.update.applied,1,"{""market"":""BTC-SYNTH""}"
2026-10-04T20:02:27.280300+00:00,counter,marketdata.update.applied,1,"{""market"":""BTC-SYNTH""}"
2026-10-04T20:02:27.280313+00:00,counter,marketdata.update.applied,1,"{""market"":""BTC-SYNTH""}"
2026-10-04T20:02:27.280326+00:00,counter,marketdata.update.applied,1,"{""market"":""BTC-SYNTH""}"
2026-10-04T20:02:27.280341+00:00,counter,marketdata.update.applied,1,"{""market"":""BTC-SYNTH""}"
2026-10-04T20:02:27.280352+00:00,counter,marketdata.update.applied,1,"{""market"":""BTC-SYNTH""}"
2026-10-04T20:02:27.280369+00:00,counter,marketdata.update.applied,1,"{""market"":""BTC-SYNTH""}"
2026-10-04T20:02:27.280387+00:00,counter,marketdata.update.applied,1,"{""market"":""BTC-SYNTH""}"
2026-10-04T20:02:27.280408+00:00,counter,marketdata.update.applied,1,"{""market"":""BTC-SYNTH""}"
2026-10-04T20:02:27.280425+00:00,counter,marketdata.update.applied,1,"{""market"":""BTC-SYNTH""}"
2026-10-04T20:02:27.280442+00:00,counter,marketdata.update.applied,1,"{""market"":""BTC-SYNTH""}"
2026-10-04T20:02:27.280454+00:00,counter,marketdata.update.applied,1,"{""market"":""BTC-SYNTH""}"
2026-10-04T20:02:27.280468+00:00,counter,marketdata.update.applied,1,"{""market"":""BTC-SYNTH""}"
2026-10-04T20:02:27.280479+00:00,counter,marketdata.update.applied,1,"{""market"":""BTC-SYNTH""}"
2026-10-04T20:02:27.280496+00:00,counter,marketdata.update.applied,1,"{""market"":""BTC-SYNTH""}"
2026-10-04T20:02:27.280508+00:00,counter,marketdata.update.applied,1,"{""market"":""BTC-SYNTH""}"
2026-10-04T20:02:27.280520+00:00,counter,marketdata.update.applied,1,"{""market"":""BTC-SYNTH""}"
2026-10-04T20:02:27.280543+00:00,counter,marketdata.update.applied,1,"{""market"":""BTC-SYNTH""}"
2026-10-04T20:02:27.280558+00:00,counter,marketdata.update.applied,1,"{""market"":""BTC-SYNTH""}"
2026-10-04T20:02:27.280569+00:00,counter,marketdata.update.applied,1,"{""market"":""BTC-SYNTH""}"
2026-10-04T20:02:27.280581+00:00,counter,marketdata.update.applied,1,"{""market"":""BTC-SYNTH""}"
2026-10-04T20:02:27.280607+00:00,counter,marketdata.update.applied,1,"{""market"":""BTC-SYNTH""}"
2026-10-04T20:02:27.280624+00:00,counter,marketdata.update.applied,1,"{""market"":""BTC-SYNTH""}"
2026-10-04T20:02:27.280636+00:00,counter,marketdata.update.applied,1,"{""market"":""BTC-SYNTH""}"
2026-10-04T20:02:27.280649+00:00,counter,marketdata.update.applied,1,"{""market"":""BTC-SYNTH""}"
2026-10-04T20:02:27.280661+00:00,counter,marketdata.update.applied,1,"{""market"":""BTC-SYNTH""}"
2026-10-04T20:02:27.280674+00:00,counter,marketdata.update.applied,1,"{""market"":""BTC-SYNTH""}"
2026-10-04T20:02:27.280687+00:00,counter,marketdata.update.applied,1,"{""market"":""BTC-SYNTH""}"
2026-10-04T20:02:27.280699+00:00,counter,marketdata.update.applied,1,"{""market"":""BTC-SYNTH""}"
2026-10-04T20:02:27.280710+00:00,counter,marketdata.update.applied,1,"{""market"":""BTC-SYNTH""}"
2026-10-04T20:02:27.280722+00:00,counter,marketdata.update.applied,1,"{""market"":""BTC-SYNTH""}"
2026-10-04T20:02:27.280734+00:00,counter,marketdata.update.applied,1,"{""market"":""BTC-SYNTH""}"
2026-10-04T20:02:27.280749+00:00,counter,marketdata.update.applied,1,"{""market"":""BTC-SYNTH""}"
2026-10-04T20:02:27.280760+00:00,counter,marketdata.update.applied,1,"{""market"":""BTC-SYNTH""}"
2026-10-04T20:02:27.280772+00:00,counter,marketdata.update.applied,1,"{""market"":""BTC-SYNTH""}"
2026-10-04T20:02:27.280784+00:00,counter,marketdata.update.applied,1,"{""market"":""BTC-SYNTH""}"
2026-10-04T20:02:27.280797+00:00,counter,marketdata.update.applied,1,"{""market"":""BTC-SYNTH""}"
2026-10-04T20:02:27.280809+00:00,counter,marketdata.update.applied,1,"{""market"":""BTC-SYNTH""}"
2026-10-04T20:02:27.280823+00:00,counter,marketdata.update.applied,1,"{""market"":""BTC-SYNTH""}"
2026-10-04T20:02:27.280833+00:00,counter,marketdata.update.applied,1,"{""market"":""BTC-SYNTH""}"
2026-10-04T20:02:27.280846+00:00,counter,marketdata.update.applied,1,"{""market"":""BTC-SYNTH""}"
2026-10-04T20:02:27.280858+00:00,counter,marketdata.update.applied,1,"{""market"":""BTC-SYNTH""}"
2026-10-04T20:02:27.280871+00:00,counter,marketdata.update.applied,1,"{""market"":""BTC-SYNTH""}"
2026-10-04T20:02:27.280883+00:00,counter,marketdata.update.applied,1,"{""market"":""BTC-SYNTH""}"
2026-10-04T20:02:27.280895+00:00,counter,marketdata.update.applied,1,"{""market"":""BTC-SYNTH""}"
2026-10-04T20:02:27.280907+00:00,counter,marketdata.update.applied,1,"{""market"":""BTC-SYNTH""}"
2026-10-04T20:02:27.280919+00:00,counter,marketdata.update.applied,1,"{""market"":""BTC-SYNTH""}"
2026-10-04T20:02:27.280931+00:00,counter,marketdata.update.applied,1,"{""market"":""BTC-SYNTH""}"
2026-10-04T20:02:27.280943+00:00,counter,marketdata.update.applied,1,"{""market"":""BTC-SYNTH""}"
2026-10-04T20:02:27.280954+00:00,counter,marketdata.update.applied,1,"{""market"":""BTC-SYNTH""}"
2026-10-04T20:02:27.280967+00:00,counter,marketdata.update.applied,1,"{""market"":""BTC-SYNTH""}"
2026-10-04T20:02:27.280978+00:00,counter,marketdata.update.applied,1,"{""market"":""BTC-SYNTH""}"
2026-10-04T20:02:27.281054+00:00,counter,marketdata.update.applied,1,"{""market"":""BTC-SYNTH""}"
2026-10-04T20:02:27.281074+00:00,counter,marketdata.update.applied,1,"{""market"":""BTC-SYNTH""}"
2026-10-04T20:02:27.406543+00:00,gauge,pricing.slices.attempted,3.0,"{""market"":""BTC-SYNTH"",""producer"":""svi-scipy""}"
2026-10-04T20:02:27.406570+00:00,gauge,pricing.slices.accepted,3.0,"{""market"":""BTC-SYNTH"",""producer"":""svi-scipy""}"
2026-10-04T20:02:27.406638+00:00,gauge,pricing.rmse_vol_bp,30.364271472121928,"{""market"":""BTC-SYNTH"",""producer"":""svi-scipy""}"
2026-10-04T20:02:27.406647+00:00,timing,pricing.cycle_ms,125.15799999999999,"{""market"":""BTC-SYNTH"",""producer"":""svi-scipy""}"
2026-10-04T20:02:27.406895+00:00,counter,bus.published,1,"{""topic"":""surface.BTC-SYNTH.svi-scipy""}"
2026-10-04T20:02:27.406924+00:00,counter,runner.handled,1,"{""subscriber"":""svi-scipy@BTC-SYNTH""}"
2026-10-04T20:02:27.407026+00:00,counter,risk.surface.received,1,"{""market"":""BTC-SYNTH"",""producer"":""svi-scipy"",""status"":""OK""}"
2026-10-04T20:02:27.407046+00:00,timing,risk.surface.snapshot_to_surface_ms,2050.317,"{""market"":""BTC-SYNTH"",""producer"":""svi-scipy""}"
2026-10-04T20:02:27.407056+00:00,timing,risk.surface.delivery_lag_ms,0.521,"{""market"":""BTC-SYNTH"",""producer"":""svi-scipy""}"
2026-10-04T20:02:27.407069+00:00,gauge,risk.surface_age_seconds,2.050848,"{""market"":""BTC-SYNTH"",""producer"":""svi-scipy""}"
2026-10-04T20:02:27.407076+00:00,counter,risk.report.freshness,1,"{""decision"":""NORMAL"",""market"":""BTC-SYNTH"",""producer"":""svi-scipy""}"
2026-10-04T20:02:27.407112+00:00,gauge,risk.surface_age_seconds,9.051127,"{""market"":""BTC-SYNTH"",""producer"":""mlp-torch""}"
2026-10-04T20:02:27.407118+00:00,counter,risk.report.freshness,1,"{""decision"":""NORMAL"",""market"":""BTC-SYNTH"",""producer"":""mlp-torch""}"
2026-10-04T20:02:27.407255+00:00,gauge,risk.comparison.value_diff,250.39407840806962,"{""baseline"":""svi-scipy"",""challenger"":""mlp-torch"",""market"":""BTC-SYNTH""}"
2026-10-04T20:02:27.407264+00:00,gauge,risk.comparison.distance_rms_vol_bp,50.12506540818088,"{""baseline"":""svi-scipy"",""challenger"":""mlp-torch"",""market"":""BTC-SYNTH""}"
2026-10-04T20:02:27.407271+00:00,gauge,risk.comparison.distance_max_vol_bp,128.69319417501356,"{""baseline"":""svi-scipy"",""challenger"":""mlp-torch"",""market"":""BTC-SYNTH""}"
2026-10-04T20:02:27.407280+00:00,gauge,risk.surface_age_seconds,2.051062,"{""market"":""BTC-SYNTH"",""producer"":""svi-scipy""}"
2026-10-04T20:02:27.407286+00:00,counter,risk.report.freshness,1,"{""decision"":""NORMAL"",""market"":""BTC-SYNTH"",""producer"":""svi-scipy""}"
2026-10-04T20:02:27.407305+00:00,counter,runner.handled,1,"{""subscriber"":""risk-svi-scipy@BTC-SYNTH""}"
2026-10-04T20:02:28.281248+00:00,counter,marketdata.snapshot.published,1,"{""market"":""BTC-SYNTH""}"
2026-10-04T20:02:28.281291+00:00,gauge,marketdata.clock_skew_seconds,-1.925513,"{""market"":""BTC-SYNTH""}"
2026-10-04T20:02:28.281308+00:00,gauge,marketdata.coverage_ratio,0.9848484848484849,"{""market"":""BTC-SYNTH""}"
2026-10-04T20:02:28.281321+00:00,gauge,marketdata.max_age_seconds,2.023175,"{""market"":""BTC-SYNTH""}"
2026-10-04T20:02:28.281336+00:00,counter,pipeline.heartbeat.emitted,1,"{""market"":""BTC-SYNTH""}"
2026-10-04T20:02:28.281354+00:00,counter,bus.published,1,"{""topic"":""snapshot.BTC-SYNTH""}"
2026-10-04T20:02:28.281373+00:00,counter,bus.dropped,1,"{""subscriber"":""mlp-torch@BTC-SYNTH"",""topic"":""snapshot.BTC-SYNTH""}"
2026-10-04T20:02:28.281619+00:00,counter,marketdata.update.applied,1,"{""market"":""BTC-SYNTH""}"
2026-10-04T20:02:28.281660+00:00,counter,marketdata.update.applied,1,"{""market"":""BTC-SYNTH""}"
2026-10-04T20:02:28.281693+00:00,counter,marketdata.update.applied,1,"{""market"":""BTC-SYNTH""}"
2026-10-04T20:02:28.281721+00:00,counter,marketdata.update.applied,1,"{""market"":""BTC-SYNTH""}"
2026-10-04T20:02:28.281750+00:00,counter,marketdata.update.applied,1,"{""market"":""BTC-SYNTH""}"
2026-10-04T20:02:28.281775+00:00,counter,marketdata.update.applied,1,"{""market"":""BTC-SYNTH""}"
2026-10-04T20:02:28.281803+00:00,counter,marketdata.update.applied,1,"{""market"":""BTC-SYNTH""}"
2026-10-04T20:02:28.281827+00:00,counter,marketdata.update.applied,1,"{""market"":""BTC-SYNTH""}"
2026-10-04T20:02:28.281853+00:00,counter,marketdata.update.applied,1,"{""market"":""BTC-SYNTH""}"
2026-10-04T20:02:28.281877+00:00,counter,marketdata.update.applied,1,"{""market"":""BTC-SYNTH""}"
2026-10-04T20:02:28.281904+00:00,counter,marketdata.update.applied,1,"{""market"":""BTC-SYNTH""}"
2026-10-04T20:02:28.281928+00:00,counter,marketdata.update.applied,1,"{""market"":""BTC-SYNTH""}"
2026-10-04T20:02:28.281955+00:00,counter,marketdata.update.applied,1,"{""market"":""BTC-SYNTH""}"
2026-10-04T20:02:28.281978+00:00,counter,marketdata.update.applied,1,"{""market"":""BTC-SYNTH""}"
2026-10-04T20:02:28.282005+00:00,counter,marketdata.update.applied,1,"{""market"":""BTC-SYNTH""}"
2026-10-04T20:02:28.282028+00:00,counter,marketdata.update.applied,1,"{""market"":""BTC-SYNTH""}"
2026-10-04T20:02:28.282103+00:00,counter,marketdata.update.applied,1,"{""market"":""BTC-SYNTH""}"
2026-10-04T20:02:28.282134+00:00,counter,marketdata.update.applied,1,"{""market"":""BTC-SYNTH""}"
2026-10-04T20:02:28.282163+00:00,counter,marketdata.update.applied,1,"{""market"":""BTC-SYNTH""}"
2026-10-04T20:02:28.282187+00:00,counter,marketdata.update.applied,1,"{""market"":""BTC-SYNTH""}"
2026-10-04T20:02:28.282213+00:00,counter,marketdata.update.applied,1,"{""market"":""BTC-SYNTH""}"
2026-10-04T20:02:28.282236+00:00,counter,marketdata.update.applied,1,"{""market"":""BTC-SYNTH""}"
2026-10-04T20:02:28.282273+00:00,counter,marketdata.update.applied,1,"{""market"":""BTC-SYNTH""}"
2026-10-04T20:02:28.282297+00:00,counter,marketdata.update.applied,1,"{""market"":""BTC-SYNTH""}"
2026-10-04T20:02:28.282323+00:00,counter,marketdata.update.applied,1,"{""market"":""BTC-SYNTH""}"
2026-10-04T20:02:28.282346+00:00,counter,marketdata.update.applied,1,"{""market"":""BTC-SYNTH""}"
2026-10-04T20:02:28.282372+00:00,counter,marketdata.update.applied,1,"{""market"":""BTC-SYNTH""}"
2026-10-04T20:02:28.282395+00:00,counter,marketdata.update.applied,1,"{""market"":""BTC-SYNTH""}"
2026-10-04T20:02:28.282420+00:00,counter,marketdata.update.applied,1,"{""market"":""BTC-SYNTH""}"
2026-10-04T20:02:28.282450+00:00,counter,marketdata.update.applied,1,"{""market"":""BTC-SYNTH""}"
2026-10-04T20:02:28.282476+00:00,counter,marketdata.update.applied,1,"{""market"":""BTC-SYNTH""}"
2026-10-04T20:02:28.282500+00:00,counter,marketdata.update.applied,1,"{""market"":""BTC-SYNTH""}"
2026-10-04T20:02:28.282526+00:00,counter,marketdata.update.applied,1,"{""market"":""BTC-SYNTH""}"
2026-10-04T20:02:28.282549+00:00,counter,marketdata.update.applied,1,"{""market"":""BTC-SYNTH""}"
2026-10-04T20:02:28.282580+00:00,counter,marketdata.update.applied,1,"{""market"":""BTC-SYNTH""}"
2026-10-04T20:02:28.282602+00:00,counter,marketdata.update.applied,1,"{""market"":""BTC-SYNTH""}"
2026-10-04T20:02:28.282626+00:00,counter,marketdata.update.applied,1,"{""market"":""BTC-SYNTH""}"
2026-10-04T20:02:28.282649+00:00,counter,marketdata.update.applied,1,"{""market"":""BTC-SYNTH""}"
2026-10-04T20:02:28.282674+00:00,counter,marketdata.update.applied,1,"{""market"":""BTC-SYNTH""}"
2026-10-04T20:02:28.282696+00:00,counter,marketdata.update.applied,1,"{""market"":""BTC-SYNTH""}"
2026-10-04T20:02:28.282720+00:00,counter,marketdata.update.applied,1,"{""market"":""BTC-SYNTH""}"
2026-10-04T20:02:28.282743+00:00,counter,marketdata.update.applied,1,"{""market"":""BTC-SYNTH""}"
2026-10-04T20:02:28.282772+00:00,counter,marketdata.update.applied,1,"{""market"":""BTC-SYNTH""}"
2026-10-04T20:02:28.282845+00:00,counter,marketdata.update.applied,1,"{""market"":""BTC-SYNTH""}"
2026-10-04T20:02:28.282882+00:00,counter,marketdata.update.applied,1,"{""market"":""BTC-SYNTH""}"
2026-10-04T20:02:28.282908+00:00,counter,marketdata.update.applied,1,"{""market"":""BTC-SYNTH""}"
2026-10-04T20:02:28.282934+00:00,counter,marketdata.update.applied,1,"{""market"":""BTC-SYNTH""}"
2026-10-04T20:02:28.282957+00:00,counter,marketdata.update.applied,1,"{""market"":""BTC-SYNTH""}"
2026-10-04T20:02:28.283063+00:00,counter,marketdata.update.applied,1,"{""market"":""BTC-SYNTH""}"
2026-10-04T20:02:28.283095+00:00,counter,marketdata.update.applied,1,"{""market"":""BTC-SYNTH""}"
2026-10-04T20:02:28.283124+00:00,counter,marketdata.update.applied,1,"{""market"":""BTC-SYNTH""}"
2026-10-04T20:02:28.283149+00:00,counter,marketdata.update.applied,1,"{""market"":""BTC-SYNTH""}"
2026-10-04T20:02:28.283175+00:00,counter,marketdata.update.applied,1,"{""market"":""BTC-SYNTH""}"
2026-10-04T20:02:28.283199+00:00,counter,marketdata.update.applied,1,"{""market"":""BTC-SYNTH""}"
2026-10-04T20:02:28.283225+00:00,counter,marketdata.update.applied,1,"{""market"":""BTC-SYNTH""}"
2026-10-04T20:02:28.283248+00:00,counter,marketdata.update.applied,1,"{""market"":""BTC-SYNTH""}"
2026-10-04T20:02:28.283279+00:00,counter,marketdata.update.applied,1,"{""market"":""BTC-SYNTH""}"
2026-10-04T20:02:28.283303+00:00,counter,marketdata.update.applied,1,"{""market"":""BTC-SYNTH""}"
2026-10-04T20:02:28.283329+00:00,counter,marketdata.update.applied,1,"{""market"":""BTC-SYNTH""}"
2026-10-04T20:02:28.283354+00:00,counter,marketdata.update.applied,1,"{""market"":""BTC-SYNTH""}"
2026-10-04T20:02:28.283379+00:00,counter,marketdata.update.applied,1,"{""market"":""BTC-SYNTH""}"
2026-10-04T20:02:28.283402+00:00,counter,marketdata.update.applied,1,"{""market"":""BTC-SYNTH""}"
2026-10-04T20:02:28.283427+00:00,counter,marketdata.update.applied,1,"{""market"":""BTC-SYNTH""}"
2026-10-04T20:02:28.283449+00:00,counter,marketdata.update.applied,1,"{""market"":""BTC-SYNTH""}"
2026-10-04T20:02:28.283474+00:00,counter,marketdata.update.applied,1,"{""market"":""BTC-SYNTH""}"
2026-10-04T20:02:28.283497+00:00,counter,marketdata.update.applied,1,"{""market"":""BTC-SYNTH""}"
2026-10-04T20:02:28.456944+00:00,gauge,pricing.slices.attempted,3.0,"{""market"":""BTC-SYNTH"",""producer"":""svi-scipy""}"
2026-10-04T20:02:28.456980+00:00,gauge,pricing.slices.accepted,3.0,"{""market"":""BTC-SYNTH"",""producer"":""svi-scipy""}"
2026-10-04T20:02:28.457058+00:00,gauge,pricing.rmse_vol_bp,41.22285606571098,"{""market"":""BTC-SYNTH"",""producer"":""svi-scipy""}"
2026-10-04T20:02:28.457069+00:00,timing,pricing.cycle_ms,173.292,"{""market"":""BTC-SYNTH"",""producer"":""svi-scipy""}"
2026-10-04T20:02:28.457524+00:00,counter,bus.published,1,"{""topic"":""surface.BTC-SYNTH.svi-scipy""}"
2026-10-04T20:02:28.457559+00:00,counter,runner.handled,1,"{""subscriber"":""svi-scipy@BTC-SYNTH""}"
2026-10-04T20:02:28.457675+00:00,counter,risk.surface.received,1,"{""market"":""BTC-SYNTH"",""producer"":""svi-scipy"",""status"":""OK""}"
2026-10-04T20:02:28.457692+00:00,timing,risk.surface.snapshot_to_surface_ms,2101.896,"{""market"":""BTC-SYNTH"",""producer"":""svi-scipy""}"
2026-10-04T20:02:28.457702+00:00,timing,risk.surface.delivery_lag_ms,0.768,"{""market"":""BTC-SYNTH"",""producer"":""svi-scipy""}"
2026-10-04T20:02:28.457717+00:00,gauge,risk.surface_age_seconds,2.102675,"{""market"":""BTC-SYNTH"",""producer"":""svi-scipy""}"
2026-10-04T20:02:28.457724+00:00,counter,risk.report.freshness,1,"{""decision"":""NORMAL"",""market"":""BTC-SYNTH"",""producer"":""svi-scipy""}"
2026-10-04T20:02:28.457767+00:00,gauge,risk.surface_age_seconds,10.101783,"{""market"":""BTC-SYNTH"",""producer"":""mlp-torch""}"
2026-10-04T20:02:28.457775+00:00,counter,risk.report.freshness,1,"{""decision"":""NORMAL"",""market"":""BTC-SYNTH"",""producer"":""mlp-torch""}"
2026-10-04T20:02:28.457933+00:00,gauge,risk.comparison.value_diff,239.8587859151994,"{""baseline"":""svi-scipy"",""challenger"":""mlp-torch"",""market"":""BTC-SYNTH""}"
2026-10-04T20:02:28.457943+00:00,gauge,risk.comparison.distance_rms_vol_bp,140.49155081719996,"{""baseline"":""svi-scipy"",""challenger"":""mlp-torch"",""market"":""BTC-SYNTH""}"
2026-10-04T20:02:28.457950+00:00,gauge,risk.comparison.distance_max_vol_bp,519.0593575107383,"{""baseline"":""svi-scipy"",""challenger"":""mlp-torch"",""market"":""BTC-SYNTH""}"
2026-10-04T20:02:28.457961+00:00,gauge,risk.surface_age_seconds,2.102922,"{""market"":""BTC-SYNTH"",""producer"":""svi-scipy""}"
2026-10-04T20:02:28.457967+00:00,counter,risk.report.freshness,1,"{""decision"":""NORMAL"",""market"":""BTC-SYNTH"",""producer"":""svi-scipy""}"
2026-10-04T20:02:28.457986+00:00,counter,runner.handled,1,"{""subscriber"":""risk-svi-scipy@BTC-SYNTH""}"
2026-10-04T20:02:28.658235+00:00,gauge,neural.butterfly_violation,0.0,"{""market"":""BTC-SYNTH""}"
2026-10-04T20:02:28.658266+00:00,gauge,neural.calendar_violation,0.0,"{""market"":""BTC-SYNTH""}"
2026-10-04T20:02:28.658276+00:00,counter,neural.restart,1,"{""market"":""BTC-SYNTH""}"
2026-10-04T20:02:28.658509+00:00,gauge,neural.restart.drift_vol_bp,14.008500958448208,"{""market"":""BTC-SYNTH"",""producer"":""mlp-torch""}"
2026-10-04T20:02:28.712310+00:00,gauge,neural.rmse_vol_bp,47.50137879910706,"{""market"":""BTC-SYNTH"",""producer"":""mlp-torch""}"
2026-10-04T20:02:28.712811+00:00,counter,bus.published,1,"{""topic"":""surface.BTC-SYNTH.mlp-torch""}"
2026-10-04T20:02:28.712857+00:00,counter,runner.handled,1,"{""subscriber"":""mlp-torch@BTC-SYNTH""}"
2026-10-04T20:02:28.713070+00:00,counter,risk.surface.received,1,"{""market"":""BTC-SYNTH"",""producer"":""mlp-torch"",""status"":""OK""}"
2026-10-04T20:02:28.713113+00:00,timing,risk.surface.snapshot_to_surface_ms,9303.876,"{""market"":""BTC-SYNTH"",""producer"":""mlp-torch""}"
2026-10-04T20:02:28.713137+00:00,timing,risk.surface.delivery_lag_ms,55.292,"{""market"":""BTC-SYNTH"",""producer"":""mlp-torch""}"
2026-10-04T20:02:28.713166+00:00,gauge,risk.surface_age_seconds,2.358122,"{""market"":""BTC-SYNTH"",""producer"":""svi-scipy""}"
2026-10-04T20:02:28.713178+00:00,counter,risk.report.freshness,1,"{""decision"":""NORMAL"",""market"":""BTC-SYNTH"",""producer"":""svi-scipy""}"
2026-10-04T20:02:28.713246+00:00,gauge,risk.surface_age_seconds,9.359276,"{""market"":""BTC-SYNTH"",""producer"":""mlp-torch""}"
2026-10-04T20:02:28.713259+00:00,counter,risk.report.freshness,1,"{""decision"":""NORMAL"",""market"":""BTC-SYNTH"",""producer"":""mlp-torch""}"
2026-10-04T20:02:28.713471+00:00,gauge,risk.comparison.value_diff,176.35598081746866,"{""baseline"":""svi-scipy"",""challenger"":""mlp-torch"",""market"":""BTC-SYNTH""}"
2026-10-04T20:02:28.713487+00:00,gauge,risk.comparison.distance_rms_vol_bp,140.66254027488648,"{""baseline"":""svi-scipy"",""challenger"":""mlp-torch"",""market"":""BTC-SYNTH""}"
2026-10-04T20:02:28.713501+00:00,gauge,risk.comparison.distance_max_vol_bp,540.3497772568011,"{""baseline"":""svi-scipy"",""challenger"":""mlp-torch"",""market"":""BTC-SYNTH""}"
2026-10-04T20:02:28.713519+00:00,gauge,risk.surface_age_seconds,9.359549,"{""market"":""BTC-SYNTH"",""producer"":""mlp-torch""}"
2026-10-04T20:02:28.713530+00:00,counter,risk.report.freshness,1,"{""decision"":""NORMAL"",""market"":""BTC-SYNTH"",""producer"":""mlp-torch""}"
2026-10-04T20:02:28.713561+00:00,counter,runner.handled,1,"{""subscriber"":""risk-mlp-torch@BTC-SYNTH""}"
2026-10-04T20:02:28.714716+00:00,gauge,neural.buffer.size,627.0,"{""market"":""BTC-SYNTH""}"
2026-10-04T20:02:28.714741+00:00,gauge,neural.buffer.cell_coverage,1.0,"{""market"":""BTC-SYNTH""}"
2026-10-04T20:02:28.742939+00:00,gauge,neural.butterfly_violation,0.0,"{""market"":""BTC-SYNTH""}"
2026-10-04T20:02:28.742989+00:00,gauge,neural.calendar_violation,0.0,"{""market"":""BTC-SYNTH""}"
2026-10-04T20:02:28.743806+00:00,gauge,neural.rmse_vol_bp,51.525676327860644,"{""market"":""BTC-SYNTH"",""producer"":""mlp-torch""}"
2026-10-04T20:02:28.744030+00:00,counter,bus.published,1,"{""topic"":""surface.BTC-SYNTH.mlp-torch""}"
2026-10-04T20:02:28.744071+00:00,counter,runner.handled,1,"{""subscriber"":""mlp-torch@BTC-SYNTH""}"
2026-10-04T20:02:28.744208+00:00,counter,risk.surface.received,1,"{""market"":""BTC-SYNTH"",""producer"":""mlp-torch"",""status"":""OK""}"
2026-10-04T20:02:28.744231+00:00,timing,risk.surface.snapshot_to_surface_ms,2387.259,"{""market"":""BTC-SYNTH"",""producer"":""mlp-torch""}"
2026-10-04T20:02:28.744247+00:00,timing,risk.surface.delivery_lag_ms,1.949,"{""market"":""BTC-SYNTH"",""producer"":""mlp-torch""}"
2026-10-04T20:02:28.744306+00:00,gauge,risk.surface_age_seconds,2.38926,"{""market"":""BTC-SYNTH"",""producer"":""svi-scipy""}"
2026-10-04T20:02:28.744363+00:00,counter,risk.report.freshness,1,"{""decision"":""NORMAL"",""market"":""BTC-SYNTH"",""producer"":""svi-scipy""}"
2026-10-04T20:02:28.744457+00:00,gauge,risk.surface_age_seconds,2.389416,"{""market"":""BTC-SYNTH"",""producer"":""mlp-torch""}"
2026-10-04T20:02:28.744471+00:00,counter,risk.report.freshness,1,"{""decision"":""NORMAL"",""market"":""BTC-SYNTH"",""producer"":""mlp-torch""}"
2026-10-04T20:02:28.744665+00:00,gauge,risk.comparison.value_diff,-4.535472954266879,"{""baseline"":""svi-scipy"",""challenger"":""mlp-torch"",""market"":""BTC-SYNTH""}"
2026-10-04T20:02:28.744682+00:00,gauge,risk.comparison.distance_rms_vol_bp,133.44653817069258,"{""baseline"":""svi-scipy"",""challenger"":""mlp-torch"",""market"":""BTC-SYNTH""}"
2026-10-04T20:02:28.744697+00:00,gauge,risk.comparison.distance_max_vol_bp,539.7735615650912,"{""baseline"":""svi-scipy"",""challenger"":""mlp-torch"",""market"":""BTC-SYNTH""}"
2026-10-04T20:02:28.744719+00:00,gauge,risk.surface_age_seconds,2.389678,"{""market"":""BTC-SYNTH"",""producer"":""mlp-torch""}"
2026-10-04T20:02:28.744731+00:00,counter,risk.report.freshness,1,"{""decision"":""NORMAL"",""market"":""BTC-SYNTH"",""producer"":""mlp-torch""}"
2026-10-04T20:02:28.744764+00:00,counter,runner.handled,1,"{""subscriber"":""risk-mlp-torch@BTC-SYNTH""}"
2026-10-04T20:02:29.308764+00:00,counter,marketdata.snapshot.published,1,"{""market"":""BTC-SYNTH""}"
2026-10-04T20:02:29.308797+00:00,gauge,marketdata.clock_skew_seconds,-1.952715,"{""market"":""BTC-SYNTH""}"
2026-10-04T20:02:29.308803+00:00,gauge,marketdata.coverage_ratio,1.0,"{""market"":""BTC-SYNTH""}"
2026-10-04T20:02:29.308808+00:00,gauge,marketdata.max_age_seconds,3601.956021,"{""market"":""BTC-SYNTH""}"
2026-10-04T20:02:29.308814+00:00,counter,pipeline.heartbeat.emitted,1,"{""market"":""BTC-SYNTH""}"
2026-10-04T20:02:29.308823+00:00,counter,bus.published,1,"{""topic"":""snapshot.BTC-SYNTH""}"
2026-10-04T20:02:29.308885+00:00,counter,marketdata.update.applied,1,"{""market"":""BTC-SYNTH""}"
2026-10-04T20:02:29.308900+00:00,counter,marketdata.update.applied,1,"{""market"":""BTC-SYNTH""}"
2026-10-04T20:02:29.308912+00:00,counter,marketdata.update.applied,1,"{""market"":""BTC-SYNTH""}"
2026-10-04T20:02:29.308922+00:00,counter,marketdata.update.applied,1,"{""market"":""BTC-SYNTH""}"
2026-10-04T20:02:29.308932+00:00,counter,marketdata.update.applied,1,"{""market"":""BTC-SYNTH""}"
2026-10-04T20:02:29.308941+00:00,counter,marketdata.update.applied,1,"{""market"":""BTC-SYNTH""}"
2026-10-04T20:02:29.308951+00:00,counter,marketdata.update.applied,1,"{""market"":""BTC-SYNTH""}"
2026-10-04T20:02:29.308960+00:00,counter,marketdata.update.applied,1,"{""market"":""BTC-SYNTH""}"
2026-10-04T20:02:29.308969+00:00,counter,marketdata.update.applied,1,"{""market"":""BTC-SYNTH""}"
2026-10-04T20:02:29.308977+00:00,counter,marketdata.update.applied,1,"{""market"":""BTC-SYNTH""}"
2026-10-04T20:02:29.308987+00:00,counter,marketdata.update.applied,1,"{""market"":""BTC-SYNTH""}"
2026-10-04T20:02:29.308997+00:00,counter,marketdata.update.applied,1,"{""market"":""BTC-SYNTH""}"
2026-10-04T20:02:29.309007+00:00,counter,marketdata.update.applied,1,"{""market"":""BTC-SYNTH""}"
2026-10-04T20:02:29.309015+00:00,counter,marketdata.update.applied,1,"{""market"":""BTC-SYNTH""}"
2026-10-04T20:02:29.309024+00:00,counter,marketdata.update.applied,1,"{""market"":""BTC-SYNTH""}"
2026-10-04T20:02:29.309033+00:00,counter,marketdata.update.applied,1,"{""market"":""BTC-SYNTH""}"
2026-10-04T20:02:29.309042+00:00,counter,marketdata.update.applied,1,"{""market"":""BTC-SYNTH""}"
2026-10-04T20:02:29.309050+00:00,counter,marketdata.update.applied,1,"{""market"":""BTC-SYNTH""}"
2026-10-04T20:02:29.309059+00:00,counter,marketdata.update.applied,1,"{""market"":""BTC-SYNTH""}"
2026-10-04T20:02:29.309068+00:00,counter,marketdata.update.applied,1,"{""market"":""BTC-SYNTH""}"
2026-10-04T20:02:29.309078+00:00,counter,marketdata.update.applied,1,"{""market"":""BTC-SYNTH""}"
2026-10-04T20:02:29.309086+00:00,counter,marketdata.update.applied,1,"{""market"":""BTC-SYNTH""}"
2026-10-04T20:02:29.309097+00:00,counter,marketdata.update.applied,1,"{""market"":""BTC-SYNTH""}"
2026-10-04T20:02:29.309105+00:00,counter,marketdata.update.applied,1,"{""market"":""BTC-SYNTH""}"
2026-10-04T20:02:29.309114+00:00,counter,marketdata.update.applied,1,"{""market"":""BTC-SYNTH""}"
2026-10-04T20:02:29.309123+00:00,counter,marketdata.update.applied,1,"{""market"":""BTC-SYNTH""}"
2026-10-04T20:02:29.309132+00:00,counter,marketdata.update.applied,1,"{""market"":""BTC-SYNTH""}"
2026-10-04T20:02:29.309141+00:00,counter,marketdata.update.applied,1,"{""market"":""BTC-SYNTH""}"
2026-10-04T20:02:29.309149+00:00,counter,marketdata.update.applied,1,"{""market"":""BTC-SYNTH""}"
2026-10-04T20:02:29.309158+00:00,counter,marketdata.update.applied,1,"{""market"":""BTC-SYNTH""}"
2026-10-04T20:02:29.309167+00:00,counter,marketdata.update.applied,1,"{""market"":""BTC-SYNTH""}"
2026-10-04T20:02:29.309175+00:00,counter,marketdata.update.applied,1,"{""market"":""BTC-SYNTH""}"
2026-10-04T20:02:29.309183+00:00,counter,marketdata.update.applied,1,"{""market"":""BTC-SYNTH""}"
2026-10-04T20:02:29.309192+00:00,counter,marketdata.update.applied,1,"{""market"":""BTC-SYNTH""}"
2026-10-04T20:02:29.309201+00:00,counter,marketdata.update.applied,1,"{""market"":""BTC-SYNTH""}"
2026-10-04T20:02:29.309209+00:00,counter,marketdata.update.applied,1,"{""market"":""BTC-SYNTH""}"
2026-10-04T20:02:29.309218+00:00,counter,marketdata.update.applied,1,"{""market"":""BTC-SYNTH""}"
2026-10-04T20:02:29.309226+00:00,counter,marketdata.update.applied,1,"{""market"":""BTC-SYNTH""}"
2026-10-04T20:02:29.309235+00:00,counter,marketdata.update.applied,1,"{""market"":""BTC-SYNTH""}"
2026-10-04T20:02:29.309244+00:00,counter,marketdata.update.applied,1,"{""market"":""BTC-SYNTH""}"
2026-10-04T20:02:29.309253+00:00,counter,marketdata.update.applied,1,"{""market"":""BTC-SYNTH""}"
2026-10-04T20:02:29.309261+00:00,counter,marketdata.update.applied,1,"{""market"":""BTC-SYNTH""}"
2026-10-04T20:02:29.309271+00:00,counter,marketdata.update.applied,1,"{""market"":""BTC-SYNTH""}"
2026-10-04T20:02:29.309279+00:00,counter,marketdata.update.applied,1,"{""market"":""BTC-SYNTH""}"
2026-10-04T20:02:29.309288+00:00,counter,marketdata.update.applied,1,"{""market"":""BTC-SYNTH""}"
2026-10-04T20:02:29.309296+00:00,counter,marketdata.update.applied,1,"{""market"":""BTC-SYNTH""}"
2026-10-04T20:02:29.309305+00:00,counter,marketdata.update.applied,1,"{""market"":""BTC-SYNTH""}"
2026-10-04T20:02:29.309313+00:00,counter,marketdata.update.applied,1,"{""market"":""BTC-SYNTH""}"
2026-10-04T20:02:29.309322+00:00,counter,marketdata.update.applied,1,"{""market"":""BTC-SYNTH""}"
2026-10-04T20:02:29.309330+00:00,counter,marketdata.update.applied,1,"{""market"":""BTC-SYNTH""}"
2026-10-04T20:02:29.309340+00:00,counter,marketdata.update.applied,1,"{""market"":""BTC-SYNTH""}"
2026-10-04T20:02:29.309349+00:00,counter,marketdata.update.applied,1,"{""market"":""BTC-SYNTH""}"
2026-10-04T20:02:29.309358+00:00,counter,marketdata.update.applied,1,"{""market"":""BTC-SYNTH""}"
2026-10-04T20:02:29.309366+00:00,counter,marketdata.update.applied,1,"{""market"":""BTC-SYNTH""}"
2026-10-04T20:02:29.309375+00:00,counter,marketdata.update.applied,1,"{""market"":""BTC-SYNTH""}"
2026-10-04T20:02:29.309383+00:00,counter,marketdata.update.applied,1,"{""market"":""BTC-SYNTH""}"
2026-10-04T20:02:29.309401+00:00,counter,marketdata.update.applied,1,"{""market"":""BTC-SYNTH""}"
2026-10-04T20:02:29.309411+00:00,counter,marketdata.update.applied,1,"{""market"":""BTC-SYNTH""}"
2026-10-04T20:02:29.309421+00:00,counter,marketdata.update.applied,1,"{""market"":""BTC-SYNTH""}"
2026-10-04T20:02:29.309429+00:00,counter,marketdata.update.applied,1,"{""market"":""BTC-SYNTH""}"
2026-10-04T20:02:29.309438+00:00,counter,marketdata.update.applied,1,"{""market"":""BTC-SYNTH""}"
2026-10-04T20:02:29.309464+00:00,counter,marketdata.update.applied,1,"{""market"":""BTC-SYNTH""}"
2026-10-04T20:02:29.309477+00:00,counter,marketdata.update.applied,1,"{""market"":""BTC-SYNTH""}"
2026-10-04T20:02:29.309487+00:00,counter,marketdata.update.applied,1,"{""market"":""BTC-SYNTH""}"
2026-10-04T20:02:29.309545+00:00,counter,marketdata.update.applied,1,"{""market"":""BTC-SYNTH""}"
2026-10-04T20:02:29.309557+00:00,counter,marketdata.update.applied,1,"{""market"":""BTC-SYNTH""}"
2026-10-04T20:02:29.311475+00:00,gauge,neural.buffer.size,660.0,"{""market"":""BTC-SYNTH""}"
2026-10-04T20:02:29.311487+00:00,gauge,neural.buffer.cell_coverage,1.0,"{""market"":""BTC-SYNTH""}"
2026-10-04T20:02:29.576660+00:00,gauge,pricing.slices.attempted,3.0,"{""market"":""BTC-SYNTH"",""producer"":""svi-scipy""}"
2026-10-04T20:02:29.576694+00:00,gauge,pricing.slices.accepted,3.0,"{""market"":""BTC-SYNTH"",""producer"":""svi-scipy""}"
2026-10-04T20:02:29.576772+00:00,gauge,pricing.rmse_vol_bp,35.1761199596579,"{""market"":""BTC-SYNTH"",""producer"":""svi-scipy""}"
2026-10-04T20:02:29.576783+00:00,timing,pricing.cycle_ms,266.955,"{""market"":""BTC-SYNTH"",""producer"":""svi-scipy""}"
2026-10-04T20:02:29.577096+00:00,counter,bus.published,1,"{""topic"":""surface.BTC-SYNTH.svi-scipy""}"
2026-10-04T20:02:29.577120+00:00,counter,runner.handled,1,"{""subscriber"":""svi-scipy@BTC-SYNTH""}"
2026-10-04T20:02:29.577220+00:00,counter,risk.surface.received,1,"{""market"":""BTC-SYNTH"",""producer"":""svi-scipy"",""status"":""OK""}"
2026-10-04T20:02:29.577235+00:00,timing,risk.surface.snapshot_to_surface_ms,2221.0,"{""market"":""BTC-SYNTH"",""producer"":""svi-scipy""}"
2026-10-04T20:02:29.577243+00:00,timing,risk.surface.delivery_lag_ms,0.594,"{""market"":""BTC-SYNTH"",""producer"":""svi-scipy""}"
2026-10-04T20:02:29.577265+00:00,gauge,risk.surface_age_seconds,2.221604,"{""market"":""BTC-SYNTH"",""producer"":""svi-scipy""}"
2026-10-04T20:02:29.577275+00:00,counter,risk.report.freshness,1,"{""decision"":""NORMAL"",""market"":""BTC-SYNTH"",""producer"":""svi-scipy""}"
2026-10-04T20:02:29.577328+00:00,gauge,risk.surface_age_seconds,3.22229,"{""market"":""BTC-SYNTH"",""producer"":""mlp-torch""}"
2026-10-04T20:02:29.577336+00:00,counter,risk.report.freshness,1,"{""decision"":""NORMAL"",""market"":""BTC-SYNTH"",""producer"":""mlp-torch""}"
2026-10-04T20:02:29.577489+00:00,gauge,risk.comparison.value_diff,-71.9182625775029,"{""baseline"":""svi-scipy"",""challenger"":""mlp-torch"",""market"":""BTC-SYNTH""}"
2026-10-04T20:02:29.577499+00:00,gauge,risk.comparison.distance_rms_vol_bp,188.37814658166786,"{""baseline"":""svi-scipy"",""challenger"":""mlp-torch"",""market"":""BTC-SYNTH""}"
2026-10-04T20:02:29.577506+00:00,gauge,risk.comparison.distance_max_vol_bp,1178.037828917281,"{""baseline"":""svi-scipy"",""challenger"":""mlp-torch"",""market"":""BTC-SYNTH""}"
2026-10-04T20:02:29.577516+00:00,gauge,risk.surface_age_seconds,2.221865,"{""market"":""BTC-SYNTH"",""producer"":""svi-scipy""}"
2026-10-04T20:02:29.577522+00:00,counter,risk.report.freshness,1,"{""decision"":""NORMAL"",""market"":""BTC-SYNTH"",""producer"":""svi-scipy""}"
2026-10-04T20:02:29.577541+00:00,counter,runner.handled,1,"{""subscriber"":""risk-svi-scipy@BTC-SYNTH""}"
2026-10-04T20:02:29.593591+00:00,gauge,neural.butterfly_violation,0.0,"{""market"":""BTC-SYNTH""}"
2026-10-04T20:02:29.593614+00:00,gauge,neural.calendar_violation,0.0,"{""market"":""BTC-SYNTH""}"
2026-10-04T20:02:29.594033+00:00,gauge,neural.rmse_vol_bp,42.92034271388534,"{""market"":""BTC-SYNTH"",""producer"":""mlp-torch""}"
2026-10-04T20:02:29.594364+00:00,counter,bus.published,1,"{""topic"":""surface.BTC-SYNTH.mlp-torch""}"
2026-10-04T20:02:29.594403+00:00,counter,runner.handled,1,"{""subscriber"":""mlp-torch@BTC-SYNTH""}"
2026-10-04T20:02:29.594523+00:00,counter,risk.surface.received,1,"{""market"":""BTC-SYNTH"",""producer"":""mlp-torch"",""status"":""OK""}"
2026-10-04T20:02:29.594545+00:00,timing,risk.surface.snapshot_to_surface_ms,2237.6059999999998,"{""market"":""BTC-SYNTH"",""producer"":""mlp-torch""}"
2026-10-04T20:02:29.594561+00:00,timing,risk.surface.delivery_lag_ms,1.304,"{""market"":""BTC-SYNTH"",""producer"":""mlp-torch""}"
2026-10-04T20:02:29.594586+00:00,gauge,risk.surface_age_seconds,2.238926,"{""market"":""BTC-SYNTH"",""producer"":""svi-scipy""}"
2026-10-04T20:02:29.594597+00:00,counter,risk.report.freshness,1,"{""decision"":""NORMAL"",""market"":""BTC-SYNTH"",""producer"":""svi-scipy""}"
2026-10-04T20:02:29.594646+00:00,gauge,risk.surface_age_seconds,2.238994,"{""market"":""BTC-SYNTH"",""producer"":""mlp-torch""}"
2026-10-04T20:02:29.594659+00:00,counter,risk.report.freshness,1,"{""decision"":""NORMAL"",""market"":""BTC-SYNTH"",""producer"":""mlp-torch""}"
2026-10-04T20:02:29.594816+00:00,gauge,risk.comparison.value_diff,-52.678959227861924,"{""baseline"":""svi-scipy"",""challenger"":""mlp-torch"",""market"":""BTC-SYNTH""}"
2026-10-04T20:02:29.594831+00:00,gauge,risk.comparison.distance_rms_vol_bp,214.5750932170907,"{""baseline"":""svi-scipy"",""challenger"":""mlp-torch"",""market"":""BTC-SYNTH""}"
2026-10-04T20:02:29.594909+00:00,gauge,risk.comparison.distance_max_vol_bp,1199.5349728700821,"{""baseline"":""svi-scipy"",""challenger"":""mlp-torch"",""market"":""BTC-SYNTH""}"
2026-10-04T20:02:29.594933+00:00,gauge,risk.surface_age_seconds,2.239275,"{""market"":""BTC-SYNTH"",""producer"":""mlp-torch""}"
2026-10-04T20:02:29.594944+00:00,counter,risk.report.freshness,1,"{""decision"":""NORMAL"",""market"":""BTC-SYNTH"",""producer"":""mlp-torch""}"
2026-10-04T20:02:29.594977+00:00,counter,runner.handled,1,"{""subscriber"":""risk-mlp-torch@BTC-SYNTH""}"
2026-10-04T20:02:30.324868+00:00,counter,marketdata.snapshot.published,1,"{""market"":""BTC-SYNTH""}"
2026-10-04T20:02:30.324927+00:00,gauge,marketdata.clock_skew_seconds,-1.970295,"{""market"":""BTC-SYNTH""}"
2026-10-04T20:02:30.324948+00:00,gauge,marketdata.coverage_ratio,0.9848484848484849,"{""market"":""BTC-SYNTH""}"
2026-10-04T20:02:30.324964+00:00,gauge,marketdata.max_age_seconds,2.066907,"{""market"":""BTC-SYNTH""}"
2026-10-04T20:02:30.324982+00:00,counter,pipeline.heartbeat.emitted,1,"{""market"":""BTC-SYNTH""}"
2026-10-04T20:02:30.325006+00:00,counter,bus.published,1,"{""topic"":""snapshot.BTC-SYNTH""}"
2026-10-04T20:02:30.325153+00:00,counter,marketdata.update.applied,1,"{""market"":""BTC-SYNTH""}"
2026-10-04T20:02:30.325202+00:00,counter,marketdata.update.applied,1,"{""market"":""BTC-SYNTH""}"
2026-10-04T20:02:30.325249+00:00,counter,marketdata.update.applied,1,"{""market"":""BTC-SYNTH""}"
2026-10-04T20:02:30.325286+00:00,counter,marketdata.update.applied,1,"{""market"":""BTC-SYNTH""}"
2026-10-04T20:02:30.325324+00:00,counter,marketdata.update.applied,1,"{""market"":""BTC-SYNTH""}"
2026-10-04T20:02:30.325357+00:00,counter,marketdata.update.applied,1,"{""market"":""BTC-SYNTH""}"
2026-10-04T20:02:30.325396+00:00,counter,marketdata.update.applied,1,"{""market"":""BTC-SYNTH""}"
2026-10-04T20:02:30.325430+00:00,counter,marketdata.update.applied,1,"{""market"":""BTC-SYNTH""}"
2026-10-04T20:02:30.325466+00:00,counter,marketdata.update.applied,1,"{""market"":""BTC-SYNTH""}"
2026-10-04T20:02:30.325500+00:00,counter,marketdata.update.applied,1,"{""market"":""BTC-SYNTH""}"
2026-10-04T20:02:30.325537+00:00,counter,marketdata.update.applied,1,"{""market"":""BTC-SYNTH""}"
2026-10-04T20:02:30.325571+00:00,counter,marketdata.update.applied,1,"{""market"":""BTC-SYNTH""}"
2026-10-04T20:02:30.325606+00:00,counter,marketdata.update.applied,1,"{""market"":""BTC-SYNTH""}"
2026-10-04T20:02:30.325639+00:00,counter,marketdata.update.applied,1,"{""market"":""BTC-SYNTH""}"
2026-10-04T20:02:30.325675+00:00,counter,marketdata.update.applied,1,"{""market"":""BTC-SYNTH""}"
2026-10-04T20:02:30.325708+00:00,counter,marketdata.update.applied,1,"{""market"":""BTC-SYNTH""}"
2026-10-04T20:02:30.325742+00:00,counter,marketdata.update.applied,1,"{""market"":""BTC-SYNTH""}"
2026-10-04T20:02:30.325774+00:00,counter,marketdata.update.applied,1,"{""market"":""BTC-SYNTH""}"
2026-10-04T20:02:30.325810+00:00,counter,marketdata.update.applied,1,"{""market"":""BTC-SYNTH""}"
2026-10-04T20:02:30.325842+00:00,counter,marketdata.update.applied,1,"{""market"":""BTC-SYNTH""}"
2026-10-04T20:02:30.325876+00:00,counter,marketdata.update.applied,1,"{""market"":""BTC-SYNTH""}"
2026-10-04T20:02:30.325908+00:00,counter,marketdata.update.applied,1,"{""market"":""BTC-SYNTH""}"
2026-10-04T20:02:30.325946+00:00,counter,marketdata.update.applied,1,"{""market"":""BTC-SYNTH""}"
2026-10-04T20:02:30.326091+00:00,counter,marketdata.update.applied,1,"{""market"":""BTC-SYNTH""}"
2026-10-04T20:02:30.326168+00:00,counter,marketdata.update.applied,1,"{""market"":""BTC-SYNTH""}"
2026-10-04T20:02:30.326216+00:00,counter,marketdata.update.applied,1,"{""market"":""BTC-SYNTH""}"
2026-10-04T20:02:30.326258+00:00,counter,marketdata.update.applied,1,"{""market"":""BTC-SYNTH""}"
2026-10-04T20:02:30.326294+00:00,counter,marketdata.update.applied,1,"{""market"":""BTC-SYNTH""}"
2026-10-04T20:02:30.326332+00:00,counter,marketdata.update.applied,1,"{""market"":""BTC-SYNTH""}"
2026-10-04T20:02:30.326367+00:00,counter,marketdata.update.applied,1,"{""market"":""BTC-SYNTH""}"
2026-10-04T20:02:30.326424+00:00,counter,marketdata.update.applied,1,"{""market"":""BTC-SYNTH""}"
2026-10-04T20:02:30.326461+00:00,counter,marketdata.update.applied,1,"{""market"":""BTC-SYNTH""}"
2026-10-04T20:02:30.326499+00:00,counter,marketdata.update.applied,1,"{""market"":""BTC-SYNTH""}"
2026-10-04T20:02:30.326534+00:00,counter,marketdata.update.applied,1,"{""market"":""BTC-SYNTH""}"
2026-10-04T20:02:30.326572+00:00,counter,marketdata.update.applied,1,"{""market"":""BTC-SYNTH""}"
2026-10-04T20:02:30.326608+00:00,counter,marketdata.update.applied,1,"{""market"":""BTC-SYNTH""}"
2026-10-04T20:02:30.326646+00:00,counter,marketdata.update.applied,1,"{""market"":""BTC-SYNTH""}"
2026-10-04T20:02:30.326681+00:00,counter,marketdata.update.applied,1,"{""market"":""BTC-SYNTH""}"
2026-10-04T20:02:30.326730+00:00,counter,marketdata.update.applied,1,"{""market"":""BTC-SYNTH""}"
2026-10-04T20:02:30.326767+00:00,counter,marketdata.update.applied,1,"{""market"":""BTC-SYNTH""}"
2026-10-04T20:02:30.326805+00:00,counter,marketdata.update.applied,1,"{""market"":""BTC-SYNTH""}"
2026-10-04T20:02:30.326841+00:00,counter,marketdata.update.applied,1,"{""market"":""BTC-SYNTH""}"
2026-10-04T20:02:30.326881+00:00,counter,marketdata.update.applied,1,"{""market"":""BTC-SYNTH""}"
2026-10-04T20:02:30.326916+00:00,counter,marketdata.update.applied,1,"{""market"":""BTC-SYNTH""}"
2026-10-04T20:02:30.326956+00:00,counter,marketdata.update.applied,1,"{""market"":""BTC-SYNTH""}"
2026-10-04T20:02:30.326991+00:00,counter,marketdata.update.applied,1,"{""market"":""BTC-SYNTH""}"
2026-10-04T20:02:30.327030+00:00,counter,marketdata.update.applied,1,"{""market"":""BTC-SYNTH""}"
2026-10-04T20:02:30.327065+00:00,counter,marketdata.update.applied,1,"{""market"":""BTC-SYNTH""}"
2026-10-04T20:02:30.327104+00:00,counter,marketdata.update.applied,1,"{""market"":""BTC-SYNTH""}"
2026-10-04T20:02:30.327140+00:00,counter,marketdata.update.applied,1,"{""market"":""BTC-SYNTH""}"
2026-10-04T20:02:30.327206+00:00,counter,marketdata.update.applied,1,"{""market"":""BTC-SYNTH""}"
2026-10-04T20:02:30.327262+00:00,counter,marketdata.update.applied,1,"{""market"":""BTC-SYNTH""}"
2026-10-04T20:02:30.327306+00:00,counter,marketdata.update.applied,1,"{""market"":""BTC-SYNTH""}"
2026-10-04T20:02:30.327344+00:00,counter,marketdata.update.applied,1,"{""market"":""BTC-SYNTH""}"
2026-10-04T20:02:30.327387+00:00,counter,marketdata.update.applied,1,"{""market"":""BTC-SYNTH""}"
2026-10-04T20:02:30.327425+00:00,counter,marketdata.update.applied,1,"{""market"":""BTC-SYNTH""}"
2026-10-04T20:02:30.327466+00:00,counter,marketdata.update.applied,1,"{""market"":""BTC-SYNTH""}"
2026-10-04T20:02:30.327504+00:00,counter,marketdata.update.applied,1,"{""market"":""BTC-SYNTH""}"
2026-10-04T20:02:30.327545+00:00,counter,marketdata.update.applied,1,"{""market"":""BTC-SYNTH""}"
2026-10-04T20:02:30.327583+00:00,counter,marketdata.update.applied,1,"{""market"":""BTC-SYNTH""}"
2026-10-04T20:02:30.327623+00:00,counter,marketdata.update.applied,1,"{""market"":""BTC-SYNTH""}"
2026-10-04T20:02:30.327661+00:00,counter,marketdata.update.applied,1,"{""market"":""BTC-SYNTH""}"
2026-10-04T20:02:30.327702+00:00,counter,marketdata.update.applied,1,"{""market"":""BTC-SYNTH""}"
2026-10-04T20:02:30.327740+00:00,counter,marketdata.update.applied,1,"{""market"":""BTC-SYNTH""}"
2026-10-04T20:02:30.327780+00:00,counter,marketdata.update.applied,1,"{""market"":""BTC-SYNTH""}"
2026-10-04T20:02:30.327817+00:00,counter,marketdata.update.applied,1,"{""market"":""BTC-SYNTH""}"
2026-10-04T20:02:30.335179+00:00,gauge,neural.buffer.size,691.0,"{""market"":""BTC-SYNTH""}"
2026-10-04T20:02:30.335205+00:00,gauge,neural.buffer.cell_coverage,1.0,"{""market"":""BTC-SYNTH""}"
2026-10-04T20:02:30.335218+00:00,counter,neural.buffer.pruned,2,"{""market"":""BTC-SYNTH""}"
2026-10-04T20:02:31.154547+00:00,gauge,pricing.slices.attempted,3.0,"{""market"":""BTC-SYNTH"",""producer"":""svi-scipy""}"
2026-10-04T20:02:31.154582+00:00,gauge,pricing.slices.accepted,3.0,"{""market"":""BTC-SYNTH"",""producer"":""svi-scipy""}"
2026-10-04T20:02:31.154658+00:00,gauge,pricing.rmse_vol_bp,44.12804123824729,"{""market"":""BTC-SYNTH"",""producer"":""svi-scipy""}"
2026-10-04T20:02:31.154668+00:00,timing,pricing.cycle_ms,824.903,"{""market"":""BTC-SYNTH"",""producer"":""svi-scipy""}"
2026-10-04T20:02:31.155084+00:00,counter,bus.published,1,"{""topic"":""surface.BTC-SYNTH.svi-scipy""}"
2026-10-04T20:02:31.155235+00:00,counter,runner.handled,1,"{""subscriber"":""svi-scipy@BTC-SYNTH""}"
2026-10-04T20:02:31.155329+00:00,counter,risk.surface.received,1,"{""market"":""BTC-SYNTH"",""producer"":""svi-scipy"",""status"":""OK""}"
2026-10-04T20:02:31.155343+00:00,timing,risk.surface.snapshot_to_surface_ms,2800.989,"{""market"":""BTC-SYNTH"",""producer"":""svi-scipy""}"
2026-10-04T20:02:31.155351+00:00,timing,risk.surface.delivery_lag_ms,0.8140000000000001,"{""market"":""BTC-SYNTH"",""producer"":""svi-scipy""}"
2026-10-04T20:02:31.155374+00:00,gauge,risk.surface_age_seconds,2.801822,"{""market"":""BTC-SYNTH"",""producer"":""svi-scipy""}"
2026-10-04T20:02:31.155382+00:00,counter,risk.report.freshness,1,"{""decision"":""NORMAL"",""market"":""BTC-SYNTH"",""producer"":""svi-scipy""}"
2026-10-04T20:02:31.155433+00:00,gauge,risk.surface_age_seconds,3.799782,"{""market"":""BTC-SYNTH"",""producer"":""mlp-torch""}"
2026-10-04T20:02:31.155439+00:00,counter,risk.report.freshness,1,"{""decision"":""NORMAL"",""market"":""BTC-SYNTH"",""producer"":""mlp-torch""}"
2026-10-04T20:02:31.155568+00:00,gauge,risk.comparison.value_diff,-11.492116042321868,"{""baseline"":""svi-scipy"",""challenger"":""mlp-torch"",""market"":""BTC-SYNTH""}"
2026-10-04T20:02:31.155577+00:00,gauge,risk.comparison.distance_rms_vol_bp,108.29655080505489,"{""baseline"":""svi-scipy"",""challenger"":""mlp-torch"",""market"":""BTC-SYNTH""}"
2026-10-04T20:02:31.155583+00:00,gauge,risk.comparison.distance_max_vol_bp,624.6276498636582,"{""baseline"":""svi-scipy"",""challenger"":""mlp-torch"",""market"":""BTC-SYNTH""}"
2026-10-04T20:02:31.155592+00:00,gauge,risk.surface_age_seconds,2.802043,"{""market"":""BTC-SYNTH"",""producer"":""svi-scipy""}"
2026-10-04T20:02:31.155598+00:00,counter,risk.report.freshness,1,"{""decision"":""NORMAL"",""market"":""BTC-SYNTH"",""producer"":""svi-scipy""}"
2026-10-04T20:02:31.155614+00:00,counter,runner.handled,1,"{""subscriber"":""risk-svi-scipy@BTC-SYNTH""}"
2026-10-04T20:02:31.161491+00:00,gauge,neural.butterfly_violation,0.0,"{""market"":""BTC-SYNTH""}"
2026-10-04T20:02:31.161511+00:00,gauge,neural.calendar_violation,0.0,"{""market"":""BTC-SYNTH""}"
2026-10-04T20:02:31.162059+00:00,gauge,neural.rmse_vol_bp,57.26713781391167,"{""market"":""BTC-SYNTH"",""producer"":""mlp-torch""}"
2026-10-04T20:02:31.162323+00:00,counter,bus.published,1,"{""topic"":""surface.BTC-SYNTH.mlp-torch""}"
2026-10-04T20:02:31.162357+00:00,counter,runner.handled,1,"{""subscriber"":""mlp-torch@BTC-SYNTH""}"
2026-10-04T20:02:31.162494+00:00,counter,risk.surface.received,1,"{""market"":""BTC-SYNTH"",""producer"":""mlp-torch"",""status"":""OK""}"
2026-10-04T20:02:31.162518+00:00,timing,risk.surface.snapshot_to_surface_ms,2807.637,"{""market"":""BTC-SYNTH"",""producer"":""mlp-torch""}"
2026-10-04T20:02:31.162534+00:00,timing,risk.surface.delivery_lag_ms,1.346,"{""market"":""BTC-SYNTH"",""producer"":""mlp-torch""}"
2026-10-04T20:02:31.162556+00:00,gauge,risk.surface_age_seconds,2.809001,"{""market"":""BTC-SYNTH"",""producer"":""svi-scipy""}"
2026-10-04T20:02:31.162573+00:00,counter,risk.report.freshness,1,"{""decision"":""NORMAL"",""market"":""BTC-SYNTH"",""producer"":""svi-scipy""}"
2026-10-04T20:02:31.162682+00:00,gauge,risk.surface_age_seconds,2.809129,"{""market"":""BTC-SYNTH"",""producer"":""mlp-torch""}"
2026-10-04T20:02:31.162698+00:00,counter,risk.report.freshness,1,"{""decision"":""NORMAL"",""market"":""BTC-SYNTH"",""producer"":""mlp-torch""}"
2026-10-04T20:02:31.162899+00:00,gauge,risk.comparison.value_diff,36.72497502199258,"{""baseline"":""svi-scipy"",""challenger"":""mlp-torch"",""market"":""BTC-SYNTH""}"
2026-10-04T20:02:31.162920+00:00,gauge,risk.comparison.distance_rms_vol_bp,116.1371444677477,"{""baseline"":""svi-scipy"",""challenger"":""mlp-torch"",""market"":""BTC-SYNTH""}"
2026-10-04T20:02:31.162935+00:00,gauge,risk.comparison.distance_max_vol_bp,600.2833918419815,"{""baseline"":""svi-scipy"",""challenger"":""mlp-torch"",""market"":""BTC-SYNTH""}"
2026-10-04T20:02:31.162953+00:00,gauge,risk.surface_age_seconds,2.809401,"{""market"":""BTC-SYNTH"",""producer"":""mlp-torch""}"
2026-10-04T20:02:31.162965+00:00,counter,risk.report.freshness,1,"{""decision"":""NORMAL"",""market"":""BTC-SYNTH"",""producer"":""mlp-torch""}"
2026-10-04T20:02:31.162997+00:00,counter,runner.handled,1,"{""subscriber"":""risk-mlp-torch@BTC-SYNTH""}"
2026-10-04T20:02:31.335602+00:00,counter,marketdata.snapshot.published,1,"{""market"":""BTC-SYNTH""}"
2026-10-04T20:02:31.335692+00:00,gauge,marketdata.clock_skew_seconds,-1.979379,"{""market"":""BTC-SYNTH""}"
2026-10-04T20:02:31.335714+00:00,gauge,marketdata.coverage_ratio,1.0,"{""market"":""BTC-SYNTH""}"
2026-10-04T20:02:31.335730+00:00,gauge,marketdata.max_age_seconds,2.077565,"{""market"":""BTC-SYNTH""}"
2026-10-04T20:02:31.335752+00:00,counter,pipeline.heartbeat.emitted,1,"{""market"":""BTC-SYNTH""}"
2026-10-04T20:02:31.335782+00:00,counter,bus.published,1,"{""topic"":""snapshot.BTC-SYNTH""}"
2026-10-04T20:02:31.335937+00:00,counter,marketdata.update.applied,1,"{""market"":""BTC-SYNTH""}"
2026-10-04T20:02:31.335982+00:00,counter,marketdata.update.applied,1,"{""market"":""BTC-SYNTH""}"
2026-10-04T20:02:31.336026+00:00,counter,marketdata.update.applied,1,"{""market"":""BTC-SYNTH""}"
2026-10-04T20:02:31.336061+00:00,counter,marketdata.update.applied,1,"{""market"":""BTC-SYNTH""}"
2026-10-04T20:02:31.336097+00:00,counter,marketdata.update.applied,1,"{""market"":""BTC-SYNTH""}"
2026-10-04T20:02:31.336129+00:00,counter,marketdata.update.applied,1,"{""market"":""BTC-SYNTH""}"
2026-10-04T20:02:31.336291+00:00,counter,marketdata.update.applied,1,"{""market"":""BTC-SYNTH""}"
2026-10-04T20:02:31.336342+00:00,counter,marketdata.update.applied,1,"{""market"":""BTC-SYNTH""}"
2026-10-04T20:02:31.336383+00:00,counter,marketdata.update.applied,1,"{""market"":""BTC-SYNTH""}"
2026-10-04T20:02:31.336415+00:00,counter,marketdata.update.applied,1,"{""market"":""BTC-SYNTH""}"
2026-10-04T20:02:31.336453+00:00,counter,marketdata.update.applied,1,"{""market"":""BTC-SYNTH""}"
2026-10-04T20:02:31.336488+00:00,counter,marketdata.update.applied,1,"{""market"":""BTC-SYNTH""}"
2026-10-04T20:02:31.336522+00:00,counter,marketdata.update.applied,1,"{""market"":""BTC-SYNTH""}"
2026-10-04T20:02:31.336552+00:00,counter,marketdata.update.applied,1,"{""market"":""BTC-SYNTH""}"
2026-10-04T20:02:31.336595+00:00,counter,marketdata.update.applied,1,"{""market"":""BTC-SYNTH""}"
2026-10-04T20:02:31.336628+00:00,counter,marketdata.update.applied,1,"{""market"":""BTC-SYNTH""}"
2026-10-04T20:02:31.336662+00:00,counter,marketdata.update.applied,1,"{""market"":""BTC-SYNTH""}"
2026-10-04T20:02:31.336694+00:00,counter,marketdata.update.applied,1,"{""market"":""BTC-SYNTH""}"
2026-10-04T20:02:31.336729+00:00,counter,marketdata.update.applied,1,"{""market"":""BTC-SYNTH""}"
2026-10-04T20:02:31.336759+00:00,counter,marketdata.update.applied,1,"{""market"":""BTC-SYNTH""}"
2026-10-04T20:02:31.336790+00:00,counter,marketdata.update.applied,1,"{""market"":""BTC-SYNTH""}"
2026-10-04T20:02:31.336822+00:00,counter,marketdata.update.applied,1,"{""market"":""BTC-SYNTH""}"
2026-10-04T20:02:31.336859+00:00,counter,marketdata.update.applied,1,"{""market"":""BTC-SYNTH""}"
2026-10-04T20:02:31.336891+00:00,counter,marketdata.update.applied,1,"{""market"":""BTC-SYNTH""}"
2026-10-04T20:02:31.336924+00:00,counter,marketdata.update.applied,1,"{""market"":""BTC-SYNTH""}"
2026-10-04T20:02:31.336953+00:00,counter,marketdata.update.applied,1,"{""market"":""BTC-SYNTH""}"
2026-10-04T20:02:31.336985+00:00,counter,marketdata.update.applied,1,"{""market"":""BTC-SYNTH""}"
2026-10-04T20:02:31.337016+00:00,counter,marketdata.update.applied,1,"{""market"":""BTC-SYNTH""}"
2026-10-04T20:02:31.337046+00:00,counter,marketdata.update.applied,1,"{""market"":""BTC-SYNTH""}"
2026-10-04T20:02:31.337078+00:00,counter,marketdata.update.applied,1,"{""market"":""BTC-SYNTH""}"
2026-10-04T20:02:31.337109+00:00,counter,marketdata.update.applied,1,"{""market"":""BTC-SYNTH""}"
2026-10-04T20:02:31.337140+00:00,counter,marketdata.update.applied,1,"{""market"":""BTC-SYNTH""}"
2026-10-04T20:02:31.337169+00:00,counter,marketdata.update.applied,1,"{""market"":""BTC-SYNTH""}"
2026-10-04T20:02:31.337193+00:00,counter,marketdata.update.applied,1,"{""market"":""BTC-SYNTH""}"
2026-10-04T20:02:31.337238+00:00,counter,marketdata.update.applied,1,"{""market"":""BTC-SYNTH""}"
2026-10-04T20:02:31.337279+00:00,counter,marketdata.update.applied,1,"{""market"":""BTC-SYNTH""}"
2026-10-04T20:02:31.337312+00:00,counter,marketdata.update.applied,1,"{""market"":""BTC-SYNTH""}"
2026-10-04T20:02:31.337337+00:00,counter,marketdata.update.applied,1,"{""market"":""BTC-SYNTH""}"
2026-10-04T20:02:31.337367+00:00,counter,marketdata.update.applied,1,"{""market"":""BTC-SYNTH""}"
2026-10-04T20:02:31.337392+00:00,counter,marketdata.update.applied,1,"{""market"":""BTC-SYNTH""}"
2026-10-04T20:02:31.337420+00:00,counter,marketdata.update.applied,1,"{""market"":""BTC-SYNTH""}"
2026-10-04T20:02:31.337444+00:00,counter,marketdata.update.applied,1,"{""market"":""BTC-SYNTH""}"
2026-10-04T20:02:31.337472+00:00,counter,marketdata.update.applied,1,"{""market"":""BTC-SYNTH""}"
2026-10-04T20:02:31.337497+00:00,counter,marketdata.update.applied,1,"{""market"":""BTC-SYNTH""}"
2026-10-04T20:02:31.337524+00:00,counter,marketdata.update.applied,1,"{""market"":""BTC-SYNTH""}"
2026-10-04T20:02:31.337547+00:00,counter,marketdata.update.applied,1,"{""market"":""BTC-SYNTH""}"
2026-10-04T20:02:31.337573+00:00,counter,marketdata.update.applied,1,"{""market"":""BTC-SYNTH""}"
2026-10-04T20:02:31.337598+00:00,counter,marketdata.update.applied,1,"{""market"":""BTC-SYNTH""}"
2026-10-04T20:02:31.337624+00:00,counter,marketdata.update.applied,1,"{""market"":""BTC-SYNTH""}"
2026-10-04T20:02:31.337649+00:00,counter,marketdata.update.applied,1,"{""market"":""BTC-SYNTH""}"
2026-10-04T20:02:31.337674+00:00,counter,marketdata.update.applied,1,"{""market"":""BTC-SYNTH""}"
2026-10-04T20:02:31.337698+00:00,counter,marketdata.update.applied,1,"{""market"":""BTC-SYNTH""}"
2026-10-04T20:02:31.337724+00:00,counter,marketdata.update.applied,1,"{""market"":""BTC-SYNTH""}"
2026-10-04T20:02:31.337748+00:00,counter,marketdata.update.applied,1,"{""market"":""BTC-SYNTH""}"
2026-10-04T20:02:31.337774+00:00,counter,marketdata.update.applied,1,"{""market"":""BTC-SYNTH""}"
2026-10-04T20:02:31.337797+00:00,counter,marketdata.update.applied,1,"{""market"":""BTC-SYNTH""}"
2026-10-04T20:02:31.337822+00:00,counter,marketdata.update.applied,1,"{""market"":""BTC-SYNTH""}"
2026-10-04T20:02:31.337845+00:00,counter,marketdata.update.applied,1,"{""market"":""BTC-SYNTH""}"
2026-10-04T20:02:31.337871+00:00,counter,marketdata.update.applied,1,"{""market"":""BTC-SYNTH""}"
2026-10-04T20:02:31.337897+00:00,counter,marketdata.update.applied,1,"{""market"":""BTC-SYNTH""}"
2026-10-04T20:02:31.337932+00:00,counter,marketdata.update.applied,1,"{""market"":""BTC-SYNTH""}"
2026-10-04T20:02:31.337956+00:00,counter,marketdata.update.applied,1,"{""market"":""BTC-SYNTH""}"
2026-10-04T20:02:31.337983+00:00,counter,marketdata.update.applied,1,"{""market"":""BTC-SYNTH""}"
2026-10-04T20:02:31.338007+00:00,counter,marketdata.update.applied,1,"{""market"":""BTC-SYNTH""}"
2026-10-04T20:02:31.338032+00:00,counter,marketdata.update.applied,1,"{""market"":""BTC-SYNTH""}"
2026-10-04T20:02:31.338055+00:00,counter,marketdata.update.applied,1,"{""market"":""BTC-SYNTH""}"
2026-10-04T20:02:31.342650+00:00,gauge,neural.buffer.size,724.0,"{""market"":""BTC-SYNTH""}"
2026-10-04T20:02:31.342690+00:00,gauge,neural.buffer.cell_coverage,1.0,"{""market"":""BTC-SYNTH""}"
2026-10-04T20:02:31.505193+00:00,gauge,pricing.slices.attempted,3.0,"{""market"":""BTC-SYNTH"",""producer"":""svi-scipy""}"
2026-10-04T20:02:31.505235+00:00,gauge,pricing.slices.accepted,3.0,"{""market"":""BTC-SYNTH"",""producer"":""svi-scipy""}"
2026-10-04T20:02:31.505317+00:00,gauge,pricing.rmse_vol_bp,40.47738946148307,"{""market"":""BTC-SYNTH"",""producer"":""svi-scipy""}"
2026-10-04T20:02:31.505328+00:00,timing,pricing.cycle_ms,166.81,"{""market"":""BTC-SYNTH"",""producer"":""svi-scipy""}"
2026-10-04T20:02:31.505652+00:00,counter,bus.published,1,"{""topic"":""surface.BTC-SYNTH.svi-scipy""}"
2026-10-04T20:02:31.505695+00:00,counter,runner.handled,1,"{""subscriber"":""svi-scipy@BTC-SYNTH""}"
2026-10-04T20:02:31.505857+00:00,counter,risk.surface.received,1,"{""market"":""BTC-SYNTH"",""producer"":""svi-scipy"",""status"":""OK""}"
2026-10-04T20:02:31.505882+00:00,timing,risk.surface.snapshot_to_surface_ms,2150.248,"{""market"":""BTC-SYNTH"",""producer"":""svi-scipy""}"
2026-10-04T20:02:31.505898+00:00,timing,risk.surface.delivery_lag_ms,0.714,"{""market"":""BTC-SYNTH"",""producer"":""svi-scipy""}"
2026-10-04T20:02:31.505925+00:00,gauge,risk.surface_age_seconds,2.150982,"{""market"":""BTC-SYNTH"",""producer"":""svi-scipy""}"
2026-10-04T20:02:31.505938+00:00,counter,risk.report.freshness,1,"{""decision"":""NORMAL"",""market"":""BTC-SYNTH"",""producer"":""svi-scipy""}"
2026-10-04T20:02:31.506010+00:00,gauge,risk.surface_age_seconds,3.152457,"{""market"":""BTC-SYNTH"",""producer"":""mlp-torch""}"
2026-10-04T20:02:31.506025+00:00,counter,risk.report.freshness,1,"{""decision"":""NORMAL"",""market"":""BTC-SYNTH"",""producer"":""mlp-torch""}"
2026-10-04T20:02:31.506242+00:00,gauge,risk.comparison.value_diff,-40.7836849580126,"{""baseline"":""svi-scipy"",""challenger"":""mlp-torch"",""market"":""BTC-SYNTH""}"
2026-10-04T20:02:31.506288+00:00,gauge,risk.comparison.distance_rms_vol_bp,112.9150715859296,"{""baseline"":""svi-scipy"",""challenger"":""mlp-torch"",""market"":""BTC-SYNTH""}"
2026-10-04T20:02:31.506311+00:00,gauge,risk.comparison.distance_max_vol_bp,419.59399282903377,"{""baseline"":""svi-scipy"",""challenger"":""mlp-torch"",""market"":""BTC-SYNTH""}"
2026-10-04T20:02:31.506334+00:00,gauge,risk.surface_age_seconds,2.151392,"{""market"":""BTC-SYNTH"",""producer"":""svi-scipy""}"
2026-10-04T20:02:31.506344+00:00,counter,risk.report.freshness,1,"{""decision"":""NORMAL"",""market"":""BTC-SYNTH"",""producer"":""svi-scipy""}"
2026-10-04T20:02:31.506388+00:00,counter,runner.handled,1,"{""subscriber"":""risk-svi-scipy@BTC-SYNTH""}"
2026-10-04T20:02:32.346802+00:00,counter,marketdata.snapshot.published,1,"{""market"":""BTC-SYNTH""}"
2026-10-04T20:02:32.346871+00:00,gauge,marketdata.clock_skew_seconds,-1.990147,"{""market"":""BTC-SYNTH""}"
2026-10-04T20:02:32.346904+00:00,gauge,marketdata.coverage_ratio,1.0,"{""market"":""BTC-SYNTH""}"
2026-10-04T20:02:32.346918+00:00,gauge,marketdata.max_age_seconds,2.089473,"{""market"":""BTC-SYNTH""}"
2026-10-04T20:02:32.346941+00:00,counter,pipeline.heartbeat.emitted,1,"{""market"":""BTC-SYNTH""}"
2026-10-04T20:02:32.346961+00:00,counter,bus.published,1,"{""topic"":""snapshot.BTC-SYNTH""}"
2026-10-04T20:02:32.347074+00:00,counter,marketdata.update.applied,1,"{""market"":""BTC-SYNTH""}"
2026-10-04T20:02:32.347108+00:00,counter,marketdata.update.applied,1,"{""market"":""BTC-SYNTH""}"
2026-10-04T20:02:32.347138+00:00,counter,marketdata.update.applied,1,"{""market"":""BTC-SYNTH""}"
2026-10-04T20:02:32.347163+00:00,counter,marketdata.update.applied,1,"{""market"":""BTC-SYNTH""}"
2026-10-04T20:02:32.347189+00:00,counter,marketdata.update.applied,1,"{""market"":""BTC-SYNTH""}"
2026-10-04T20:02:32.347213+00:00,counter,marketdata.update.applied,1,"{""market"":""BTC-SYNTH""}"
2026-10-04T20:02:32.347240+00:00,counter,marketdata.update.applied,1,"{""market"":""BTC-SYNTH""}"
2026-10-04T20:02:32.347264+00:00,counter,marketdata.update.applied,1,"{""market"":""BTC-SYNTH""}"
2026-10-04T20:02:32.347289+00:00,counter,marketdata.update.applied,1,"{""market"":""BTC-SYNTH""}"
2026-10-04T20:02:32.347311+00:00,counter,marketdata.update.applied,1,"{""market"":""BTC-SYNTH""}"
2026-10-04T20:02:32.347336+00:00,counter,marketdata.update.applied,1,"{""market"":""BTC-SYNTH""}"
2026-10-04T20:02:32.347359+00:00,counter,marketdata.update.applied,1,"{""market"":""BTC-SYNTH""}"
2026-10-04T20:02:32.347383+00:00,counter,marketdata.update.applied,1,"{""market"":""BTC-SYNTH""}"
2026-10-04T20:02:32.347405+00:00,counter,marketdata.update.applied,1,"{""market"":""BTC-SYNTH""}"
2026-10-04T20:02:32.347430+00:00,counter,marketdata.update.applied,1,"{""market"":""BTC-SYNTH""}"
2026-10-04T20:02:32.347453+00:00,counter,marketdata.update.applied,1,"{""market"":""BTC-SYNTH""}"
2026-10-04T20:02:32.347478+00:00,counter,marketdata.update.applied,1,"{""market"":""BTC-SYNTH""}"
2026-10-04T20:02:32.347500+00:00,counter,marketdata.update.applied,1,"{""market"":""BTC-SYNTH""}"
2026-10-04T20:02:32.347525+00:00,counter,marketdata.update.applied,1,"{""market"":""BTC-SYNTH""}"
2026-10-04T20:02:32.347547+00:00,counter,marketdata.update.applied,1,"{""market"":""BTC-SYNTH""}"
2026-10-04T20:02:32.347571+00:00,counter,marketdata.update.applied,1,"{""market"":""BTC-SYNTH""}"
2026-10-04T20:02:32.347609+00:00,counter,marketdata.update.applied,1,"{""market"":""BTC-SYNTH""}"
2026-10-04T20:02:32.347637+00:00,counter,marketdata.update.applied,1,"{""market"":""BTC-SYNTH""}"
2026-10-04T20:02:32.347661+00:00,counter,marketdata.update.applied,1,"{""market"":""BTC-SYNTH""}"
2026-10-04T20:02:32.347685+00:00,counter,marketdata.update.applied,1,"{""market"":""BTC-SYNTH""}"
2026-10-04T20:02:32.347708+00:00,counter,marketdata.update.applied,1,"{""market"":""BTC-SYNTH""}"
2026-10-04T20:02:32.347732+00:00,counter,marketdata.update.applied,1,"{""market"":""BTC-SYNTH""}"
2026-10-04T20:02:32.347755+00:00,counter,marketdata.update.applied,1,"{""market"":""BTC-SYNTH""}"
2026-10-04T20:02:32.347779+00:00,counter,marketdata.update.applied,1,"{""market"":""BTC-SYNTH""}"
2026-10-04T20:02:32.347801+00:00,counter,marketdata.update.applied,1,"{""market"":""BTC-SYNTH""}"
2026-10-04T20:02:32.347826+00:00,counter,marketdata.update.applied,1,"{""market"":""BTC-SYNTH""}"
2026-10-04T20:02:32.347848+00:00,counter,marketdata.update.applied,1,"{""market"":""BTC-SYNTH""}"
2026-10-04T20:02:32.347872+00:00,counter,marketdata.update.applied,1,"{""market"":""BTC-SYNTH""}"
2026-10-04T20:02:32.347918+00:00,counter,marketdata.update.applied,1,"{""market"":""BTC-SYNTH""}"
2026-10-04T20:02:32.347952+00:00,counter,marketdata.update.applied,1,"{""market"":""BTC-SYNTH""}"
2026-10-04T20:02:32.347977+00:00,counter,marketdata.update.applied,1,"{""market"":""BTC-SYNTH""}"
2026-10-04T20:02:32.348003+00:00,counter,marketdata.update.applied,1,"{""market"":""BTC-SYNTH""}"
2026-10-04T20:02:32.348027+00:00,counter,marketdata.update.applied,1,"{""market"":""BTC-SYNTH""}"
2026-10-04T20:02:32.348053+00:00,counter,marketdata.update.applied,1,"{""market"":""BTC-SYNTH""}"
2026-10-04T20:02:32.348077+00:00,counter,marketdata.update.applied,1,"{""market"":""BTC-SYNTH""}"
2026-10-04T20:02:32.348101+00:00,counter,marketdata.update.applied,1,"{""market"":""BTC-SYNTH""}"
2026-10-04T20:02:32.348124+00:00,counter,marketdata.update.applied,1,"{""market"":""BTC-SYNTH""}"
2026-10-04T20:02:32.348150+00:00,counter,marketdata.update.applied,1,"{""market"":""BTC-SYNTH""}"
2026-10-04T20:02:32.348173+00:00,counter,marketdata.update.applied,1,"{""market"":""BTC-SYNTH""}"
2026-10-04T20:02:32.348199+00:00,counter,marketdata.update.applied,1,"{""market"":""BTC-SYNTH""}"
2026-10-04T20:02:32.348221+00:00,counter,marketdata.update.applied,1,"{""market"":""BTC-SYNTH""}"
2026-10-04T20:02:32.348271+00:00,counter,marketdata.update.applied,1,"{""market"":""BTC-SYNTH""}"
2026-10-04T20:02:32.348311+00:00,counter,marketdata.update.applied,1,"{""market"":""BTC-SYNTH""}"
2026-10-04T20:02:32.348343+00:00,counter,marketdata.update.applied,1,"{""market"":""BTC-SYNTH""}"
2026-10-04T20:02:32.348367+00:00,counter,marketdata.update.applied,1,"{""market"":""BTC-SYNTH""}"
2026-10-04T20:02:32.348493+00:00,counter,marketdata.update.applied,1,"{""market"":""BTC-SYNTH""}"
2026-10-04T20:02:32.348526+00:00,counter,marketdata.update.applied,1,"{""market"":""BTC-SYNTH""}"
2026-10-04T20:02:32.348555+00:00,counter,marketdata.update.applied,1,"{""market"":""BTC-SYNTH""}"
2026-10-04T20:02:32.348580+00:00,counter,marketdata.update.applied,1,"{""market"":""BTC-SYNTH""}"
2026-10-04T20:02:32.348609+00:00,counter,marketdata.update.applied,1,"{""market"":""BTC-SYNTH""}"
2026-10-04T20:02:32.348636+00:00,counter,marketdata.update.applied,1,"{""market"":""BTC-SYNTH""}"
2026-10-04T20:02:32.348662+00:00,counter,marketdata.update.applied,1,"{""market"":""BTC-SYNTH""}"
2026-10-04T20:02:32.348685+00:00,counter,marketdata.update.applied,1,"{""market"":""BTC-SYNTH""}"
2026-10-04T20:02:32.348711+00:00,counter,marketdata.update.applied,1,"{""market"":""BTC-SYNTH""}"
2026-10-04T20:02:32.348735+00:00,counter,marketdata.update.applied,1,"{""market"":""BTC-SYNTH""}"
2026-10-04T20:02:32.348770+00:00,counter,marketdata.update.applied,1,"{""market"":""BTC-SYNTH""}"
2026-10-04T20:02:32.348797+00:00,counter,marketdata.update.applied,1,"{""market"":""BTC-SYNTH""}"
2026-10-04T20:02:32.348823+00:00,counter,marketdata.update.applied,1,"{""market"":""BTC-SYNTH""}"
2026-10-04T20:02:32.348847+00:00,counter,marketdata.update.applied,1,"{""market"":""BTC-SYNTH""}"
2026-10-04T20:02:32.348871+00:00,counter,marketdata.update.applied,1,"{""market"":""BTC-SYNTH""}"
2026-10-04T20:02:32.348894+00:00,counter,marketdata.update.applied,1,"{""market"":""BTC-SYNTH""}"
2026-10-04T20:02:32.507857+00:00,gauge,pricing.slices.attempted,3.0,"{""market"":""BTC-SYNTH"",""producer"":""svi-scipy""}"
2026-10-04T20:02:32.507888+00:00,gauge,pricing.slices.accepted,3.0,"{""market"":""BTC-SYNTH"",""producer"":""svi-scipy""}"
2026-10-04T20:02:32.507970+00:00,gauge,pricing.rmse_vol_bp,24.821746119256904,"{""market"":""BTC-SYNTH"",""producer"":""svi-scipy""}"
2026-10-04T20:02:32.507980+00:00,timing,pricing.cycle_ms,158.743,"{""market"":""BTC-SYNTH"",""producer"":""svi-scipy""}"
2026-10-04T20:02:32.508272+00:00,counter,bus.published,1,"{""topic"":""surface.BTC-SYNTH.svi-scipy""}"
2026-10-04T20:02:32.508303+00:00,counter,runner.handled,1,"{""subscriber"":""svi-scipy@BTC-SYNTH""}"
2026-10-04T20:02:32.508401+00:00,counter,risk.surface.received,1,"{""market"":""BTC-SYNTH"",""producer"":""svi-scipy"",""status"":""OK""}"
2026-10-04T20:02:32.508417+00:00,timing,risk.surface.snapshot_to_surface_ms,2151.865,"{""market"":""BTC-SYNTH"",""producer"":""svi-scipy""}"
2026-10-04T20:02:32.508426+00:00,timing,risk.surface.delivery_lag_ms,0.5770000000000001,"{""market"":""BTC-SYNTH"",""producer"":""svi-scipy""}"
2026-10-04T20:02:32.508441+00:00,gauge,risk.surface_age_seconds,2.152454,"{""market"":""BTC-SYNTH"",""producer"":""svi-scipy""}"
2026-10-04T20:02:32.508448+00:00,counter,risk.report.freshness,1,"{""decision"":""NORMAL"",""market"":""BTC-SYNTH"",""producer"":""svi-scipy""}"
2026-10-04T20:02:32.508487+00:00,gauge,risk.surface_age_seconds,4.154938,"{""market"":""BTC-SYNTH"",""producer"":""mlp-torch""}"
2026-10-04T20:02:32.508494+00:00,counter,risk.report.freshness,1,"{""decision"":""NORMAL"",""market"":""BTC-SYNTH"",""producer"":""mlp-torch""}"
2026-10-04T20:02:32.508638+00:00,gauge,risk.comparison.value_diff,-31.745736285691237,"{""baseline"":""svi-scipy"",""challenger"":""mlp-torch"",""market"":""BTC-SYNTH""}"
2026-10-04T20:02:32.508647+00:00,gauge,risk.comparison.distance_rms_vol_bp,210.53887236216738,"{""baseline"":""svi-scipy"",""challenger"":""mlp-torch"",""market"":""BTC-SYNTH""}"
2026-10-04T20:02:32.508654+00:00,gauge,risk.comparison.distance_max_vol_bp,776.0253951112894,"{""baseline"":""svi-scipy"",""challenger"":""mlp-torch"",""market"":""BTC-SYNTH""}"
2026-10-04T20:02:32.508664+00:00,gauge,risk.surface_age_seconds,2.15268,"{""market"":""BTC-SYNTH"",""producer"":""svi-scipy""}"
2026-10-04T20:02:32.508671+00:00,counter,risk.report.freshness,1,"{""decision"":""NORMAL"",""market"":""BTC-SYNTH"",""producer"":""svi-scipy""}"
2026-10-04T20:02:32.508690+00:00,counter,runner.handled,1,"{""subscriber"":""risk-svi-scipy@BTC-SYNTH""}"
2026-10-04T20:02:33.354993+00:00,counter,marketdata.snapshot.published,1,"{""market"":""BTC-SYNTH""}"
2026-10-04T20:02:33.355032+00:00,gauge,marketdata.clock_skew_seconds,-2.000152,"{""market"":""BTC-SYNTH""}"
2026-10-04T20:02:33.355049+00:00,gauge,marketdata.coverage_ratio,0.9848484848484849,"{""market"":""BTC-SYNTH""}"
2026-10-04T20:02:33.355061+00:00,gauge,marketdata.max_age_seconds,3602.078313,"{""market"":""BTC-SYNTH""}"
2026-10-04T20:02:33.355076+00:00,counter,pipeline.heartbeat.emitted,1,"{""market"":""BTC-SYNTH""}"
2026-10-04T20:02:33.355092+00:00,counter,bus.published,1,"{""topic"":""snapshot.BTC-SYNTH""}"
2026-10-04T20:02:33.355111+00:00,counter,bus.dropped,1,"{""subscriber"":""mlp-torch@BTC-SYNTH"",""topic"":""snapshot.BTC-SYNTH""}"
2026-10-04T20:02:33.355215+00:00,counter,marketdata.update.applied,1,"{""market"":""BTC-SYNTH""}"
2026-10-04T20:02:33.355251+00:00,counter,marketdata.update.applied,1,"{""market"":""BTC-SYNTH""}"
2026-10-04T20:02:33.355284+00:00,counter,marketdata.update.applied,1,"{""market"":""BTC-SYNTH""}"
2026-10-04T20:02:33.355311+00:00,counter,marketdata.update.applied,1,"{""market"":""BTC-SYNTH""}"
2026-10-04T20:02:33.355338+00:00,counter,marketdata.update.applied,1,"{""market"":""BTC-SYNTH""}"
2026-10-04T20:02:33.355363+00:00,counter,marketdata.update.applied,1,"{""market"":""BTC-SYNTH""}"
2026-10-04T20:02:33.355390+00:00,counter,marketdata.update.applied,1,"{""market"":""BTC-SYNTH""}"
2026-10-04T20:02:33.355415+00:00,counter,marketdata.update.applied,1,"{""market"":""BTC-SYNTH""}"
2026-10-04T20:02:33.355441+00:00,counter,marketdata.update.applied,1,"{""market"":""BTC-SYNTH""}"
2026-10-04T20:02:33.355465+00:00,counter,marketdata.update.applied,1,"{""market"":""BTC-SYNTH""}"
2026-10-04T20:02:33.355491+00:00,counter,marketdata.update.applied,1,"{""market"":""BTC-SYNTH""}"
2026-10-04T20:02:33.355515+00:00,counter,marketdata.update.applied,1,"{""market"":""BTC-SYNTH""}"
2026-10-04T20:02:33.355554+00:00,counter,marketdata.update.applied,1,"{""market"":""BTC-SYNTH""}"
2026-10-04T20:02:33.355579+00:00,counter,marketdata.update.applied,1,"{""market"":""BTC-SYNTH""}"
2026-10-04T20:02:33.355606+00:00,counter,marketdata.update.applied,1,"{""market"":""BTC-SYNTH""}"
2026-10-04T20:02:33.355629+00:00,counter,marketdata.update.applied,1,"{""market"":""BTC-SYNTH""}"
2026-10-04T20:02:33.355654+00:00,counter,marketdata.update.applied,1,"{""market"":""BTC-SYNTH""}"
2026-10-04T20:02:33.355679+00:00,counter,marketdata.update.applied,1,"{""market"":""BTC-SYNTH""}"
2026-10-04T20:02:33.355705+00:00,counter,marketdata.update.applied,1,"{""market"":""BTC-SYNTH""}"
2026-10-04T20:02:33.355728+00:00,counter,marketdata.update.applied,1,"{""market"":""BTC-SYNTH""}"
2026-10-04T20:02:33.355752+00:00,counter,marketdata.update.applied,1,"{""market"":""BTC-SYNTH""}"
2026-10-04T20:02:33.355775+00:00,counter,marketdata.update.applied,1,"{""market"":""BTC-SYNTH""}"
2026-10-04T20:02:33.355803+00:00,counter,marketdata.update.applied,1,"{""market"":""BTC-SYNTH""}"
2026-10-04T20:02:33.355827+00:00,counter,marketdata.update.applied,1,"{""market"":""BTC-SYNTH""}"
2026-10-04T20:02:33.355853+00:00,counter,marketdata.update.applied,1,"{""market"":""BTC-SYNTH""}"
2026-10-04T20:02:33.355876+00:00,counter,marketdata.update.applied,1,"{""market"":""BTC-SYNTH""}"
2026-10-04T20:02:33.355902+00:00,counter,marketdata.update.applied,1,"{""market"":""BTC-SYNTH""}"
2026-10-04T20:02:33.355924+00:00,counter,marketdata.update.applied,1,"{""market"":""BTC-SYNTH""}"
2026-10-04T20:02:33.355949+00:00,counter,marketdata.update.applied,1,"{""market"":""BTC-SYNTH""}"
2026-10-04T20:02:33.355972+00:00,counter,marketdata.update.applied,1,"{""market"":""BTC-SYNTH""}"
2026-10-04T20:02:33.355997+00:00,counter,marketdata.update.applied,1,"{""market"":""BTC-SYNTH""}"
2026-10-04T20:02:33.356020+00:00,counter,marketdata.update.applied,1,"{""market"":""BTC-SYNTH""}"
2026-10-04T20:02:33.356044+00:00,counter,marketdata.update.applied,1,"{""market"":""BTC-SYNTH""}"
2026-10-04T20:02:33.356067+00:00,counter,marketdata.update.applied,1,"{""market"":""BTC-SYNTH""}"
2026-10-04T20:02:33.356212+00:00,counter,marketdata.update.applied,1,"{""market"":""BTC-SYNTH""}"
2026-10-04T20:02:33.356266+00:00,counter,marketdata.update.applied,1,"{""market"":""BTC-SYNTH""}"
2026-10-04T20:02:33.356309+00:00,counter,marketdata.update.applied,1,"{""market"":""BTC-SYNTH""}"
2026-10-04T20:02:33.356335+00:00,counter,marketdata.update.applied,1,"{""market"":""BTC-SYNTH""}"
2026-10-04T20:02:33.356362+00:00,counter,marketdata.update.applied,1,"{""market"":""BTC-SYNTH""}"
2026-10-04T20:02:33.356392+00:00,counter,marketdata.update.applied,1,"{""market"":""BTC-SYNTH""}"
2026-10-04T20:02:33.356419+00:00,counter,marketdata.update.applied,1,"{""market"":""BTC-SYNTH""}"
2026-10-04T20:02:33.356445+00:00,counter,marketdata.update.applied,1,"{""market"":""BTC-SYNTH""}"
2026-10-04T20:02:33.356473+00:00,counter,marketdata.update.applied,1,"{""market"":""BTC-SYNTH""}"
2026-10-04T20:02:33.356497+00:00,counter,marketdata.update.applied,1,"{""market"":""BTC-SYNTH""}"
2026-10-04T20:02:33.356525+00:00,counter,marketdata.update.applied,1,"{""market"":""BTC-SYNTH""}"
2026-10-04T20:02:33.356549+00:00,counter,marketdata.update.applied,1,"{""market"":""BTC-SYNTH""}"
2026-10-04T20:02:33.356580+00:00,counter,marketdata.update.applied,1,"{""market"":""BTC-SYNTH""}"
2026-10-04T20:02:33.356603+00:00,counter,marketdata.update.applied,1,"{""market"":""BTC-SYNTH""}"
2026-10-04T20:02:33.356628+00:00,counter,marketdata.update.applied,1,"{""market"":""BTC-SYNTH""}"
2026-10-04T20:02:33.356651+00:00,counter,marketdata.update.applied,1,"{""market"":""BTC-SYNTH""}"
2026-10-04T20:02:33.356677+00:00,counter,marketdata.update.applied,1,"{""market"":""BTC-SYNTH""}"
2026-10-04T20:02:33.356700+00:00,counter,marketdata.update.applied,1,"{""market"":""BTC-SYNTH""}"
2026-10-04T20:02:33.356725+00:00,counter,marketdata.update.applied,1,"{""market"":""BTC-SYNTH""}"
2026-10-04T20:02:33.356748+00:00,counter,marketdata.update.applied,1,"{""market"":""BTC-SYNTH""}"
2026-10-04T20:02:33.356773+00:00,counter,marketdata.update.applied,1,"{""market"":""BTC-SYNTH""}"
2026-10-04T20:02:33.356797+00:00,counter,marketdata.update.applied,1,"{""market"":""BTC-SYNTH""}"
2026-10-04T20:02:33.356822+00:00,counter,marketdata.update.applied,1,"{""market"":""BTC-SYNTH""}"
2026-10-04T20:02:33.356845+00:00,counter,marketdata.update.applied,1,"{""market"":""BTC-SYNTH""}"
2026-10-04T20:02:33.356871+00:00,counter,marketdata.update.applied,1,"{""market"":""BTC-SYNTH""}"
2026-10-04T20:02:33.356895+00:00,counter,marketdata.update.applied,1,"{""market"":""BTC-SYNTH""}"
2026-10-04T20:02:33.356919+00:00,counter,marketdata.update.applied,1,"{""market"":""BTC-SYNTH""}"
2026-10-04T20:02:33.356942+00:00,counter,marketdata.update.applied,1,"{""market"":""BTC-SYNTH""}"
2026-10-04T20:02:33.356967+00:00,counter,marketdata.update.applied,1,"{""market"":""BTC-SYNTH""}"
2026-10-04T20:02:33.356990+00:00,counter,marketdata.update.applied,1,"{""market"":""BTC-SYNTH""}"
2026-10-04T20:02:33.357015+00:00,counter,marketdata.update.applied,1,"{""market"":""BTC-SYNTH""}"
2026-10-04T20:02:33.357037+00:00,counter,marketdata.update.applied,1,"{""market"":""BTC-SYNTH""}"
2026-10-04T20:02:33.642184+00:00,gauge,pricing.slices.attempted,3.0,"{""market"":""BTC-SYNTH"",""producer"":""svi-scipy""}"
2026-10-04T20:02:33.642217+00:00,gauge,pricing.slices.accepted,3.0,"{""market"":""BTC-SYNTH"",""producer"":""svi-scipy""}"
2026-10-04T20:02:33.642293+00:00,gauge,pricing.rmse_vol_bp,44.44139316860936,"{""market"":""BTC-SYNTH"",""producer"":""svi-scipy""}"
2026-10-04T20:02:33.642303+00:00,timing,pricing.cycle_ms,284.92,"{""market"":""BTC-SYNTH"",""producer"":""svi-scipy""}"
2026-10-04T20:02:33.642632+00:00,counter,bus.published,1,"{""topic"":""surface.BTC-SYNTH.svi-scipy""}"
2026-10-04T20:02:33.642666+00:00,counter,runner.handled,1,"{""subscriber"":""svi-scipy@BTC-SYNTH""}"
2026-10-04T20:02:33.642770+00:00,counter,risk.surface.received,1,"{""market"":""BTC-SYNTH"",""producer"":""svi-scipy"",""status"":""OK""}"
2026-10-04T20:02:33.642786+00:00,timing,risk.surface.snapshot_to_surface_ms,2287.992,"{""market"":""BTC-SYNTH"",""producer"":""svi-scipy""}"
2026-10-04T20:02:33.642794+00:00,timing,risk.surface.delivery_lag_ms,0.62,"{""market"":""BTC-SYNTH"",""producer"":""svi-scipy""}"
2026-10-04T20:02:33.642810+00:00,gauge,risk.surface_age_seconds,2.288623,"{""market"":""BTC-SYNTH"",""producer"":""svi-scipy""}"
2026-10-04T20:02:33.642817+00:00,counter,risk.report.freshness,1,"{""decision"":""NORMAL"",""market"":""BTC-SYNTH"",""producer"":""svi-scipy""}"
2026-10-04T20:02:33.642859+00:00,gauge,risk.surface_age_seconds,5.28931,"{""market"":""BTC-SYNTH"",""producer"":""mlp-torch""}"
2026-10-04T20:02:33.642865+00:00,counter,risk.report.freshness,1,"{""decision"":""NORMAL"",""market"":""BTC-SYNTH"",""producer"":""mlp-torch""}"
2026-10-04T20:02:33.643009+00:00,gauge,risk.comparison.value_diff,-51.96436657070444,"{""baseline"":""svi-scipy"",""challenger"":""mlp-torch"",""market"":""BTC-SYNTH""}"
2026-10-04T20:02:33.643017+00:00,gauge,risk.comparison.distance_rms_vol_bp,64.9087161190107,"{""baseline"":""svi-scipy"",""challenger"":""mlp-torch"",""market"":""BTC-SYNTH""}"
2026-10-04T20:02:33.643024+00:00,gauge,risk.comparison.distance_max_vol_bp,163.16108073840206,"{""baseline"":""svi-scipy"",""challenger"":""mlp-torch"",""market"":""BTC-SYNTH""}"
2026-10-04T20:02:33.643033+00:00,gauge,risk.surface_age_seconds,2.28885,"{""market"":""BTC-SYNTH"",""producer"":""svi-scipy""}"
2026-10-04T20:02:33.643039+00:00,counter,risk.report.freshness,1,"{""decision"":""NORMAL"",""market"":""BTC-SYNTH"",""producer"":""svi-scipy""}"
2026-10-04T20:02:33.643056+00:00,counter,runner.handled,1,"{""subscriber"":""risk-svi-scipy@BTC-SYNTH""}"
2026-10-04T20:02:34.357037+00:00,counter,marketdata.snapshot.published,1,"{""market"":""BTC-SYNTH""}"
2026-10-04T20:02:34.357071+00:00,gauge,marketdata.clock_skew_seconds,-2.004732,"{""market"":""BTC-SYNTH""}"
2026-10-04T20:02:34.357082+00:00,gauge,marketdata.coverage_ratio,1.0,"{""market"":""BTC-SYNTH""}"
2026-10-04T20:02:34.357089+00:00,gauge,marketdata.max_age_seconds,2.099759,"{""market"":""BTC-SYNTH""}"
2026-10-04T20:02:34.357099+00:00,counter,pipeline.heartbeat.emitted,1,"{""market"":""BTC-SYNTH""}"
2026-10-04T20:02:34.357111+00:00,counter,bus.published,1,"{""topic"":""snapshot.BTC-SYNTH""}"
2026-10-04T20:02:34.357125+00:00,counter,bus.dropped,1,"{""subscriber"":""mlp-torch@BTC-SYNTH"",""topic"":""snapshot.BTC-SYNTH""}"
2026-10-04T20:02:34.357312+00:00,counter,marketdata.update.applied,1,"{""market"":""BTC-SYNTH""}"
2026-10-04T20:02:34.357338+00:00,counter,marketdata.update.applied,1,"{""market"":""BTC-SYNTH""}"
2026-10-04T20:02:34.357360+00:00,counter,marketdata.update.applied,1,"{""market"":""BTC-SYNTH""}"
2026-10-04T20:02:34.357378+00:00,counter,marketdata.update.applied,1,"{""market"":""BTC-SYNTH""}"
2026-10-04T20:02:34.357396+00:00,counter,marketdata.update.applied,1,"{""market"":""BTC-SYNTH""}"
2026-10-04T20:02:34.357410+00:00,counter,marketdata.update.applied,1,"{""market"":""BTC-SYNTH""}"
2026-10-04T20:02:34.357428+00:00,counter,marketdata.update.applied,1,"{""market"":""BTC-SYNTH""}"
2026-10-04T20:02:34.357443+00:00,counter,marketdata.update.applied,1,"{""market"":""BTC-SYNTH""}"
2026-10-04T20:02:34.357459+00:00,counter,marketdata.update.applied,1,"{""market"":""BTC-SYNTH""}"
2026-10-04T20:02:34.357474+00:00,counter,marketdata.update.applied,1,"{""market"":""BTC-SYNTH""}"
2026-10-04T20:02:34.357490+00:00,counter,marketdata.update.applied,1,"{""market"":""BTC-SYNTH""}"
2026-10-04T20:02:34.357507+00:00,counter,marketdata.update.applied,1,"{""market"":""BTC-SYNTH""}"
2026-10-04T20:02:34.357522+00:00,counter,marketdata.update.applied,1,"{""market"":""BTC-SYNTH""}"
2026-10-04T20:02:34.357536+00:00,counter,marketdata.update.applied,1,"{""market"":""BTC-SYNTH""}"
2026-10-04T20:02:34.357552+00:00,counter,marketdata.update.applied,1,"{""market"":""BTC-SYNTH""}"
2026-10-04T20:02:34.357567+00:00,counter,marketdata.update.applied,1,"{""market"":""BTC-SYNTH""}"
2026-10-04T20:02:34.357582+00:00,counter,marketdata.update.applied,1,"{""market"":""BTC-SYNTH""}"
2026-10-04T20:02:34.357596+00:00,counter,marketdata.update.applied,1,"{""market"":""BTC-SYNTH""}"
2026-10-04T20:02:34.357667+00:00,counter,marketdata.update.applied,1,"{""market"":""BTC-SYNTH""}"
2026-10-04T20:02:34.357685+00:00,counter,marketdata.update.applied,1,"{""market"":""BTC-SYNTH""}"
2026-10-04T20:02:34.357702+00:00,counter,marketdata.update.applied,1,"{""market"":""BTC-SYNTH""}"
2026-10-04T20:02:34.357717+00:00,counter,marketdata.update.applied,1,"{""market"":""BTC-SYNTH""}"
2026-10-04T20:02:34.357735+00:00,counter,marketdata.update.applied,1,"{""market"":""BTC-SYNTH""}"
2026-10-04T20:02:34.357750+00:00,counter,marketdata.update.applied,1,"{""market"":""BTC-SYNTH""}"
2026-10-04T20:02:34.357766+00:00,counter,marketdata.update.applied,1,"{""market"":""BTC-SYNTH""}"
2026-10-04T20:02:34.357780+00:00,counter,marketdata.update.applied,1,"{""market"":""BTC-SYNTH""}"
2026-10-04T20:02:34.357796+00:00,counter,marketdata.update.applied,1,"{""market"":""BTC-SYNTH""}"
2026-10-04T20:02:34.357810+00:00,counter,marketdata.update.applied,1,"{""market"":""BTC-SYNTH""}"
2026-10-04T20:02:34.357825+00:00,counter,marketdata.update.applied,1,"{""market"":""BTC-SYNTH""}"
2026-10-04T20:02:34.357839+00:00,counter,marketdata.update.applied,1,"{""market"":""BTC-SYNTH""}"
2026-10-04T20:02:34.357854+00:00,counter,marketdata.update.applied,1,"{""market"":""BTC-SYNTH""}"
2026-10-04T20:02:34.357868+00:00,counter,marketdata.update.applied,1,"{""market"":""BTC-SYNTH""}"
2026-10-04T20:02:34.357882+00:00,counter,marketdata.update.applied,1,"{""market"":""BTC-SYNTH""}"
2026-10-04T20:02:34.357896+00:00,counter,marketdata.update.applied,1,"{""market"":""BTC-SYNTH""}"
2026-10-04T20:02:34.357911+00:00,counter,marketdata.update.applied,1,"{""market"":""BTC-SYNTH""}"
2026-10-04T20:02:34.357925+00:00,counter,marketdata.update.applied,1,"{""market"":""BTC-SYNTH""}"
2026-10-04T20:02:34.357940+00:00,counter,marketdata.update.applied,1,"{""market"":""BTC-SYNTH""}"
2026-10-04T20:02:34.357954+00:00,counter,marketdata.update.applied,1,"{""market"":""BTC-SYNTH""}"
2026-10-04T20:02:34.357969+00:00,counter,marketdata.update.applied,1,"{""market"":""BTC-SYNTH""}"
2026-10-04T20:02:34.357983+00:00,counter,marketdata.update.applied,1,"{""market"":""BTC-SYNTH""}"
2026-10-04T20:02:34.357997+00:00,counter,marketdata.update.applied,1,"{""market"":""BTC-SYNTH""}"
2026-10-04T20:02:34.358011+00:00,counter,marketdata.update.applied,1,"{""market"":""BTC-SYNTH""}"
2026-10-04T20:02:34.358026+00:00,counter,marketdata.update.applied,1,"{""market"":""BTC-SYNTH""}"
2026-10-04T20:02:34.358040+00:00,counter,marketdata.update.applied,1,"{""market"":""BTC-SYNTH""}"
2026-10-04T20:02:34.358056+00:00,counter,marketdata.update.applied,1,"{""market"":""BTC-SYNTH""}"
2026-10-04T20:02:34.358070+00:00,counter,marketdata.update.applied,1,"{""market"":""BTC-SYNTH""}"
2026-10-04T20:02:34.358084+00:00,counter,marketdata.update.applied,1,"{""market"":""BTC-SYNTH""}"
2026-10-04T20:02:34.358099+00:00,counter,marketdata.update.applied,1,"{""market"":""BTC-SYNTH""}"
2026-10-04T20:02:34.358113+00:00,counter,marketdata.update.applied,1,"{""market"":""BTC-SYNTH""}"
2026-10-04T20:02:34.358127+00:00,counter,marketdata.update.applied,1,"{""market"":""BTC-SYNTH""}"
2026-10-04T20:02:34.358141+00:00,counter,marketdata.update.applied,1,"{""market"":""BTC-SYNTH""}"
2026-10-04T20:02:34.358155+00:00,counter,marketdata.update.applied,1,"{""market"":""BTC-SYNTH""}"
2026-10-04T20:02:34.358169+00:00,counter,marketdata.update.applied,1,"{""market"":""BTC-SYNTH""}"
2026-10-04T20:02:34.358182+00:00,counter,marketdata.update.applied,1,"{""market"":""BTC-SYNTH""}"
2026-10-04T20:02:34.358197+00:00,counter,marketdata.update.applied,1,"{""market"":""BTC-SYNTH""}"
2026-10-04T20:02:34.358211+00:00,counter,marketdata.update.applied,1,"{""market"":""BTC-SYNTH""}"
2026-10-04T20:02:34.358230+00:00,counter,marketdata.update.applied,1,"{""market"":""BTC-SYNTH""}"
2026-10-04T20:02:34.358260+00:00,counter,marketdata.update.applied,1,"{""market"":""BTC-SYNTH""}"
2026-10-04T20:02:34.358278+00:00,counter,marketdata.update.applied,1,"{""market"":""BTC-SYNTH""}"
2026-10-04T20:02:34.358293+00:00,counter,marketdata.update.applied,1,"{""market"":""BTC-SYNTH""}"
2026-10-04T20:02:34.358308+00:00,counter,marketdata.update.applied,1,"{""market"":""BTC-SYNTH""}"
2026-10-04T20:02:34.358322+00:00,counter,marketdata.update.applied,1,"{""market"":""BTC-SYNTH""}"
2026-10-04T20:02:34.358337+00:00,counter,marketdata.update.applied,1,"{""market"":""BTC-SYNTH""}"
2026-10-04T20:02:34.358350+00:00,counter,marketdata.update.applied,1,"{""market"":""BTC-SYNTH""}"
2026-10-04T20:02:34.358364+00:00,counter,marketdata.update.applied,1,"{""market"":""BTC-SYNTH""}"
2026-10-04T20:02:34.358378+00:00,counter,marketdata.update.applied,1,"{""market"":""BTC-SYNTH""}"
2026-10-04T20:02:34.459982+00:00,gauge,pricing.slices.attempted,3.0,"{""market"":""BTC-SYNTH"",""producer"":""svi-scipy""}"
2026-10-04T20:02:34.460011+00:00,gauge,pricing.slices.accepted,3.0,"{""market"":""BTC-SYNTH"",""producer"":""svi-scipy""}"
2026-10-04T20:02:34.460078+00:00,gauge,pricing.rmse_vol_bp,33.52082762265032,"{""market"":""BTC-SYNTH"",""producer"":""svi-scipy""}"
2026-10-04T20:02:34.460088+00:00,timing,pricing.cycle_ms,101.34,"{""market"":""BTC-SYNTH"",""producer"":""svi-scipy""}"
2026-10-04T20:02:34.460337+00:00,counter,bus.published,1,"{""topic"":""surface.BTC-SYNTH.svi-scipy""}"
2026-10-04T20:02:34.460370+00:00,counter,runner.handled,1,"{""subscriber"":""svi-scipy@BTC-SYNTH""}"
2026-10-04T20:02:34.460470+00:00,counter,risk.surface.received,1,"{""market"":""BTC-SYNTH"",""producer"":""svi-scipy"",""status"":""OK""}"
2026-10-04T20:02:34.460485+00:00,timing,risk.surface.snapshot_to_surface_ms,2108.213,"{""market"":""BTC-SYNTH"",""producer"":""svi-scipy""}"
2026-10-04T20:02:34.460493+00:00,timing,risk.surface.delivery_lag_ms,0.519,"{""market"":""BTC-SYNTH"",""producer"":""svi-scipy""}"
2026-10-04T20:02:34.460507+00:00,gauge,risk.surface_age_seconds,2.108742,"{""market"":""BTC-SYNTH"",""producer"":""svi-scipy""}"
2026-10-04T20:02:34.460513+00:00,counter,risk.report.freshness,1,"{""decision"":""NORMAL"",""market"":""BTC-SYNTH"",""producer"":""svi-scipy""}"
2026-10-04T20:02:34.460552+00:00,gauge,risk.surface_age_seconds,6.107002,"{""market"":""BTC-SYNTH"",""producer"":""mlp-torch""}"
2026-10-04T20:02:34.460558+00:00,counter,risk.report.freshness,1,"{""decision"":""NORMAL"",""market"":""BTC-SYNTH"",""producer"":""mlp-torch""}"
2026-10-04T20:02:34.460710+00:00,gauge,risk.comparison.value_diff,-150.98705730439906,"{""baseline"":""svi-scipy"",""challenger"":""mlp-torch"",""market"":""BTC-SYNTH""}"
2026-10-04T20:02:34.460718+00:00,gauge,risk.comparison.distance_rms_vol_bp,50.568710883445576,"{""baseline"":""svi-scipy"",""challenger"":""mlp-torch"",""market"":""BTC-SYNTH""}"
2026-10-04T20:02:34.460725+00:00,gauge,risk.comparison.distance_max_vol_bp,155.3332872738311,"{""baseline"":""svi-scipy"",""challenger"":""mlp-torch"",""market"":""BTC-SYNTH""}"
2026-10-04T20:02:34.460735+00:00,gauge,risk.surface_age_seconds,2.108973,"{""market"":""BTC-SYNTH"",""producer"":""svi-scipy""}"
2026-10-04T20:02:34.460741+00:00,counter,risk.report.freshness,1,"{""decision"":""NORMAL"",""market"":""BTC-SYNTH"",""producer"":""svi-scipy""}"
2026-10-04T20:02:34.460758+00:00,counter,runner.handled,1,"{""subscriber"":""risk-svi-scipy@BTC-SYNTH""}"
2026-10-04T20:02:35.359590+00:00,counter,marketdata.snapshot.published,1,"{""market"":""BTC-SYNTH""}"
2026-10-04T20:02:35.359635+00:00,gauge,marketdata.clock_skew_seconds,-2.004358,"{""market"":""BTC-SYNTH""}"
2026-10-04T20:02:35.359650+00:00,gauge,marketdata.coverage_ratio,1.0,"{""market"":""BTC-SYNTH""}"
2026-10-04T20:02:35.359662+00:00,gauge,marketdata.max_age_seconds,2.102354,"{""market"":""BTC-SYNTH""}"
2026-10-04T20:02:35.359676+00:00,counter,pipeline.heartbeat.emitted,1,"{""market"":""BTC-SYNTH""}"
2026-10-04T20:02:35.359695+00:00,counter,bus.published,1,"{""topic"":""snapshot.BTC-SYNTH""}"
2026-10-04T20:02:35.359714+00:00,counter,bus.dropped,1,"{""subscriber"":""mlp-torch@BTC-SYNTH"",""topic"":""snapshot.BTC-SYNTH""}"
2026-10-04T20:02:35.359810+00:00,counter,marketdata.update.applied,1,"{""market"":""BTC-SYNTH""}"
2026-10-04T20:02:35.359854+00:00,counter,marketdata.update.applied,1,"{""market"":""BTC-SYNTH""}"
2026-10-04T20:02:35.359982+00:00,counter,marketdata.update.applied,1,"{""market"":""BTC-SYNTH""}"
2026-10-04T20:02:35.360014+00:00,counter,marketdata.update.applied,1,"{""market"":""BTC-SYNTH""}"
2026-10-04T20:02:35.360041+00:00,counter,marketdata.update.applied,1,"{""market"":""BTC-SYNTH""}"
2026-10-04T20:02:35.360066+00:00,counter,marketdata.update.applied,1,"{""market"":""BTC-SYNTH""}"
2026-10-04T20:02:35.360096+00:00,counter,marketdata.update.applied,1,"{""market"":""BTC-SYNTH""}"
2026-10-04T20:02:35.360119+00:00,counter,marketdata.update.applied,1,"{""market"":""BTC-SYNTH""}"
2026-10-04T20:02:35.360151+00:00,counter,marketdata.update.applied,1,"{""market"":""BTC-SYNTH""}"
2026-10-04T20:02:35.360189+00:00,counter,marketdata.update.applied,1,"{""market"":""BTC-SYNTH""}"
2026-10-04T20:02:35.360218+00:00,counter,marketdata.update.applied,1,"{""market"":""BTC-SYNTH""}"
2026-10-04T20:02:35.360244+00:00,counter,marketdata.update.applied,1,"{""market"":""BTC-SYNTH""}"
2026-10-04T20:02:35.360270+00:00,counter,marketdata.update.applied,1,"{""market"":""BTC-SYNTH""}"
2026-10-04T20:02:35.360295+00:00,counter,marketdata.update.applied,1,"{""market"":""BTC-SYNTH""}"
2026-10-04T20:02:35.360321+00:00,counter,marketdata.update.applied,1,"{""market"":""BTC-SYNTH""}"
2026-10-04T20:02:35.360346+00:00,counter,marketdata.update.applied,1,"{""market"":""BTC-SYNTH""}"
2026-10-04T20:02:35.360371+00:00,counter,marketdata.update.applied,1,"{""market"":""BTC-SYNTH""}"
2026-10-04T20:02:35.360397+00:00,counter,marketdata.update.applied,1,"{""market"":""BTC-SYNTH""}"
2026-10-04T20:02:35.360422+00:00,counter,marketdata.update.applied,1,"{""market"":""BTC-SYNTH""}"
2026-10-04T20:02:35.360445+00:00,counter,marketdata.update.applied,1,"{""market"":""BTC-SYNTH""}"
2026-10-04T20:02:35.360470+00:00,counter,marketdata.update.applied,1,"{""market"":""BTC-SYNTH""}"
2026-10-04T20:02:35.360493+00:00,counter,marketdata.update.applied,1,"{""market"":""BTC-SYNTH""}"
2026-10-04T20:02:35.360520+00:00,counter,marketdata.update.applied,1,"{""market"":""BTC-SYNTH""}"
2026-10-04T20:02:35.360542+00:00,counter,marketdata.update.applied,1,"{""market"":""BTC-SYNTH""}"
2026-10-04T20:02:35.360567+00:00,counter,marketdata.update.applied,1,"{""market"":""BTC-SYNTH""}"
2026-10-04T20:02:35.360588+00:00,counter,marketdata.update.applied,1,"{""market"":""BTC-SYNTH""}"
2026-10-04T20:02:35.360613+00:00,counter,marketdata.update.applied,1,"{""market"":""BTC-SYNTH""}"
2026-10-04T20:02:35.360635+00:00,counter,marketdata.update.applied,1,"{""market"":""BTC-SYNTH""}"
2026-10-04T20:02:35.360659+00:00,counter,marketdata.update.applied,1,"{""market"":""BTC-SYNTH""}"
2026-10-04T20:02:35.360681+00:00,counter,marketdata.update.applied,1,"{""market"":""BTC-SYNTH""}"
2026-10-04T20:02:35.360705+00:00,counter,marketdata.update.applied,1,"{""market"":""BTC-SYNTH""}"
2026-10-04T20:02:35.360727+00:00,counter,marketdata.update.applied,1,"{""market"":""BTC-SYNTH""}"
2026-10-04T20:02:35.360752+00:00,counter,marketdata.update.applied,1,"{""market"":""BTC-SYNTH""}"
2026-10-04T20:02:35.360773+00:00,counter,marketdata.update.applied,1,"{""market"":""BTC-SYNTH""}"
2026-10-04T20:02:35.360796+00:00,counter,marketdata.update.applied,1,"{""market"":""BTC-SYNTH""}"
2026-10-04T20:02:35.360818+00:00,counter,marketdata.update.applied,1,"{""market"":""BTC-SYNTH""}"
2026-10-04T20:02:35.360840+00:00,counter,marketdata.update.applied,1,"{""market"":""BTC-SYNTH""}"
2026-10-04T20:02:35.360889+00:00,counter,marketdata.update.applied,1,"{""market"":""BTC-SYNTH""}"
2026-10-04T20:02:35.360931+00:00,counter,marketdata.update.applied,1,"{""market"":""BTC-SYNTH""}"
2026-10-04T20:02:35.360955+00:00,counter,marketdata.update.applied,1,"{""market"":""BTC-SYNTH""}"
2026-10-04T20:02:35.360979+00:00,counter,marketdata.update.applied,1,"{""market"":""BTC-SYNTH""}"
2026-10-04T20:02:35.361001+00:00,counter,marketdata.update.applied,1,"{""market"":""BTC-SYNTH""}"
2026-10-04T20:02:35.361027+00:00,counter,marketdata.update.applied,1,"{""market"":""BTC-SYNTH""}"
2026-10-04T20:02:35.361049+00:00,counter,marketdata.update.applied,1,"{""market"":""BTC-SYNTH""}"
2026-10-04T20:02:35.361075+00:00,counter,marketdata.update.applied,1,"{""market"":""BTC-SYNTH""}"
2026-10-04T20:02:35.361097+00:00,counter,marketdata.update.applied,1,"{""market"":""BTC-SYNTH""}"
2026-10-04T20:02:35.361121+00:00,counter,marketdata.update.applied,1,"{""market"":""BTC-SYNTH""}"
2026-10-04T20:02:35.361144+00:00,counter,marketdata.update.applied,1,"{""market"":""BTC-SYNTH""}"
2026-10-04T20:02:35.361168+00:00,counter,marketdata.update.applied,1,"{""market"":""BTC-SYNTH""}"
2026-10-04T20:02:35.361189+00:00,counter,marketdata.update.applied,1,"{""market"":""BTC-SYNTH""}"
2026-10-04T20:02:35.361214+00:00,counter,marketdata.update.applied,1,"{""market"":""BTC-SYNTH""}"
2026-10-04T20:02:35.361237+00:00,counter,marketdata.update.applied,1,"{""market"":""BTC-SYNTH""}"
2026-10-04T20:02:35.361261+00:00,counter,marketdata.update.applied,1,"{""market"":""BTC-SYNTH""}"
2026-10-04T20:02:35.361283+00:00,counter,marketdata.update.applied,1,"{""market"":""BTC-SYNTH""}"
2026-10-04T20:02:35.361307+00:00,counter,marketdata.update.applied,1,"{""market"":""BTC-SYNTH""}"
2026-10-04T20:02:35.361330+00:00,counter,marketdata.update.applied,1,"{""market"":""BTC-SYNTH""}"
2026-10-04T20:02:35.361354+00:00,counter,marketdata.update.applied,1,"{""market"":""BTC-SYNTH""}"
2026-10-04T20:02:35.361376+00:00,counter,marketdata.update.applied,1,"{""market"":""BTC-SYNTH""}"
2026-10-04T20:02:35.361400+00:00,counter,marketdata.update.applied,1,"{""market"":""BTC-SYNTH""}"
2026-10-04T20:02:35.361422+00:00,counter,marketdata.update.applied,1,"{""market"":""BTC-SYNTH""}"
2026-10-04T20:02:35.361445+00:00,counter,marketdata.update.applied,1,"{""market"":""BTC-SYNTH""}"
2026-10-04T20:02:35.361466+00:00,counter,marketdata.update.applied,1,"{""market"":""BTC-SYNTH""}"
2026-10-04T20:02:35.361490+00:00,counter,marketdata.update.applied,1,"{""market"":""BTC-SYNTH""}"
2026-10-04T20:02:35.361511+00:00,counter,marketdata.update.applied,1,"{""market"":""BTC-SYNTH""}"
2026-10-04T20:02:35.361539+00:00,counter,marketdata.update.applied,1,"{""market"":""BTC-SYNTH""}"
2026-10-04T20:02:35.361561+00:00,counter,marketdata.update.applied,1,"{""market"":""BTC-SYNTH""}"
2026-10-04T20:02:35.397146+00:00,gauge,pricing.slices.attempted,3.0,"{""market"":""BTC-SYNTH"",""producer"":""svi-scipy""}"
2026-10-04T20:02:35.397174+00:00,gauge,pricing.slices.accepted,3.0,"{""market"":""BTC-SYNTH"",""producer"":""svi-scipy""}"
2026-10-04T20:02:35.397242+00:00,gauge,pricing.rmse_vol_bp,25.758646047853166,"{""market"":""BTC-SYNTH"",""producer"":""svi-scipy""}"
2026-10-04T20:02:35.397251+00:00,timing,pricing.cycle_ms,35.308,"{""market"":""BTC-SYNTH"",""producer"":""svi-scipy""}"
2026-10-04T20:02:35.397475+00:00,counter,bus.published,1,"{""topic"":""surface.BTC-SYNTH.svi-scipy""}"
2026-10-04T20:02:35.397495+00:00,counter,runner.handled,1,"{""subscriber"":""svi-scipy@BTC-SYNTH""}"
2026-10-04T20:02:35.397593+00:00,counter,risk.surface.received,1,"{""market"":""BTC-SYNTH"",""producer"":""svi-scipy"",""status"":""OK""}"
2026-10-04T20:02:35.397606+00:00,timing,risk.surface.snapshot_to_surface_ms,2042.6000000000001,"{""market"":""BTC-SYNTH"",""producer"":""svi-scipy""}"
2026-10-04T20:02:35.397614+00:00,timing,risk.surface.delivery_lag_ms,0.474,"{""market"":""BTC-SYNTH"",""producer"":""svi-scipy""}"
2026-10-04T20:02:35.397626+00:00,gauge,risk.surface_age_seconds,2.043083,"{""market"":""BTC-SYNTH"",""producer"":""svi-scipy""}"
2026-10-04T20:02:35.397632+00:00,counter,risk.report.freshness,1,"{""decision"":""NORMAL"",""market"":""BTC-SYNTH"",""producer"":""svi-scipy""}"
2026-10-04T20:02:35.397669+00:00,gauge,risk.surface_age_seconds,7.044119,"{""market"":""BTC-SYNTH"",""producer"":""mlp-torch""}"
2026-10-04T20:02:35.397674+00:00,counter,risk.report.freshness,1,"{""decision"":""NORMAL"",""market"":""BTC-SYNTH"",""producer"":""mlp-torch""}"
2026-10-04T20:02:35.397813+00:00,gauge,risk.comparison.value_diff,-114.80477473710562,"{""baseline"":""svi-scipy"",""challenger"":""mlp-torch"",""market"":""BTC-SYNTH""}"
2026-10-04T20:02:35.397822+00:00,gauge,risk.comparison.distance_rms_vol_bp,54.12892293699827,"{""baseline"":""svi-scipy"",""challenger"":""mlp-torch"",""market"":""BTC-SYNTH""}"
2026-10-04T20:02:35.397868+00:00,gauge,risk.comparison.distance_max_vol_bp,226.1870100232477,"{""baseline"":""svi-scipy"",""challenger"":""mlp-torch"",""market"":""BTC-SYNTH""}"
2026-10-04T20:02:35.397883+00:00,gauge,risk.surface_age_seconds,2.043341,"{""market"":""BTC-SYNTH"",""producer"":""svi-scipy""}"
2026-10-04T20:02:35.397890+00:00,counter,risk.report.freshness,1,"{""decision"":""NORMAL"",""market"":""BTC-SYNTH"",""producer"":""svi-scipy""}"
2026-10-04T20:02:35.397915+00:00,counter,runner.handled,1,"{""subscriber"":""risk-svi-scipy@BTC-SYNTH""}"
2026-10-04T20:02:36.361188+00:00,counter,marketdata.snapshot.published,1,"{""market"":""BTC-SYNTH""}"
2026-10-04T20:02:36.361225+00:00,gauge,marketdata.clock_skew_seconds,-2.005968,"{""market"":""BTC-SYNTH""}"
2026-10-04T20:02:36.361237+00:00,gauge,marketdata.coverage_ratio,1.0,"{""market"":""BTC-SYNTH""}"
2026-10-04T20:02:36.361245+00:00,gauge,marketdata.max_age_seconds,2.10311,"{""market"":""BTC-SYNTH""}"
2026-10-04T20:02:36.361255+00:00,counter,pipeline.heartbeat.emitted,1,"{""market"":""BTC-SYNTH""}"
2026-10-04T20:02:36.361267+00:00,counter,bus.published,1,"{""topic"":""snapshot.BTC-SYNTH""}"
2026-10-04T20:02:36.361282+00:00,counter,bus.dropped,1,"{""subscriber"":""mlp-torch@BTC-SYNTH"",""topic"":""snapshot.BTC-SYNTH""}"
2026-10-04T20:02:36.364720+00:00,counter,marketdata.update.applied,1,"{""market"":""BTC-SYNTH""}"
2026-10-04T20:02:36.364772+00:00,counter,marketdata.update.applied,1,"{""market"":""BTC-SYNTH""}"
2026-10-04T20:02:36.364808+00:00,counter,marketdata.update.applied,1,"{""market"":""BTC-SYNTH""}"
2026-10-04T20:02:36.364837+00:00,counter,marketdata.update.applied,1,"{""market"":""BTC-SYNTH""}"
2026-10-04T20:02:36.364865+00:00,counter,marketdata.update.applied,1,"{""market"":""BTC-SYNTH""}"
2026-10-04T20:02:36.364910+00:00,counter,marketdata.update.applied,1,"{""market"":""BTC-SYNTH""}"
2026-10-04T20:02:36.364955+00:00,counter,marketdata.update.applied,1,"{""market"":""BTC-SYNTH""}"
2026-10-04T20:02:36.364982+00:00,counter,marketdata.update.applied,1,"{""market"":""BTC-SYNTH""}"
2026-10-04T20:02:36.365009+00:00,counter,marketdata.update.applied,1,"{""market"":""BTC-SYNTH""}"
2026-10-04T20:02:36.365045+00:00,counter,marketdata.update.applied,1,"{""market"":""BTC-SYNTH""}"
2026-10-04T20:02:36.365072+00:00,counter,marketdata.update.applied,1,"{""market"":""BTC-SYNTH""}"
2026-10-04T20:02:36.365096+00:00,counter,marketdata.update.applied,1,"{""market"":""BTC-SYNTH""}"
2026-10-04T20:02:36.365121+00:00,counter,marketdata.update.applied,1,"{""market"":""BTC-SYNTH""}"
2026-10-04T20:02:36.365143+00:00,counter,marketdata.update.applied,1,"{""market"":""BTC-SYNTH""}"
2026-10-04T20:02:36.365168+00:00,counter,marketdata.update.applied,1,"{""market"":""BTC-SYNTH""}"
2026-10-04T20:02:36.365191+00:00,counter,marketdata.update.applied,1,"{""market"":""BTC-SYNTH""}"
2026-10-04T20:02:36.365215+00:00,counter,marketdata.update.applied,1,"{""market"":""BTC-SYNTH""}"
2026-10-04T20:02:36.365237+00:00,counter,marketdata.update.applied,1,"{""market"":""BTC-SYNTH""}"
2026-10-04T20:02:36.365262+00:00,counter,marketdata.update.applied,1,"{""market"":""BTC-SYNTH""}"
2026-10-04T20:02:36.365285+00:00,counter,marketdata.update.applied,1,"{""market"":""BTC-SYNTH""}"
2026-10-04T20:02:36.365309+00:00,counter,marketdata.update.applied,1,"{""market"":""BTC-SYNTH""}"
2026-10-04T20:02:36.365331+00:00,counter,marketdata.update.applied,1,"{""market"":""BTC-SYNTH""}"
2026-10-04T20:02:36.365357+00:00,counter,marketdata.update.applied,1,"{""market"":""BTC-SYNTH""}"
2026-10-04T20:02:36.365380+00:00,counter,marketdata.update.applied,1,"{""market"":""BTC-SYNTH""}"
2026-10-04T20:02:36.365404+00:00,counter,marketdata.update.applied,1,"{""market"":""BTC-SYNTH""}"
2026-10-04T20:02:36.365426+00:00,counter,marketdata.update.applied,1,"{""market"":""BTC-SYNTH""}"
2026-10-04T20:02:36.365451+00:00,counter,marketdata.update.applied,1,"{""market"":""BTC-SYNTH""}"
2026-10-04T20:02:36.365473+00:00,counter,marketdata.update.applied,1,"{""market"":""BTC-SYNTH""}"
2026-10-04T20:02:36.365496+00:00,counter,marketdata.update.applied,1,"{""market"":""BTC-SYNTH""}"
2026-10-04T20:02:36.365519+00:00,counter,marketdata.update.applied,1,"{""market"":""BTC-SYNTH""}"
2026-10-04T20:02:36.365544+00:00,counter,marketdata.update.applied,1,"{""market"":""BTC-SYNTH""}"
2026-10-04T20:02:36.365566+00:00,counter,marketdata.update.applied,1,"{""market"":""BTC-SYNTH""}"
2026-10-04T20:02:36.365589+00:00,counter,marketdata.update.applied,1,"{""market"":""BTC-SYNTH""}"
2026-10-04T20:02:36.365611+00:00,counter,marketdata.update.applied,1,"{""market"":""BTC-SYNTH""}"
2026-10-04T20:02:36.365641+00:00,counter,marketdata.update.applied,1,"{""market"":""BTC-SYNTH""}"
2026-10-04T20:02:36.365663+00:00,counter,marketdata.update.applied,1,"{""market"":""BTC-SYNTH""}"
2026-10-04T20:02:36.365687+00:00,counter,marketdata.update.applied,1,"{""market"":""BTC-SYNTH""}"
2026-10-04T20:02:36.365709+00:00,counter,marketdata.update.applied,1,"{""market"":""BTC-SYNTH""}"
2026-10-04T20:02:36.365733+00:00,counter,marketdata.update.applied,1,"{""market"":""BTC-SYNTH""}"
2026-10-04T20:02:36.365754+00:00,counter,marketdata.update.applied,1,"{""market"":""BTC-SYNTH""}"
2026-10-04T20:02:36.365778+00:00,counter,marketdata.update.applied,1,"{""market"":""BTC-SYNTH""}"
2026-10-04T20:02:36.365800+00:00,counter,marketdata.update.applied,1,"{""market"":""BTC-SYNTH""}"
2026-10-04T20:02:36.365824+00:00,counter,marketdata.update.applied,1,"{""market"":""BTC-SYNTH""}"
2026-10-04T20:02:36.365846+00:00,counter,marketdata.update.applied,1,"{""market"":""BTC-SYNTH""}"
2026-10-04T20:02:36.365871+00:00,counter,marketdata.update.applied,1,"{""market"":""BTC-SYNTH""}"
2026-10-04T20:02:36.365892+00:00,counter,marketdata.update.applied,1,"{""market"":""BTC-SYNTH""}"
2026-10-04T20:02:36.365916+00:00,counter,marketdata.update.applied,1,"{""market"":""BTC-SYNTH""}"
2026-10-04T20:02:36.365938+00:00,counter,marketdata.update.applied,1,"{""market"":""BTC-SYNTH""}"
2026-10-04T20:02:36.365961+00:00,counter,marketdata.update.applied,1,"{""market"":""BTC-SYNTH""}"
2026-10-04T20:02:36.366006+00:00,counter,marketdata.update.applied,1,"{""market"":""BTC-SYNTH""}"
2026-10-04T20:02:36.366039+00:00,counter,marketdata.update.applied,1,"{""market"":""BTC-SYNTH""}"
2026-10-04T20:02:36.366064+00:00,counter,marketdata.update.applied,1,"{""market"":""BTC-SYNTH""}"
2026-10-04T20:02:36.366089+00:00,counter,marketdata.update.applied,1,"{""market"":""BTC-SYNTH""}"
2026-10-04T20:02:36.366111+00:00,counter,marketdata.update.applied,1,"{""market"":""BTC-SYNTH""}"
2026-10-04T20:02:36.366136+00:00,counter,marketdata.update.applied,1,"{""market"":""BTC-SYNTH""}"
2026-10-04T20:02:36.366158+00:00,counter,marketdata.update.applied,1,"{""market"":""BTC-SYNTH""}"
2026-10-04T20:02:36.366182+00:00,counter,marketdata.update.applied,1,"{""market"":""BTC-SYNTH""}"
2026-10-04T20:02:36.366203+00:00,counter,marketdata.update.applied,1,"{""market"":""BTC-SYNTH""}"
2026-10-04T20:02:36.366227+00:00,counter,marketdata.update.applied,1,"{""market"":""BTC-SYNTH""}"
2026-10-04T20:02:36.366249+00:00,counter,marketdata.update.applied,1,"{""market"":""BTC-SYNTH""}"
2026-10-04T20:02:36.366271+00:00,counter,marketdata.update.applied,1,"{""market"":""BTC-SYNTH""}"
2026-10-04T20:02:36.366292+00:00,counter,marketdata.update.applied,1,"{""market"":""BTC-SYNTH""}"
2026-10-04T20:02:36.366314+00:00,counter,marketdata.update.applied,1,"{""market"":""BTC-SYNTH""}"
2026-10-04T20:02:36.366335+00:00,counter,marketdata.update.applied,1,"{""market"":""BTC-SYNTH""}"
2026-10-04T20:02:36.366357+00:00,counter,marketdata.update.applied,1,"{""market"":""BTC-SYNTH""}"
2026-10-04T20:02:36.366378+00:00,counter,marketdata.update.applied,1,"{""market"":""BTC-SYNTH""}"
2026-10-04T20:02:36.427125+00:00,gauge,pricing.slices.attempted,3.0,"{""market"":""BTC-SYNTH"",""producer"":""svi-scipy""}"
2026-10-04T20:02:36.427152+00:00,gauge,pricing.slices.accepted,3.0,"{""market"":""BTC-SYNTH"",""producer"":""svi-scipy""}"
2026-10-04T20:02:36.427235+00:00,gauge,pricing.rmse_vol_bp,37.08718137932658,"{""market"":""BTC-SYNTH"",""producer"":""svi-scipy""}"
2026-10-04T20:02:36.427248+00:00,timing,pricing.cycle_ms,65.53200000000001,"{""market"":""BTC-SYNTH"",""producer"":""svi-scipy""}"
2026-10-04T20:02:36.427678+00:00,counter,bus.published,1,"{""topic"":""surface.BTC-SYNTH.svi-scipy""}"
2026-10-04T20:02:36.427722+00:00,counter,runner.handled,1,"{""subscriber"":""svi-scipy@BTC-SYNTH""}"
2026-10-04T20:02:36.427865+00:00,counter,risk.surface.received,1,"{""market"":""BTC-SYNTH"",""producer"":""svi-scipy"",""status"":""OK""}"
2026-10-04T20:02:36.427908+00:00,timing,risk.surface.snapshot_to_surface_ms,2072.488,"{""market"":""BTC-SYNTH"",""producer"":""svi-scipy""}"
2026-10-04T20:02:36.427935+00:00,timing,risk.surface.delivery_lag_ms,0.8130000000000001,"{""market"":""BTC-SYNTH"",""producer"":""svi-scipy""}"
2026-10-04T20:02:36.427963+00:00,gauge,risk.surface_age_seconds,2.073325,"{""market"":""BTC-SYNTH"",""producer"":""svi-scipy""}"
2026-10-04T20:02:36.427978+00:00,counter,risk.report.freshness,1,"{""decision"":""NORMAL"",""market"":""BTC-SYNTH"",""producer"":""svi-scipy""}"
2026-10-04T20:02:36.428045+00:00,gauge,risk.surface_age_seconds,8.074492,"{""market"":""BTC-SYNTH"",""producer"":""mlp-torch""}"
2026-10-04T20:02:36.428059+00:00,counter,risk.report.freshness,1,"{""decision"":""NORMAL"",""market"":""BTC-SYNTH"",""producer"":""mlp-torch""}"
2026-10-04T20:02:36.428337+00:00,gauge,risk.comparison.value_diff,-198.1876955800799,"{""baseline"":""svi-scipy"",""challenger"":""mlp-torch"",""market"":""BTC-SYNTH""}"
2026-10-04T20:02:36.428362+00:00,gauge,risk.comparison.distance_rms_vol_bp,117.36063089206178,"{""baseline"":""svi-scipy"",""challenger"":""mlp-torch"",""market"":""BTC-SYNTH""}"
2026-10-04T20:02:36.428379+00:00,gauge,risk.comparison.distance_max_vol_bp,351.58735602665246,"{""baseline"":""svi-scipy"",""challenger"":""mlp-torch"",""market"":""BTC-SYNTH""}"
2026-10-04T20:02:36.428400+00:00,gauge,risk.surface_age_seconds,2.073765,"{""market"":""BTC-SYNTH"",""producer"":""svi-scipy""}"
2026-10-04T20:02:36.428413+00:00,counter,risk.report.freshness,1,"{""decision"":""NORMAL"",""market"":""BTC-SYNTH"",""producer"":""svi-scipy""}"
2026-10-04T20:02:36.428449+00:00,counter,runner.handled,1,"{""subscriber"":""risk-svi-scipy@BTC-SYNTH""}"
2026-10-04T20:02:37.363117+00:00,counter,marketdata.snapshot.published,1,"{""market"":""BTC-SYNTH""}"
2026-10-04T20:02:37.363147+00:00,gauge,marketdata.clock_skew_seconds,-2.007474,"{""market"":""BTC-SYNTH""}"
2026-10-04T20:02:37.363156+00:00,gauge,marketdata.coverage_ratio,1.0,"{""market"":""BTC-SYNTH""}"
2026-10-04T20:02:37.363161+00:00,gauge,marketdata.max_age_seconds,2.105932,"{""market"":""BTC-SYNTH""}"
2026-10-04T20:02:37.363169+00:00,counter,pipeline.heartbeat.emitted,1,"{""market"":""BTC-SYNTH""}"
2026-10-04T20:02:37.363182+00:00,counter,bus.published,1,"{""topic"":""snapshot.BTC-SYNTH""}"
2026-10-04T20:02:37.363194+00:00,counter,bus.dropped,1,"{""subscriber"":""mlp-torch@BTC-SYNTH"",""topic"":""snapshot.BTC-SYNTH""}"
2026-10-04T20:02:37.373595+00:00,counter,marketdata.update.applied,1,"{""market"":""BTC-SYNTH""}"
2026-10-04T20:02:37.373649+00:00,counter,marketdata.update.applied,1,"{""market"":""BTC-SYNTH""}"
2026-10-04T20:02:37.373687+00:00,counter,marketdata.update.applied,1,"{""market"":""BTC-SYNTH""}"
2026-10-04T20:02:37.373716+00:00,counter,marketdata.update.applied,1,"{""market"":""BTC-SYNTH""}"
2026-10-04T20:02:37.373742+00:00,counter,marketdata.update.applied,1,"{""market"":""BTC-SYNTH""}"
2026-10-04T20:02:37.373765+00:00,counter,marketdata.update.applied,1,"{""market"":""BTC-SYNTH""}"
2026-10-04T20:02:37.373801+00:00,counter,marketdata.update.applied,1,"{""market"":""BTC-SYNTH""}"
2026-10-04T20:02:37.373823+00:00,counter,marketdata.update.applied,1,"{""market"":""BTC-SYNTH""}"
2026-10-04T20:02:37.373847+00:00,counter,marketdata.update.applied,1,"{""market"":""BTC-SYNTH""}"
2026-10-04T20:02:37.373868+00:00,counter,marketdata.update.applied,1,"{""market"":""BTC-SYNTH""}"
2026-10-04T20:02:37.373893+00:00,counter,marketdata.update.applied,1,"{""market"":""BTC-SYNTH""}"
2026-10-04T20:02:37.373914+00:00,counter,marketdata.update.applied,1,"{""market"":""BTC-SYNTH""}"
2026-10-04T20:02:37.373937+00:00,counter,marketdata.update.applied,1,"{""market"":""BTC-SYNTH""}"
2026-10-04T20:02:37.373958+00:00,counter,marketdata.update.applied,1,"{""market"":""BTC-SYNTH""}"
2026-10-04T20:02:37.373994+00:00,counter,marketdata.update.applied,1,"{""market"":""BTC-SYNTH""}"
2026-10-04T20:02:37.374017+00:00,counter,marketdata.update.applied,1,"{""market"":""BTC-SYNTH""}"
2026-10-04T20:02:37.374039+00:00,counter,marketdata.update.applied,1,"{""market"":""BTC-SYNTH""}"
2026-10-04T20:02:37.374060+00:00,counter,marketdata.update.applied,1,"{""market"":""BTC-SYNTH""}"
2026-10-04T20:02:37.374083+00:00,counter,marketdata.update.applied,1,"{""market"":""BTC-SYNTH""}"
2026-10-04T20:02:37.374104+00:00,counter,marketdata.update.applied,1,"{""market"":""BTC-SYNTH""}"
2026-10-04T20:02:37.374126+00:00,counter,marketdata.update.applied,1,"{""market"":""BTC-SYNTH""}"
2026-10-04T20:02:37.374148+00:00,counter,marketdata.update.applied,1,"{""market"":""BTC-SYNTH""}"
2026-10-04T20:02:37.374173+00:00,counter,marketdata.update.applied,1,"{""market"":""BTC-SYNTH""}"
2026-10-04T20:02:37.374193+00:00,counter,marketdata.update.applied,1,"{""market"":""BTC-SYNTH""}"
2026-10-04T20:02:37.374268+00:00,counter,marketdata.update.applied,1,"{""market"":""BTC-SYNTH""}"
2026-10-04T20:02:37.374319+00:00,counter,marketdata.update.applied,1,"{""market"":""BTC-SYNTH""}"
2026-10-04T20:02:37.374347+00:00,counter,marketdata.update.applied,1,"{""market"":""BTC-SYNTH""}"
2026-10-04T20:02:37.374370+00:00,counter,marketdata.update.applied,1,"{""market"":""BTC-SYNTH""}"
2026-10-04T20:02:37.374395+00:00,counter,marketdata.update.applied,1,"{""market"":""BTC-SYNTH""}"
2026-10-04T20:02:37.374419+00:00,counter,marketdata.update.applied,1,"{""market"":""BTC-SYNTH""}"
2026-10-04T20:02:37.374445+00:00,counter,marketdata.update.applied,1,"{""market"":""BTC-SYNTH""}"
2026-10-04T20:02:37.374468+00:00,counter,marketdata.update.applied,1,"{""market"":""BTC-SYNTH""}"
2026-10-04T20:02:37.374493+00:00,counter,marketdata.update.applied,1,"{""market"":""BTC-SYNTH""}"
2026-10-04T20:02:37.374517+00:00,counter,marketdata.update.applied,1,"{""market"":""BTC-SYNTH""}"
2026-10-04T20:02:37.374542+00:00,counter,marketdata.update.applied,1,"{""market"":""BTC-SYNTH""}"
2026-10-04T20:02:37.374565+00:00,counter,marketdata.update.applied,1,"{""market"":""BTC-SYNTH""}"
2026-10-04T20:02:37.374589+00:00,counter,marketdata.update.applied,1,"{""market"":""BTC-SYNTH""}"
2026-10-04T20:02:37.374612+00:00,counter,marketdata.update.applied,1,"{""market"":""BTC-SYNTH""}"
2026-10-04T20:02:37.374638+00:00,counter,marketdata.update.applied,1,"{""market"":""BTC-SYNTH""}"
2026-10-04T20:02:37.374660+00:00,counter,marketdata.update.applied,1,"{""market"":""BTC-SYNTH""}"
2026-10-04T20:02:37.374684+00:00,counter,marketdata.update.applied,1,"{""market"":""BTC-SYNTH""}"
2026-10-04T20:02:37.374706+00:00,counter,marketdata.update.applied,1,"{""market"":""BTC-SYNTH""}"
2026-10-04T20:02:37.374730+00:00,counter,marketdata.update.applied,1,"{""market"":""BTC-SYNTH""}"
2026-10-04T20:02:37.374766+00:00,counter,marketdata.update.applied,1,"{""market"":""BTC-SYNTH""}"
2026-10-04T20:02:37.374802+00:00,counter,marketdata.update.applied,1,"{""market"":""BTC-SYNTH""}"
2026-10-04T20:02:37.374826+00:00,counter,marketdata.update.applied,1,"{""market"":""BTC-SYNTH""}"
2026-10-04T20:02:37.374850+00:00,counter,marketdata.update.applied,1,"{""market"":""BTC-SYNTH""}"
2026-10-04T20:02:37.374871+00:00,counter,marketdata.update.applied,1,"{""market"":""BTC-SYNTH""}"
2026-10-04T20:02:37.374894+00:00,counter,marketdata.update.applied,1,"{""market"":""BTC-SYNTH""}"
2026-10-04T20:02:37.374915+00:00,counter,marketdata.update.applied,1,"{""market"":""BTC-SYNTH""}"
2026-10-04T20:02:37.374939+00:00,counter,marketdata.update.applied,1,"{""market"":""BTC-SYNTH""}"
2026-10-04T20:02:37.374960+00:00,counter,marketdata.update.applied,1,"{""market"":""BTC-SYNTH""}"
2026-10-04T20:02:37.374982+00:00,counter,marketdata.update.applied,1,"{""market"":""BTC-SYNTH""}"
2026-10-04T20:02:37.375003+00:00,counter,marketdata.update.applied,1,"{""market"":""BTC-SYNTH""}"
2026-10-04T20:02:37.375034+00:00,counter,marketdata.update.applied,1,"{""market"":""BTC-SYNTH""}"
2026-10-04T20:02:37.375156+00:00,counter,marketdata.update.applied,1,"{""market"":""BTC-SYNTH""}"
2026-10-04T20:02:37.375192+00:00,counter,marketdata.update.applied,1,"{""market"":""BTC-SYNTH""}"
2026-10-04T20:02:37.375215+00:00,counter,marketdata.update.applied,1,"{""market"":""BTC-SYNTH""}"
2026-10-04T20:02:37.375241+00:00,counter,marketdata.update.applied,1,"{""market"":""BTC-SYNTH""}"
2026-10-04T20:02:37.375263+00:00,counter,marketdata.update.applied,1,"{""market"":""BTC-SYNTH""}"
2026-10-04T20:02:37.375286+00:00,counter,marketdata.update.applied,1,"{""market"":""BTC-SYNTH""}"
2026-10-04T20:02:37.375308+00:00,counter,marketdata.update.applied,1,"{""market"":""BTC-SYNTH""}"
2026-10-04T20:02:37.375331+00:00,counter,marketdata.update.applied,1,"{""market"":""BTC-SYNTH""}"
2026-10-04T20:02:37.375352+00:00,counter,marketdata.update.applied,1,"{""market"":""BTC-SYNTH""}"
2026-10-04T20:02:37.375375+00:00,counter,marketdata.update.applied,1,"{""market"":""BTC-SYNTH""}"
2026-10-04T20:02:37.375396+00:00,counter,marketdata.update.applied,1,"{""market"":""BTC-SYNTH""}"
2026-10-04T20:02:37.468463+00:00,gauge,pricing.slices.attempted,3.0,"{""market"":""BTC-SYNTH"",""producer"":""svi-scipy""}"
2026-10-04T20:02:37.468491+00:00,gauge,pricing.slices.accepted,3.0,"{""market"":""BTC-SYNTH"",""producer"":""svi-scipy""}"
2026-10-04T20:02:37.468576+00:00,gauge,pricing.rmse_vol_bp,32.305588613506984,"{""market"":""BTC-SYNTH"",""producer"":""svi-scipy""}"
2026-10-04T20:02:37.468586+00:00,timing,pricing.cycle_ms,104.957,"{""market"":""BTC-SYNTH"",""producer"":""svi-scipy""}"
2026-10-04T20:02:37.468798+00:00,counter,bus.published,1,"{""topic"":""surface.BTC-SYNTH.svi-scipy""}"
2026-10-04T20:02:37.468830+00:00,counter,runner.handled,1,"{""subscriber"":""svi-scipy@BTC-SYNTH""}"
2026-10-04T20:02:37.468931+00:00,counter,risk.surface.received,1,"{""market"":""BTC-SYNTH"",""producer"":""svi-scipy"",""status"":""OK""}"
2026-10-04T20:02:37.468946+00:00,timing,risk.surface.snapshot_to_surface_ms,2113.292,"{""market"":""BTC-SYNTH"",""producer"":""svi-scipy""}"
2026-10-04T20:02:37.468955+00:00,timing,risk.surface.delivery_lag_ms,0.5,"{""market"":""BTC-SYNTH"",""producer"":""svi-scipy""}"
2026-10-04T20:02:37.468970+00:00,gauge,risk.surface_age_seconds,2.113803,"{""market"":""BTC-SYNTH"",""producer"":""svi-scipy""}"
2026-10-04T20:02:37.468978+00:00,counter,risk.report.freshness,1,"{""decision"":""NORMAL"",""market"":""BTC-SYNTH"",""producer"":""svi-scipy""}"
2026-10-04T20:02:37.469018+00:00,gauge,risk.surface_age_seconds,9.115469,"{""market"":""BTC-SYNTH"",""producer"":""mlp-torch""}"
2026-10-04T20:02:37.469025+00:00,counter,risk.report.freshness,1,"{""decision"":""NORMAL"",""market"":""BTC-SYNTH"",""producer"":""mlp-torch""}"
2026-10-04T20:02:37.469173+00:00,gauge,risk.comparison.value_diff,-179.60106886555877,"{""baseline"":""svi-scipy"",""challenger"":""mlp-torch"",""market"":""BTC-SYNTH""}"
2026-10-04T20:02:37.469183+00:00,gauge,risk.comparison.distance_rms_vol_bp,83.09732523427338,"{""baseline"":""svi-scipy"",""challenger"":""mlp-torch"",""market"":""BTC-SYNTH""}"
2026-10-04T20:02:37.469189+00:00,gauge,risk.comparison.distance_max_vol_bp,359.4030345291477,"{""baseline"":""svi-scipy"",""challenger"":""mlp-torch"",""market"":""BTC-SYNTH""}"
2026-10-04T20:02:37.469209+00:00,gauge,risk.surface_age_seconds,2.114044,"{""market"":""BTC-SYNTH"",""producer"":""svi-scipy""}"
2026-10-04T20:02:37.469217+00:00,counter,risk.report.freshness,1,"{""decision"":""NORMAL"",""market"":""BTC-SYNTH"",""producer"":""svi-scipy""}"
2026-10-04T20:02:37.469239+00:00,counter,runner.handled,1,"{""subscriber"":""risk-svi-scipy@BTC-SYNTH""}"
2026-10-04T20:02:38.087131+00:00,gauge,neural.butterfly_violation,0.0,"{""market"":""BTC-SYNTH""}"
2026-10-04T20:02:38.087163+00:00,gauge,neural.calendar_violation,0.0,"{""market"":""BTC-SYNTH""}"
2026-10-04T20:02:38.087173+00:00,counter,neural.restart,1,"{""market"":""BTC-SYNTH""}"
2026-10-04T20:02:38.087447+00:00,gauge,neural.restart.drift_vol_bp,38.17375818334234,"{""market"":""BTC-SYNTH"",""producer"":""mlp-torch""}"
2026-10-04T20:02:38.173571+00:00,gauge,neural.rmse_vol_bp,48.216673810584226,"{""market"":""BTC-SYNTH"",""producer"":""mlp-torch""}"
2026-10-04T20:02:38.173952+00:00,counter,bus.published,1,"{""topic"":""surface.BTC-SYNTH.mlp-torch""}"
2026-10-04T20:02:38.174018+00:00,counter,runner.handled,1,"{""subscriber"":""mlp-torch@BTC-SYNTH""}"
2026-10-04T20:02:38.174232+00:00,counter,risk.surface.received,1,"{""market"":""BTC-SYNTH"",""producer"":""mlp-torch"",""status"":""OK""}"
2026-10-04T20:02:38.174276+00:00,timing,risk.surface.snapshot_to_surface_ms,8731.812,"{""market"":""BTC-SYNTH"",""producer"":""mlp-torch""}"
2026-10-04T20:02:38.174301+00:00,timing,risk.surface.delivery_lag_ms,87.552,"{""market"":""BTC-SYNTH"",""producer"":""mlp-torch""}"
2026-10-04T20:02:38.174327+00:00,gauge,risk.surface_age_seconds,2.819157,"{""market"":""BTC-SYNTH"",""producer"":""svi-scipy""}"
2026-10-04T20:02:38.174341+00:00,counter,risk.report.freshness,1,"{""decision"":""NORMAL"",""market"":""BTC-SYNTH"",""producer"":""svi-scipy""}"
2026-10-04T20:02:38.174404+00:00,gauge,risk.surface_age_seconds,8.819467,"{""market"":""BTC-SYNTH"",""producer"":""mlp-torch""}"
2026-10-04T20:02:38.174418+00:00,counter,risk.report.freshness,1,"{""decision"":""NORMAL"",""market"":""BTC-SYNTH"",""producer"":""mlp-torch""}"
2026-10-04T20:02:38.174628+00:00,gauge,risk.comparison.value_diff,-158.14436441405996,"{""baseline"":""svi-scipy"",""challenger"":""mlp-torch"",""market"":""BTC-SYNTH""}"
2026-10-04T20:02:38.174645+00:00,gauge,risk.comparison.distance_rms_vol_bp,77.67548987785679,"{""baseline"":""svi-scipy"",""challenger"":""mlp-torch"",""market"":""BTC-SYNTH""}"
2026-10-04T20:02:38.174658+00:00,gauge,risk.comparison.distance_max_vol_bp,310.67085417426756,"{""baseline"":""svi-scipy"",""challenger"":""mlp-torch"",""market"":""BTC-SYNTH""}"
2026-10-04T20:02:38.174676+00:00,gauge,risk.surface_age_seconds,8.819738,"{""market"":""BTC-SYNTH"",""producer"":""mlp-torch""}"
2026-10-04T20:02:38.174687+00:00,counter,risk.report.freshness,1,"{""decision"":""NORMAL"",""market"":""BTC-SYNTH"",""producer"":""mlp-torch""}"
2026-10-04T20:02:38.174718+00:00,counter,runner.handled,1,"{""subscriber"":""risk-mlp-torch@BTC-SYNTH""}"
2026-10-04T20:02:38.175852+00:00,gauge,neural.buffer.size,755.0,"{""market"":""BTC-SYNTH""}"
2026-10-04T20:02:38.175876+00:00,gauge,neural.buffer.cell_coverage,1.0,"{""market"":""BTC-SYNTH""}"
2026-10-04T20:02:38.196320+00:00,gauge,neural.butterfly_violation,0.0,"{""market"":""BTC-SYNTH""}"
2026-10-04T20:02:38.196343+00:00,gauge,neural.calendar_violation,0.0,"{""market"":""BTC-SYNTH""}"
2026-10-04T20:02:38.196903+00:00,gauge,neural.rmse_vol_bp,47.004414658565196,"{""market"":""BTC-SYNTH"",""producer"":""mlp-torch""}"
2026-10-04T20:02:38.197188+00:00,counter,bus.published,1,"{""topic"":""surface.BTC-SYNTH.mlp-torch""}"
2026-10-04T20:02:38.197228+00:00,counter,runner.handled,1,"{""subscriber"":""mlp-torch@BTC-SYNTH""}"
2026-10-04T20:02:38.197364+00:00,counter,risk.surface.received,1,"{""market"":""BTC-SYNTH"",""producer"":""mlp-torch"",""status"":""OK""}"
2026-10-04T20:02:38.197392+00:00,timing,risk.surface.snapshot_to_surface_ms,2840.817,"{""market"":""BTC-SYNTH"",""producer"":""mlp-torch""}"
2026-10-04T20:02:38.197408+00:00,timing,risk.surface.delivery_lag_ms,1.426,"{""market"":""BTC-SYNTH"",""producer"":""mlp-torch""}"
2026-10-04T20:02:38.197432+00:00,gauge,risk.surface_age_seconds,2.842261,"{""market"":""BTC-SYNTH"",""producer"":""svi-scipy""}"
2026-10-04T20:02:38.197445+00:00,counter,risk.report.freshness,1,"{""decision"":""NORMAL"",""market"":""BTC-SYNTH"",""producer"":""svi-scipy""}"
2026-10-04T20:02:38.197507+00:00,gauge,risk.surface_age_seconds,2.84234,"{""market"":""BTC-SYNTH"",""producer"":""mlp-torch""}"
2026-10-04T20:02:38.197524+00:00,counter,risk.report.freshness,1,"{""decision"":""NORMAL"",""market"":""BTC-SYNTH"",""producer"":""mlp-torch""}"
2026-10-04T20:02:38.197732+00:00,gauge,risk.comparison.value_diff,-53.99479228649943,"{""baseline"":""svi-scipy"",""challenger"":""mlp-torch"",""market"":""BTC-SYNTH""}"
2026-10-04T20:02:38.197757+00:00,gauge,risk.comparison.distance_rms_vol_bp,80.73971761464438,"{""baseline"":""svi-scipy"",""challenger"":""mlp-torch"",""market"":""BTC-SYNTH""}"
2026-10-04T20:02:38.197841+00:00,gauge,risk.comparison.distance_max_vol_bp,305.90293622114297,"{""baseline"":""svi-scipy"",""challenger"":""mlp-torch"",""market"":""BTC-SYNTH""}"
2026-10-04T20:02:38.197864+00:00,gauge,risk.surface_age_seconds,2.842696,"{""market"":""BTC-SYNTH"",""producer"":""mlp-torch""}"
2026-10-04T20:02:38.197876+00:00,counter,risk.report.freshness,1,"{""decision"":""NORMAL"",""market"":""BTC-SYNTH"",""producer"":""mlp-torch""}"
2026-10-04T20:02:38.197916+00:00,counter,runner.handled,1,"{""subscriber"":""risk-mlp-torch@BTC-SYNTH""}"
2026-10-04T20:02:38.369736+00:00,counter,marketdata.snapshot.published,1,"{""market"":""BTC-SYNTH""}"
2026-10-04T20:02:38.369778+00:00,gauge,marketdata.clock_skew_seconds,-2.016784,"{""market"":""BTC-SYNTH""}"
2026-10-04T20:02:38.369787+00:00,gauge,marketdata.coverage_ratio,1.0,"{""market"":""BTC-SYNTH""}"
2026-10-04T20:02:38.369794+00:00,gauge,marketdata.max_age_seconds,3602.049077,"{""market"":""BTC-SYNTH""}"
2026-10-04T20:02:38.369803+00:00,counter,pipeline.heartbeat.emitted,1,"{""market"":""BTC-SYNTH""}"
2026-10-04T20:02:38.369815+00:00,counter,bus.published,1,"{""topic"":""snapshot.BTC-SYNTH""}"
2026-10-04T20:02:38.371060+00:00,gauge,neural.buffer.size,779.0,"{""market"":""BTC-SYNTH""}"
2026-10-04T20:02:38.371084+00:00,gauge,neural.buffer.cell_coverage,1.0,"{""market"":""BTC-SYNTH""}"
2026-10-04T20:02:38.383594+00:00,counter,marketdata.update.applied,1,"{""market"":""BTC-SYNTH""}"
2026-10-04T20:02:38.383636+00:00,counter,marketdata.update.applied,1,"{""market"":""BTC-SYNTH""}"
2026-10-04T20:02:38.383669+00:00,counter,marketdata.update.applied,1,"{""market"":""BTC-SYNTH""}"
2026-10-04T20:02:38.383695+00:00,counter,marketdata.update.applied,1,"{""market"":""BTC-SYNTH""}"
2026-10-04T20:02:38.383720+00:00,counter,marketdata.update.applied,1,"{""market"":""BTC-SYNTH""}"
2026-10-04T20:02:38.383743+00:00,counter,marketdata.update.applied,1,"{""market"":""BTC-SYNTH""}"
2026-10-04T20:02:38.383767+00:00,counter,marketdata.update.applied,1,"{""market"":""BTC-SYNTH""}"
2026-10-04T20:02:38.383789+00:00,counter,marketdata.update.applied,1,"{""market"":""BTC-SYNTH""}"
2026-10-04T20:02:38.383812+00:00,counter,marketdata.update.applied,1,"{""market"":""BTC-SYNTH""}"
2026-10-04T20:02:38.383834+00:00,counter,marketdata.update.applied,1,"{""market"":""BTC-SYNTH""}"
2026-10-04T20:02:38.383872+00:00,counter,marketdata.update.applied,1,"{""market"":""BTC-SYNTH""}"
2026-10-04T20:02:38.383896+00:00,counter,marketdata.update.applied,1,"{""market"":""BTC-SYNTH""}"
2026-10-04T20:02:38.383919+00:00,counter,marketdata.update.applied,1,"{""market"":""BTC-SYNTH""}"
2026-10-04T20:02:38.383941+00:00,counter,marketdata.update.applied,1,"{""market"":""BTC-SYNTH""}"
2026-10-04T20:02:38.383964+00:00,counter,marketdata.update.applied,1,"{""market"":""BTC-SYNTH""}"
2026-10-04T20:02:38.383986+00:00,counter,marketdata.update.applied,1,"{""market"":""BTC-SYNTH""}"
2026-10-04T20:02:38.384008+00:00,counter,marketdata.update.applied,1,"{""market"":""BTC-SYNTH""}"
2026-10-04T20:02:38.384029+00:00,counter,marketdata.update.applied,1,"{""market"":""BTC-SYNTH""}"
2026-10-04T20:02:38.384052+00:00,counter,marketdata.update.applied,1,"{""market"":""BTC-SYNTH""}"
2026-10-04T20:02:38.384072+00:00,counter,marketdata.update.applied,1,"{""market"":""BTC-SYNTH""}"
2026-10-04T20:02:38.384095+00:00,counter,marketdata.update.applied,1,"{""market"":""BTC-SYNTH""}"
2026-10-04T20:02:38.384115+00:00,counter,marketdata.update.applied,1,"{""market"":""BTC-SYNTH""}"
2026-10-04T20:02:38.384140+00:00,counter,marketdata.update.applied,1,"{""market"":""BTC-SYNTH""}"
2026-10-04T20:02:38.384162+00:00,counter,marketdata.update.applied,1,"{""market"":""BTC-SYNTH""}"
2026-10-04T20:02:38.384184+00:00,counter,marketdata.update.applied,1,"{""market"":""BTC-SYNTH""}"
2026-10-04T20:02:38.384204+00:00,counter,marketdata.update.applied,1,"{""market"":""BTC-SYNTH""}"
2026-10-04T20:02:38.384226+00:00,counter,marketdata.update.applied,1,"{""market"":""BTC-SYNTH""}"
2026-10-04T20:02:38.384246+00:00,counter,marketdata.update.applied,1,"{""market"":""BTC-SYNTH""}"
2026-10-04T20:02:38.384267+00:00,counter,marketdata.update.applied,1,"{""market"":""BTC-SYNTH""}"
2026-10-04T20:02:38.384288+00:00,counter,marketdata.update.applied,1,"{""market"":""BTC-SYNTH""}"
2026-10-04T20:02:38.384310+00:00,counter,marketdata.update.applied,1,"{""market"":""BTC-SYNTH""}"
2026-10-04T20:02:38.384330+00:00,counter,marketdata.update.applied,1,"{""market"":""BTC-SYNTH""}"
2026-10-04T20:02:38.384374+00:00,counter,marketdata.update.applied,1,"{""market"":""BTC-SYNTH""}"
2026-10-04T20:02:38.384401+00:00,counter,marketdata.update.applied,1,"{""market"":""BTC-SYNTH""}"
2026-10-04T20:02:38.384426+00:00,counter,marketdata.update.applied,1,"{""market"":""BTC-SYNTH""}"
2026-10-04T20:02:38.384447+00:00,counter,marketdata.update.applied,1,"{""market"":""BTC-SYNTH""}"
2026-10-04T20:02:38.384469+00:00,counter,marketdata.update.applied,1,"{""market"":""BTC-SYNTH""}"
2026-10-04T20:02:38.384490+00:00,counter,marketdata.update.applied,1,"{""market"":""BTC-SYNTH""}"
2026-10-04T20:02:38.384524+00:00,counter,marketdata.update.applied,1,"{""market"":""BTC-SYNTH""}"
2026-10-04T20:02:38.384545+00:00,counter,marketdata.update.applied,1,"{""market"":""BTC-SYNTH""}"
2026-10-04T20:02:38.384568+00:00,counter,marketdata.update.applied,1,"{""market"":""BTC-SYNTH""}"
2026-10-04T20:02:38.384589+00:00,counter,marketdata.update.applied,1,"{""market"":""BTC-SYNTH""}"
2026-10-04T20:02:38.384611+00:00,counter,marketdata.update.applied,1,"{""market"":""BTC-SYNTH""}"
2026-10-04T20:02:38.384631+00:00,counter,marketdata.update.applied,1,"{""market"":""BTC-SYNTH""}"
2026-10-04T20:02:38.384654+00:00,counter,marketdata.update.applied,1,"{""market"":""BTC-SYNTH""}"
2026-10-04T20:02:38.384675+00:00,counter,marketdata.update.applied,1,"{""market"":""BTC-SYNTH""}"
2026-10-04T20:02:38.384697+00:00,counter,marketdata.update.applied,1,"{""market"":""BTC-SYNTH""}"
2026-10-04T20:02:38.384718+00:00,counter,marketdata.update.applied,1,"{""market"":""BTC-SYNTH""}"
2026-10-04T20:02:38.384739+00:00,counter,marketdata.update.applied,1,"{""market"":""BTC-SYNTH""}"
2026-10-04T20:02:38.384759+00:00,counter,marketdata.update.applied,1,"{""market"":""BTC-SYNTH""}"
2026-10-04T20:02:38.384781+00:00,counter,marketdata.update.applied,1,"{""market"":""BTC-SYNTH""}"
2026-10-04T20:02:38.384802+00:00,counter,marketdata.update.applied,1,"{""market"":""BTC-SYNTH""}"
2026-10-04T20:02:38.384823+00:00,counter,marketdata.update.applied,1,"{""market"":""BTC-SYNTH""}"
2026-10-04T20:02:38.384844+00:00,counter,marketdata.update.applied,1,"{""market"":""BTC-SYNTH""}"
2026-10-04T20:02:38.384866+00:00,counter,marketdata.update.applied,1,"{""market"":""BTC-SYNTH""}"
2026-10-04T20:02:38.384886+00:00,counter,marketdata.update.applied,1,"{""market"":""BTC-SYNTH""}"
2026-10-04T20:02:38.384908+00:00,counter,marketdata.update.applied,1,"{""market"":""BTC-SYNTH""}"
2026-10-04T20:02:38.384928+00:00,counter,marketdata.update.applied,1,"{""market"":""BTC-SYNTH""}"
2026-10-04T20:02:38.384950+00:00,counter,marketdata.update.applied,1,"{""market"":""BTC-SYNTH""}"
2026-10-04T20:02:38.384971+00:00,counter,marketdata.update.applied,1,"{""market"":""BTC-SYNTH""}"
2026-10-04T20:02:38.384992+00:00,counter,marketdata.update.applied,1,"{""market"":""BTC-SYNTH""}"
2026-10-04T20:02:38.385013+00:00,counter,marketdata.update.applied,1,"{""market"":""BTC-SYNTH""}"
2026-10-04T20:02:38.385035+00:00,counter,marketdata.update.applied,1,"{""market"":""BTC-SYNTH""}"
2026-10-04T20:02:38.385055+00:00,counter,marketdata.update.applied,1,"{""market"":""BTC-SYNTH""}"
2026-10-04T20:02:38.385076+00:00,counter,marketdata.update.applied,1,"{""market"":""BTC-SYNTH""}"
2026-10-04T20:02:38.385097+00:00,counter,marketdata.update.applied,1,"{""market"":""BTC-SYNTH""}"
2026-10-04T20:02:38.542400+00:00,gauge,pricing.slices.attempted,3.0,"{""market"":""BTC-SYNTH"",""producer"":""svi-scipy""}"
2026-10-04T20:02:38.542436+00:00,gauge,pricing.slices.accepted,3.0,"{""market"":""BTC-SYNTH"",""producer"":""svi-scipy""}"
2026-10-04T20:02:38.542512+00:00,gauge,pricing.rmse_vol_bp,40.49038046267302,"{""market"":""BTC-SYNTH"",""producer"":""svi-scipy""}"
2026-10-04T20:02:38.542695+00:00,timing,pricing.cycle_ms,171.151,"{""market"":""BTC-SYNTH"",""producer"":""svi-scipy""}"
2026-10-04T20:02:38.543106+00:00,counter,bus.published,1,"{""topic"":""surface.BTC-SYNTH.svi-scipy""}"
2026-10-04T20:02:38.543128+00:00,counter,runner.handled,1,"{""subscriber"":""svi-scipy@BTC-SYNTH""}"
2026-10-04T20:02:38.543222+00:00,counter,risk.surface.received,1,"{""market"":""BTC-SYNTH"",""producer"":""svi-scipy"",""status"":""OK""}"
2026-10-04T20:02:38.543235+00:00,timing,risk.surface.snapshot_to_surface_ms,2189.9860000000003,"{""market"":""BTC-SYNTH"",""producer"":""svi-scipy""}"
2026-10-04T20:02:38.543243+00:00,timing,risk.surface.delivery_lag_ms,0.853,"{""market"":""BTC-SYNTH"",""producer"":""svi-scipy""}"
2026-10-04T20:02:38.543257+00:00,gauge,risk.surface_age_seconds,2.19085,"{""market"":""BTC-SYNTH"",""producer"":""svi-scipy""}"
2026-10-04T20:02:38.543264+00:00,counter,risk.report.freshness,1,"{""decision"":""NORMAL"",""market"":""BTC-SYNTH"",""producer"":""svi-scipy""}"
2026-10-04T20:02:38.543305+00:00,gauge,risk.surface_age_seconds,3.188141,"{""market"":""BTC-SYNTH"",""producer"":""mlp-torch""}"
2026-10-04T20:02:38.543310+00:00,counter,risk.report.freshness,1,"{""decision"":""NORMAL"",""market"":""BTC-SYNTH"",""producer"":""mlp-torch""}"
2026-10-04T20:02:38.543452+00:00,gauge,risk.comparison.value_diff,-72.94459400679261,"{""baseline"":""svi-scipy"",""challenger"":""mlp-torch"",""market"":""BTC-SYNTH""}"
2026-10-04T20:02:38.543461+00:00,gauge,risk.comparison.distance_rms_vol_bp,87.29743967460091,"{""baseline"":""svi-scipy"",""challenger"":""mlp-torch"",""market"":""BTC-SYNTH""}"
2026-10-04T20:02:38.543467+00:00,gauge,risk.comparison.distance_max_vol_bp,387.8013279159787,"{""baseline"":""svi-scipy"",""challenger"":""mlp-torch"",""market"":""BTC-SYNTH""}"
2026-10-04T20:02:38.543477+00:00,gauge,risk.surface_age_seconds,2.191072,"{""market"":""BTC-SYNTH"",""producer"":""svi-scipy""}"
2026-10-04T20:02:38.543482+00:00,counter,risk.report.freshness,1,"{""decision"":""NORMAL"",""market"":""BTC-SYNTH"",""producer"":""svi-scipy""}"
2026-10-04T20:02:38.543498+00:00,counter,runner.handled,1,"{""subscriber"":""risk-svi-scipy@BTC-SYNTH""}"
2026-10-04T20:02:38.560982+00:00,gauge,neural.butterfly_violation,0.0,"{""market"":""BTC-SYNTH""}"
2026-10-04T20:02:38.561008+00:00,gauge,neural.calendar_violation,0.0,"{""market"":""BTC-SYNTH""}"
2026-10-04T20:02:38.561624+00:00,gauge,neural.rmse_vol_bp,51.5116866320528,"{""market"":""BTC-SYNTH"",""producer"":""mlp-torch""}"
2026-10-04T20:02:38.561942+00:00,counter,bus.published,1,"{""topic"":""surface.BTC-SYNTH.mlp-torch""}"
2026-10-04T20:02:38.561989+00:00,counter,runner.handled,1,"{""subscriber"":""mlp-torch@BTC-SYNTH""}"
2026-10-04T20:02:38.562128+00:00,counter,risk.surface.received,1,"{""market"":""BTC-SYNTH"",""producer"":""mlp-torch"",""status"":""OK""}"
2026-10-04T20:02:38.562153+00:00,timing,risk.surface.snapshot_to_surface_ms,2208.167,"{""market"":""BTC-SYNTH"",""producer"":""mlp-torch""}"
2026-10-04T20:02:38.562172+00:00,timing,risk.surface.delivery_lag_ms,1.599,"{""market"":""BTC-SYNTH"",""producer"":""mlp-torch""}"
2026-10-04T20:02:38.562195+00:00,gauge,risk.surface_age_seconds,2.209785,"{""market"":""BTC-SYNTH"",""producer"":""svi-scipy""}"
2026-10-04T20:02:38.562209+00:00,counter,risk.report.freshness,1,"{""decision"":""NORMAL"",""market"":""BTC-SYNTH"",""producer"":""svi-scipy""}"
2026-10-04T20:02:38.562265+00:00,gauge,risk.surface_age_seconds,2.209858,"{""market"":""BTC-SYNTH"",""producer"":""mlp-torch""}"
2026-10-04T20:02:38.562277+00:00,counter,risk.report.freshness,1,"{""decision"":""NORMAL"",""market"":""BTC-SYNTH"",""producer"":""mlp-torch""}"
2026-10-04T20:02:38.562452+00:00,gauge,risk.comparison.value_diff,-68.09213853547044,"{""baseline"":""svi-scipy"",""challenger"":""mlp-torch"",""market"":""BTC-SYNTH""}"
2026-10-04T20:02:38.562469+00:00,gauge,risk.comparison.distance_rms_vol_bp,96.08834694424104,"{""baseline"":""svi-scipy"",""challenger"":""mlp-torch"",""market"":""BTC-SYNTH""}"
2026-10-04T20:02:38.562483+00:00,gauge,risk.comparison.distance_max_vol_bp,371.43033835790095,"{""baseline"":""svi-scipy"",""challenger"":""mlp-torch"",""market"":""BTC-SYNTH""}"
2026-10-04T20:02:38.562506+00:00,gauge,risk.surface_age_seconds,2.210099,"{""market"":""BTC-SYNTH"",""producer"":""mlp-torch""}"
2026-10-04T20:02:38.562517+00:00,counter,risk.report.freshness,1,"{""decision"":""NORMAL"",""market"":""BTC-SYNTH"",""producer"":""mlp-torch""}"
2026-10-04T20:02:38.562551+00:00,counter,runner.handled,1,"{""subscriber"":""risk-mlp-torch@BTC-SYNTH""}"
2026-10-04T20:02:39.381933+00:00,counter,marketdata.snapshot.published,1,"{""market"":""BTC-SYNTH""}"
2026-10-04T20:02:39.382014+00:00,gauge,marketdata.clock_skew_seconds,-2.029932,"{""market"":""BTC-SYNTH""}"
2026-10-04T20:02:39.382043+00:00,gauge,marketdata.coverage_ratio,1.0,"{""market"":""BTC-SYNTH""}"
2026-10-04T20:02:39.382066+00:00,gauge,marketdata.max_age_seconds,3602.089471,"{""market"":""BTC-SYNTH""}"
2026-10-04T20:02:39.382094+00:00,counter,pipeline.heartbeat.emitted,1,"{""market"":""BTC-SYNTH""}"
2026-10-04T20:02:39.382124+00:00,counter,bus.published,1,"{""topic"":""snapshot.BTC-SYNTH""}"
2026-10-04T20:02:39.388154+00:00,counter,marketdata.update.applied,1,"{""market"":""BTC-SYNTH""}"
2026-10-04T20:02:39.388197+00:00,counter,marketdata.update.applied,1,"{""market"":""BTC-SYNTH""}"
2026-10-04T20:02:39.388230+00:00,counter,marketdata.update.applied,1,"{""market"":""BTC-SYNTH""}"
2026-10-04T20:02:39.388303+00:00,counter,marketdata.update.applied,1,"{""market"":""BTC-SYNTH""}"
2026-10-04T20:02:39.388342+00:00,counter,marketdata.update.applied,1,"{""market"":""BTC-SYNTH""}"
2026-10-04T20:02:39.388368+00:00,counter,marketdata.update.applied,1,"{""market"":""BTC-SYNTH""}"
2026-10-04T20:02:39.388419+00:00,counter,marketdata.update.applied,1,"{""market"":""BTC-SYNTH""}"
2026-10-04T20:02:39.388451+00:00,counter,marketdata.update.applied,1,"{""market"":""BTC-SYNTH""}"
2026-10-04T20:02:39.388479+00:00,counter,marketdata.update.applied,1,"{""market"":""BTC-SYNTH""}"
2026-10-04T20:02:39.388519+00:00,counter,marketdata.update.applied,1,"{""market"":""BTC-SYNTH""}"
2026-10-04T20:02:39.388547+00:00,counter,marketdata.update.applied,1,"{""market"":""BTC-SYNTH""}"
2026-10-04T20:02:39.388571+00:00,counter,marketdata.update.applied,1,"{""market"":""BTC-SYNTH""}"
2026-10-04T20:02:39.388598+00:00,counter,marketdata.update.applied,1,"{""market"":""BTC-SYNTH""}"
2026-10-04T20:02:39.388621+00:00,counter,marketdata.update.applied,1,"{""market"":""BTC-SYNTH""}"
2026-10-04T20:02:39.388646+00:00,counter,marketdata.update.applied,1,"{""market"":""BTC-SYNTH""}"
2026-10-04T20:02:39.388669+00:00,counter,marketdata.update.applied,1,"{""market"":""BTC-SYNTH""}"
2026-10-04T20:02:39.388694+00:00,counter,marketdata.update.applied,1,"{""market"":""BTC-SYNTH""}"
2026-10-04T20:02:39.388717+00:00,counter,marketdata.update.applied,1,"{""market"":""BTC-SYNTH""}"
2026-10-04T20:02:39.388741+00:00,counter,marketdata.update.applied,1,"{""market"":""BTC-SYNTH""}"
2026-10-04T20:02:39.388763+00:00,counter,marketdata.update.applied,1,"{""market"":""BTC-SYNTH""}"
2026-10-04T20:02:39.388787+00:00,counter,marketdata.update.applied,1,"{""market"":""BTC-SYNTH""}"
2026-10-04T20:02:39.388809+00:00,counter,marketdata.update.applied,1,"{""market"":""BTC-SYNTH""}"
2026-10-04T20:02:39.388836+00:00,counter,marketdata.update.applied,1,"{""market"":""BTC-SYNTH""}"
2026-10-04T20:02:39.388859+00:00,counter,marketdata.update.applied,1,"{""market"":""BTC-SYNTH""}"
2026-10-04T20:02:39.388882+00:00,counter,marketdata.update.applied,1,"{""market"":""BTC-SYNTH""}"
2026-10-04T20:02:39.388905+00:00,counter,marketdata.update.applied,1,"{""market"":""BTC-SYNTH""}"
2026-10-04T20:02:39.388929+00:00,counter,marketdata.update.applied,1,"{""market"":""BTC-SYNTH""}"
2026-10-04T20:02:39.388951+00:00,counter,marketdata.update.applied,1,"{""market"":""BTC-SYNTH""}"
2026-10-04T20:02:39.388974+00:00,counter,marketdata.update.applied,1,"{""market"":""BTC-SYNTH""}"
2026-10-04T20:02:39.388996+00:00,counter,marketdata.update.applied,1,"{""market"":""BTC-SYNTH""}"
2026-10-04T20:02:39.389020+00:00,counter,marketdata.update.applied,1,"{""market"":""BTC-SYNTH""}"
2026-10-04T20:02:39.389462+00:00,counter,marketdata.update.applied,1,"{""market"":""BTC-SYNTH""}"
2026-10-04T20:02:39.389493+00:00,counter,marketdata.update.applied,1,"{""market"":""BTC-SYNTH""}"
2026-10-04T20:02:39.389515+00:00,counter,marketdata.update.applied,1,"{""market"":""BTC-SYNTH""}"
2026-10-04T20:02:39.389540+00:00,counter,marketdata.update.applied,1,"{""market"":""BTC-SYNTH""}"
2026-10-04T20:02:39.389561+00:00,counter,marketdata.update.applied,1,"{""market"":""BTC-SYNTH""}"
2026-10-04T20:02:39.389584+00:00,counter,marketdata.update.applied,1,"{""market"":""BTC-SYNTH""}"
2026-10-04T20:02:39.389606+00:00,counter,marketdata.update.applied,1,"{""market"":""BTC-SYNTH""}"
2026-10-04T20:02:39.389629+00:00,counter,marketdata.update.applied,1,"{""market"":""BTC-SYNTH""}"
2026-10-04T20:02:39.389650+00:00,counter,marketdata.update.applied,1,"{""market"":""BTC-SYNTH""}"
2026-10-04T20:02:39.389679+00:00,counter,marketdata.update.applied,1,"{""market"":""BTC-SYNTH""}"
2026-10-04T20:02:39.389701+00:00,counter,marketdata.update.applied,1,"{""market"":""BTC-SYNTH""}"
2026-10-04T20:02:39.389724+00:00,counter,marketdata.update.applied,1,"{""market"":""BTC-SYNTH""}"
2026-10-04T20:02:39.389745+00:00,counter,marketdata.update.applied,1,"{""market"":""BTC-SYNTH""}"
2026-10-04T20:02:39.389768+00:00,counter,marketdata.update.applied,1,"{""market"":""BTC-SYNTH""}"
2026-10-04T20:02:39.389789+00:00,counter,marketdata.update.applied,1,"{""market"":""BTC-SYNTH""}"
2026-10-04T20:02:39.389811+00:00,counter,marketdata.update.applied,1,"{""market"":""BTC-SYNTH""}"
2026-10-04T20:02:39.389832+00:00,counter,marketdata.update.applied,1,"{""market"":""BTC-SYNTH""}"
2026-10-04T20:02:39.389854+00:00,counter,marketdata.update.applied,1,"{""market"":""BTC-SYNTH""}"
2026-10-04T20:02:39.389874+00:00,counter,marketdata.update.applied,1,"{""market"":""BTC-SYNTH""}"
2026-10-04T20:02:39.389897+00:00,counter,marketdata.update.applied,1,"{""market"":""BTC-SYNTH""}"
2026-10-04T20:02:39.389917+00:00,counter,marketdata.update.applied,1,"{""market"":""BTC-SYNTH""}"
2026-10-04T20:02:39.389939+00:00,counter,marketdata.update.applied,1,"{""market"":""BTC-SYNTH""}"
2026-10-04T20:02:39.389960+00:00,counter,marketdata.update.applied,1,"{""market"":""BTC-SYNTH""}"
2026-10-04T20:02:39.389985+00:00,counter,marketdata.update.applied,1,"{""market"":""BTC-SYNTH""}"
2026-10-04T20:02:39.390007+00:00,counter,marketdata.update.applied,1,"{""market"":""BTC-SYNTH""}"
2026-10-04T20:02:39.390030+00:00,counter,marketdata.update.applied,1,"{""market"":""BTC-SYNTH""}"
2026-10-04T20:02:39.390051+00:00,counter,marketdata.update.applied,1,"{""market"":""BTC-SYNTH""}"
2026-10-04T20:02:39.390075+00:00,counter,marketdata.update.applied,1,"{""market"":""BTC-SYNTH""}"
2026-10-04T20:02:39.390096+00:00,counter,marketdata.update.applied,1,"{""market"":""BTC-SYNTH""}"
2026-10-04T20:02:39.390119+00:00,counter,marketdata.update.applied,1,"{""market"":""BTC-SYNTH""}"
2026-10-04T20:02:39.390139+00:00,counter,marketdata.update.applied,1,"{""market"":""BTC-SYNTH""}"
2026-10-04T20:02:39.390163+00:00,counter,marketdata.update.applied,1,"{""market"":""BTC-SYNTH""}"
2026-10-04T20:02:39.390185+00:00,counter,marketdata.update.applied,1,"{""market"":""BTC-SYNTH""}"
2026-10-04T20:02:39.390211+00:00,counter,marketdata.update.applied,1,"{""market"":""BTC-SYNTH""}"
2026-10-04T20:02:39.390232+00:00,counter,marketdata.update.applied,1,"{""market"":""BTC-SYNTH""}"
2026-10-04T20:02:39.392050+00:00,gauge,neural.buffer.size,802.0,"{""market"":""BTC-SYNTH""}"
2026-10-04T20:02:39.392080+00:00,gauge,neural.buffer.cell_coverage,1.0,"{""market"":""BTC-SYNTH""}"
2026-10-04T20:02:39.392096+00:00,counter,neural.buffer.pruned,1,"{""market"":""BTC-SYNTH""}"
2026-10-04T20:02:39.464967+00:00,gauge,pricing.slices.attempted,3.0,"{""market"":""BTC-SYNTH"",""producer"":""svi-scipy""}"
2026-10-04T20:02:39.465001+00:00,gauge,pricing.slices.accepted,3.0,"{""market"":""BTC-SYNTH"",""producer"":""svi-scipy""}"
2026-10-04T20:02:39.465073+00:00,gauge,pricing.rmse_vol_bp,41.98671342850644,"{""market"":""BTC-SYNTH"",""producer"":""svi-scipy""}"
2026-10-04T20:02:39.465085+00:00,timing,pricing.cycle_ms,82.35199999999999,"{""market"":""BTC-SYNTH"",""producer"":""svi-scipy""}"
2026-10-04T20:02:39.465286+00:00,counter,bus.published,1,"{""topic"":""surface.BTC-SYNTH.svi-scipy""}"
2026-10-04T20:02:39.465318+00:00,counter,runner.handled,1,"{""subscriber"":""svi-scipy@BTC-SYNTH""}"
2026-10-04T20:02:39.465415+00:00,counter,risk.surface.received,1,"{""market"":""BTC-SYNTH"",""producer"":""svi-scipy"",""status"":""OK""}"
2026-10-04T20:02:39.465430+00:00,timing,risk.surface.snapshot_to_surface_ms,2114.538,"{""market"":""BTC-SYNTH"",""producer"":""svi-scipy""}"
2026-10-04T20:02:39.465439+00:00,timing,risk.surface.delivery_lag_ms,0.479,"{""market"":""BTC-SYNTH"",""producer"":""svi-scipy""}"
2026-10-04T20:02:39.465452+00:00,gauge,risk.surface_age_seconds,2.115027,"{""market"":""BTC-SYNTH"",""producer"":""svi-scipy""}"
2026-10-04T20:02:39.465459+00:00,counter,risk.report.freshness,1,"{""decision"":""NORMAL"",""market"":""BTC-SYNTH"",""producer"":""svi-scipy""}"
2026-10-04T20:02:39.465496+00:00,gauge,risk.surface_age_seconds,3.113092,"{""market"":""BTC-SYNTH"",""producer"":""mlp-torch""}"
2026-10-04T20:02:39.465503+00:00,counter,risk.report.freshness,1,"{""decision"":""NORMAL"",""market"":""BTC-SYNTH"",""producer"":""mlp-torch""}"
2026-10-04T20:02:39.465656+00:00,gauge,risk.comparison.value_diff,-62.93221645905214,"{""baseline"":""svi-scipy"",""challenger"":""mlp-torch"",""market"":""BTC-SYNTH""}"
2026-10-04T20:02:39.465665+00:00,gauge,risk.comparison.distance_rms_vol_bp,120.54182116254519,"{""baseline"":""svi-scipy"",""challenger"":""mlp-torch"",""market"":""BTC-SYNTH""}"
2026-10-04T20:02:39.465672+00:00,gauge,risk.comparison.distance_max_vol_bp,370.93643176662306,"{""baseline"":""svi-scipy"",""challenger"":""mlp-torch"",""market"":""BTC-SYNTH""}"
2026-10-04T20:02:39.465682+00:00,gauge,risk.surface_age_seconds,2.11526,"{""market"":""BTC-SYNTH"",""producer"":""svi-scipy""}"
2026-10-04T20:02:39.465688+00:00,counter,risk.report.freshness,1,"{""decision"":""NORMAL"",""market"":""BTC-SYNTH"",""producer"":""svi-scipy""}"
2026-10-04T20:02:39.465705+00:00,counter,runner.handled,1,"{""subscriber"":""risk-svi-scipy@BTC-SYNTH""}"
2026-10-04T20:02:39.484100+00:00,gauge,neural.butterfly_violation,0.0,"{""market"":""BTC-SYNTH""}"
2026-10-04T20:02:39.484122+00:00,gauge,neural.calendar_violation,0.0,"{""market"":""BTC-SYNTH""}"
2026-10-04T20:02:39.484672+00:00,gauge,neural.rmse_vol_bp,64.4803818628979,"{""market"":""BTC-SYNTH"",""producer"":""mlp-torch""}"
2026-10-04T20:02:39.485031+00:00,counter,bus.published,1,"{""topic"":""surface.BTC-SYNTH.mlp-torch""}"
2026-10-04T20:02:39.485073+00:00,counter,runner.handled,1,"{""subscriber"":""mlp-torch@BTC-SYNTH""}"
2026-10-04T20:02:39.485203+00:00,counter,risk.surface.received,1,"{""market"":""BTC-SYNTH"",""producer"":""mlp-torch"",""status"":""OK""}"
2026-10-04T20:02:39.485227+00:00,timing,risk.surface.snapshot_to_surface_ms,2133.3190000000004,"{""market"":""BTC-SYNTH"",""producer"":""mlp-torch""}"
2026-10-04T20:02:39.485244+00:00,timing,risk.surface.delivery_lag_ms,1.502,"{""market"":""BTC-SYNTH"",""producer"":""mlp-torch""}"
2026-10-04T20:02:39.485268+00:00,gauge,risk.surface_age_seconds,2.134841,"{""market"":""BTC-SYNTH"",""producer"":""svi-scipy""}"
2026-10-04T20:02:39.485280+00:00,counter,risk.report.freshness,1,"{""decision"":""NORMAL"",""market"":""BTC-SYNTH"",""producer"":""svi-scipy""}"
2026-10-04T20:02:39.485337+00:00,gauge,risk.surface_age_seconds,2.134912,"{""market"":""BTC-SYNTH"",""producer"":""mlp-torch""}"
2026-10-04T20:02:39.485349+00:00,counter,risk.report.freshness,1,"{""decision"":""NORMAL"",""market"":""BTC-SYNTH"",""producer"":""mlp-torch""}"
2026-10-04T20:02:39.485541+00:00,gauge,risk.comparison.value_diff,9.538491353505378,"{""baseline"":""svi-scipy"",""challenger"":""mlp-torch"",""market"":""BTC-SYNTH""}"
2026-10-04T20:02:39.485563+00:00,gauge,risk.comparison.distance_rms_vol_bp,102.83389276578419,"{""baseline"":""svi-scipy"",""challenger"":""mlp-torch"",""market"":""BTC-SYNTH""}"
2026-10-04T20:02:39.485578+00:00,gauge,risk.comparison.distance_max_vol_bp,364.4137447680529,"{""baseline"":""svi-scipy"",""challenger"":""mlp-torch"",""market"":""BTC-SYNTH""}"
2026-10-04T20:02:39.485637+00:00,gauge,risk.surface_age_seconds,2.135211,"{""market"":""BTC-SYNTH"",""producer"":""mlp-torch""}"
2026-10-04T20:02:39.485650+00:00,counter,risk.report.freshness,1,"{""decision"":""NORMAL"",""market"":""BTC-SYNTH"",""producer"":""mlp-torch""}"
2026-10-04T20:02:39.485684+00:00,counter,runner.handled,1,"{""subscriber"":""risk-mlp-torch@BTC-SYNTH""}"
