ts,kind,name,value,tags
2026-10-04T20:01:20.625860+00:00,counter,marketdata.composition.changed,1,"{""market"":""BTC-SYNTH""}"
2026-10-04T20:01:20.625984+00:00,counter,bus.published,1,"{""topic"":""composition.BTC-SYNTH""}"
2026-10-04T20:01:20.626040+00:00,counter,marketdata.update.applied,1,"{""market"":""BTC-SYNTH""}"
2026-10-04T20:01:20.626119+00:00,counter,marketdata.snapshot.published,1,"{""market"":""BTC-SYNTH""}"
2026-10-04T20:01:20.626127+00:00,gauge,marketdata.clock_skew_seconds,-0.010676,"{""market"":""BTC-SYNTH""}"
2026-10-04T20:01:20.626132+00:00,gauge,marketdata.coverage_ratio,0.015151515151515152,"{""market"":""BTC-SYNTH""}"
2026-10-04T20:01:20.626137+00:00,gauge,marketdata.max_age_seconds,0.010676,"{""market"":""BTC-SYNTH""}"
2026-10-04T20:01:20.626141+00:00,counter,marketdata.snapshot.degraded,1,"{""market"":""BTC-SYNTH""}"
2026-10-04T20:01:20.626149+00:00,counter,bus.published,1,"{""topic"":""snapshot.BTC-SYNTH""}"
2026-10-04T20:01:20.626166+00:00,counter,marketdata.update.applied,1,"{""market"":""BTC-SYNTH""}"
2026-10-04T20:01:20.626181+00:00,counter,marketdata.update.applied,1,"{""market"":""BTC-SYNTH""}"
2026-10-04T20:01:20.626191+00:00,counter,marketdata.update.applied,1,"{""market"":""BTC-SYNTH""}"
2026-10-04T20:01:20.626202+00:00,counter,marketdata.update.applied,1,"{""market"":""BTC-SYNTH""}"
2026-10-04T20:01:20.626213+00:00,counter,marketdata.update.applied,1,"{""market"":""BTC-SYNTH""}"
2026-10-04T20:01:20.626233+00:00,counter,marketdata.update.applied,1,"{""market"":""BTC-SYNTH""}"
2026-10-04T20:01:20.626248+00:00,counter,marketdata.update.applied,1,"{""market"":""BTC-SYNTH""}"
2026-10-04T20:01:20.626274+00:00,counter,marketdata.update.applied,1,"{""market"":""BTC-SYNTH""}"
2026-10-04T20:01:20.626288+00:00,counter,marketdata.update.applied,1,"{""market"":""BTC-SYNTH""}"
2026-10-04T20:01:20.626301+00:00,counter,marketdata.update.applied,1,"{""market"":""BTC-SYNTH""}"
2026-10-04T20:01:20.626312+00:00,counter,marketdata.update.applied,1,"{""market"":""BTC-SYNTH""}"
2026-10-04T20:01:20.626324+00:00,counter,marketdata.update.applied,1,"{""market"":""BTC-SYNTH""}"
2026-10-04T20:01:20.626333+00:00,counter,marketdata.update.applied,1,"{""market"":""BTC-SYNTH""}"
2026-10-04T20:01:20.626355+00:00,counter,marketdata.update.applied,1,"{""market"":""BTC-SYNTH""}"
2026-10-04T20:01:20.626365+00:00,counter,marketdata.update.applied,1,"{""market"":""BTC-SYNTH""}"
2026-10-04T20:01:20.626377+00:00,counter,marketdata.update.applied,1,"{""market"":""BTC-SYNTH""}"
2026-10-04T20:01:20.626387+00:00,counter,marketdata.update.applied,1,"{""market"":""BTC-SYNTH""}"
2026-10-04T20:01:20.626398+00:00,counter,marketdata.update.applied,1,"{""market"":""BTC-SYNTH""}"
2026-10-04T20:01:20.626410+00:00,counter,marketdata.update.applied,1,"{""market"":""BTC-SYNTH""}"
2026-10-04T20:01:20.626428+00:00,counter,marketdata.update.applied,1,"{""market"":""BTC-SYNTH""}"
2026-10-04T20:01:20.626458+00:00,counter,marketdata.update.applied,1,"{""market"":""BTC-SYNTH""}"
2026-10-04T20:01:20.626473+00:00,counter,marketdata.update.applied,1,"{""market"":""BTC-SYNTH""}"
2026-10-04T20:01:20.626485+00:00,counter,marketdata.update.applied,1,"{""market"":""BTC-SYNTH""}"
2026-10-04T20:01:20.626498+00:00,counter,marketdata.update.applied,1,"{""market"":""BTC-SYNTH""}"
2026-10-04T20:01:20.626510+00:00,counter,marketdata.update.applied,1,"{""market"":""BTC-SYNTH""}"
2026-10-04T20:01:20.626522+00:00,counter,marketdata.update.applied,1,"{""market"":""BTC-SYNTH""}"
2026-10-04T20:01:20.626534+00:00,counter,marketdata.update.applied,1,"{""market"":""BTC-SYNTH""}"
2026-10-04T20:01:20.626546+00:00,counter,marketdata.update.applied,1,"{""market"":""BTC-SYNTH""}"
2026-10-04T20:01:20.626558+00:00,counter,marketdata.update.applied,1,"{""market"":""BTC-SYNTH""}"
2026-10-04T20:01:20.626570+00:00,counter,marketdata.update.applied,1,"{""market"":""BTC-SYNTH""}"
2026-10-04T20:01:20.626589+00:00,counter,marketdata.update.applied,1,"{""market"":""BTC-SYNTH""}"
2026-10-04T20:01:20.626603+00:00,counter,marketdata.update.applied,1,"{""market"":""BTC-SYNTH""}"
2026-10-04T20:01:20.626616+00:00,counter,marketdata.update.applied,1,"{""market"":""BTC-SYNTH""}"
2026-10-04T20:01:20.626630+00:00,counter,marketdata.update.applied,1,"{""market"":""BTC-SYNTH""}"
2026-10-04T20:01:20.626642+00:00,counter,marketdata.update.applied,1,"{""market"":""BTC-SYNTH""}"
2026-10-04T20:01:20.626655+00:00,counter,marketdata.update.applied,1,"{""market"":""BTC-SYNTH""}"
2026-10-04T20:01:20.626667+00:00,counter,marketdata.update.applied,1,"{""market"":""BTC-SYNTH""}"
2026-10-04T20:01:20.626681+00:00,counter,marketdata.update.applied,1,"{""market"":""BTC-SYNTH""}"
2026-10-04T20:01:20.626691+00:00,counter,marketdata.update.applied,1,"{""market"":""BTC-SYNTH""}"
2026-10-04T20:01:20.626703+00:00,counter,marketdata.update.applied,1,"{""market"":""BTC-SYNTH""}"
2026-10-04T20:01:20.626715+00:00,counter,marketdata.update.applied,1,"{""market"":""BTC-SYNTH""}"
2026-10-04T20:01:20.626728+00:00,counter,marketdata.update.applied,1,"{""market"":""BTC-SYNTH""}"
2026-10-04T20:01:20.626740+00:00,counter,marketdata.update.applied,1,"{""market"":""BTC-SYNTH""}"
2026-10-04T20:01:20.626754+00:00,counter,marketdata.update.applied,1,"{""market"":""BTC-SYNTH""}"
2026-10-04T20:01:20.626766+00:00,counter,marketdata.update.applied,1,"{""market"":""BTC-SYNTH""}"
2026-10-04T20:01:20.626779+00:00,counter,marketdata.update.applied,1,"{""market"":""BTC-SYNTH""}"
2026-10-04T20:01:20.626791+00:00,counter,marketdata.update.applied,1,"{""market"":""BTC-SYNTH""}"
2026-10-04T20:01:20.626803+00:00,counter,marketdata.update.applied,1,"{""market"":""BTC-SYNTH""}"
2026-10-04T20:01:20.626816+00:00,counter,marketdata.update.applied,1,"{""market"":""BTC-SYNTH""}"
2026-10-04T20:01:20.626832+00:00,counter,marketdata.update.applied,1,"{""market"":""BTC-SYNTH""}"
2026-10-04T20:01:20.626851+00:00,counter,marketdata.update.applied,1,"{""market"":""BTC-SYNTH""}"
2026-10-04T20:01:20.626870+00:00,counter,marketdata.update.applied,1,"{""market"":""BTC-SYNTH""}"
2026-10-04T20:01:20.626890+00:00,counter,marketdata.update.applied,1,"{""market"":""BTC-SYNTH""}"
2026-10-04T20:01:20.626917+00:00,counter,marketdata.update.applied,1,"{""market"":""BTC-SYNTH""}"
2026-10-04T20:01:20.626932+00:00,counter,marketdata.update.applied,1,"{""market"":""BTC-SYNTH""}"
2026-10-04T20:01:20.626949+00:00,counter,marketdata.update.applied,1,"{""market"":""BTC-SYNTH""}"
2026-10-04T20:01:20.626963+00:00,counter,marketdata.update.applied,1,"{""market"":""BTC-SYNTH""}"
2026-10-04T20:01:20.626980+00:00,counter,marketdata.update.applied,1,"{""market"":""BTC-SYNTH""}"
2026-10-04T20:01:20.627005+00:00,counter,marketdata.update.applied,1,"{""market"":""BTC-SYNTH""}"
2026-10-04T20:01:20.627022+00:00,counter,marketdata.update.applied,1,"{""market"":""BTC-SYNTH""}"
2026-10-04T20:01:20.627038+00:00,counter,marketdata.update.applied,1,"{""market"":""BTC-SYNTH""}"
2026-10-04T20:01:20.627056+00:00,counter,marketdata.update.applied,1,"{""market"":""BTC-SYNTH""}"
2026-10-04T20:01:20.627070+00:00,counter,marketdata.update.applied,1,"{""market"":""BTC-SYNTH""}"
2026-10-04T20:01:20.627087+00:00,counter,marketdata.update.applied,1,"{""market"":""BTC-SYNTH""}"
2026-10-04T20:01:20.627102+00:00,counter,marketdata.update.applied,1,"{""market"":""BTC-SYNTH""}"
2026-10-04T20:01:20.629825+00:00,gauge,pricing.slices.attempted,1.0,"{""market"":""BTC-SYNTH"",""producer"":""svi-scipy""}"
2026-10-04T20:01:20.629844+00:00,gauge,pricing.slices.accepted,1.0,"{""market"":""BTC-SYNTH"",""producer"":""svi-scipy""}"
2026-10-04T20:01:20.629898+00:00,gauge,pricing.rmse_vol_bp,1.1102230246251565e-12,"{""market"":""BTC-SYNTH"",""producer"":""svi-scipy""}"
2026-10-04T20:01:20.629907+00:00,timing,pricing.cycle_ms,2.477,"{""market"":""BTC-SYNTH"",""producer"":""svi-scipy""}"
2026-10-04T20:01:20.630181+00:00,counter,bus.published,1,"{""topic"":""surface.BTC-SYNTH.svi-scipy""}"
2026-10-04T20:01:20.630198+00:00,counter,runner.handled,1,"{""subscriber"":""svi-scipy@BTC-SYNTH""}"
2026-10-04T20:01:20.630253+00:00,counter,risk.surface.received,1,"{""market"":""BTC-SYNTH"",""producer"":""svi-scipy"",""status"":""DEGRADED""}"
2026-10-04T20:01:20.630264+00:00,timing,risk.surface.snapshot_to_surface_ms,14.448,"{""market"":""BTC-SYNTH"",""producer"":""svi-scipy""}"
2026-10-04T20:01:20.630369+00:00,timing,risk.surface.delivery_lag_ms,0.546,"{""market"":""BTC-SYNTH"",""producer"":""svi-scipy""}"
2026-10-04T20:01:20.630385+00:00,gauge,risk.surface_age_seconds,0.015009,"{""market"":""BTC-SYNTH"",""producer"":""svi-scipy""}"
2026-10-04T20:01:20.630392+00:00,counter,risk.report.freshness,1,"{""decision"":""NORMAL"",""market"":""BTC-SYNTH"",""producer"":""svi-scipy""}"
2026-10-04T20:01:20.630420+00:00,counter,risk.report.rejected,1,"{""market"":""BTC-SYNTH"",""reason"":""no_surface""}"
2026-10-04T20:01:20.630435+00:00,counter,risk.comparison.incomparable,1,"{""baseline"":""svi-scipy"",""challenger"":""svi-jax"",""market"":""BTC-SYNTH""}"
2026-10-04T20:01:20.630444+00:00,gauge,risk.surface_age_seconds,0.01507,"{""market"":""BTC-SYNTH"",""producer"":""svi-scipy""}"
2026-10-04T20:01:20.630449+00:00,counter,risk.report.freshness,1,"{""decision"":""NORMAL"",""market"":""BTC-SYNTH"",""producer"":""svi-scipy""}"
2026-10-04T20:01:20.630463+00:00,counter,runner.handled,1,"{""subscriber"":""risk-svi-scipy@BTC-SYNTH""}"
2026-10-04T20:01:20.696569+00:00,gauge,pricing.slices.attempted,1.0,"{""market"":""BTC-SYNTH"",""producer"":""svi-jax""}"
2026-10-04T20:01:20.696606+00:00,gauge,pricing.slices.accepted,1.0,"{""market"":""BTC-SYNTH"",""producer"":""svi-jax""}"
2026-10-04T20:01:20.696671+00:00,gauge,pricing.rmse_vol_bp,0.0018393485012868638,"{""market"":""BTC-SYNTH"",""producer"":""svi-jax""}"
2026-10-04T20:01:20.696683+00:00,timing,pricing.cycle_ms,67.56099999999999,"{""market"":""BTC-SYNTH"",""producer"":""svi-jax""}"
2026-10-04T20:01:20.696845+00:00,counter,bus.published,1,"{""topic"":""surface.BTC-SYNTH.svi-jax""}"
2026-10-04T20:01:20.696883+00:00,counter,runner.handled,1,"{""subscriber"":""svi-jax@BTC-SYNTH""}"
2026-10-04T20:01:20.696969+00:00,counter,risk.surface.received,1,"{""market"":""BTC-SYNTH"",""producer"":""svi-jax"",""status"":""DEGRADED""}"
2026-10-04T20:01:20.696984+00:00,timing,risk.surface.snapshot_to_surface_ms,81.183,"{""market"":""BTC-SYNTH"",""producer"":""svi-jax""}"
2026-10-04T20:01:20.696993+00:00,timing,risk.surface.delivery_lag_ms,0.43600000000000005,"{""market"":""BTC-SYNTH"",""producer"":""svi-jax""}"
2026-10-04T20:01:20.697007+00:00,gauge,risk.surface_age_seconds,0.081631,"{""market"":""BTC-SYNTH"",""producer"":""svi-scipy""}"
2026-10-04T20:01:20.697014+00:00,counter,risk.report.freshness,1,"{""decision"":""NORMAL"",""market"":""BTC-SYNTH"",""producer"":""svi-scipy""}"
2026-10-04T20:01:20.697050+00:00,gauge,risk.surface_age_seconds,0.081676,"{""market"":""BTC-SYNTH"",""producer"":""svi-jax""}"
2026-10-04T20:01:20.697057+00:00,counter,risk.report.freshness,1,"{""decision"":""NORMAL"",""market"":""BTC-SYNTH"",""producer"":""svi-jax""}"
2026-10-04T20:01:20.697135+00:00,gauge,risk.comparison.value_diff,0.13144309584095026,"{""baseline"":""svi-scipy"",""challenger"":""svi-jax"",""market"":""BTC-SYNTH""}"
2026-10-04T20:01:20.697146+00:00,gauge,risk.comparison.distance_rms_vol_bp,0.24918908076064394,"{""baseline"":""svi-scipy"",""challenger"":""svi-jax"",""market"":""BTC-SYNTH""}"
2026-10-04T20:01:20.697153+00:00,gauge,risk.comparison.distance_max_vol_bp,0.43712264019224456,"{""baseline"":""svi-scipy"",""challenger"":""svi-jax"",""market"":""BTC-SYNTH""}"
2026-10-04T20:01:20.697162+00:00,gauge,risk.surface_age_seconds,0.081788,"{""market"":""BTC-SYNTH"",""producer"":""svi-jax""}"
2026-10-04T20:01:20.697168+00:00,counter,risk.report.freshness,1,"{""decision"":""NORMAL"",""market"":""BTC-SYNTH"",""producer"":""svi-jax""}"
2026-10-04T20:01:20.697186+00:00,counter,runner.handled,1,"{""subscriber"":""risk-svi-jax@BTC-SYNTH""}"
2026-10-04T20:01:21.642065+00:00,counter,marketdata.update.applied,1,"{""market"":""BTC-SYNTH""}"
2026-10-04T20:01:21.643551+00:00,counter,marketdata.snapshot.published,1,"{""market"":""BTC-SYNTH""}"
2026-10-04T20:01:21.643607+00:00,gauge,marketdata.clock_skew_seconds,-0.027165,"{""market"":""BTC-SYNTH""}"
2026-10-04T20:01:21.643639+00:00,gauge,marketdata.coverage_ratio,0.9848484848484849,"{""market"":""BTC-SYNTH""}"
2026-10-04T20:01:21.643665+00:00,gauge,marketdata.max_age_seconds,3601.009706,"{""market"":""BTC-SYNTH""}"
2026-10-04T20:01:21.643711+00:00,counter,bus.published,1,"{""topic"":""snapshot.BTC-SYNTH""}"
2026-10-04T20:01:21.643795+00:00,counter,marketdata.update.applied,1,"{""market"":""BTC-SYNTH""}"
2026-10-04T20:01:21.643909+00:00,counter,marketdata.update.applied,1,"{""market"":""BTC-SYNTH""}"
2026-10-04T20:01:21.643978+00:00,counter,marketdata.update.applied,1,"{""market"":""BTC-SYNTH""}"
2026-10-04T20:01:21.644039+00:00,counter,marketdata.update.applied,1,"{""market"":""BTC-SYNTH""}"
2026-10-04T20:01:21.644091+00:00,counter,marketdata.update.applied,1,"{""market"":""BTC-SYNTH""}"
2026-10-04T20:01:21.644148+00:00,counter,marketdata.update.applied,1,"{""market"":""BTC-SYNTH""}"
2026-10-04T20:01:21.644200+00:00,counter,marketdata.update.applied,1,"{""market"":""BTC-SYNTH""}"
2026-10-04T20:01:21.644254+00:00,counter,marketdata.update.applied,1,"{""market"":""BTC-SYNTH""}"
2026-10-04T20:01:21.644304+00:00,counter,marketdata.update.applied,1,"{""market"":""BTC-SYNTH""}"
2026-10-04T20:01:21.644462+00:00,counter,marketdata.update.applied,1,"{""market"":""BTC-SYNTH""}"
2026-10-04T20:01:21.644536+00:00,counter,marketdata.update.applied,1,"{""market"":""BTC-SYNTH""}"
2026-10-04T20:01:21.644593+00:00,counter,marketdata.update.applied,1,"{""market"":""BTC-SYNTH""}"
2026-10-04T20:01:21.644642+00:00,counter,marketdata.update.applied,1,"{""market"":""BTC-SYNTH""}"
2026-10-04T20:01:21.644695+00:00,counter,marketdata.update.applied,1,"{""market"":""BTC-SYNTH""}"
2026-10-04T20:01:21.644741+00:00,counter,marketdata.update.applied,1,"{""market"":""BTC-SYNTH""}"
2026-10-04T20:01:21.644791+00:00,counter,marketdata.update.applied,1,"{""market"":""BTC-SYNTH""}"
2026-10-04T20:01:21.644838+00:00,counter,marketdata.update.applied,1,"{""market"":""BTC-SYNTH""}"
2026-10-04T20:01:21.644889+00:00,counter,marketdata.update.applied,1,"{""market"":""BTC-SYNTH""}"
2026-10-04T20:01:21.645010+00:00,counter,marketdata.update.applied,1,"{""market"":""BTC-SYNTH""}"
2026-10-04T20:01:21.645076+00:00,counter,marketdata.update.applied,1,"{""market"":""BTC-SYNTH""}"
2026-10-04T20:01:21.645127+00:00,counter,marketdata.update.applied,1,"{""market"":""BTC-SYNTH""}"
2026-10-04T20:01:21.645184+00:00,counter,marketdata.update.applied,1,"{""market"":""BTC-SYNTH""}"
2026-10-04T20:01:21.645230+00:00,counter,marketdata.update.applied,1,"{""market"":""BTC-SYNTH""}"
2026-10-04T20:01:21.645280+00:00,counter,marketdata.update.applied,1,"{""market"":""BTC-SYNTH""}"
2026-10-04T20:01:21.645326+00:00,counter,marketdata.update.applied,1,"{""market"":""BTC-SYNTH""}"
2026-10-04T20:01:21.645377+00:00,counter,marketdata.update.applied,1,"{""market"":""BTC-SYNTH""}"
2026-10-04T20:01:21.645422+00:00,counter,marketdata.update.applied,1,"{""market"":""BTC-SYNTH""}"
2026-10-04T20:01:21.645471+00:00,counter,marketdata.update.applied,1,"{""market"":""BTC-SYNTH""}"
2026-10-04T20:01:21.645518+00:00,counter,marketdata.update.applied,1,"{""market"":""BTC-SYNTH""}"
2026-10-04T20:01:21.645568+00:00,counter,marketdata.update.applied,1,"{""market"":""BTC-SYNTH""}"
2026-10-04T20:01:21.645613+00:00,counter,marketdata.update.applied,1,"{""market"":""BTC-SYNTH""}"
2026-10-04T20:01:21.645662+00:00,counter,marketdata.update.applied,1,"{""market"":""BTC-SYNTH""}"
2026-10-04T20:01:21.645732+00:00,counter,marketdata.update.applied,1,"{""market"":""BTC-SYNTH""}"
2026-10-04T20:01:21.645803+00:00,counter,marketdata.update.applied,1,"{""market"":""BTC-SYNTH""}"
2026-10-04T20:01:21.645849+00:00,counter,marketdata.update.applied,1,"{""market"":""BTC-SYNTH""}"
2026-10-04T20:01:21.645894+00:00,counter,marketdata.update.applied,1,"{""market"":""BTC-SYNTH""}"
2026-10-04T20:01:21.645935+00:00,counter,marketdata.update.applied,1,"{""market"":""BTC-SYNTH""}"
2026-10-04T20:01:21.645980+00:00,counter,marketdata.update.applied,1,"{""market"":""BTC-SYNTH""}"
2026-10-04T20:01:21.646067+00:00,counter,marketdata.update.applied,1,"{""market"":""BTC-SYNTH""}"
2026-10-04T20:01:21.646116+00:00,counter,marketdata.update.applied,1,"{""market"":""BTC-SYNTH""}"
2026-10-04T20:01:21.646158+00:00,counter,marketdata.update.applied,1,"{""market"":""BTC-SYNTH""}"
2026-10-04T20:01:21.646306+00:00,counter,marketdata.update.applied,1,"{""market"":""BTC-SYNTH""}"
2026-10-04T20:01:21.646354+00:00,counter,marketdata.update.applied,1,"{""market"":""BTC-SYNTH""}"
2026-10-04T20:01:21.646402+00:00,counter,marketdata.update.applied,1,"{""market"":""BTC-SYNTH""}"
2026-10-04T20:01:21.646443+00:00,counter,marketdata.update.applied,1,"{""market"":""BTC-SYNTH""}"
2026-10-04T20:01:21.646487+00:00,counter,marketdata.update.applied,1,"{""market"":""BTC-SYNTH""}"
2026-10-04T20:01:21.646522+00:00,counter,marketdata.update.applied,1,"{""market"":""BTC-SYNTH""}"
2026-10-04T20:01:21.646559+00:00,counter,marketdata.update.applied,1,"{""market"":""BTC-SYNTH""}"
2026-10-04T20:01:21.646594+00:00,counter,marketdata.update.applied,1,"{""market"":""BTC-SYNTH""}"
2026-10-04T20:01:21.646633+00:00,counter,marketdata.update.applied,1,"{""market"":""BTC-SYNTH""}"
2026-10-04T20:01:21.646667+00:00,counter,marketdata.update.applied,1,"{""market"":""BTC-SYNTH""}"
2026-10-04T20:01:21.646704+00:00,counter,marketdata.update.applied,1,"{""market"":""BTC-SYNTH""}"
2026-10-04T20:01:21.646738+00:00,counter,marketdata.update.applied,1,"{""market"":""BTC-SYNTH""}"
2026-10-04T20:01:21.646778+00:00,counter,marketdata.update.applied,1,"{""market"":""BTC-SYNTH""}"
2026-10-04T20:01:21.646814+00:00,counter,marketdata.update.applied,1,"{""market"":""BTC-SYNTH""}"
2026-10-04T20:01:21.646852+00:00,counter,marketdata.update.applied,1,"{""market"":""BTC-SYNTH""}"
2026-10-04T20:01:21.646887+00:00,counter,marketdata.update.applied,1,"{""market"":""BTC-SYNTH""}"
2026-10-04T20:01:21.646925+00:00,counter,marketdata.update.applied,1,"{""market"":""BTC-SYNTH""}"
2026-10-04T20:01:21.646960+00:00,counter,marketdata.update.applied,1,"{""market"":""BTC-SYNTH""}"
2026-10-04T20:01:21.646998+00:00,counter,marketdata.update.applied,1,"{""market"":""BTC-SYNTH""}"
2026-10-04T20:01:21.647033+00:00,counter,marketdata.update.applied,1,"{""market"":""BTC-SYNTH""}"
2026-10-04T20:01:21.647072+00:00,counter,marketdata.update.applied,1,"{""market"":""BTC-SYNTH""}"
2026-10-04T20:01:21.647140+00:00,counter,marketdata.update.applied,1,"{""market"":""BTC-SYNTH""}"
2026-10-04T20:01:21.647191+00:00,counter,marketdata.update.applied,1,"{""market"":""BTC-SYNTH""}"
2026-10-04T20:01:21.647230+00:00,counter,marketdata.update.applied,1,"{""market"":""BTC-SYNTH""}"
2026-10-04T20:01:21.687388+00:00,gauge,pricing.slices.attempted,3.0,"{""market"":""BTC-SYNTH"",""producer"":""svi-jax""}"
2026-10-04T20:01:21.687418+00:00,gauge,pricing.slices.accepted,3.0,"{""market"":""BTC-SYNTH"",""producer"":""svi-jax""}"
2026-10-04T20:01:21.687483+00:00,gauge,pricing.rmse_vol_bp,37.693336353228425,"{""market"":""BTC-SYNTH"",""producer"":""svi-jax""}"
2026-10-04T20:01:21.687490+00:00,timing,pricing.cycle_ms,36.128,"{""market"":""BTC-SYNTH"",""producer"":""svi-jax""}"
2026-10-04T20:01:21.687801+00:00,counter,bus.published,1,"{""topic"":""surface.BTC-SYNTH.svi-jax""}"
2026-10-04T20:01:21.687832+00:00,counter,runner.handled,1,"{""subscriber"":""svi-jax@BTC-SYNTH""}"
2026-10-04T20:01:21.687908+00:00,counter,risk.surface.received,1,"{""market"":""BTC-SYNTH"",""producer"":""svi-jax"",""status"":""OK""}"
2026-10-04T20:01:21.687919+00:00,timing,risk.surface.snapshot_to_surface_ms,72.392,"{""market"":""BTC-SYNTH"",""producer"":""svi-jax""}"
2026-10-04T20:01:21.687926+00:00,timing,risk.surface.delivery_lag_ms,0.546,"{""market"":""BTC-SYNTH"",""producer"":""svi-jax""}"
2026-10-04T20:01:21.687936+00:00,gauge,risk.surface_age_seconds,1.07256,"{""market"":""BTC-SYNTH"",""producer"":""svi-scipy""}"
2026-10-04T20:01:21.687941+00:00,counter,risk.report.freshness,1,"{""decision"":""NORMAL"",""market"":""BTC-SYNTH"",""producer"":""svi-scipy""}"
2026-10-04T20:01:21.687971+00:00,gauge,risk.surface_age_seconds,0.072982,"{""market"":""BTC-SYNTH"",""producer"":""svi-jax""}"
2026-10-04T20:01:21.687976+00:00,counter,risk.report.freshness,1,"{""decision"":""NORMAL"",""market"":""BTC-SYNTH"",""producer"":""svi-jax""}"
2026-10-04T20:01:21.688043+00:00,gauge,risk.comparison.value_diff,5255.995616815413,"{""baseline"":""svi-scipy"",""challenger"":""svi-jax"",""market"":""BTC-SYNTH""}"
2026-10-04T20:01:21.688051+00:00,gauge,risk.comparison.distance_rms_vol_bp,1316.8668878317726,"{""baseline"":""svi-scipy"",""challenger"":""svi-jax"",""market"":""BTC-SYNTH""}"
2026-10-04T20:01:21.688057+00:00,gauge,risk.comparison.distance_max_vol_bp,1917.5276333032532,"{""baseline"":""svi-scipy"",""challenger"":""svi-jax"",""market"":""BTC-SYNTH""}"
2026-10-04T20:01:21.688066+00:00,gauge,risk.surface_age_seconds,0.073076,"{""market"":""BTC-SYNTH"",""producer"":""svi-jax""}"
2026-10-04T20:01:21.688071+00:00,counter,risk.report.freshness,1,"{""decision"":""NORMAL"",""market"":""BTC-SYNTH"",""producer"":""svi-jax""}"
2026-10-04T20:01:21.688088+00:00,counter,runner.handled,1,"{""subscriber"":""risk-svi-jax@BTC-SYNTH""}"
2026-10-04T20:01:21.713804+00:00,gauge,pricing.slices.attempted,3.0,"{""market"":""BTC-SYNTH"",""producer"":""svi-scipy""}"
2026-10-04T20:01:21.713822+00:00,gauge,pricing.slices.accepted,3.0,"{""market"":""BTC-SYNTH"",""producer"":""svi-scipy""}"
2026-10-04T20:01:21.713889+00:00,gauge,pricing.rmse_vol_bp,37.592432195282946,"{""market"":""BTC-SYNTH"",""producer"":""svi-scipy""}"
2026-10-04T20:01:21.713898+00:00,timing,pricing.cycle_ms,66.214,"{""market"":""BTC-SYNTH"",""producer"":""svi-scipy""}"
2026-10-04T20:01:21.714062+00:00,counter,bus.published,1,"{""topic"":""surface.BTC-SYNTH.svi-scipy""}"
2026-10-04T20:01:21.714090+00:00,counter,runner.handled,1,"{""subscriber"":""svi-scipy@BTC-SYNTH""}"
2026-10-04T20:01:21.714169+00:00,counter,risk.surface.received,1,"{""market"":""BTC-SYNTH"",""producer"":""svi-scipy"",""status"":""OK""}"
2026-10-04T20:01:21.714182+00:00,timing,risk.surface.snapshot_to_surface_ms,98.81099999999999,"{""market"":""BTC-SYNTH"",""producer"":""svi-scipy""}"
2026-10-04T20:01:21.714190+00:00,timing,risk.surface.delivery_lag_ms,0.39,"{""market"":""BTC-SYNTH"",""producer"":""svi-scipy""}"
2026-10-04T20:01:21.714201+00:00,gauge,risk.surface_age_seconds,0.099209,"{""market"":""BTC-SYNTH"",""producer"":""svi-scipy""}"
2026-10-04T20:01:21.714207+00:00,counter,risk.report.freshness,1,"{""decision"":""NORMAL"",""market"":""BTC-SYNTH"",""producer"":""svi-scipy""}"
2026-10-04T20:01:21.714242+00:00,gauge,risk.surface_age_seconds,0.099253,"{""market"":""BTC-SYNTH"",""producer"":""svi-jax""}"
2026-10-04T20:01:21.714248+00:00,counter,risk.report.freshness,1,"{""decision"":""NORMAL"",""market"":""BTC-SYNTH"",""producer"":""svi-jax""}"
2026-10-04T20:01:21.714357+00:00,gauge,risk.comparison.value_diff,-2.3932800726688583,"{""baseline"":""svi-scipy"",""challenger"":""svi-jax"",""market"":""BTC-SYNTH""}"
2026-10-04T20:01:21.714367+00:00,gauge,risk.comparison.distance_rms_vol_bp,3.0991710408216084,"{""baseline"":""svi-scipy"",""challenger"":""svi-jax"",""market"":""BTC-SYNTH""}"
2026-10-04T20:01:21.714373+00:00,gauge,risk.comparison.distance_max_vol_bp,10.123138704255519,"{""baseline"":""svi-scipy"",""challenger"":""svi-jax"",""market"":""BTC-SYNTH""}"
2026-10-04T20:01:21.714382+00:00,gauge,risk.surface_age_seconds,0.099393,"{""market"":""BTC-SYNTH"",""producer"":""svi-scipy""}"
2026-10-04T20:01:21.714387+00:00,counter,risk.report.freshness,1,"{""decision"":""NORMAL"",""market"":""BTC-SYNTH"",""producer"":""svi-scipy""}"
2026-10-04T20:01:21.714406+00:00,counter,runner.handled,1,"{""subscriber"":""risk-svi-scipy@BTC-SYNTH""}"
2026-10-04T20:01:22.700778+00:00,counter,marketdata.snapshot.published,1,"{""market"":""BTC-SYNTH""}"
2026-10-04T20:01:22.700813+00:00,gauge,marketdata.clock_skew_seconds,-1.028174,"{""market"":""BTC-SYNTH""}"
2026-10-04T20:01:22.700820+00:00,gauge,marketdata.coverage_ratio,1.0,"{""market"":""BTC-SYNTH""}"
2026-10-04T20:01:22.700825+00:00,gauge,marketdata.max_age_seconds,1.124877,"{""market"":""BTC-SYNTH""}"
2026-10-04T20:01:22.700833+00:00,counter,pipeline.heartbeat.emitted,1,"{""market"":""BTC-SYNTH""}"
2026-10-04T20:01:22.700843+00:00,counter,bus.published,1,"{""topic"":""snapshot.BTC-SYNTH""}"
2026-10-04T20:01:22.700921+00:00,counter,marketdata.update.applied,1,"{""market"":""BTC-SYNTH""}"
2026-10-04T20:01:22.700935+00:00,counter,marketdata.update.applied,1,"{""market"":""BTC-SYNTH""}"
2026-10-04T20:01:22.700993+00:00,counter,marketdata.update.applied,1,"{""market"":""BTC-SYNTH""}"
2026-10-04T20:01:22.701005+00:00,counter,marketdata.update.applied,1,"{""market"":""BTC-SYNTH""}"
2026-10-04T20:01:22.701015+00:00,counter,marketdata.update.applied,1,"{""market"":""BTC-SYNTH""}"
2026-10-04T20:01:22.701024+00:00,counter,marketdata.update.applied,1,"{""market"":""BTC-SYNTH""}"
2026-10-04T20:01:22.701033+00:00,counter,marketdata.update.applied,1,"{""market"":""BTC-SYNTH""}"
2026-10-04T20:01:22.701041+00:00,counter,marketdata.update.applied,1,"{""market"":""BTC-SYNTH""}"
2026-10-04T20:01:22.701051+00:00,counter,marketdata.update.applied,1,"{""market"":""BTC-SYNTH""}"
2026-10-04T20:01:22.701059+00:00,counter,marketdata.update.applied,1,"{""market"":""BTC-SYNTH""}"
2026-10-04T20:01:22.701068+00:00,counter,marketdata.update.applied,1,"{""market"":""BTC-SYNTH""}"
2026-10-04T20:01:22.701077+00:00,counter,marketdata.update.applied,1,"{""market"":""BTC-SYNTH""}"
2026-10-04T20:01:22.701086+00:00,counter,marketdata.update.applied,1,"{""market"":""BTC-SYNTH""}"
2026-10-04T20:01:22.701094+00:00,counter,marketdata.update.applied,1,"{""market"":""BTC-SYNTH""}"
2026-10-04T20:01:22.701103+00:00,counter,marketdata.update.applied,1,"{""market"":""BTC-SYNTH""}"
2026-10-04T20:01:22.701112+00:00,counter,marketdata.update.applied,1,"{""market"":""BTC-SYNTH""}"
2026-10-04T20:01:22.701120+00:00,counter,marketdata.update.applied,1,"{""market"":""BTC-SYNTH""}"
2026-10-04T20:01:22.701128+00:00,counter,marketdata.update.applied,1,"{""market"":""BTC-SYNTH""}"
2026-10-04T20:01:22.701137+00:00,counter,marketdata.update.applied,1,"{""market"":""BTC-SYNTH""}"
2026-10-04T20:01:22.701146+00:00,counter,marketdata.update.applied,1,"{""market"":""BTC-SYNTH""}"
2026-10-04T20:01:22.701155+00:00,counter,marketdata.update.applied,1,"{""market"":""BTC-SYNTH""}"
2026-10-04T20:01:22.701163+00:00,counter,marketdata.update.applied,1,"{""market"":""BTC-SYNTH""}"
2026-10-04T20:01:22.701173+00:00,counter,marketdata.update.applied,1,"{""market"":""BTC-SYNTH""}"
2026-10-04T20:01:22.701182+00:00,counter,marketdata.update.applied,1,"{""market"":""BTC-SYNTH""}"
2026-10-04T20:01:22.701191+00:00,counter,marketdata.update.applied,1,"{""market"":""BTC-SYNTH""}"
2026-10-04T20:01:22.701199+00:00,counter,marketdata.update.applied,1,"{""market"":""BTC-SYNTH""}"
2026-10-04T20:01:22.701208+00:00,counter,marketdata.update.applied,1,"{""market"":""BTC-SYNTH""}"
2026-10-04T20:01:22.701216+00:00,counter,marketdata.update.applied,1,"{""market"":""BTC-SYNTH""}"
2026-10-04T20:01:22.701235+00:00,counter,marketdata.update.applied,1,"{""market"":""BTC-SYNTH""}"
2026-10-04T20:01:22.701244+00:00,counter,marketdata.update.applied,1,"{""market"":""BTC-SYNTH""}"
2026-10-04T20:01:22.701253+00:00,counter,marketdata.update.applied,1,"{""market"":""BTC-SYNTH""}"
2026-10-04T20:01:22.701262+00:00,counter,marketdata.update.applied,1,"{""market"":""BTC-SYNTH""}"
2026-10-04T20:01:22.701271+00:00,counter,marketdata.update.applied,1,"{""market"":""BTC-SYNTH""}"
2026-10-04T20:01:22.701279+00:00,counter,marketdata.update.applied,1,"{""market"":""BTC-SYNTH""}"
2026-10-04T20:01:22.701288+00:00,counter,marketdata.update.applied,1,"{""market"":""BTC-SYNTH""}"
2026-10-04T20:01:22.701296+00:00,counter,marketdata.update.applied,1,"{""market"":""BTC-SYNTH""}"
2026-10-04T20:01:22.701304+00:00,counter,marketdata.update.applied,1,"{""market"":""BTC-SYNTH""}"
2026-10-04T20:01:22.701313+00:00,counter,marketdata.update.applied,1,"{""market"":""BTC-SYNTH""}"
2026-10-04T20:01:22.701321+00:00,counter,marketdata.update.applied,1,"{""market"":""BTC-SYNTH""}"
2026-10-04T20:01:22.701329+00:00,counter,marketdata.update.applied,1,"{""market"":""BTC-SYNTH""}"
2026-10-04T20:01:22.701338+00:00,counter,marketdata.update.applied,1,"{""market"":""BTC-SYNTH""}"
2026-10-04T20:01:22.701346+00:00,counter,marketdata.update.applied,1,"{""market"":""BTC-SYNTH""}"
2026-10-04T20:01:22.701355+00:00,counter,marketdata.update.applied,1,"{""market"":""BTC-SYNTH""}"
2026-10-04T20:01:22.701364+00:00,counter,marketdata.update.applied,1,"{""market"":""BTC-SYNTH""}"
2026-10-04T20:01:22.701373+00:00,counter,marketdata.update.applied,1,"{""market"":""BTC-SYNTH""}"
2026-10-04T20:01:22.701381+00:00,counter,marketdata.update.applied,1,"{""market"":""BTC-SYNTH""}"
2026-10-04T20:01:22.701390+00:00,counter,marketdata.update.applied,1,"{""market"":""BTC-SYNTH""}"
2026-10-04T20:01:22.701398+00:00,counter,marketdata.update.applied,1,"{""market"":""BTC-SYNTH""}"
2026-10-04T20:01:22.701406+00:00,counter,marketdata.update.applied,1,"{""market"":""BTC-SYNTH""}"
2026-10-04T20:01:22.701415+00:00,counter,marketdata.update.applied,1,"{""market"":""BTC-SYNTH""}"
2026-10-04T20:01:22.701423+00:00,counter,marketdata.update.applied,1,"{""market"":""BTC-SYNTH""}"
2026-10-04T20:01:22.701431+00:00,counter,marketdata.update.applied,1,"{""market"":""BTC-SYNTH""}"
2026-10-04T20:01:22.701439+00:00,counter,marketdata.update.applied,1,"{""market"":""BTC-SYNTH""}"
2026-10-04T20:01:22.701447+00:00,counter,marketdata.update.applied,1,"{""market"":""BTC-SYNTH""}"
2026-10-04T20:01:22.701455+00:00,counter,marketdata.update.applied,1,"{""market"":""BTC-SYNTH""}"
2026-10-04T20:01:22.701468+00:00,counter,marketdata.update.applied,1,"{""market"":""BTC-SYNTH""}"
2026-10-04T20:01:22.701480+00:00,counter,marketdata.update.applied,1,"{""market"":""BTC-SYNTH""}"
2026-10-04T20:01:22.701489+00:00,counter,marketdata.update.applied,1,"{""market"":""BTC-SYNTH""}"
2026-10-04T20:01:22.701499+00:00,counter,marketdata.update.applied,1,"{""market"":""BTC-SYNTH""}"
2026-10-04T20:01:22.701508+00:00,counter,marketdata.update.applied,1,"{""market"":""BTC-SYNTH""}"
2026-10-04T20:01:22.701516+00:00,counter,marketdata.update.applied,1,"{""market"":""BTC-SYNTH""}"
2026-10-04T20:01:22.701524+00:00,counter,marketdata.update.applied,1,"{""market"":""BTC-SYNTH""}"
2026-10-04T20:01:22.701533+00:00,counter,marketdata.update.applied,1,"{""market"":""BTC-SYNTH""}"
2026-10-04T20:01:22.701541+00:00,counter,marketdata.update.applied,1,"{""market"":""BTC-SYNTH""}"
2026-10-04T20:01:22.701550+00:00,counter,marketdata.update.applied,1,"{""market"":""BTC-SYNTH""}"
2026-10-04T20:01:22.701558+00:00,counter,marketdata.update.applied,1,"{""market"":""BTC-SYNTH""}"
2026-10-04T20:01:22.746172+00:00,gauge,pricing.slices.attempted,3.0,"{""market"":""BTC-SYNTH"",""producer"":""svi-scipy""}"
2026-10-04T20:01:22.746204+00:00,gauge,pricing.slices.accepted,3.0,"{""market"":""BTC-SYNTH"",""producer"":""svi-scipy""}"
2026-10-04T20:01:22.746280+00:00,gauge,pricing.rmse_vol_bp,41.52209226819349,"{""market"":""BTC-SYNTH"",""producer"":""svi-scipy""}"
2026-10-04T20:01:22.746292+00:00,timing,pricing.cycle_ms,44.382999999999996,"{""market"":""BTC-SYNTH"",""producer"":""svi-scipy""}"
2026-10-04T20:01:22.746486+00:00,counter,bus.published,1,"{""topic"":""surface.BTC-SYNTH.svi-scipy""}"
2026-10-04T20:01:22.746560+00:00,counter,runner.handled,1,"{""subscriber"":""svi-scipy@BTC-SYNTH""}"
2026-10-04T20:01:22.746721+00:00,counter,risk.surface.received,1,"{""market"":""BTC-SYNTH"",""producer"":""svi-scipy"",""status"":""OK""}"
2026-10-04T20:01:22.746739+00:00,timing,risk.surface.snapshot_to_surface_ms,1074.05,"{""market"":""BTC-SYNTH"",""producer"":""svi-scipy""}"
2026-10-04T20:01:22.746747+00:00,timing,risk.surface.delivery_lag_ms,0.5820000000000001,"{""market"":""BTC-SYNTH"",""producer"":""svi-scipy""}"
2026-10-04T20:01:22.746759+00:00,gauge,risk.surface_age_seconds,1.074642,"{""market"":""BTC-SYNTH"",""producer"":""svi-scipy""}"
2026-10-04T20:01:22.746765+00:00,counter,risk.report.freshness,1,"{""decision"":""NORMAL"",""market"":""BTC-SYNTH"",""producer"":""svi-scipy""}"
2026-10-04T20:01:22.746801+00:00,gauge,risk.surface_age_seconds,1.131812,"{""market"":""BTC-SYNTH"",""producer"":""svi-jax""}"
2026-10-04T20:01:22.746807+00:00,counter,risk.report.freshness,1,"{""decision"":""NORMAL"",""market"":""BTC-SYNTH"",""producer"":""svi-jax""}"
2026-10-04T20:01:22.746950+00:00,gauge,risk.comparison.value_diff,-69.4921228789899,"{""baseline"":""svi-scipy"",""challenger"":""svi-jax"",""market"":""BTC-SYNTH""}"
2026-10-04T20:01:22.746959+00:00,gauge,risk.comparison.distance_rms_vol_bp,84.02019167554022,"{""baseline"":""svi-scipy"",""challenger"":""svi-jax"",""market"":""BTC-SYNTH""}"
2026-10-04T20:01:22.747000+00:00,gauge,risk.comparison.distance_max_vol_bp,289.42214751251583,"{""baseline"":""svi-scipy"",""challenger"":""svi-jax"",""market"":""BTC-SYNTH""}"
2026-10-04T20:01:22.747009+00:00,gauge,risk.surface_age_seconds,1.074894,"{""market"":""BTC-SYNTH"",""producer"":""svi-scipy""}"
2026-10-04T20:01:22.747015+00:00,counter,risk.report.freshness,1,"{""decision"":""NORMAL"",""market"":""BTC-SYNTH"",""producer"":""svi-scipy""}"
2026-10-04T20:01:22.747032+00:00,counter,runner.handled,1,"{""subscriber"":""risk-svi-scipy@BTC-SYNTH""}"
2026-10-04T20:01:22.949857+00:00,gauge,pricing.slices.attempted,3.0,"{""market"":""BTC-SYNTH"",""producer"":""svi-jax""}"
2026-10-04T20:01:22.949893+00:00,gauge,pricing.slices.accepted,3.0,"{""market"":""BTC-SYNTH"",""producer"":""svi-jax""}"
2026-10-04T20:01:22.949968+00:00,gauge,pricing.rmse_vol_bp,41.729311422684304,"{""market"":""BTC-SYNTH"",""producer"":""svi-jax""}"
2026-10-04T20:01:22.949977+00:00,timing,pricing.cycle_ms,243.825,"{""market"":""BTC-SYNTH"",""producer"":""svi-jax""}"
2026-10-04T20:01:22.950211+00:00,counter,bus.published,1,"{""topic"":""surface.BTC-SYNTH.svi-jax""}"
2026-10-04T20:01:22.950240+00:00,counter,runner.handled,1,"{""subscriber"":""svi-jax@BTC-SYNTH""}"
2026-10-04T20:01:22.950322+00:00,counter,risk.surface.received,1,"{""market"":""BTC-SYNTH"",""producer"":""svi-jax"",""status"":""OK""}"
2026-10-04T20:01:22.950335+00:00,timing,risk.surface.snapshot_to_surface_ms,1277.7320000000002,"{""market"":""BTC-SYNTH"",""producer"":""svi-jax""}"
2026-10-04T20:01:22.950342+00:00,timing,risk.surface.delivery_lag_ms,0.496,"{""market"":""BTC-SYNTH"",""producer"":""svi-jax""}"
2026-10-04T20:01:22.950353+00:00,gauge,risk.surface_age_seconds,1.278236,"{""market"":""BTC-SYNTH"",""producer"":""svi-scipy""}"
2026-10-04T20:01:22.950358+00:00,counter,risk.report.freshness,1,"{""decision"":""NORMAL"",""market"":""BTC-SYNTH"",""producer"":""svi-scipy""}"
2026-10-04T20:01:22.950390+00:00,gauge,risk.surface_age_seconds,1.278275,"{""market"":""BTC-SYNTH"",""producer"":""svi-jax""}"
2026-10-04T20:01:22.950395+00:00,counter,risk.report.freshness,1,"{""decision"":""NORMAL"",""market"":""BTC-SYNTH"",""producer"":""svi-jax""}"
2026-10-04T20:01:22.950501+00:00,gauge,risk.comparison.value_diff,-4.046271973547846,"{""baseline"":""svi-scipy"",""challenger"":""svi-jax"",""market"":""BTC-SYNTH""}"
2026-10-04T20:01:22.950511+00:00,gauge,risk.comparison.distance_rms_vol_bp,14.66479004821652,"{""baseline"":""svi-scipy"",""challenger"":""svi-jax"",""market"":""BTC-SYNTH""}"
2026-10-04T20:01:22.950516+00:00,gauge,risk.comparison.distance_max_vol_bp,64.78105312081928,"{""baseline"":""svi-scipy"",""challenger"":""svi-jax"",""market"":""BTC-SYNTH""}"
2026-10-04T20:01:22.950524+00:00,gauge,risk.surface_age_seconds,1.278409,"{""market"":""BTC-SYNTH"",""producer"":""svi-jax""}"
2026-10-04T20:01:22.950529+00:00,counter,risk.report.freshness,1,"{""decision"":""NORMAL"",""market"":""BTC-SYNTH"",""producer"":""svi-jax""}"
2026-10-04T20:01:22.950546+00:00,counter,runner.handled,1,"{""subscriber"":""risk-svi-jax@BTC-SYNTH""}"
2026-10-04T20:01:23.754664+00:00,counter,marketdata.snapshot.published,1,"{""market"":""BTC-SYNTH""}"
2026-10-04T20:01:23.754697+00:00,gauge,marketdata.clock_skew_seconds,-1.079823,"{""market"":""BTC-SYNTH""}"
2026-10-04T20:01:23.754704+00:00,gauge,marketdata.coverage_ratio,0.9848484848484849,"{""market"":""BTC-SYNTH""}"
2026-10-04T20:01:23.754709+00:00,gauge,marketdata.max_age_seconds,1.179271,"{""market"":""BTC-SYNTH""}"
2026-10-04T20:01:23.754715+00:00,counter,pipeline.heartbeat.emitted,1,"{""market"":""BTC-SYNTH""}"
2026-10-04T20:01:23.754724+00:00,counter,bus.published,1,"{""topic"":""snapshot.BTC-SYNTH""}"
2026-10-04T20:01:23.754787+00:00,counter,marketdata.update.applied,1,"{""market"":""BTC-SYNTH""}"
2026-10-04T20:01:23.754801+00:00,counter,marketdata.update.applied,1,"{""market"":""BTC-SYNTH""}"
2026-10-04T20:01:23.754814+00:00,counter,marketdata.update.applied,1,"{""market"":""BTC-SYNTH""}"
2026-10-04T20:01:23.754825+00:00,counter,marketdata.update.applied,1,"{""market"":""BTC-SYNTH""}"
2026-10-04T20:01:23.754835+00:00,counter,marketdata.update.applied,1,"{""market"":""BTC-SYNTH""}"
2026-10-04T20:01:23.754845+00:00,counter,marketdata.update.applied,1,"{""market"":""BTC-SYNTH""}"
2026-10-04T20:01:23.754854+00:00,counter,marketdata.update.applied,1,"{""market"":""BTC-SYNTH""}"
2026-10-04T20:01:23.754863+00:00,counter,marketdata.update.applied,1,"{""market"":""BTC-SYNTH""}"
2026-10-04T20:01:23.754873+00:00,counter,marketdata.update.applied,1,"{""market"":""BTC-SYNTH""}"
2026-10-04T20:01:23.754882+00:00,counter,marketdata.update.applied,1,"{""market"":""BTC-SYNTH""}"
2026-10-04T20:01:23.754892+00:00,counter,marketdata.update.applied,1,"{""market"":""BTC-SYNTH""}"
2026-10-04T20:01:23.754901+00:00,counter,marketdata.update.applied,1,"{""market"":""BTC-SYNTH""}"
2026-10-04T20:01:23.754911+00:00,counter,marketdata.update.applied,1,"{""market"":""BTC-SYNTH""}"
2026-10-04T20:01:23.754919+00:00,counter,marketdata.update.applied,1,"{""market"":""BTC-SYNTH""}"
2026-10-04T20:01:23.754929+00:00,counter,marketdata.update.applied,1,"{""market"":""BTC-SYNTH""}"
2026-10-04T20:01:23.754937+00:00,counter,marketdata.update.applied,1,"{""market"":""BTC-SYNTH""}"
2026-10-04T20:01:23.754947+00:00,counter,marketdata.update.applied,1,"{""market"":""BTC-SYNTH""}"
2026-10-04T20:01:23.754955+00:00,counter,marketdata.update.applied,1,"{""market"":""BTC-SYNTH""}"
2026-10-04T20:01:23.754964+00:00,counter,marketdata.update.applied,1,"{""market"":""BTC-SYNTH""}"
2026-10-04T20:01:23.754973+00:00,counter,marketdata.update.applied,1,"{""market"":""BTC-SYNTH""}"
2026-10-04T20:01:23.754982+00:00,counter,marketdata.update.applied,1,"{""market"":""BTC-SYNTH""}"
2026-10-04T20:01:23.754991+00:00,counter,marketdata.update.applied,1,"{""market"":""BTC-SYNTH""}"
2026-10-04T20:01:23.755001+00:00,counter,marketdata.update.applied,1,"{""market"":""BTC-SYNTH""}"
2026-10-04T20:01:23.755010+00:00,counter,marketdata.update.applied,1,"{""market"":""BTC-SYNTH""}"
2026-10-04T20:01:23.755019+00:00,counter,marketdata.update.applied,1,"{""market"":""BTC-SYNTH""}"
2026-10-04T20:01:23.755028+00:00,counter,marketdata.update.applied,1,"{""market"":""BTC-SYNTH""}"
2026-10-04T20:01:23.755037+00:00,counter,marketdata.update.applied,1,"{""market"":""BTC-SYNTH""}"
2026-10-04T20:01:23.755045+00:00,counter,marketdata.update.applied,1,"{""market"":""BTC-SYNTH""}"
2026-10-04T20:01:23.755055+00:00,counter,marketdata.update.applied,1,"{""market"":""BTC-SYNTH""}"
2026-10-04T20:01:23.755063+00:00,counter,marketdata.update.applied,1,"{""market"":""BTC-SYNTH""}"
2026-10-04T20:01:23.755072+00:00,counter,marketdata.update.applied,1,"{""market"":""BTC-SYNTH""}"
2026-10-04T20:01:23.755080+00:00,counter,marketdata.update.applied,1,"{""market"":""BTC-SYNTH""}"
2026-10-04T20:01:23.755089+00:00,counter,marketdata.update.applied,1,"{""market"":""BTC-SYNTH""}"
2026-10-04T20:01:23.755097+00:00,counter,marketdata.update.applied,1,"{""market"":""BTC-SYNTH""}"
2026-10-04T20:01:23.755106+00:00,counter,marketdata.update.applied,1,"{""market"":""BTC-SYNTH""}"
2026-10-04T20:01:23.755115+00:00,counter,marketdata.update.applied,1,"{""market"":""BTC-SYNTH""}"
2026-10-04T20:01:23.755123+00:00,counter,marketdata.update.applied,1,"{""market"":""BTC-SYNTH""}"
2026-10-04T20:01:23.755132+00:00,counter,marketdata.update.applied,1,"{""market"":""BTC-SYNTH""}"
2026-10-04T20:01:23.755141+00:00,counter,marketdata.update.applied,1,"{""market"":""BTC-SYNTH""}"
2026-10-04T20:01:23.755149+00:00,counter,marketdata.update.applied,1,"{""market"":""BTC-SYNTH""}"
2026-10-04T20:01:23.755158+00:00,counter,marketdata.update.applied,1,"{""market"":""BTC-SYNTH""}"
2026-10-04T20:01:23.755166+00:00,counter,marketdata.update.applied,1,"{""market"":""BTC-SYNTH""}"
2026-10-04T20:01:23.755176+00:00,counter,marketdata.update.applied,1,"{""market"":""BTC-SYNTH""}"
2026-10-04T20:01:23.755184+00:00,counter,marketdata.update.applied,1,"{""market"":""BTC-SYNTH""}"
2026-10-04T20:01:23.755193+00:00,counter,marketdata.update.applied,1,"{""market"":""BTC-SYNTH""}"
2026-10-04T20:01:23.755201+00:00,counter,marketdata.update.applied,1,"{""market"":""BTC-SYNTH""}"
2026-10-04T20:01:23.755244+00:00,counter,marketdata.update.applied,1,"{""market"":""BTC-SYNTH""}"
2026-10-04T20:01:23.755253+00:00,counter,marketdata.update.applied,1,"{""market"":""BTC-SYNTH""}"
2026-10-04T20:01:23.755263+00:00,counter,marketdata.update.applied,1,"{""market"":""BTC-SYNTH""}"
2026-10-04T20:01:23.755271+00:00,counter,marketdata.update.applied,1,"{""market"":""BTC-SYNTH""}"
2026-10-04T20:01:23.755280+00:00,counter,marketdata.update.applied,1,"{""market"":""BTC-SYNTH""}"
2026-10-04T20:01:23.755288+00:00,counter,marketdata.update.applied,1,"{""market"":""BTC-SYNTH""}"
2026-10-04T20:01:23.755297+00:00,counter,marketdata.update.applied,1,"{""market"":""BTC-SYNTH""}"
2026-10-04T20:01:23.755305+00:00,counter,marketdata.update.applied,1,"{""market"":""BTC-SYNTH""}"
2026-10-04T20:01:23.755313+00:00,counter,marketdata.update.applied,1,"{""market"":""BTC-SYNTH""}"
2026-10-04T20:01:23.755322+00:00,counter,marketdata.update.applied,1,"{""market"":""BTC-SYNTH""}"
2026-10-04T20:01:23.755332+00:00,counter,marketdata.update.applied,1,"{""market"":""BTC-SYNTH""}"
2026-10-04T20:01:23.755340+00:00,counter,marketdata.update.applied,1,"{""market"":""BTC-SYNTH""}"
2026-10-04T20:01:23.755350+00:00,counter,marketdata.update.applied,1,"{""market"":""BTC-SYNTH""}"
2026-10-04T20:01:23.755359+00:00,counter,marketdata.update.applied,1,"{""market"":""BTC-SYNTH""}"
2026-10-04T20:01:23.755368+00:00,counter,marketdata.update.applied,1,"{""market"":""BTC-SYNTH""}"
2026-10-04T20:01:23.755377+00:00,counter,marketdata.update.applied,1,"{""market"":""BTC-SYNTH""}"
2026-10-04T20:01:23.755386+00:00,counter,marketdata.update.applied,1,"{""market"":""BTC-SYNTH""}"
2026-10-04T20:01:23.755396+00:00,counter,marketdata.update.applied,1,"{""market"":""BTC-SYNTH""}"
2026-10-04T20:01:23.755423+00:00,counter,marketdata.update.applied,1,"{""market"":""BTC-SYNTH""}"
2026-10-04T20:01:23.755434+00:00,counter,marketdata.update.applied,1,"{""market"":""BTC-SYNTH""}"
2026-10-04T20:01:23.839539+00:00,gauge,pricing.slices.attempted,3.0,"{""market"":""BTC-SYNTH"",""producer"":""svi-scipy""}"
2026-10-04T20:01:23.839571+00:00,gauge,pricing.slices.accepted,3.0,"{""market"":""BTC-SYNTH"",""producer"":""svi-scipy""}"
2026-10-04T20:01:23.839648+00:00,gauge,pricing.rmse_vol_bp,40.68489741737075,"{""market"":""BTC-SYNTH"",""producer"":""svi-scipy""}"
2026-10-04T20:01:23.839665+00:00,timing,pricing.cycle_ms,83.96199999999999,"{""market"":""BTC-SYNTH"",""producer"":""svi-scipy""}"
2026-10-04T20:01:23.839897+00:00,counter,bus.published,1,"{""topic"":""surface.BTC-SYNTH.svi-scipy""}"
2026-10-04T20:01:23.839930+00:00,counter,runner.handled,1,"{""subscriber"":""svi-scipy@BTC-SYNTH""}"
2026-10-04T20:01:23.840034+00:00,counter,risk.surface.received,1,"{""market"":""BTC-SYNTH"",""producer"":""svi-scipy"",""status"":""OK""}"
2026-10-04T20:01:23.840049+00:00,timing,risk.surface.snapshot_to_surface_ms,1165.079,"{""market"":""BTC-SYNTH"",""producer"":""svi-scipy""}"
2026-10-04T20:01:23.840059+00:00,timing,risk.surface.delivery_lag_ms,0.528,"{""market"":""BTC-SYNTH"",""producer"":""svi-scipy""}"
2026-10-04T20:01:23.840073+00:00,gauge,risk.surface_age_seconds,1.165618,"{""market"":""BTC-SYNTH"",""producer"":""svi-scipy""}"
2026-10-04T20:01:23.840080+00:00,counter,risk.report.freshness,1,"{""decision"":""NORMAL"",""market"":""BTC-SYNTH"",""producer"":""svi-scipy""}"
2026-10-04T20:01:23.840121+00:00,gauge,risk.surface_age_seconds,2.168005,"{""market"":""BTC-SYNTH"",""producer"":""svi-jax""}"
2026-10-04T20:01:23.840128+00:00,counter,risk.report.freshness,1,"{""decision"":""NORMAL"",""market"":""BTC-SYNTH"",""producer"":""svi-jax""}"
2026-10-04T20:01:23.840285+00:00,gauge,risk.comparison.value_diff,-39.06881146019441,"{""baseline"":""svi-scipy"",""challenger"":""svi-jax"",""market"":""BTC-SYNTH""}"
2026-10-04T20:01:23.840307+00:00,gauge,risk.comparison.distance_rms_vol_bp,80.28223605203749,"{""baseline"":""svi-scipy"",""challenger"":""svi-jax"",""market"":""BTC-SYNTH""}"
2026-10-04T20:01:23.840314+00:00,gauge,risk.comparison.distance_max_vol_bp,296.9095250865994,"{""baseline"":""svi-scipy"",""challenger"":""svi-jax"",""market"":""BTC-SYNTH""}"
2026-10-04T20:01:23.840324+00:00,gauge,risk.surface_age_seconds,1.165871,"{""market"":""BTC-SYNTH"",""producer"":""svi-scipy""}"
2026-10-04T20:01:23.840330+00:00,counter,risk.report.freshness,1,"{""decision"":""NORMAL"",""market"":""BTC-SYNTH"",""producer"":""svi-scipy""}"
2026-10-04T20:01:23.840349+00:00,counter,runner.handled,1,"{""subscriber"":""risk-svi-scipy@BTC-SYNTH""}"
2026-10-04T20:01:23.954566+00:00,gauge,pricing.slices.attempted,3.0,"{""market"":""BTC-SYNTH"",""producer"":""svi-jax""}"
2026-10-04T20:01:23.954608+00:00,gauge,pricing.slices.accepted,3.0,"{""market"":""BTC-SYNTH"",""producer"":""svi-jax""}"
2026-10-04T20:01:23.954684+00:00,gauge,pricing.rmse_vol_bp,41.41611091885587,"{""market"":""BTC-SYNTH"",""producer"":""svi-jax""}"
2026-10-04T20:01:23.954692+00:00,timing,pricing.cycle_ms,197.082,"{""market"":""BTC-SYNTH"",""producer"":""svi-jax""}"
2026-10-04T20:01:23.954937+00:00,counter,bus.published,1,"{""topic"":""surface.BTC-SYNTH.svi-jax""}"
2026-10-04T20:01:23.954967+00:00,counter,runner.handled,1,"{""subscriber"":""svi-jax@BTC-SYNTH""}"
2026-10-04T20:01:23.955043+00:00,counter,risk.surface.received,1,"{""market"":""BTC-SYNTH"",""producer"":""svi-jax"",""status"":""OK""}"
2026-10-04T20:01:23.955054+00:00,timing,risk.surface.snapshot_to_surface_ms,1280.1009999999999,"{""market"":""BTC-SYNTH"",""producer"":""svi-jax""}"
2026-10-04T20:01:23.955061+00:00,timing,risk.surface.delivery_lag_ms,0.508,"{""market"":""BTC-SYNTH"",""producer"":""svi-jax""}"
2026-10-04T20:01:23.955072+00:00,gauge,risk.surface_age_seconds,1.280618,"{""market"":""BTC-SYNTH"",""producer"":""svi-scipy""}"
2026-10-04T20:01:23.955077+00:00,counter,risk.report.freshness,1,"{""decision"":""NORMAL"",""market"":""BTC-SYNTH"",""producer"":""svi-scipy""}"
2026-10-04T20:01:23.955111+00:00,gauge,risk.surface_age_seconds,1.280659,"{""market"":""BTC-SYNTH"",""producer"":""svi-jax""}"
2026-10-04T20:01:23.955116+00:00,counter,risk.report.freshness,1,"{""decision"":""NORMAL"",""market"":""BTC-SYNTH"",""producer"":""svi-jax""}"
2026-10-04T20:01:23.955214+00:00,gauge,risk.comparison.value_diff,-3.491298531589564,"{""baseline"":""svi-scipy"",""challenger"":""svi-jax"",""market"":""BTC-SYNTH""}"
2026-10-04T20:01:23.955220+00:00,gauge,risk.comparison.distance_rms_vol_bp,17.47098057872729,"{""baseline"":""svi-scipy"",""challenger"":""svi-jax"",""market"":""BTC-SYNTH""}"
2026-10-04T20:01:23.955225+00:00,gauge,risk.comparison.distance_max_vol_bp,69.29305758506254,"{""baseline"":""svi-scipy"",""challenger"":""svi-jax"",""market"":""BTC-SYNTH""}"
2026-10-04T20:01:23.955232+00:00,gauge,risk.surface_age_seconds,1.28078,"{""market"":""BTC-SYNTH"",""producer"":""svi-jax""}"
2026-10-04T20:01:23.955236+00:00,counter,risk.report.freshness,1,"{""decision"":""NORMAL"",""market"":""BTC-SYNTH"",""producer"":""svi-jax""}"
2026-10-04T20:01:23.955249+00:00,counter,runner.handled,1,"{""subscriber"":""risk-svi-jax@BTC-SYNTH""}"
2026-10-04T20:01:24.758595+00:00,counter,marketdata.snapshot.published,1,"{""market"":""BTC-SYNTH""}"
2026-10-04T20:01:24.758695+00:00,gauge,marketdata.clock_skew_seconds,-1.083474,"{""market"":""BTC-SYNTH""}"
2026-10-04T20:01:24.758733+00:00,gauge,marketdata.coverage_ratio,1.0,"{""market"":""BTC-SYNTH""}"
2026-10-04T20:01:24.758764+00:00,gauge,marketdata.max_age_seconds,1.181411,"{""market"":""BTC-SYNTH""}"
2026-10-04T20:01:24.758801+00:00,counter,pipeline.heartbeat.emitted,1,"{""market"":""BTC-SYNTH""}"
2026-10-04T20:01:24.758843+00:00,counter,bus.published,1,"{""topic"":""snapshot.BTC-SYNTH""}"
2026-10-04T20:01:24.759052+00:00,counter,marketdata.update.applied,1,"{""market"":""BTC-SYNTH""}"
2026-10-04T20:01:24.759128+00:00,counter,marketdata.update.applied,1,"{""market"":""BTC-SYNTH""}"
2026-10-04T20:01:24.759242+00:00,counter,marketdata.update.applied,1,"{""market"":""BTC-SYNTH""}"
2026-10-04T20:01:24.759326+00:00,counter,marketdata.update.applied,1,"{""market"":""BTC-SYNTH""}"
2026-10-04T20:01:24.759435+00:00,counter,marketdata.update.applied,1,"{""market"":""BTC-SYNTH""}"
2026-10-04T20:01:24.759560+00:00,counter,marketdata.update.applied,1,"{""market"":""BTC-SYNTH""}"
2026-10-04T20:01:24.759739+00:00,counter,marketdata.update.applied,1,"{""market"":""BTC-SYNTH""}"
2026-10-04T20:01:24.759800+00:00,counter,marketdata.update.applied,1,"{""market"":""BTC-SYNTH""}"
2026-10-04T20:01:24.759860+00:00,counter,marketdata.update.applied,1,"{""market"":""BTC-SYNTH""}"
2026-10-04T20:01:24.759914+00:00,counter,marketdata.update.applied,1,"{""market"":""BTC-SYNTH""}"
2026-10-04T20:01:24.759974+00:00,counter,marketdata.update.applied,1,"{""market"":""BTC-SYNTH""}"
2026-10-04T20:01:24.760028+00:00,counter,marketdata.update.applied,1,"{""market"":""BTC-SYNTH""}"
2026-10-04T20:01:24.760084+00:00,counter,marketdata.update.applied,1,"{""market"":""BTC-SYNTH""}"
2026-10-04T20:01:24.760137+00:00,counter,marketdata.update.applied,1,"{""market"":""BTC-SYNTH""}"
2026-10-04T20:01:24.760390+00:00,counter,marketdata.update.applied,1,"{""market"":""BTC-SYNTH""}"
2026-10-04T20:01:24.760473+00:00,counter,marketdata.update.applied,1,"{""market"":""BTC-SYNTH""}"
2026-10-04T20:01:24.760535+00:00,counter,marketdata.update.applied,1,"{""market"":""BTC-SYNTH""}"
2026-10-04T20:01:24.760590+00:00,counter,marketdata.update.applied,1,"{""market"":""BTC-SYNTH""}"
2026-10-04T20:01:24.760650+00:00,counter,marketdata.update.applied,1,"{""market"":""BTC-SYNTH""}"
2026-10-04T20:01:24.760703+00:00,counter,marketdata.update.applied,1,"{""market"":""BTC-SYNTH""}"
2026-10-04T20:01:24.760759+00:00,counter,marketdata.update.applied,1,"{""market"":""BTC-SYNTH""}"
2026-10-04T20:01:24.760814+00:00,counter,marketdata.update.applied,1,"{""market"":""BTC-SYNTH""}"
2026-10-04T20:01:24.760882+00:00,counter,marketdata.update.applied,1,"{""market"":""BTC-SYNTH""}"
2026-10-04T20:01:24.760938+00:00,counter,marketdata.update.applied,1,"{""market"":""BTC-SYNTH""}"
2026-10-04T20:01:24.760998+00:00,counter,marketdata.update.applied,1,"{""market"":""BTC-SYNTH""}"
2026-10-04T20:01:24.761054+00:00,counter,marketdata.update.applied,1,"{""market"":""BTC-SYNTH""}"
2026-10-04T20:01:24.761114+00:00,counter,marketdata.update.applied,1,"{""market"":""BTC-SYNTH""}"
2026-10-04T20:01:24.761170+00:00,counter,marketdata.update.applied,1,"{""market"":""BTC-SYNTH""}"
2026-10-04T20:01:24.761230+00:00,counter,marketdata.update.applied,1,"{""market"":""BTC-SYNTH""}"
2026-10-04T20:01:24.761286+00:00,counter,marketdata.update.applied,1,"{""market"":""BTC-SYNTH""}"
2026-10-04T20:01:24.761347+00:00,counter,marketdata.update.applied,1,"{""market"":""BTC-SYNTH""}"
2026-10-04T20:01:24.761452+00:00,counter,marketdata.update.applied,1,"{""market"":""BTC-SYNTH""}"
2026-10-04T20:01:24.761535+00:00,counter,marketdata.update.applied,1,"{""market"":""BTC-SYNTH""}"
2026-10-04T20:01:24.761597+00:00,counter,marketdata.update.applied,1,"{""market"":""BTC-SYNTH""}"
2026-10-04T20:01:24.761656+00:00,counter,marketdata.update.applied,1,"{""market"":""BTC-SYNTH""}"
2026-10-04T20:01:24.761710+00:00,counter,marketdata.update.applied,1,"{""market"":""BTC-SYNTH""}"
2026-10-04T20:01:24.761766+00:00,counter,marketdata.update.applied,1,"{""market"":""BTC-SYNTH""}"
2026-10-04T20:01:24.761818+00:00,counter,marketdata.update.applied,1,"{""market"":""BTC-SYNTH""}"
2026-10-04T20:01:24.761876+00:00,counter,marketdata.update.applied,1,"{""market"":""BTC-SYNTH""}"
2026-10-04T20:01:24.761929+00:00,counter,marketdata.update.applied,1,"{""market"":""BTC-SYNTH""}"
2026-10-04T20:01:24.761985+00:00,counter,marketdata.update.applied,1,"{""market"":""BTC-SYNTH""}"
2026-10-04T20:01:24.762037+00:00,counter,marketdata.update.applied,1,"{""market"":""BTC-SYNTH""}"
2026-10-04T20:01:24.762094+00:00,counter,marketdata.update.applied,1,"{""market"":""BTC-SYNTH""}"
2026-10-04T20:01:24.762145+00:00,counter,marketdata.update.applied,1,"{""market"":""BTC-SYNTH""}"
2026-10-04T20:01:24.762205+00:00,counter,marketdata.update.applied,1,"{""market"":""BTC-SYNTH""}"
2026-10-04T20:01:24.762257+00:00,counter,marketdata.update.applied,1,"{""market"":""BTC-SYNTH""}"
2026-10-04T20:01:24.762315+00:00,counter,marketdata.update.applied,1,"{""market"":""BTC-SYNTH""}"
2026-10-04T20:01:24.762367+00:00,counter,marketdata.update.applied,1,"{""market"":""BTC-SYNTH""}"
2026-10-04T20:01:24.762510+00:00,counter,marketdata.update.applied,1,"{""market"":""BTC-SYNTH""}"
2026-10-04T20:01:24.762572+00:00,counter,marketdata.update.applied,1,"{""market"":""BTC-SYNTH""}"
2026-10-04T20:01:24.762624+00:00,counter,marketdata.update.applied,1,"{""market"":""BTC-SYNTH""}"
2026-10-04T20:01:24.762668+00:00,counter,marketdata.update.applied,1,"{""market"":""BTC-SYNTH""}"
2026-10-04T20:01:24.762715+00:00,counter,marketdata.update.applied,1,"{""market"":""BTC-SYNTH""}"
2026-10-04T20:01:24.762758+00:00,counter,marketdata.update.applied,1,"{""market"":""BTC-SYNTH""}"
2026-10-04T20:01:24.762805+00:00,counter,marketdata.update.applied,1,"{""market"":""BTC-SYNTH""}"
2026-10-04T20:01:24.762848+00:00,counter,marketdata.update.applied,1,"{""market"":""BTC-SYNTH""}"
2026-10-04T20:01:24.762895+00:00,counter,marketdata.update.applied,1,"{""market"":""BTC-SYNTH""}"
2026-10-04T20:01:24.762938+00:00,counter,marketdata.update.applied,1,"{""market"":""BTC-SYNTH""}"
2026-10-04T20:01:24.762985+00:00,counter,marketdata.update.applied,1,"{""market"":""BTC-SYNTH""}"
2026-10-04T20:01:24.763025+00:00,counter,marketdata.update.applied,1,"{""market"":""BTC-SYNTH""}"
2026-10-04T20:01:24.763079+00:00,counter,marketdata.update.applied,1,"{""market"":""BTC-SYNTH""}"
2026-10-04T20:01:24.763119+00:00,counter,marketdata.update.applied,1,"{""market"":""BTC-SYNTH""}"
2026-10-04T20:01:24.763162+00:00,counter,marketdata.update.applied,1,"{""market"":""BTC-SYNTH""}"
2026-10-04T20:01:24.763201+00:00,counter,marketdata.update.applied,1,"{""market"":""BTC-SYNTH""}"
2026-10-04T20:01:24.763243+00:00,counter,marketdata.update.applied,1,"{""market"":""BTC-SYNTH""}"
2026-10-04T20:01:24.763282+00:00,counter,marketdata.update.applied,1,"{""market"":""BTC-SYNTH""}"
2026-10-04T20:01:24.848981+00:00,gauge,pricing.slices.attempted,3.0,"{""market"":""BTC-SYNTH"",""producer"":""svi-scipy""}"
2026-10-04T20:01:24.849013+00:00,gauge,pricing.slices.accepted,3.0,"{""market"":""BTC-SYNTH"",""producer"":""svi-scipy""}"
2026-10-04T20:01:24.849082+00:00,gauge,pricing.rmse_vol_bp,40.25824137300858,"{""market"":""BTC-SYNTH"",""producer"":""svi-scipy""}"
2026-10-04T20:01:24.849091+00:00,timing,pricing.cycle_ms,85.35,"{""market"":""BTC-SYNTH"",""producer"":""svi-scipy""}"
2026-10-04T20:01:24.849280+00:00,counter,bus.published,1,"{""topic"":""surface.BTC-SYNTH.svi-scipy""}"
2026-10-04T20:01:24.849311+00:00,counter,runner.handled,1,"{""subscriber"":""svi-scipy@BTC-SYNTH""}"
2026-10-04T20:01:24.849418+00:00,counter,risk.surface.received,1,"{""market"":""BTC-SYNTH"",""producer"":""svi-scipy"",""status"":""OK""}"
2026-10-04T20:01:24.849433+00:00,timing,risk.surface.snapshot_to_surface_ms,1175.502,"{""market"":""BTC-SYNTH"",""producer"":""svi-scipy""}"
2026-10-04T20:01:24.849440+00:00,timing,risk.surface.delivery_lag_ms,0.46799999999999997,"{""market"":""BTC-SYNTH"",""producer"":""svi-scipy""}"
2026-10-04T20:01:24.849453+00:00,gauge,risk.surface_age_seconds,1.175979,"{""market"":""BTC-SYNTH"",""producer"":""svi-scipy""}"
2026-10-04T20:01:24.849459+00:00,counter,risk.report.freshness,1,"{""decision"":""NORMAL"",""market"":""BTC-SYNTH"",""producer"":""svi-scipy""}"
2026-10-04T20:01:24.849494+00:00,gauge,risk.surface_age_seconds,2.175042,"{""market"":""BTC-SYNTH"",""producer"":""svi-jax""}"
2026-10-04T20:01:24.849503+00:00,counter,risk.report.freshness,1,"{""decision"":""NORMAL"",""market"":""BTC-SYNTH"",""producer"":""svi-jax""}"
2026-10-04T20:01:24.849651+00:00,gauge,risk.comparison.value_diff,112.33626502233528,"{""baseline"":""svi-scipy"",""challenger"":""svi-jax"",""market"":""BTC-SYNTH""}"
2026-10-04T20:01:24.849660+00:00,gauge,risk.comparison.distance_rms_vol_bp,83.11528846325032,"{""baseline"":""svi-scipy"",""challenger"":""svi-jax"",""market"":""BTC-SYNTH""}"
2026-10-04T20:01:24.849667+00:00,gauge,risk.comparison.distance_max_vol_bp,435.81590053192065,"{""baseline"":""svi-scipy"",""challenger"":""svi-jax"",""market"":""BTC-SYNTH""}"
2026-10-04T20:01:24.849676+00:00,gauge,risk.surface_age_seconds,1.176205,"{""market"":""BTC-SYNTH"",""producer"":""svi-scipy""}"
2026-10-04T20:01:24.849719+00:00,counter,risk.report.freshness,1,"{""decision"":""NORMAL"",""market"":""BTC-SYNTH"",""producer"":""svi-scipy""}"
2026-10-04T20:01:24.849737+00:00,counter,runner.handled,1,"{""subscriber"":""risk-svi-scipy@BTC-SYNTH""}"
2026-10-04T20:01:25.525407+00:00,gauge,pricing.slices.attempted,3.0,"{""market"":""BTC-SYNTH"",""producer"":""svi-jax""}"
2026-10-04T20:01:25.525446+00:00,gauge,pricing.slices.accepted,3.0,"{""market"":""BTC-SYNTH"",""producer"":""svi-jax""}"
2026-10-04T20:01:25.525514+00:00,gauge,pricing.rmse_vol_bp,40.297383129476,"{""market"":""BTC-SYNTH"",""producer"":""svi-jax""}"
2026-10-04T20:01:25.525523+00:00,timing,pricing.cycle_ms,756.61,"{""market"":""BTC-SYNTH"",""producer"":""svi-jax""}"
2026-10-04T20:01:25.525693+00:00,counter,bus.published,1,"{""topic"":""surface.BTC-SYNTH.svi-jax""}"
2026-10-04T20:01:25.525723+00:00,counter,runner.handled,1,"{""subscriber"":""svi-jax@BTC-SYNTH""}"
2026-10-04T20:01:25.525794+00:00,counter,risk.surface.received,1,"{""market"":""BTC-SYNTH"",""producer"":""svi-jax"",""status"":""OK""}"
2026-10-04T20:01:25.525806+00:00,timing,risk.surface.snapshot_to_surface_ms,1851.922,"{""market"":""BTC-SYNTH"",""producer"":""svi-jax""}"
2026-10-04T20:01:25.525812+00:00,timing,risk.surface.delivery_lag_ms,0.42000000000000004,"{""market"":""BTC-SYNTH"",""producer"":""svi-jax""}"
2026-10-04T20:01:25.525823+00:00,gauge,risk.surface_age_seconds,1.852351,"{""market"":""BTC-SYNTH"",""producer"":""svi-scipy""}"
2026-10-04T20:01:25.525828+00:00,counter,risk.report.freshness,1,"{""decision"":""NORMAL"",""market"":""BTC-SYNTH"",""producer"":""svi-scipy""}"
2026-10-04T20:01:25.525858+00:00,gauge,risk.surface_age_seconds,1.852387,"{""market"":""BTC-SYNTH"",""producer"":""svi-jax""}"
2026-10-04T20:01:25.525863+00:00,counter,risk.report.freshness,1,"{""decision"":""NORMAL"",""market"":""BTC-SYNTH"",""producer"":""svi-jax""}"
2026-10-04T20:01:25.525956+00:00,gauge,risk.comparison.value_diff,-0.1857213685507304,"{""baseline"":""svi-scipy"",""challenger"":""svi-jax"",""market"":""BTC-SYNTH""}"
2026-10-04T20:01:25.525963+00:00,gauge,risk.comparison.distance_rms_vol_bp,8.650410101841102,"{""baseline"":""svi-scipy"",""challenger"":""svi-jax"",""market"":""BTC-SYNTH""}"
2026-10-04T20:01:25.525967+00:00,gauge,risk.comparison.distance_max_vol_bp,43.97867041065817,"{""baseline"":""svi-scipy"",""challenger"":""svi-jax"",""market"":""BTC-SYNTH""}"
2026-10-04T20:01:25.525974+00:00,gauge,risk.surface_age_seconds,1.852503,"{""market"":""BTC-SYNTH"",""producer"":""svi-jax""}"
2026-10-04T20:01:25.525978+00:00,counter,risk.report.freshness,1,"{""decision"":""NORMAL"",""market"":""BTC-SYNTH"",""producer"":""svi-jax""}"
2026-10-04T20:01:25.525991+00:00,counter,runner.handled,1,"{""subscriber"":""risk-svi-jax@BTC-SYNTH""}"
2026-10-04T20:01:25.761422+00:00,counter,marketdata.snapshot.published,1,"{""market"":""BTC-SYNTH""}"
2026-10-04T20:01:25.761523+00:00,gauge,marketdata.clock_skew_seconds,-1.085451,"{""market"":""BTC-SYNTH""}"
2026-10-04T20:01:25.761565+00:00,gauge,marketdata.coverage_ratio,0.9848484848484849,"{""market"":""BTC-SYNTH""}"
2026-10-04T20:01:25.761598+00:00,gauge,marketdata.max_age_seconds,1.184215,"{""market"":""BTC-SYNTH""}"
2026-10-04T20:01:25.761634+00:00,counter,pipeline.heartbeat.emitted,1,"{""market"":""BTC-SYNTH""}"
2026-10-04T20:01:25.761675+00:00,counter,bus.published,1,"{""topic"":""snapshot.BTC-SYNTH""}"
2026-10-04T20:01:25.770315+00:00,counter,marketdata.update.applied,1,"{""market"":""BTC-SYNTH""}"
2026-10-04T20:01:25.770376+00:00,counter,marketdata.update.applied,1,"{""market"":""BTC-SYNTH""}"
2026-10-04T20:01:25.770419+00:00,counter,marketdata.update.applied,1,"{""market"":""BTC-SYNTH""}"
2026-10-04T20:01:25.770453+00:00,counter,marketdata.update.applied,1,"{""market"":""BTC-SYNTH""}"
2026-10-04T20:01:25.770505+00:00,counter,marketdata.update.applied,1,"{""market"":""BTC-SYNTH""}"
2026-10-04T20:01:25.770537+00:00,counter,marketdata.update.applied,1,"{""market"":""BTC-SYNTH""}"
2026-10-04T20:01:25.770571+00:00,counter,marketdata.update.applied,1,"{""market"":""BTC-SYNTH""}"
2026-10-04T20:01:25.770601+00:00,counter,marketdata.update.applied,1,"{""market"":""BTC-SYNTH""}"
2026-10-04T20:01:25.770632+00:00,counter,marketdata.update.applied,1,"{""market"":""BTC-SYNTH""}"
2026-10-04T20:01:25.770660+00:00,counter,marketdata.update.applied,1,"{""market"":""BTC-SYNTH""}"
2026-10-04T20:01:25.770693+00:00,counter,marketdata.update.applied,1,"{""market"":""BTC-SYNTH""}"
2026-10-04T20:01:25.770722+00:00,counter,marketdata.update.applied,1,"{""market"":""BTC-SYNTH""}"
2026-10-04T20:01:25.770752+00:00,counter,marketdata.update.applied,1,"{""market"":""BTC-SYNTH""}"
2026-10-04T20:01:25.770776+00:00,counter,marketdata.update.applied,1,"{""market"":""BTC-SYNTH""}"
2026-10-04T20:01:25.770802+00:00,counter,marketdata.update.applied,1,"{""market"":""BTC-SYNTH""}"
2026-10-04T20:01:25.770825+00:00,counter,marketdata.update.applied,1,"{""market"":""BTC-SYNTH""}"
2026-10-04T20:01:25.770850+00:00,counter,marketdata.update.applied,1,"{""market"":""BTC-SYNTH""}"
2026-10-04T20:01:25.770899+00:00,counter,marketdata.update.applied,1,"{""market"":""BTC-SYNTH""}"
2026-10-04T20:01:25.770933+00:00,counter,marketdata.update.applied,1,"{""market"":""BTC-SYNTH""}"
2026-10-04T20:01:25.770959+00:00,counter,marketdata.update.applied,1,"{""market"":""BTC-SYNTH""}"
2026-10-04T20:01:25.770985+00:00,counter,marketdata.update.applied,1,"{""market"":""BTC-SYNTH""}"
2026-10-04T20:01:25.771009+00:00,counter,marketdata.update.applied,1,"{""market"":""BTC-SYNTH""}"
2026-10-04T20:01:25.771037+00:00,counter,marketdata.update.applied,1,"{""market"":""BTC-SYNTH""}"
2026-10-04T20:01:25.771062+00:00,counter,marketdata.update.applied,1,"{""market"":""BTC-SYNTH""}"
2026-10-04T20:01:25.771087+00:00,counter,marketdata.update.applied,1,"{""market"":""BTC-SYNTH""}"
2026-10-04T20:01:25.771110+00:00,counter,marketdata.update.applied,1,"{""market"":""BTC-SYNTH""}"
2026-10-04T20:01:25.771136+00:00,counter,marketdata.update.applied,1,"{""market"":""BTC-SYNTH""}"
2026-10-04T20:01:25.771159+00:00,counter,marketdata.update.applied,1,"{""market"":""BTC-SYNTH""}"
2026-10-04T20:01:25.771181+00:00,counter,marketdata.update.applied,1,"{""market"":""BTC-SYNTH""}"
2026-10-04T20:01:25.771202+00:00,counter,marketdata.update.applied,1,"{""market"":""BTC-SYNTH""}"
2026-10-04T20:01:25.771226+00:00,counter,marketdata.update.applied,1,"{""market"":""BTC-SYNTH""}"
2026-10-04T20:01:25.771247+00:00,counter,marketdata.update.applied,1,"{""market"":""BTC-SYNTH""}"
2026-10-04T20:01:25.771270+00:00,counter,marketdata.update.applied,1,"{""market"":""BTC-SYNTH""}"
2026-10-04T20:01:25.771290+00:00,counter,marketdata.update.applied,1,"{""market"":""BTC-SYNTH""}"
2026-10-04T20:01:25.771313+00:00,counter,marketdata.update.applied,1,"{""market"":""BTC-SYNTH""}"
2026-10-04T20:01:25.771334+00:00,counter,marketdata.update.applied,1,"{""market"":""BTC-SYNTH""}"
2026-10-04T20:01:25.771357+00:00,counter,marketdata.update.applied,1,"{""market"":""BTC-SYNTH""}"
2026-10-04T20:01:25.771378+00:00,counter,marketdata.update.applied,1,"{""market"":""BTC-SYNTH""}"
2026-10-04T20:01:25.771401+00:00,counter,marketdata.update.applied,1,"{""market"":""BTC-SYNTH""}"
2026-10-04T20:01:25.771422+00:00,counter,marketdata.update.applied,1,"{""market"":""BTC-SYNTH""}"
2026-10-04T20:01:25.771444+00:00,counter,marketdata.update.applied,1,"{""market"":""BTC-SYNTH""}"
2026-10-04T20:01:25.771465+00:00,counter,marketdata.update.applied,1,"{""market"":""BTC-SYNTH""}"
2026-10-04T20:01:25.771488+00:00,counter,marketdata.update.applied,1,"{""market"":""BTC-SYNTH""}"
2026-10-04T20:01:25.771509+00:00,counter,marketdata.update.applied,1,"{""market"":""BTC-SYNTH""}"
2026-10-04T20:01:25.771533+00:00,counter,marketdata.update.applied,1,"{""market"":""BTC-SYNTH""}"
2026-10-04T20:01:25.771554+00:00,counter,marketdata.update.applied,1,"{""market"":""BTC-SYNTH""}"
2026-10-04T20:01:25.771577+00:00,counter,marketdata.update.applied,1,"{""market"":""BTC-SYNTH""}"
2026-10-04T20:01:25.771598+00:00,counter,marketdata.update.applied,1,"{""market"":""BTC-SYNTH""}"
2026-10-04T20:01:25.771621+00:00,counter,marketdata.update.applied,1,"{""market"":""BTC-SYNTH""}"
2026-10-04T20:01:25.774390+00:00,counter,marketdata.update.applied,1,"{""market"":""BTC-SYNTH""}"
2026-10-04T20:01:25.774430+00:00,counter,marketdata.update.applied,1,"{""market"":""BTC-SYNTH""}"
2026-10-04T20:01:25.774456+00:00,counter,marketdata.update.applied,1,"{""market"":""BTC-SYNTH""}"
2026-10-04T20:01:25.774479+00:00,counter,marketdata.update.applied,1,"{""market"":""BTC-SYNTH""}"
2026-10-04T20:01:25.774499+00:00,counter,marketdata.update.applied,1,"{""market"":""BTC-SYNTH""}"
2026-10-04T20:01:25.774521+00:00,counter,marketdata.update.applied,1,"{""market"":""BTC-SYNTH""}"
2026-10-04T20:01:25.774541+00:00,counter,marketdata.update.applied,1,"{""market"":""BTC-SYNTH""}"
2026-10-04T20:01:25.774562+00:00,counter,marketdata.update.applied,1,"{""market"":""BTC-SYNTH""}"
2026-10-04T20:01:25.774581+00:00,counter,marketdata.update.applied,1,"{""market"":""BTC-SYNTH""}"
2026-10-04T20:01:25.774602+00:00,counter,marketdata.update.applied,1,"{""market"":""BTC-SYNTH""}"
2026-10-04T20:01:25.774622+00:00,counter,marketdata.update.applied,1,"{""market"":""BTC-SYNTH""}"
2026-10-04T20:01:25.774642+00:00,counter,marketdata.update.applied,1,"{""market"":""BTC-SYNTH""}"
2026-10-04T20:01:25.774661+00:00,counter,marketdata.update.applied,1,"{""market"":""BTC-SYNTH""}"
2026-10-04T20:01:25.774682+00:00,counter,marketdata.update.applied,1,"{""market"":""BTC-SYNTH""}"
2026-10-04T20:01:25.774701+00:00,counter,marketdata.update.applied,1,"{""market"":""BTC-SYNTH""}"
2026-10-04T20:01:25.774722+00:00,counter,marketdata.update.applied,1,"{""market"":""BTC-SYNTH""}"
2026-10-04T20:01:25.774740+00:00,counter,marketdata.update.applied,1,"{""market"":""BTC-SYNTH""}"
2026-10-04T20:01:26.109966+00:00,gauge,pricing.slices.attempted,3.0,"{""market"":""BTC-SYNTH"",""producer"":""svi-scipy""}"
2026-10-04T20:01:26.109998+00:00,gauge,pricing.slices.accepted,3.0,"{""market"":""BTC-SYNTH"",""producer"":""svi-scipy""}"
2026-10-04T20:01:26.110071+00:00,gauge,pricing.rmse_vol_bp,46.5966799543209,"{""market"":""BTC-SYNTH"",""producer"":""svi-scipy""}"
2026-10-04T20:01:26.110081+00:00,timing,pricing.cycle_ms,345.06,"{""market"":""BTC-SYNTH"",""producer"":""svi-scipy""}"
2026-10-04T20:01:26.110233+00:00,counter,bus.published,1,"{""topic"":""surface.BTC-SYNTH.svi-scipy""}"
2026-10-04T20:01:26.110268+00:00,counter,runner.handled,1,"{""subscriber"":""svi-scipy@BTC-SYNTH""}"
2026-10-04T20:01:26.110360+00:00,counter,risk.surface.received,1,"{""market"":""BTC-SYNTH"",""producer"":""svi-scipy"",""status"":""OK""}"
2026-10-04T20:01:26.110374+00:00,timing,risk.surface.snapshot_to_surface_ms,1435.872,"{""market"":""BTC-SYNTH"",""producer"":""svi-scipy""}"
2026-10-04T20:01:26.110382+00:00,timing,risk.surface.delivery_lag_ms,0.424,"{""market"":""BTC-SYNTH"",""producer"":""svi-scipy""}"
2026-10-04T20:01:26.110395+00:00,gauge,risk.surface_age_seconds,1.436307,"{""market"":""BTC-SYNTH"",""producer"":""svi-scipy""}"
2026-10-04T20:01:26.110402+00:00,counter,risk.report.freshness,1,"{""decision"":""NORMAL"",""market"":""BTC-SYNTH"",""producer"":""svi-scipy""}"
2026-10-04T20:01:26.110440+00:00,gauge,risk.surface_age_seconds,2.436969,"{""market"":""BTC-SYNTH"",""producer"":""svi-jax""}"
2026-10-04T20:01:26.110448+00:00,counter,risk.report.freshness,1,"{""decision"":""NORMAL"",""market"":""BTC-SYNTH"",""producer"":""svi-jax""}"
2026-10-04T20:01:26.110597+00:00,gauge,risk.comparison.value_diff,47.146775714074465,"{""baseline"":""svi-scipy"",""challenger"":""svi-jax"",""market"":""BTC-SYNTH""}"
2026-10-04T20:01:26.110607+00:00,gauge,risk.comparison.distance_rms_vol_bp,99.34508082411949,"{""baseline"":""svi-scipy"",""challenger"":""svi-jax"",""market"":""BTC-SYNTH""}"
2026-10-04T20:01:26.110614+00:00,gauge,risk.comparison.distance_max_vol_bp,600.9191897620502,"{""baseline"":""svi-scipy"",""challenger"":""svi-jax"",""market"":""BTC-SYNTH""}"
2026-10-04T20:01:26.110623+00:00,gauge,risk.surface_age_seconds,1.436537,"{""market"":""BTC-SYNTH"",""producer"":""svi-scipy""}"
2026-10-04T20:01:26.110629+00:00,counter,risk.report.freshness,1,"{""decision"":""NORMAL"",""market"":""BTC-SYNTH"",""producer"":""svi-scipy""}"
2026-10-04T20:01:26.110649+00:00,counter,runner.handled,1,"{""subscriber"":""risk-svi-scipy@BTC-SYNTH""}"
2026-10-04T20:01:26.473564+00:00,gauge,pricing.slices.attempted,3.0,"{""market"":""BTC-SYNTH"",""producer"":""svi-jax""}"
2026-10-04T20:01:26.473596+00:00,gauge,pricing.slices.accepted,3.0,"{""market"":""BTC-SYNTH"",""producer"":""svi-jax""}"
2026-10-04T20:01:26.473665+00:00,gauge,pricing.rmse_vol_bp,46.667252107201605,"{""market"":""BTC-SYNTH"",""producer"":""svi-jax""}"
2026-10-04T20:01:26.473674+00:00,timing,pricing.cycle_ms,711.315,"{""market"":""BTC-SYNTH"",""producer"":""svi-jax""}"
2026-10-04T20:01:26.473836+00:00,counter,bus.published,1,"{""topic"":""surface.BTC-SYNTH.svi-jax""}"
2026-10-04T20:01:26.473866+00:00,counter,runner.handled,1,"{""subscriber"":""svi-jax@BTC-SYNTH""}"
2026-10-04T20:01:26.473952+00:00,counter,risk.surface.received,1,"{""market"":""BTC-SYNTH"",""producer"":""svi-jax"",""status"":""OK""}"
2026-10-04T20:01:26.473965+00:00,timing,risk.surface.snapshot_to_surface_ms,1799.469,"{""market"":""BTC-SYNTH"",""producer"":""svi-jax""}"
2026-10-04T20:01:26.473973+00:00,timing,risk.surface.delivery_lag_ms,0.41800000000000004,"{""market"":""BTC-SYNTH"",""producer"":""svi-jax""}"
2026-10-04T20:01:26.473984+00:00,gauge,risk.surface_age_seconds,1.799896,"{""market"":""BTC-SYNTH"",""producer"":""svi-scipy""}"
2026-10-04T20:01:26.473990+00:00,counter,risk.report.freshness,1,"{""decision"":""NORMAL"",""market"":""BTC-SYNTH"",""producer"":""svi-scipy""}"
2026-10-04T20:01:26.474022+00:00,gauge,risk.surface_age_seconds,1.799936,"{""market"":""BTC-SYNTH"",""producer"":""svi-jax""}"
2026-10-04T20:01:26.474027+00:00,counter,risk.report.freshness,1,"{""decision"":""NORMAL"",""market"":""BTC-SYNTH"",""producer"":""svi-jax""}"
2026-10-04T20:01:26.474131+00:00,gauge,risk.comparison.value_diff,0.8431533276052505,"{""baseline"":""svi-scipy"",""challenger"":""svi-jax"",""market"":""BTC-SYNTH""}"
2026-10-04T20:01:26.474138+00:00,gauge,risk.comparison.distance_rms_vol_bp,17.290048045640855,"{""baseline"":""svi-scipy"",""challenger"":""svi-jax"",""market"":""BTC-SYNTH""}"
2026-10-04T20:01:26.474143+00:00,gauge,risk.comparison.distance_max_vol_bp,69.83538560494607,"{""baseline"":""svi-scipy"",""challenger"":""svi-jax"",""market"":""BTC-SYNTH""}"
2026-10-04T20:01:26.474150+00:00,gauge,risk.surface_age_seconds,1.800065,"{""market"":""BTC-SYNTH"",""producer"":""svi-jax""}"
2026-10-04T20:01:26.474155+00:00,counter,risk.report.freshness,1,"{""decision"":""NORMAL"",""market"":""BTC-SYNTH"",""producer"":""svi-jax""}"
2026-10-04T20:01:26.474169+00:00,counter,runner.handled,1,"{""subscriber"":""risk-svi-jax@BTC-SYNTH""}"
2026-10-04T20:01:26.764601+00:00,counter,marketdata.snapshot.published,1,"{""market"":""BTC-SYNTH""}"
2026-10-04T20:01:26.764642+00:00,gauge,marketdata.clock_skew_seconds,-1.09065,"{""market"":""BTC-SYNTH""}"
2026-10-04T20:01:26.764652+00:00,gauge,marketdata.coverage_ratio,0.9848484848484849,"{""market"":""BTC-SYNTH""}"
2026-10-04T20:01:26.764660+00:00,gauge,marketdata.max_age_seconds,1.188073,"{""market"":""BTC-SYNTH""}"
2026-10-04T20:01:26.764669+00:00,counter,pipeline.heartbeat.emitted,1,"{""market"":""BTC-SYNTH""}"
2026-10-04T20:01:26.764681+00:00,counter,bus.published,1,"{""topic"":""snapshot.BTC-SYNTH""}"
2026-10-04T20:01:26.776258+00:00,counter,marketdata.update.applied,1,"{""market"":""BTC-SYNTH""}"
2026-10-04T20:01:26.776299+00:00,counter,marketdata.update.applied,1,"{""market"":""BTC-SYNTH""}"
2026-10-04T20:01:26.776328+00:00,counter,marketdata.update.applied,1,"{""market"":""BTC-SYNTH""}"
2026-10-04T20:01:26.776350+00:00,counter,marketdata.update.applied,1,"{""market"":""BTC-SYNTH""}"
2026-10-04T20:01:26.776374+00:00,counter,marketdata.update.applied,1,"{""market"":""BTC-SYNTH""}"
2026-10-04T20:01:26.776394+00:00,counter,marketdata.update.applied,1,"{""market"":""BTC-SYNTH""}"
2026-10-04T20:01:26.776431+00:00,counter,marketdata.update.applied,1,"{""market"":""BTC-SYNTH""}"
2026-10-04T20:01:26.776472+00:00,counter,marketdata.update.applied,1,"{""market"":""BTC-SYNTH""}"
2026-10-04T20:01:26.776496+00:00,counter,marketdata.update.applied,1,"{""market"":""BTC-SYNTH""}"
2026-10-04T20:01:26.777327+00:00,counter,marketdata.update.applied,1,"{""market"":""BTC-SYNTH""}"
2026-10-04T20:01:26.777373+00:00,counter,marketdata.update.applied,1,"{""market"":""BTC-SYNTH""}"
2026-10-04T20:01:26.777398+00:00,counter,marketdata.update.applied,1,"{""market"":""BTC-SYNTH""}"
2026-10-04T20:01:26.777422+00:00,counter,marketdata.update.applied,1,"{""market"":""BTC-SYNTH""}"
2026-10-04T20:01:26.777443+00:00,counter,marketdata.update.applied,1,"{""market"":""BTC-SYNTH""}"
2026-10-04T20:01:26.777490+00:00,counter,marketdata.update.applied,1,"{""market"":""BTC-SYNTH""}"
2026-10-04T20:01:26.777515+00:00,counter,marketdata.update.applied,1,"{""market"":""BTC-SYNTH""}"
2026-10-04T20:01:26.777530+00:00,counter,marketdata.update.applied,1,"{""market"":""BTC-SYNTH""}"
2026-10-04T20:01:26.777540+00:00,counter,marketdata.update.applied,1,"{""market"":""BTC-SYNTH""}"
2026-10-04T20:01:26.777552+00:00,counter,marketdata.update.applied,1,"{""market"":""BTC-SYNTH""}"
2026-10-04T20:01:26.777561+00:00,counter,marketdata.update.applied,1,"{""market"":""BTC-SYNTH""}"
2026-10-04T20:01:26.777570+00:00,counter,marketdata.update.applied,1,"{""market"":""BTC-SYNTH""}"
2026-10-04T20:01:26.777578+00:00,counter,marketdata.update.applied,1,"{""market"":""BTC-SYNTH""}"
2026-10-04T20:01:26.777589+00:00,counter,marketdata.update.applied,1,"{""market"":""BTC-SYNTH""}"
2026-10-04T20:01:26.777598+00:00,counter,marketdata.update.applied,1,"{""market"":""BTC-SYNTH""}"
2026-10-04T20:01:26.777607+00:00,counter,marketdata.update.applied,1,"{""market"":""BTC-SYNTH""}"
2026-10-04T20:01:26.777616+00:00,counter,marketdata.update.applied,1,"{""market"":""BTC-SYNTH""}"
2026-10-04T20:01:26.777625+00:00,counter,marketdata.update.applied,1,"{""market"":""BTC-SYNTH""}"
2026-10-04T20:01:26.777634+00:00,counter,marketdata.update.applied,1,"{""market"":""BTC-SYNTH""}"
2026-10-04T20:01:26.777642+00:00,counter,marketdata.update.applied,1,"{""market"":""BTC-SYNTH""}"
2026-10-04T20:01:26.777650+00:00,counter,marketdata.update.applied,1,"{""market"":""BTC-SYNTH""}"
2026-10-04T20:01:26.777659+00:00,counter,marketdata.update.applied,1,"{""market"":""BTC-SYNTH""}"
2026-10-04T20:01:26.777667+00:00,counter,marketdata.update.applied,1,"{""market"":""BTC-SYNTH""}"
2026-10-04T20:01:26.777677+00:00,counter,marketdata.update.applied,1,"{""market"":""BTC-SYNTH""}"
2026-10-04T20:01:26.777685+00:00,counter,marketdata.update.applied,1,"{""market"":""BTC-SYNTH""}"
2026-10-04T20:01:26.777695+00:00,counter,marketdata.update.applied,1,"{""market"":""BTC-SYNTH""}"
2026-10-04T20:01:26.777703+00:00,counter,marketdata.update.applied,1,"{""market"":""BTC-SYNTH""}"
2026-10-04T20:01:26.777711+00:00,counter,marketdata.update.applied,1,"{""market"":""BTC-SYNTH""}"
2026-10-04T20:01:26.777719+00:00,counter,marketdata.update.applied,1,"{""market"":""BTC-SYNTH""}"
2026-10-04T20:01:26.777728+00:00,counter,marketdata.update.applied,1,"{""market"":""BTC-SYNTH""}"
2026-10-04T20:01:26.777736+00:00,counter,marketdata.update.applied,1,"{""market"":""BTC-SYNTH""}"
2026-10-04T20:01:26.777744+00:00,counter,marketdata.update.applied,1,"{""market"":""BTC-SYNTH""}"
2026-10-04T20:01:26.777752+00:00,counter,marketdata.update.applied,1,"{""market"":""BTC-SYNTH""}"
2026-10-04T20:01:26.777762+00:00,counter,marketdata.update.applied,1,"{""market"":""BTC-SYNTH""}"
2026-10-04T20:01:26.777769+00:00,counter,marketdata.update.applied,1,"{""market"":""BTC-SYNTH""}"
2026-10-04T20:01:26.777779+00:00,counter,marketdata.update.applied,1,"{""market"":""BTC-SYNTH""}"
2026-10-04T20:01:26.777787+00:00,counter,marketdata.update.applied,1,"{""market"":""BTC-SYNTH""}"
2026-10-04T20:01:26.777796+00:00,counter,marketdata.update.applied,1,"{""market"":""BTC-SYNTH""}"
2026-10-04T20:01:26.777804+00:00,counter,marketdata.update.applied,1,"{""market"":""BTC-SYNTH""}"
2026-10-04T20:01:26.777812+00:00,counter,marketdata.update.applied,1,"{""market"":""BTC-SYNTH""}"
2026-10-04T20:01:26.777820+00:00,counter,marketdata.update.applied,1,"{""market"":""BTC-SYNTH""}"
2026-10-04T20:01:26.777829+00:00,counter,marketdata.update.applied,1,"{""market"":""BTC-SYNTH""}"
2026-10-04T20:01:26.777837+00:00,counter,marketdata.update.applied,1,"{""market"":""BTC-SYNTH""}"
2026-10-04T20:01:26.777845+00:00,counter,marketdata.update.applied,1,"{""market"":""BTC-SYNTH""}"
2026-10-04T20:01:26.777853+00:00,counter,marketdata.update.applied,1,"{""market"":""BTC-SYNTH""}"
2026-10-04T20:01:26.777862+00:00,counter,marketdata.update.applied,1,"{""market"":""BTC-SYNTH""}"
2026-10-04T20:01:26.777871+00:00,counter,marketdata.update.applied,1,"{""market"":""BTC-SYNTH""}"
2026-10-04T20:01:26.777879+00:00,counter,marketdata.update.applied,1,"{""market"":""BTC-SYNTH""}"
2026-10-04T20:01:26.777888+00:00,counter,marketdata.update.applied,1,"{""market"":""BTC-SYNTH""}"
2026-10-04T20:01:26.777897+00:00,counter,marketdata.update.applied,1,"{""market"":""BTC-SYNTH""}"
2026-10-04T20:01:26.777905+00:00,counter,marketdata.update.applied,1,"{""market"":""BTC-SYNTH""}"
2026-10-04T20:01:26.777914+00:00,counter,marketdata.update.applied,1,"{""market"":""BTC-SYNTH""}"
2026-10-04T20:01:26.777923+00:00,counter,marketdata.update.applied,1,"{""market"":""BTC-SYNTH""}"
2026-10-04T20:01:26.777932+00:00,counter,marketdata.update.applied,1,"{""market"":""BTC-SYNTH""}"
2026-10-04T20:01:26.777940+00:00,counter,marketdata.update.applied,1,"{""market"":""BTC-SYNTH""}"
2026-10-04T20:01:26.777948+00:00,counter,marketdata.update.applied,1,"{""market"":""BTC-SYNTH""}"
2026-10-04T20:01:26.777957+00:00,counter,marketdata.update.applied,1,"{""market"":""BTC-SYNTH""}"
2026-10-04T20:01:27.386089+00:00,gauge,pricing.slices.attempted,3.0,"{""market"":""BTC-SYNTH"",""producer"":""svi-jax""}"
2026-10-04T20:01:27.386120+00:00,gauge,pricing.slices.accepted,3.0,"{""market"":""BTC-SYNTH"",""producer"":""svi-jax""}"
2026-10-04T20:01:27.386192+00:00,gauge,pricing.rmse_vol_bp,43.72643578282349,"{""market"":""BTC-SYNTH"",""producer"":""svi-jax""}"
2026-10-04T20:01:27.386201+00:00,timing,pricing.cycle_ms,620.151,"{""market"":""BTC-SYNTH"",""producer"":""svi-jax""}"
2026-10-04T20:01:27.390258+00:00,counter,bus.published,1,"{""topic"":""surface.BTC-SYNTH.svi-jax""}"
2026-10-04T20:01:27.390291+00:00,counter,runner.handled,1,"{""subscriber"":""svi-jax@BTC-SYNTH""}"
2026-10-04T20:01:27.390379+00:00,counter,risk.surface.received,1,"{""market"":""BTC-SYNTH"",""producer"":""svi-jax"",""status"":""OK""}"
2026-10-04T20:01:27.390393+00:00,timing,risk.surface.snapshot_to_surface_ms,1712.7669999999998,"{""market"":""BTC-SYNTH"",""producer"":""svi-jax""}"
2026-10-04T20:01:27.390401+00:00,timing,risk.surface.delivery_lag_ms,4.3229999999999995,"{""market"":""BTC-SYNTH"",""producer"":""svi-jax""}"
2026-10-04T20:01:27.390413+00:00,gauge,risk.surface_age_seconds,2.716324,"{""market"":""BTC-SYNTH"",""producer"":""svi-scipy""}"
2026-10-04T20:01:27.390419+00:00,counter,risk.report.freshness,1,"{""decision"":""NORMAL"",""market"":""BTC-SYNTH"",""producer"":""svi-scipy""}"
2026-10-04T20:01:27.390452+00:00,gauge,risk.surface_age_seconds,1.71714,"{""market"":""BTC-SYNTH"",""producer"":""svi-jax""}"
2026-10-04T20:01:27.390458+00:00,counter,risk.report.freshness,1,"{""decision"":""NORMAL"",""market"":""BTC-SYNTH"",""producer"":""svi-jax""}"
2026-10-04T20:01:27.390586+00:00,gauge,risk.comparison.value_diff,6.478083349487861,"{""baseline"":""svi-scipy"",""challenger"":""svi-jax"",""market"":""BTC-SYNTH""}"
2026-10-04T20:01:27.390596+00:00,gauge,risk.comparison.distance_rms_vol_bp,86.49034730837501,"{""baseline"":""svi-scipy"",""challenger"":""svi-jax"",""market"":""BTC-SYNTH""}"
2026-10-04T20:01:27.390602+00:00,gauge,risk.comparison.distance_max_vol_bp,488.25929891793794,"{""baseline"":""svi-scipy"",""challenger"":""svi-jax"",""market"":""BTC-SYNTH""}"
2026-10-04T20:01:27.390610+00:00,gauge,risk.surface_age_seconds,1.717298,"{""market"":""BTC-SYNTH"",""producer"":""svi-jax""}"
2026-10-04T20:01:27.390615+00:00,counter,risk.report.freshness,1,"{""decision"":""NORMAL"",""market"":""BTC-SYNTH"",""producer"":""svi-jax""}"
2026-10-04T20:01:27.390631+00:00,counter,runner.handled,1,"{""subscriber"":""risk-svi-jax@BTC-SYNTH""}"
2026-10-04T20:01:27.478105+00:00,gauge,pricing.slices.attempted,3.0,"{""market"":""BTC-SYNTH"",""producer"":""svi-scipy""}"
2026-10-04T20:01:27.478162+00:00,gauge,pricing.slices.accepted,2.0,"{""market"":""BTC-SYNTH"",""producer"":""svi-scipy""}"
2026-10-04T20:01:27.478170+00:00,counter,pricing.slice.not_converged,1,"{""market"":""BTC-SYNTH"",""producer"":""svi-scipy""}"
2026-10-04T20:01:27.478238+00:00,gauge,pricing.rmse_vol_bp,31.3454870595021,"{""market"":""BTC-SYNTH"",""producer"":""svi-scipy""}"
2026-10-04T20:01:27.478249+00:00,timing,pricing.cycle_ms,713.182,"{""market"":""BTC-SYNTH"",""producer"":""svi-scipy""}"
2026-10-04T20:01:27.478504+00:00,counter,bus.published,1,"{""topic"":""surface.BTC-SYNTH.svi-scipy""}"
2026-10-04T20:01:27.478540+00:00,counter,runner.handled,1,"{""subscriber"":""svi-scipy@BTC-SYNTH""}"
2026-10-04T20:01:27.478639+00:00,counter,risk.surface.received,1,"{""market"":""BTC-SYNTH"",""producer"":""svi-scipy"",""status"":""DEGRADED""}"
2026-10-04T20:01:27.478673+00:00,timing,risk.surface.snapshot_to_surface_ms,1804.7869999999998,"{""market"":""BTC-SYNTH"",""producer"":""svi-scipy""}"
2026-10-04T20:01:27.478695+00:00,timing,risk.surface.delivery_lag_ms,0.594,"{""market"":""BTC-SYNTH"",""producer"":""svi-scipy""}"
2026-10-04T20:01:27.478716+00:00,gauge,risk.surface_age_seconds,1.8054,"{""market"":""BTC-SYNTH"",""producer"":""svi-scipy""}"
2026-10-04T20:01:27.478729+00:00,counter,risk.report.freshness,1,"{""decision"":""NORMAL"",""market"":""BTC-SYNTH"",""producer"":""svi-scipy""}"
2026-10-04T20:01:27.478778+00:00,gauge,risk.surface_age_seconds,1.805464,"{""market"":""BTC-SYNTH"",""producer"":""svi-jax""}"
2026-10-04T20:01:27.478790+00:00,counter,risk.report.freshness,1,"{""decision"":""NORMAL"",""market"":""BTC-SYNTH"",""producer"":""svi-jax""}"
2026-10-04T20:01:27.479046+00:00,gauge,risk.comparison.value_diff,3671.9640872835735,"{""baseline"":""svi-scipy"",""challenger"":""svi-jax"",""market"":""BTC-SYNTH""}"
2026-10-04T20:01:27.479070+00:00,gauge,risk.comparison.distance_rms_vol_bp,35.838150657428166,"{""baseline"":""svi-scipy"",""challenger"":""svi-jax"",""market"":""BTC-SYNTH""}"
2026-10-04T20:01:27.479078+00:00,gauge,risk.comparison.distance_max_vol_bp,154.62571248106792,"{""baseline"":""svi-scipy"",""challenger"":""svi-jax"",""market"":""BTC-SYNTH""}"
2026-10-04T20:01:27.479091+00:00,gauge,risk.surface_age_seconds,1.805776,"{""market"":""BTC-SYNTH"",""producer"":""svi-scipy""}"
2026-10-04T20:01:27.479098+00:00,counter,risk.report.freshness,1,"{""decision"":""NORMAL"",""market"":""BTC-SYNTH"",""producer"":""svi-scipy""}"
2026-10-04T20:01:27.479126+00:00,counter,runner.handled,1,"{""subscriber"":""risk-svi-scipy@BTC-SYNTH""}"
2026-10-04T20:01:27.769650+00:00,counter,marketdata.snapshot.published,1,"{""market"":""BTC-SYNTH""}"
2026-10-04T20:01:27.769767+00:00,gauge,marketdata.clock_skew_seconds,-1.09506,"{""market"":""BTC-SYNTH""}"
2026-10-04T20:01:27.769820+00:00,gauge,marketdata.coverage_ratio,0.9848484848484849,"{""market"":""BTC-SYNTH""}"
2026-10-04T20:01:27.769860+00:00,gauge,marketdata.max_age_seconds,1.191314,"{""market"":""BTC-SYNTH""}"
2026-10-04T20:01:27.769906+00:00,counter,pipeline.heartbeat.emitted,1,"{""market"":""BTC-SYNTH""}"
2026-10-04T20:01:27.769956+00:00,counter,bus.published,1,"{""topic"":""snapshot.BTC-SYNTH""}"
2026-10-04T20:01:27.783193+00:00,counter,marketdata.update.applied,1,"{""market"":""BTC-SYNTH""}"
2026-10-04T20:01:27.783264+00:00,counter,marketdata.update.applied,1,"{""market"":""BTC-SYNTH""}"
2026-10-04T20:01:27.783300+00:00,counter,marketdata.update.applied,1,"{""market"":""BTC-SYNTH""}"
2026-10-04T20:01:27.783329+00:00,counter,marketdata.update.applied,1,"{""market"":""BTC-SYNTH""}"
2026-10-04T20:01:27.783358+00:00,counter,marketdata.update.applied,1,"{""market"":""BTC-SYNTH""}"
2026-10-04T20:01:27.783384+00:00,counter,marketdata.update.applied,1,"{""market"":""BTC-SYNTH""}"
2026-10-04T20:01:27.783428+00:00,counter,marketdata.update.applied,1,"{""market"":""BTC-SYNTH""}"
2026-10-04T20:01:27.783455+00:00,counter,marketdata.update.applied,1,"{""market"":""BTC-SYNTH""}"
2026-10-04T20:01:27.783482+00:00,counter,marketdata.update.applied,1,"{""market"":""BTC-SYNTH""}"
2026-10-04T20:01:27.783506+00:00,counter,marketdata.update.applied,1,"{""market"":""BTC-SYNTH""}"
2026-10-04T20:01:27.783558+00:00,counter,marketdata.update.applied,1,"{""market"":""BTC-SYNTH""}"
2026-10-04T20:01:27.783584+00:00,counter,marketdata.update.applied,1,"{""market"":""BTC-SYNTH""}"
2026-10-04T20:01:27.783612+00:00,counter,marketdata.update.applied,1,"{""market"":""BTC-SYNTH""}"
2026-10-04T20:01:27.783638+00:00,counter,marketdata.update.applied,1,"{""market"":""BTC-SYNTH""}"
2026-10-04T20:01:27.783667+00:00,counter,marketdata.update.applied,1,"{""market"":""BTC-SYNTH""}"
2026-10-04T20:01:27.783693+00:00,counter,marketdata.update.applied,1,"{""market"":""BTC-SYNTH""}"
2026-10-04T20:01:27.783721+00:00,counter,marketdata.update.applied,1,"{""market"":""BTC-SYNTH""}"
2026-10-04T20:01:27.783747+00:00,counter,marketdata.update.applied,1,"{""market"":""BTC-SYNTH""}"
2026-10-04T20:01:27.783775+00:00,counter,marketdata.update.applied,1,"{""market"":""BTC-SYNTH""}"
2026-10-04T20:01:27.783801+00:00,counter,marketdata.update.applied,1,"{""market"":""BTC-SYNTH""}"
2026-10-04T20:01:27.783828+00:00,counter,marketdata.update.applied,1,"{""market"":""BTC-SYNTH""}"
2026-10-04T20:01:27.783853+00:00,counter,marketdata.update.applied,1,"{""market"":""BTC-SYNTH""}"
2026-10-04T20:01:27.783884+00:00,counter,marketdata.update.applied,1,"{""market"":""BTC-SYNTH""}"
2026-10-04T20:01:27.783913+00:00,counter,marketdata.update.applied,1,"{""market"":""BTC-SYNTH""}"
2026-10-04T20:01:27.783940+00:00,counter,marketdata.update.applied,1,"{""market"":""BTC-SYNTH""}"
2026-10-04T20:01:27.783966+00:00,counter,marketdata.update.applied,1,"{""market"":""BTC-SYNTH""}"
2026-10-04T20:01:27.784002+00:00,counter,marketdata.update.applied,1,"{""market"":""BTC-SYNTH""}"
2026-10-04T20:01:27.784028+00:00,counter,marketdata.update.applied,1,"{""market"":""BTC-SYNTH""}"
2026-10-04T20:01:27.784056+00:00,counter,marketdata.update.applied,1,"{""market"":""BTC-SYNTH""}"
2026-10-04T20:01:27.784081+00:00,counter,marketdata.update.applied,1,"{""market"":""BTC-SYNTH""}"
2026-10-04T20:01:27.784109+00:00,counter,marketdata.update.applied,1,"{""market"":""BTC-SYNTH""}"
2026-10-04T20:01:27.784134+00:00,counter,marketdata.update.applied,1,"{""market"":""BTC-SYNTH""}"
2026-10-04T20:01:27.784222+00:00,counter,marketdata.update.applied,1,"{""market"":""BTC-SYNTH""}"
2026-10-04T20:01:27.784256+00:00,counter,marketdata.update.applied,1,"{""market"":""BTC-SYNTH""}"
2026-10-04T20:01:27.784287+00:00,counter,marketdata.update.applied,1,"{""market"":""BTC-SYNTH""}"
2026-10-04T20:01:27.784314+00:00,counter,marketdata.update.applied,1,"{""market"":""BTC-SYNTH""}"
2026-10-04T20:01:27.784342+00:00,counter,marketdata.update.applied,1,"{""market"":""BTC-SYNTH""}"
2026-10-04T20:01:27.784368+00:00,counter,marketdata.update.applied,1,"{""market"":""BTC-SYNTH""}"
2026-10-04T20:01:27.784396+00:00,counter,marketdata.update.applied,1,"{""market"":""BTC-SYNTH""}"
2026-10-04T20:01:27.784422+00:00,counter,marketdata.update.applied,1,"{""market"":""BTC-SYNTH""}"
2026-10-04T20:01:27.784450+00:00,counter,marketdata.update.applied,1,"{""market"":""BTC-SYNTH""}"
2026-10-04T20:01:27.784476+00:00,counter,marketdata.update.applied,1,"{""market"":""BTC-SYNTH""}"
2026-10-04T20:01:27.784504+00:00,counter,marketdata.update.applied,1,"{""market"":""BTC-SYNTH""}"
2026-10-04T20:01:27.784529+00:00,counter,marketdata.update.applied,1,"{""market"":""BTC-SYNTH""}"
2026-10-04T20:01:27.784559+00:00,counter,marketdata.update.applied,1,"{""market"":""BTC-SYNTH""}"
2026-10-04T20:01:27.784585+00:00,counter,marketdata.update.applied,1,"{""market"":""BTC-SYNTH""}"
2026-10-04T20:01:27.784615+00:00,counter,marketdata.update.applied,1,"{""market"":""BTC-SYNTH""}"
2026-10-04T20:01:27.784641+00:00,counter,marketdata.update.applied,1,"{""market"":""BTC-SYNTH""}"
2026-10-04T20:01:27.784671+00:00,counter,marketdata.update.applied,1,"{""market"":""BTC-SYNTH""}"
2026-10-04T20:01:27.784698+00:00,counter,marketdata.update.applied,1,"{""market"":""BTC-SYNTH""}"
2026-10-04T20:01:27.784728+00:00,counter,marketdata.update.applied,1,"{""market"":""BTC-SYNTH""}"
2026-10-04T20:01:27.784856+00:00,counter,marketdata.update.applied,1,"{""market"":""BTC-SYNTH""}"
2026-10-04T20:01:27.784896+00:00,counter,marketdata.update.applied,1,"{""market"":""BTC-SYNTH""}"
2026-10-04T20:01:27.784926+00:00,counter,marketdata.update.applied,1,"{""market"":""BTC-SYNTH""}"
2026-10-04T20:01:27.784958+00:00,counter,marketdata.update.applied,1,"{""market"":""BTC-SYNTH""}"
2026-10-04T20:01:27.784986+00:00,counter,marketdata.update.applied,1,"{""market"":""BTC-SYNTH""}"
2026-10-04T20:01:27.785015+00:00,counter,marketdata.update.applied,1,"{""market"":""BTC-SYNTH""}"
2026-10-04T20:01:27.785043+00:00,counter,marketdata.update.applied,1,"{""market"":""BTC-SYNTH""}"
2026-10-04T20:01:27.785073+00:00,counter,marketdata.update.applied,1,"{""market"":""BTC-SYNTH""}"
2026-10-04T20:01:27.785102+00:00,counter,marketdata.update.applied,1,"{""market"":""BTC-SYNTH""}"
2026-10-04T20:01:27.785132+00:00,counter,marketdata.update.applied,1,"{""market"":""BTC-SYNTH""}"
2026-10-04T20:01:27.785160+00:00,counter,marketdata.update.applied,1,"{""market"":""BTC-SYNTH""}"
2026-10-04T20:01:27.785220+00:00,counter,marketdata.update.applied,1,"{""market"":""BTC-SYNTH""}"
2026-10-04T20:01:27.785258+00:00,counter,marketdata.update.applied,1,"{""market"":""BTC-SYNTH""}"
2026-10-04T20:01:27.785290+00:00,counter,marketdata.update.applied,1,"{""market"":""BTC-SYNTH""}"
2026-10-04T20:01:27.785319+00:00,counter,marketdata.update.applied,1,"{""market"":""BTC-SYNTH""}"
2026-10-04T20:01:27.965343+00:00,gauge,pricing.slices.attempted,3.0,"{""market"":""BTC-SYNTH"",""producer"":""svi-scipy""}"
2026-10-04T20:01:27.965376+00:00,gauge,pricing.slices.accepted,3.0,"{""market"":""BTC-SYNTH"",""producer"":""svi-scipy""}"
2026-10-04T20:01:27.965451+00:00,gauge,pricing.rmse_vol_bp,36.31436436402013,"{""market"":""BTC-SYNTH"",""producer"":""svi-scipy""}"
2026-10-04T20:01:27.965461+00:00,timing,pricing.cycle_ms,192.312,"{""market"":""BTC-SYNTH"",""producer"":""svi-scipy""}"
2026-10-04T20:01:27.965636+00:00,counter,bus.published,1,"{""topic"":""surface.BTC-SYNTH.svi-scipy""}"
2026-10-04T20:01:27.965672+00:00,counter,runner.handled,1,"{""subscriber"":""svi-scipy@BTC-SYNTH""}"
2026-10-04T20:01:27.965764+00:00,counter,risk.surface.received,1,"{""market"":""BTC-SYNTH"",""producer"":""svi-scipy"",""status"":""OK""}"
2026-10-04T20:01:27.965777+00:00,timing,risk.surface.snapshot_to_surface_ms,1293.344,"{""market"":""BTC-SYNTH"",""producer"":""svi-scipy""}"
2026-10-04T20:01:27.965787+00:00,timing,risk.surface.delivery_lag_ms,0.45199999999999996,"{""market"":""BTC-SYNTH"",""producer"":""svi-scipy""}"
2026-10-04T20:01:27.965800+00:00,gauge,risk.surface_age_seconds,1.293806,"{""market"":""BTC-SYNTH"",""producer"":""svi-scipy""}"
2026-10-04T20:01:27.965807+00:00,counter,risk.report.freshness,1,"{""decision"":""NORMAL"",""market"":""BTC-SYNTH"",""producer"":""svi-scipy""}"
2026-10-04T20:01:27.965847+00:00,gauge,risk.surface_age_seconds,2.292534,"{""market"":""BTC-SYNTH"",""producer"":""svi-jax""}"
2026-10-04T20:01:27.965854+00:00,counter,risk.report.freshness,1,"{""decision"":""NORMAL"",""market"":""BTC-SYNTH"",""producer"":""svi-jax""}"
2026-10-04T20:01:27.966005+00:00,gauge,risk.comparison.value_diff,-108.96915138323311,"{""baseline"":""svi-scipy"",""challenger"":""svi-jax"",""market"":""BTC-SYNTH""}"
2026-10-04T20:01:27.966014+00:00,gauge,risk.comparison.distance_rms_vol_bp,117.63330345779666,"{""baseline"":""svi-scipy"",""challenger"":""svi-jax"",""market"":""BTC-SYNTH""}"
2026-10-04T20:01:27.966021+00:00,gauge,risk.comparison.distance_max_vol_bp,639.7283423357103,"{""baseline"":""svi-scipy"",""challenger"":""svi-jax"",""market"":""BTC-SYNTH""}"
2026-10-04T20:01:27.966031+00:00,gauge,risk.surface_age_seconds,1.294039,"{""market"":""BTC-SYNTH"",""producer"":""svi-scipy""}"
2026-10-04T20:01:27.966037+00:00,counter,risk.report.freshness,1,"{""decision"":""NORMAL"",""market"":""BTC-SYNTH"",""producer"":""svi-scipy""}"
2026-10-04T20:01:27.966056+00:00,counter,runner.handled,1,"{""subscriber"":""risk-svi-scipy@BTC-SYNTH""}"
2026-10-04T20:01:28.234012+00:00,gauge,pricing.slices.attempted,3.0,"{""market"":""BTC-SYNTH"",""producer"":""svi-jax""}"
2026-10-04T20:01:28.234043+00:00,gauge,pricing.slices.accepted,3.0,"{""market"":""BTC-SYNTH"",""producer"":""svi-jax""}"
2026-10-04T20:01:28.234109+00:00,gauge,pricing.rmse_vol_bp,36.50254485692779,"{""market"":""BTC-SYNTH"",""producer"":""svi-jax""}"
2026-10-04T20:01:28.234119+00:00,timing,pricing.cycle_ms,463.308,"{""market"":""BTC-SYNTH"",""producer"":""svi-jax""}"
2026-10-04T20:01:28.234327+00:00,counter,bus.published,1,"{""topic"":""surface.BTC-SYNTH.svi-jax""}"
2026-10-04T20:01:28.234357+00:00,counter,runner.handled,1,"{""subscriber"":""svi-jax@BTC-SYNTH""}"
2026-10-04T20:01:28.234437+00:00,counter,risk.surface.received,1,"{""market"":""BTC-SYNTH"",""producer"":""svi-jax"",""status"":""OK""}"
2026-10-04T20:01:28.234448+00:00,timing,risk.surface.snapshot_to_surface_ms,1562.0130000000001,"{""market"":""BTC-SYNTH"",""producer"":""svi-jax""}"
2026-10-04T20:01:28.234456+00:00,timing,risk.surface.delivery_lag_ms,0.45199999999999996,"{""market"":""BTC-SYNTH"",""producer"":""svi-jax""}"
2026-10-04T20:01:28.234467+00:00,gauge,risk.surface_age_seconds,1.562474,"{""market"":""BTC-SYNTH"",""producer"":""svi-scipy""}"
2026-10-04T20:01:28.234472+00:00,counter,risk.report.freshness,1,"{""decision"":""NORMAL"",""market"":""BTC-SYNTH"",""producer"":""svi-scipy""}"
2026-10-04T20:01:28.234504+00:00,gauge,risk.surface_age_seconds,1.562513,"{""market"":""BTC-SYNTH"",""producer"":""svi-jax""}"
2026-10-04T20:01:28.234509+00:00,counter,risk.report.freshness,1,"{""decision"":""NORMAL"",""market"":""BTC-SYNTH"",""producer"":""svi-jax""}"
2026-10-04T20:01:28.234608+00:00,gauge,risk.comparison.value_diff,-8.673314068135369,"{""baseline"":""svi-scipy"",""challenger"":""svi-jax"",""market"":""BTC-SYNTH""}"
2026-10-04T20:01:28.234615+00:00,gauge,risk.comparison.distance_rms_vol_bp,30.308564988923397,"{""baseline"":""svi-scipy"",""challenger"":""svi-jax"",""market"":""BTC-SYNTH""}"
2026-10-04T20:01:28.234620+00:00,gauge,risk.comparison.distance_max_vol_bp,141.38944347839467,"{""baseline"":""svi-scipy"",""challenger"":""svi-jax"",""market"":""BTC-SYNTH""}"
2026-10-04T20:01:28.234626+00:00,gauge,risk.surface_age_seconds,1.562636,"{""market"":""BTC-SYNTH"",""producer"":""svi-jax""}"
2026-10-04T20:01:28.234630+00:00,counter,risk.report.freshness,1,"{""decision"":""NORMAL"",""market"":""BTC-SYNTH"",""producer"":""svi-jax""}"
2026-10-04T20:01:28.234644+00:00,counter,runner.handled,1,"{""subscriber"":""risk-svi-jax@BTC-SYNTH""}"
2026-10-04T20:01:28.774013+00:00,counter,marketdata.snapshot.published,1,"{""market"":""BTC-SYNTH""}"
2026-10-04T20:01:28.774098+00:00,gauge,marketdata.clock_skew_seconds,-1.100987,"{""market"":""BTC-SYNTH""}"
2026-10-04T20:01:28.774118+00:00,gauge,marketdata.coverage_ratio,1.0,"{""market"":""BTC-SYNTH""}"
2026-10-04T20:01:28.774133+00:00,gauge,marketdata.max_age_seconds,1.197696,"{""market"":""BTC-SYNTH""}"
2026-10-04T20:01:28.774153+00:00,counter,pipeline.heartbeat.emitted,1,"{""market"":""BTC-SYNTH""}"
2026-10-04T20:01:28.774178+00:00,counter,bus.published,1,"{""topic"":""snapshot.BTC-SYNTH""}"
2026-10-04T20:01:28.790004+00:00,counter,marketdata.update.applied,1,"{""market"":""BTC-SYNTH""}"
2026-10-04T20:01:28.790047+00:00,counter,marketdata.update.applied,1,"{""market"":""BTC-SYNTH""}"
2026-10-04T20:01:28.790092+00:00,counter,marketdata.update.applied,1,"{""market"":""BTC-SYNTH""}"
2026-10-04T20:01:28.790119+00:00,counter,marketdata.update.applied,1,"{""market"":""BTC-SYNTH""}"
2026-10-04T20:01:28.790307+00:00,counter,marketdata.update.applied,1,"{""market"":""BTC-SYNTH""}"
2026-10-04T20:01:28.790329+00:00,counter,marketdata.update.applied,1,"{""market"":""BTC-SYNTH""}"
2026-10-04T20:01:28.790344+00:00,counter,marketdata.update.applied,1,"{""market"":""BTC-SYNTH""}"
2026-10-04T20:01:28.790355+00:00,counter,marketdata.update.applied,1,"{""market"":""BTC-SYNTH""}"
2026-10-04T20:01:28.790365+00:00,counter,marketdata.update.applied,1,"{""market"":""BTC-SYNTH""}"
2026-10-04T20:01:28.790373+00:00,counter,marketdata.update.applied,1,"{""market"":""BTC-SYNTH""}"
2026-10-04T20:01:28.798163+00:00,counter,marketdata.update.applied,1,"{""market"":""BTC-SYNTH""}"
2026-10-04T20:01:28.798201+00:00,counter,marketdata.update.applied,1,"{""market"":""BTC-SYNTH""}"
2026-10-04T20:01:28.798229+00:00,counter,marketdata.update.applied,1,"{""market"":""BTC-SYNTH""}"
2026-10-04T20:01:28.798252+00:00,counter,marketdata.update.applied,1,"{""market"":""BTC-SYNTH""}"
2026-10-04T20:01:28.798276+00:00,counter,marketdata.update.applied,1,"{""market"":""BTC-SYNTH""}"
2026-10-04T20:01:28.798297+00:00,counter,marketdata.update.applied,1,"{""market"":""BTC-SYNTH""}"
2026-10-04T20:01:28.798319+00:00,counter,marketdata.update.applied,1,"{""market"":""BTC-SYNTH""}"
2026-10-04T20:01:28.798339+00:00,counter,marketdata.update.applied,1,"{""market"":""BTC-SYNTH""}"
2026-10-04T20:01:28.798361+00:00,counter,marketdata.update.applied,1,"{""market"":""BTC-SYNTH""}"
2026-10-04T20:01:28.798381+00:00,counter,marketdata.update.applied,1,"{""market"":""BTC-SYNTH""}"
2026-10-04T20:01:28.798402+00:00,counter,marketdata.update.applied,1,"{""market"":""BTC-SYNTH""}"
2026-10-04T20:01:28.798421+00:00,counter,marketdata.update.applied,1,"{""market"":""BTC-SYNTH""}"
2026-10-04T20:01:28.798445+00:00,counter,marketdata.update.applied,1,"{""market"":""BTC-SYNTH""}"
2026-10-04T20:01:28.798465+00:00,counter,marketdata.update.applied,1,"{""market"":""BTC-SYNTH""}"
2026-10-04T20:01:28.798497+00:00,counter,marketdata.update.applied,1,"{""market"":""BTC-SYNTH""}"
2026-10-04T20:01:28.798518+00:00,counter,marketdata.update.applied,1,"{""market"":""BTC-SYNTH""}"
2026-10-04T20:01:28.798540+00:00,counter,marketdata.update.applied,1,"{""market"":""BTC-SYNTH""}"
2026-10-04T20:01:28.798559+00:00,counter,marketdata.update.applied,1,"{""market"":""BTC-SYNTH""}"
2026-10-04T20:01:28.798601+00:00,counter,marketdata.update.applied,1,"{""market"":""BTC-SYNTH""}"
2026-10-04T20:01:28.798626+00:00,counter,marketdata.update.applied,1,"{""market"":""BTC-SYNTH""}"
2026-10-04T20:01:28.798649+00:00,counter,marketdata.update.applied,1,"{""market"":""BTC-SYNTH""}"
2026-10-04T20:01:28.798669+00:00,counter,marketdata.update.applied,1,"{""market"":""BTC-SYNTH""}"
2026-10-04T20:01:28.798690+00:00,counter,marketdata.update.applied,1,"{""market"":""BTC-SYNTH""}"
2026-10-04T20:01:28.798709+00:00,counter,marketdata.update.applied,1,"{""market"":""BTC-SYNTH""}"
2026-10-04T20:01:28.798730+00:00,counter,marketdata.update.applied,1,"{""market"":""BTC-SYNTH""}"
2026-10-04T20:01:28.798749+00:00,counter,marketdata.update.applied,1,"{""market"":""BTC-SYNTH""}"
2026-10-04T20:01:28.798770+00:00,counter,marketdata.update.applied,1,"{""market"":""BTC-SYNTH""}"
2026-10-04T20:01:28.798789+00:00,counter,marketdata.update.applied,1,"{""market"":""BTC-SYNTH""}"
2026-10-04T20:01:28.798810+00:00,counter,marketdata.update.applied,1,"{""market"":""BTC-SYNTH""}"
2026-10-04T20:01:28.798829+00:00,counter,marketdata.update.applied,1,"{""market"":""BTC-SYNTH""}"
2026-10-04T20:01:28.798850+00:00,counter,marketdata.update.applied,1,"{""market"":""BTC-SYNTH""}"
2026-10-04T20:01:28.798869+00:00,counter,marketdata.update.applied,1,"{""market"":""BTC-SYNTH""}"
2026-10-04T20:01:28.798890+00:00,counter,marketdata.update.applied,1,"{""market"":""BTC-SYNTH""}"
2026-10-04T20:01:28.798909+00:00,counter,marketdata.update.applied,1,"{""market"":""BTC-SYNTH""}"
2026-10-04T20:01:28.798931+00:00,counter,marketdata.update.applied,1,"{""market"":""BTC-SYNTH""}"
2026-10-04T20:01:28.798957+00:00,counter,marketdata.update.applied,1,"{""market"":""BTC-SYNTH""}"
2026-10-04T20:01:28.798979+00:00,counter,marketdata.update.applied,1,"{""market"":""BTC-SYNTH""}"
2026-10-04T20:01:28.798997+00:00,counter,marketdata.update.applied,1,"{""market"":""BTC-SYNTH""}"
2026-10-04T20:01:28.799017+00:00,counter,marketdata.update.applied,1,"{""market"":""BTC-SYNTH""}"
2026-10-04T20:01:28.799043+00:00,counter,marketdata.update.applied,1,"{""market"":""BTC-SYNTH""}"
2026-10-04T20:01:28.799065+00:00,counter,marketdata.update.applied,1,"{""market"":""BTC-SYNTH""}"
2026-10-04T20:01:28.799084+00:00,counter,marketdata.update.applied,1,"{""market"":""BTC-SYNTH""}"
2026-10-04T20:01:28.799105+00:00,counter,marketdata.update.applied,1,"{""market"":""BTC-SYNTH""}"
2026-10-04T20:01:28.799123+00:00,counter,marketdata.update.applied,1,"{""market"":""BTC-SYNTH""}"
2026-10-04T20:01:28.799144+00:00,counter,marketdata.update.applied,1,"{""market"":""BTC-SYNTH""}"
2026-10-04T20:01:28.799163+00:00,counter,marketdata.update.applied,1,"{""market"":""BTC-SYNTH""}"
2026-10-04T20:01:28.799182+00:00,counter,marketdata.update.applied,1,"{""market"":""BTC-SYNTH""}"
2026-10-04T20:01:28.799201+00:00,counter,marketdata.update.applied,1,"{""market"":""BTC-SYNTH""}"
2026-10-04T20:01:28.799221+00:00,counter,marketdata.update.applied,1,"{""market"":""BTC-SYNTH""}"
2026-10-04T20:01:28.799240+00:00,counter,marketdata.update.applied,1,"{""market"":""BTC-SYNTH""}"
2026-10-04T20:01:28.799260+00:00,counter,marketdata.update.applied,1,"{""market"":""BTC-SYNTH""}"
2026-10-04T20:01:28.799284+00:00,counter,marketdata.update.applied,1,"{""market"":""BTC-SYNTH""}"
2026-10-04T20:01:28.799305+00:00,counter,marketdata.update.applied,1,"{""market"":""BTC-SYNTH""}"
2026-10-04T20:01:28.799325+00:00,counter,marketdata.update.applied,1,"{""market"":""BTC-SYNTH""}"
2026-10-04T20:01:28.799345+00:00,counter,marketdata.update.applied,1,"{""market"":""BTC-SYNTH""}"
2026-10-04T20:01:28.799364+00:00,counter,marketdata.update.applied,1,"{""market"":""BTC-SYNTH""}"
2026-10-04T20:01:28.854631+00:00,gauge,pricing.slices.attempted,3.0,"{""market"":""BTC-SYNTH"",""producer"":""svi-scipy""}"
2026-10-04T20:01:28.854661+00:00,gauge,pricing.slices.accepted,3.0,"{""market"":""BTC-SYNTH"",""producer"":""svi-scipy""}"
2026-10-04T20:01:28.854752+00:00,gauge,pricing.rmse_vol_bp,33.3969451254718,"{""market"":""BTC-SYNTH"",""producer"":""svi-scipy""}"
2026-10-04T20:01:28.854765+00:00,timing,pricing.cycle_ms,79.997,"{""market"":""BTC-SYNTH"",""producer"":""svi-scipy""}"
2026-10-04T20:01:28.854974+00:00,counter,bus.published,1,"{""topic"":""surface.BTC-SYNTH.svi-scipy""}"
2026-10-04T20:01:28.855006+00:00,counter,runner.handled,1,"{""subscriber"":""svi-scipy@BTC-SYNTH""}"
2026-10-04T20:01:28.855097+00:00,counter,risk.surface.received,1,"{""market"":""BTC-SYNTH"",""producer"":""svi-scipy"",""status"":""OK""}"
2026-10-04T20:01:28.855110+00:00,timing,risk.surface.snapshot_to_surface_ms,1183.009,"{""market"":""BTC-SYNTH"",""producer"":""svi-scipy""}"
2026-10-04T20:01:28.855118+00:00,timing,risk.surface.delivery_lag_ms,0.494,"{""market"":""BTC-SYNTH"",""producer"":""svi-scipy""}"
2026-10-04T20:01:28.855131+00:00,gauge,risk.surface_age_seconds,1.183514,"{""market"":""BTC-SYNTH"",""producer"":""svi-scipy""}"
2026-10-04T20:01:28.855137+00:00,counter,risk.report.freshness,1,"{""decision"":""NORMAL"",""market"":""BTC-SYNTH"",""producer"":""svi-scipy""}"
2026-10-04T20:01:28.855187+00:00,gauge,risk.surface_age_seconds,2.183196,"{""market"":""BTC-SYNTH"",""producer"":""svi-jax""}"
2026-10-04T20:01:28.855194+00:00,counter,risk.report.freshness,1,"{""decision"":""NORMAL"",""market"":""BTC-SYNTH"",""producer"":""svi-jax""}"
2026-10-04T20:01:28.855344+00:00,gauge,risk.comparison.value_diff,208.03511865011387,"{""baseline"":""svi-scipy"",""challenger"":""svi-jax"",""market"":""BTC-SYNTH""}"
2026-10-04T20:01:28.855355+00:00,gauge,risk.comparison.distance_rms_vol_bp,103.38420053550541,"{""baseline"":""svi-scipy"",""challenger"":""svi-jax"",""market"":""BTC-SYNTH""}"
2026-10-04T20:01:28.855361+00:00,gauge,risk.comparison.distance_max_vol_bp,401.6250580597647,"{""baseline"":""svi-scipy"",""challenger"":""svi-jax"",""market"":""BTC-SYNTH""}"
2026-10-04T20:01:28.855371+00:00,gauge,risk.surface_age_seconds,1.183756,"{""market"":""BTC-SYNTH"",""producer"":""svi-scipy""}"
2026-10-04T20:01:28.855377+00:00,counter,risk.report.freshness,1,"{""decision"":""NORMAL"",""market"":""BTC-SYNTH"",""producer"":""svi-scipy""}"
2026-10-04T20:01:28.855395+00:00,counter,runner.handled,1,"{""subscriber"":""risk-svi-scipy@BTC-SYNTH""}"
2026-10-04T20:01:29.403235+00:00,gauge,pricing.slices.attempted,3.0,"{""market"":""BTC-SYNTH"",""producer"":""svi-jax""}"
2026-10-04T20:01:29.403276+00:00,gauge,pricing.slices.accepted,3.0,"{""market"":""BTC-SYNTH"",""producer"":""svi-jax""}"
2026-10-04T20:01:29.403407+00:00,gauge,pricing.rmse_vol_bp,34.6880539723522,"{""market"":""BTC-SYNTH"",""producer"":""svi-jax""}"
2026-10-04T20:01:29.403416+00:00,timing,pricing.cycle_ms,625.22,"{""market"":""BTC-SYNTH"",""producer"":""svi-jax""}"
2026-10-04T20:01:29.403673+00:00,counter,bus.published,1,"{""topic"":""surface.BTC-SYNTH.svi-jax""}"
2026-10-04T20:01:29.403712+00:00,counter,runner.handled,1,"{""subscriber"":""svi-jax@BTC-SYNTH""}"
2026-10-04T20:01:29.403800+00:00,counter,risk.surface.received,1,"{""market"":""BTC-SYNTH"",""producer"":""svi-jax"",""status"":""OK""}"
2026-10-04T20:01:29.403814+00:00,timing,risk.surface.snapshot_to_surface_ms,1731.607,"{""market"":""BTC-SYNTH"",""producer"":""svi-jax""}"
2026-10-04T20:01:29.403821+00:00,timing,risk.surface.delivery_lag_ms,0.6,"{""market"":""BTC-SYNTH"",""producer"":""svi-jax""}"
2026-10-04T20:01:29.403835+00:00,gauge,risk.surface_age_seconds,1.732216,"{""market"":""BTC-SYNTH"",""producer"":""svi-scipy""}"
2026-10-04T20:01:29.403841+00:00,counter,risk.report.freshness,1,"{""decision"":""NORMAL"",""market"":""BTC-SYNTH"",""producer"":""svi-scipy""}"
2026-10-04T20:01:29.403878+00:00,gauge,risk.surface_age_seconds,1.732264,"{""market"":""BTC-SYNTH"",""producer"":""svi-jax""}"
2026-10-04T20:01:29.403884+00:00,counter,risk.report.freshness,1,"{""decision"":""NORMAL"",""market"":""BTC-SYNTH"",""producer"":""svi-jax""}"
2026-10-04T20:01:29.403992+00:00,gauge,risk.comparison.value_diff,42.58384147288234,"{""baseline"":""svi-scipy"",""challenger"":""svi-jax"",""market"":""BTC-SYNTH""}"
2026-10-04T20:01:29.404000+00:00,gauge,risk.comparison.distance_rms_vol_bp,79.95290046421586,"{""baseline"":""svi-scipy"",""challenger"":""svi-jax"",""market"":""BTC-SYNTH""}"
2026-10-04T20:01:29.404006+00:00,gauge,risk.comparison.distance_max_vol_bp,344.8920625981045,"{""baseline"":""svi-scipy"",""challenger"":""svi-jax"",""market"":""BTC-SYNTH""}"
2026-10-04T20:01:29.404014+00:00,gauge,risk.surface_age_seconds,1.732399,"{""market"":""BTC-SYNTH"",""producer"":""svi-jax""}"
2026-10-04T20:01:29.404018+00:00,counter,risk.report.freshness,1,"{""decision"":""NORMAL"",""market"":""BTC-SYNTH"",""producer"":""svi-jax""}"
2026-10-04T20:01:29.404033+00:00,counter,runner.handled,1,"{""subscriber"":""risk-svi-jax@BTC-SYNTH""}"
2026-10-04T20:01:29.793765+00:00,counter,marketdata.snapshot.published,1,"{""market"":""BTC-SYNTH""}"
2026-10-04T20:01:29.793856+00:00,gauge,marketdata.clock_skew_seconds,-1.119588,"{""market"":""BTC-SYNTH""}"
2026-10-04T20:01:29.793882+00:00,gauge,marketdata.coverage_ratio,1.0,"{""market"":""BTC-SYNTH""}"
2026-10-04T20:01:29.793901+00:00,gauge,marketdata.max_age_seconds,3601.134686,"{""market"":""BTC-SYNTH""}"
2026-10-04T20:01:29.793926+00:00,counter,pipeline.heartbeat.emitted,1,"{""market"":""BTC-SYNTH""}"
2026-10-04T20:01:29.793955+00:00,counter,bus.published,1,"{""topic"":""snapshot.BTC-SYNTH""}"
2026-10-04T20:01:29.806347+00:00,counter,marketdata.update.applied,1,"{""market"":""BTC-SYNTH""}"
2026-10-04T20:01:29.806378+00:00,counter,marketdata.update.applied,1,"{""market"":""BTC-SYNTH""}"
2026-10-04T20:01:29.806393+00:00,counter,marketdata.update.applied,1,"{""market"":""BTC-SYNTH""}"
2026-10-04T20:01:29.806404+00:00,counter,marketdata.update.applied,1,"{""market"":""BTC-SYNTH""}"
2026-10-04T20:01:29.806415+00:00,counter,marketdata.update.applied,1,"{""market"":""BTC-SYNTH""}"
2026-10-04T20:01:29.806423+00:00,counter,marketdata.update.applied,1,"{""market"":""BTC-SYNTH""}"
2026-10-04T20:01:29.806433+00:00,counter,marketdata.update.applied,1,"{""market"":""BTC-SYNTH""}"
2026-10-04T20:01:29.806442+00:00,counter,marketdata.update.applied,1,"{""market"":""BTC-SYNTH""}"
2026-10-04T20:01:29.806453+00:00,counter,marketdata.update.applied,1,"{""market"":""BTC-SYNTH""}"
2026-10-04T20:01:29.806461+00:00,counter,marketdata.update.applied,1,"{""market"":""BTC-SYNTH""}"
2026-10-04T20:01:29.806471+00:00,counter,marketdata.update.applied,1,"{""market"":""BTC-SYNTH""}"
2026-10-04T20:01:29.806481+00:00,counter,marketdata.update.applied,1,"{""market"":""BTC-SYNTH""}"
2026-10-04T20:01:29.806489+00:00,counter,marketdata.update.applied,1,"{""market"":""BTC-SYNTH""}"
2026-10-04T20:01:29.806498+00:00,counter,marketdata.update.applied,1,"{""market"":""BTC-SYNTH""}"
2026-10-04T20:01:29.806507+00:00,counter,marketdata.update.applied,1,"{""market"":""BTC-SYNTH""}"
2026-10-04T20:01:29.806516+00:00,counter,marketdata.update.applied,1,"{""market"":""BTC-SYNTH""}"
2026-10-04T20:01:29.806525+00:00,counter,marketdata.update.applied,1,"{""market"":""BTC-SYNTH""}"
2026-10-04T20:01:29.806533+00:00,counter,marketdata.update.applied,1,"{""market"":""BTC-SYNTH""}"
2026-10-04T20:01:29.806543+00:00,counter,marketdata.update.applied,1,"{""market"":""BTC-SYNTH""}"
2026-10-04T20:01:29.806551+00:00,counter,marketdata.update.applied,1,"{""market"":""BTC-SYNTH""}"
2026-10-04T20:01:29.806560+00:00,counter,marketdata.update.applied,1,"{""market"":""BTC-SYNTH""}"
2026-10-04T20:01:29.806570+00:00,counter,marketdata.update.applied,1,"{""market"":""BTC-SYNTH""}"
2026-10-04T20:01:29.806580+00:00,counter,marketdata.update.applied,1,"{""market"":""BTC-SYNTH""}"
2026-10-04T20:01:29.806589+00:00,counter,marketdata.update.applied,1,"{""market"":""BTC-SYNTH""}"
2026-10-04T20:01:29.806598+00:00,counter,marketdata.update.applied,1,"{""market"":""BTC-SYNTH""}"
2026-10-04T20:01:29.806606+00:00,counter,marketdata.update.applied,1,"{""market"":""BTC-SYNTH""}"
2026-10-04T20:01:29.806615+00:00,counter,marketdata.update.applied,1,"{""market"":""BTC-SYNTH""}"
2026-10-04T20:01:29.806623+00:00,counter,marketdata.update.applied,1,"{""market"":""BTC-SYNTH""}"
2026-10-04T20:01:29.806633+00:00,counter,marketdata.update.applied,1,"{""market"":""BTC-SYNTH""}"
2026-10-04T20:01:29.806641+00:00,counter,marketdata.update.applied,1,"{""market"":""BTC-SYNTH""}"
2026-10-04T20:01:29.806650+00:00,counter,marketdata.update.applied,1,"{""market"":""BTC-SYNTH""}"
2026-10-04T20:01:29.806658+00:00,counter,marketdata.update.applied,1,"{""market"":""BTC-SYNTH""}"
2026-10-04T20:01:29.806666+00:00,counter,marketdata.update.applied,1,"{""market"":""BTC-SYNTH""}"
2026-10-04T20:01:29.806674+00:00,counter,marketdata.update.applied,1,"{""market"":""BTC-SYNTH""}"
2026-10-04T20:01:29.806684+00:00,counter,marketdata.update.applied,1,"{""market"":""BTC-SYNTH""}"
2026-10-04T20:01:29.806692+00:00,counter,marketdata.update.applied,1,"{""market"":""BTC-SYNTH""}"
2026-10-04T20:01:29.806701+00:00,counter,marketdata.update.applied,1,"{""market"":""BTC-SYNTH""}"
2026-10-04T20:01:29.806709+00:00,counter,marketdata.update.applied,1,"{""market"":""BTC-SYNTH""}"
2026-10-04T20:01:29.806719+00:00,counter,marketdata.update.applied,1,"{""market"":""BTC-SYNTH""}"
2026-10-04T20:01:29.806727+00:00,counter,marketdata.update.applied,1,"{""market"":""BTC-SYNTH""}"
2026-10-04T20:01:29.806735+00:00,counter,marketdata.update.applied,1,"{""market"":""BTC-SYNTH""}"
2026-10-04T20:01:29.806744+00:00,counter,marketdata.update.applied,1,"{""market"":""BTC-SYNTH""}"
2026-10-04T20:01:29.806753+00:00,counter,marketdata.update.applied,1,"{""market"":""BTC-SYNTH""}"
2026-10-04T20:01:29.806761+00:00,counter,marketdata.update.applied,1,"{""market"":""BTC-SYNTH""}"
2026-10-04T20:01:29.806770+00:00,counter,marketdata.update.applied,1,"{""market"":""BTC-SYNTH""}"
2026-10-04T20:01:29.806778+00:00,counter,marketdata.update.applied,1,"{""market"":""BTC-SYNTH""}"
2026-10-04T20:01:29.806788+00:00,counter,marketdata.update.applied,1,"{""market"":""BTC-SYNTH""}"
2026-10-04T20:01:29.806796+00:00,counter,marketdata.update.applied,1,"{""market"":""BTC-SYNTH""}"
2026-10-04T20:01:29.806804+00:00,counter,marketdata.update.applied,1,"{""market"":""BTC-SYNTH""}"
2026-10-04T20:01:29.806812+00:00,counter,marketdata.update.applied,1,"{""market"":""BTC-SYNTH""}"
2026-10-04T20:01:29.806821+00:00,counter,marketdata.update.applied,1,"{""market"":""BTC-SYNTH""}"
2026-10-04T20:01:29.806829+00:00,counter,marketdata.update.applied,1,"{""market"":""BTC-SYNTH""}"
2026-10-04T20:01:29.806839+00:00,counter,marketdata.update.applied,1,"{""market"":""BTC-SYNTH""}"
2026-10-04T20:01:29.806847+00:00,counter,marketdata.update.applied,1,"{""market"":""BTC-SYNTH""}"
2026-10-04T20:01:29.806858+00:00,counter,marketdata.update.applied,1,"{""market"":""BTC-SYNTH""}"
2026-10-04T20:01:29.806934+00:00,counter,marketdata.update.applied,1,"{""market"":""BTC-SYNTH""}"
2026-10-04T20:01:29.806949+00:00,counter,marketdata.update.applied,1,"{""market"":""BTC-SYNTH""}"
2026-10-04T20:01:29.806958+00:00,counter,marketdata.update.applied,1,"{""market"":""BTC-SYNTH""}"
2026-10-04T20:01:29.806968+00:00,counter,marketdata.update.applied,1,"{""market"":""BTC-SYNTH""}"
2026-10-04T20:01:29.806977+00:00,counter,marketdata.update.applied,1,"{""market"":""BTC-SYNTH""}"
2026-10-04T20:01:29.806985+00:00,counter,marketdata.update.applied,1,"{""market"":""BTC-SYNTH""}"
2026-10-04T20:01:29.806994+00:00,counter,marketdata.update.applied,1,"{""market"":""BTC-SYNTH""}"
2026-10-04T20:01:29.807005+00:00,counter,marketdata.update.applied,1,"{""market"":""BTC-SYNTH""}"
2026-10-04T20:01:29.807014+00:00,counter,marketdata.update.applied,1,"{""market"":""BTC-SYNTH""}"
2026-10-04T20:01:29.807023+00:00,counter,marketdata.update.applied,1,"{""market"":""BTC-SYNTH""}"
2026-10-04T20:01:29.807031+00:00,counter,marketdata.update.applied,1,"{""market"":""BTC-SYNTH""}"
2026-10-04T20:01:29.837641+00:00,gauge,pricing.slices.attempted,3.0,"{""market"":""BTC-SYNTH"",""producer"":""svi-scipy""}"
2026-10-04T20:01:29.837666+00:00,gauge,pricing.slices.accepted,3.0,"{""market"":""BTC-SYNTH"",""producer"":""svi-scipy""}"
2026-10-04T20:01:29.837734+00:00,gauge,pricing.rmse_vol_bp,25.358085452934603,"{""market"":""BTC-SYNTH"",""producer"":""svi-scipy""}"
2026-10-04T20:01:29.837743+00:00,timing,pricing.cycle_ms,43.259,"{""market"":""BTC-SYNTH"",""producer"":""svi-scipy""}"
2026-10-04T20:01:29.837875+00:00,counter,bus.published,1,"{""topic"":""surface.BTC-SYNTH.svi-scipy""}"
2026-10-04T20:01:29.837904+00:00,counter,runner.handled,1,"{""subscriber"":""svi-scipy@BTC-SYNTH""}"
2026-10-04T20:01:29.837985+00:00,counter,risk.surface.received,1,"{""market"":""BTC-SYNTH"",""producer"":""svi-scipy"",""status"":""OK""}"
2026-10-04T20:01:29.837997+00:00,timing,risk.surface.snapshot_to_surface_ms,1165.122,"{""market"":""BTC-SYNTH"",""producer"":""svi-scipy""}"
2026-10-04T20:01:29.838005+00:00,timing,risk.surface.delivery_lag_ms,0.37,"{""market"":""BTC-SYNTH"",""producer"":""svi-scipy""}"
2026-10-04T20:01:29.838018+00:00,gauge,risk.surface_age_seconds,1.165501,"{""market"":""BTC-SYNTH"",""producer"":""svi-scipy""}"
2026-10-04T20:01:29.838024+00:00,counter,risk.report.freshness,1,"{""decision"":""NORMAL"",""market"":""BTC-SYNTH"",""producer"":""svi-scipy""}"
2026-10-04T20:01:29.838058+00:00,gauge,risk.surface_age_seconds,2.166443,"{""market"":""BTC-SYNTH"",""producer"":""svi-jax""}"
2026-10-04T20:01:29.838065+00:00,counter,risk.report.freshness,1,"{""decision"":""NORMAL"",""market"":""BTC-SYNTH"",""producer"":""svi-jax""}"
2026-10-04T20:01:29.838215+00:00,gauge,risk.comparison.value_diff,-90.21941210829391,"{""baseline"":""svi-scipy"",""challenger"":""svi-jax"",""market"":""BTC-SYNTH""}"
2026-10-04T20:01:29.838226+00:00,gauge,risk.comparison.distance_rms_vol_bp,132.04219079652802,"{""baseline"":""svi-scipy"",""challenger"":""svi-jax"",""market"":""BTC-SYNTH""}"
2026-10-04T20:01:29.838233+00:00,gauge,risk.comparison.distance_max_vol_bp,530.2655138930102,"{""baseline"":""svi-scipy"",""challenger"":""svi-jax"",""market"":""BTC-SYNTH""}"
2026-10-04T20:01:29.838249+00:00,gauge,risk.surface_age_seconds,1.165728,"{""market"":""BTC-SYNTH"",""producer"":""svi-scipy""}"
2026-10-04T20:01:29.838255+00:00,counter,risk.report.freshness,1,"{""decision"":""NORMAL"",""market"":""BTC-SYNTH"",""producer"":""svi-scipy""}"
2026-10-04T20:01:29.838275+00:00,counter,runner.handled,1,"{""subscriber"":""risk-svi-scipy@BTC-SYNTH""}"
2026-10-04T20:01:30.208539+00:00,gauge,pricing.slices.attempted,3.0,"{""market"":""BTC-SYNTH"",""producer"":""svi-jax""}"
2026-10-04T20:01:30.208593+00:00,gauge,pricing.slices.accepted,3.0,"{""market"":""BTC-SYNTH"",""producer"":""svi-jax""}"
2026-10-04T20:01:30.208687+00:00,gauge,pricing.rmse_vol_bp,23.28965170110883,"{""market"":""BTC-SYNTH"",""producer"":""svi-jax""}"
2026-10-04T20:01:30.208700+00:00,timing,pricing.cycle_ms,409.654,"{""market"":""BTC-SYNTH"",""producer"":""svi-jax""}"
2026-10-04T20:01:30.208890+00:00,counter,bus.published,1,"{""topic"":""surface.BTC-SYNTH.svi-jax""}"
2026-10-04T20:01:30.208934+00:00,counter,runner.handled,1,"{""subscriber"":""svi-jax@BTC-SYNTH""}"
2026-10-04T20:01:30.209031+00:00,counter,risk.surface.received,1,"{""market"":""BTC-SYNTH"",""producer"":""svi-jax"",""status"":""OK""}"
2026-10-04T20:01:30.209047+00:00,timing,risk.surface.snapshot_to_surface_ms,1536.0149999999999,"{""market"":""BTC-SYNTH"",""producer"":""svi-jax""}"
2026-10-04T20:01:30.209060+00:00,timing,risk.surface.delivery_lag_ms,0.531,"{""market"":""BTC-SYNTH"",""producer"":""svi-jax""}"
2026-10-04T20:01:30.209072+00:00,gauge,risk.surface_age_seconds,1.536556,"{""market"":""BTC-SYNTH"",""producer"":""svi-scipy""}"
2026-10-04T20:01:30.209078+00:00,counter,risk.report.freshness,1,"{""decision"":""NORMAL"",""market"":""BTC-SYNTH"",""producer"":""svi-scipy""}"
2026-10-04T20:01:30.209113+00:00,gauge,risk.surface_age_seconds,1.536599,"{""market"":""BTC-SYNTH"",""producer"":""svi-jax""}"
2026-10-04T20:01:30.209119+00:00,counter,risk.report.freshness,1,"{""decision"":""NORMAL"",""market"":""BTC-SYNTH"",""producer"":""svi-jax""}"
2026-10-04T20:01:30.209227+00:00,gauge,risk.comparison.value_diff,11.725198083731811,"{""baseline"":""svi-scipy"",""challenger"":""svi-jax"",""market"":""BTC-SYNTH""}"
2026-10-04T20:01:30.209236+00:00,gauge,risk.comparison.distance_rms_vol_bp,77.27808737343156,"{""baseline"":""svi-scipy"",""challenger"":""svi-jax"",""market"":""BTC-SYNTH""}"
2026-10-04T20:01:30.209242+00:00,gauge,risk.comparison.distance_max_vol_bp,458.2175748606721,"{""baseline"":""svi-scipy"",""challenger"":""svi-jax"",""market"":""BTC-SYNTH""}"
2026-10-04T20:01:30.209250+00:00,gauge,risk.surface_age_seconds,1.536736,"{""market"":""BTC-SYNTH"",""producer"":""svi-jax""}"
2026-10-04T20:01:30.209254+00:00,counter,risk.report.freshness,1,"{""decision"":""NORMAL"",""market"":""BTC-SYNTH"",""producer"":""svi-jax""}"
2026-10-04T20:01:30.209270+00:00,counter,runner.handled,1,"{""subscriber"":""risk-svi-jax@BTC-SYNTH""}"
2026-10-04T20:01:30.819595+00:00,counter,marketdata.snapshot.published,1,"{""market"":""BTC-SYNTH""}"
2026-10-04T20:01:30.819639+00:00,gauge,marketdata.clock_skew_seconds,-1.144313,"{""market"":""BTC-SYNTH""}"
2026-10-04T20:01:30.819653+00:00,gauge,marketdata.coverage_ratio,1.0,"{""market"":""BTC-SYNTH""}"
2026-10-04T20:01:30.819664+00:00,gauge,marketdata.max_age_seconds,1.242572,"{""market"":""BTC-SYNTH""}"
2026-10-04T20:01:30.819677+00:00,counter,pipeline.heartbeat.emitted,1,"{""market"":""BTC-SYNTH""}"
2026-10-04T20:01:30.819694+00:00,counter,bus.published,1,"{""topic"":""snapshot.BTC-SYNTH""}"
2026-10-04T20:01:30.819786+00:00,counter,marketdata.update.applied,1,"{""market"":""BTC-SYNTH""}"
2026-10-04T20:01:30.819815+00:00,counter,marketdata.update.applied,1,"{""market"":""BTC-SYNTH""}"
2026-10-04T20:01:30.819843+00:00,counter,marketdata.update.applied,1,"{""market"":""BTC-SYNTH""}"
2026-10-04T20:01:30.819866+00:00,counter,marketdata.update.applied,1,"{""market"":""BTC-SYNTH""}"
2026-10-04T20:01:30.819890+00:00,counter,marketdata.update.applied,1,"{""market"":""BTC-SYNTH""}"
2026-10-04T20:01:30.819911+00:00,counter,marketdata.update.applied,1,"{""market"":""BTC-SYNTH""}"
2026-10-04T20:01:30.819935+00:00,counter,marketdata.update.applied,1,"{""market"":""BTC-SYNTH""}"
2026-10-04T20:01:30.819958+00:00,counter,marketdata.update.applied,1,"{""market"":""BTC-SYNTH""}"
2026-10-04T20:01:30.819982+00:00,counter,marketdata.update.applied,1,"{""market"":""BTC-SYNTH""}"
2026-10-04T20:01:30.820004+00:00,counter,marketdata.update.applied,1,"{""market"":""BTC-SYNTH""}"
2026-10-04T20:01:30.820030+00:00,counter,marketdata.update.applied,1,"{""market"":""BTC-SYNTH""}"
2026-10-04T20:01:30.820051+00:00,counter,marketdata.update.applied,1,"{""market"":""BTC-SYNTH""}"
2026-10-04T20:01:30.820097+00:00,counter,marketdata.update.applied,1,"{""market"":""BTC-SYNTH""}"
2026-10-04T20:01:30.820118+00:00,counter,marketdata.update.applied,1,"{""market"":""BTC-SYNTH""}"
2026-10-04T20:01:30.820141+00:00,counter,marketdata.update.applied,1,"{""market"":""BTC-SYNTH""}"
2026-10-04T20:01:30.820216+00:00,counter,marketdata.update.applied,1,"{""market"":""BTC-SYNTH""}"
2026-10-04T20:01:30.820242+00:00,counter,marketdata.update.applied,1,"{""market"":""BTC-SYNTH""}"
2026-10-04T20:01:30.820281+00:00,counter,marketdata.update.applied,1,"{""market"":""BTC-SYNTH""}"
2026-10-04T20:01:30.820306+00:00,counter,marketdata.update.applied,1,"{""market"":""BTC-SYNTH""}"
2026-10-04T20:01:30.820327+00:00,counter,marketdata.update.applied,1,"{""market"":""BTC-SYNTH""}"
2026-10-04T20:01:30.820349+00:00,counter,marketdata.update.applied,1,"{""market"":""BTC-SYNTH""}"
2026-10-04T20:01:30.820370+00:00,counter,marketdata.update.applied,1,"{""market"":""BTC-SYNTH""}"
2026-10-04T20:01:30.820394+00:00,counter,marketdata.update.applied,1,"{""market"":""BTC-SYNTH""}"
2026-10-04T20:01:30.820415+00:00,counter,marketdata.update.applied,1,"{""market"":""BTC-SYNTH""}"
2026-10-04T20:01:30.820438+00:00,counter,marketdata.update.applied,1,"{""market"":""BTC-SYNTH""}"
2026-10-04T20:01:30.820458+00:00,counter,marketdata.update.applied,1,"{""market"":""BTC-SYNTH""}"
2026-10-04T20:01:30.820481+00:00,counter,marketdata.update.applied,1,"{""market"":""BTC-SYNTH""}"
2026-10-04T20:01:30.820501+00:00,counter,marketdata.update.applied,1,"{""market"":""BTC-SYNTH""}"
2026-10-04T20:01:30.820523+00:00,counter,marketdata.update.applied,1,"{""market"":""BTC-SYNTH""}"
2026-10-04T20:01:30.820543+00:00,counter,marketdata.update.applied,1,"{""market"":""BTC-SYNTH""}"
2026-10-04T20:01:30.820581+00:00,counter,marketdata.update.applied,1,"{""market"":""BTC-SYNTH""}"
2026-10-04T20:01:30.820602+00:00,counter,marketdata.update.applied,1,"{""market"":""BTC-SYNTH""}"
2026-10-04T20:01:30.820625+00:00,counter,marketdata.update.applied,1,"{""market"":""BTC-SYNTH""}"
2026-10-04T20:01:30.820662+00:00,counter,marketdata.update.applied,1,"{""market"":""BTC-SYNTH""}"
2026-10-04T20:01:30.820700+00:00,counter,marketdata.update.applied,1,"{""market"":""BTC-SYNTH""}"
2026-10-04T20:01:30.820724+00:00,counter,marketdata.update.applied,1,"{""market"":""BTC-SYNTH""}"
2026-10-04T20:01:30.820747+00:00,counter,marketdata.update.applied,1,"{""market"":""BTC-SYNTH""}"
2026-10-04T20:01:30.820768+00:00,counter,marketdata.update.applied,1,"{""market"":""BTC-SYNTH""}"
2026-10-04T20:01:30.820791+00:00,counter,marketdata.update.applied,1,"{""market"":""BTC-SYNTH""}"
2026-10-04T20:01:30.820812+00:00,counter,marketdata.update.applied,1,"{""market"":""BTC-SYNTH""}"
2026-10-04T20:01:30.820834+00:00,counter,marketdata.update.applied,1,"{""market"":""BTC-SYNTH""}"
2026-10-04T20:01:30.820855+00:00,counter,marketdata.update.applied,1,"{""market"":""BTC-SYNTH""}"
2026-10-04T20:01:30.820877+00:00,counter,marketdata.update.applied,1,"{""market"":""BTC-SYNTH""}"
2026-10-04T20:01:30.820898+00:00,counter,marketdata.update.applied,1,"{""market"":""BTC-SYNTH""}"
2026-10-04T20:01:30.820921+00:00,counter,marketdata.update.applied,1,"{""market"":""BTC-SYNTH""}"
2026-10-04T20:01:30.820941+00:00,counter,marketdata.update.applied,1,"{""market"":""BTC-SYNTH""}"
2026-10-04T20:01:30.820963+00:00,counter,marketdata.update.applied,1,"{""market"":""BTC-SYNTH""}"
2026-10-04T20:01:30.820983+00:00,counter,marketdata.update.applied,1,"{""market"":""BTC-SYNTH""}"
2026-10-04T20:01:30.821005+00:00,counter,marketdata.update.applied,1,"{""market"":""BTC-SYNTH""}"
2026-10-04T20:01:30.821025+00:00,counter,marketdata.update.applied,1,"{""market"":""BTC-SYNTH""}"
2026-10-04T20:01:30.821047+00:00,counter,marketdata.update.applied,1,"{""market"":""BTC-SYNTH""}"
2026-10-04T20:01:30.821067+00:00,counter,marketdata.update.applied,1,"{""market"":""BTC-SYNTH""}"
2026-10-04T20:01:30.821089+00:00,counter,marketdata.update.applied,1,"{""market"":""BTC-SYNTH""}"
2026-10-04T20:01:30.821110+00:00,counter,marketdata.update.applied,1,"{""market"":""BTC-SYNTH""}"
2026-10-04T20:01:30.821132+00:00,counter,marketdata.update.applied,1,"{""market"":""BTC-SYNTH""}"
2026-10-04T20:01:30.821153+00:00,counter,marketdata.update.applied,1,"{""market"":""BTC-SYNTH""}"
2026-10-04T20:01:30.821175+00:00,counter,marketdata.update.applied,1,"{""market"":""BTC-SYNTH""}"
2026-10-04T20:01:30.821195+00:00,counter,marketdata.update.applied,1,"{""market"":""BTC-SYNTH""}"
2026-10-04T20:01:30.821217+00:00,counter,marketdata.update.applied,1,"{""market"":""BTC-SYNTH""}"
2026-10-04T20:01:30.821237+00:00,counter,marketdata.update.applied,1,"{""market"":""BTC-SYNTH""}"
2026-10-04T20:01:30.821259+00:00,counter,marketdata.update.applied,1,"{""market"":""BTC-SYNTH""}"
2026-10-04T20:01:30.821279+00:00,counter,marketdata.update.applied,1,"{""market"":""BTC-SYNTH""}"
2026-10-04T20:01:30.821301+00:00,counter,marketdata.update.applied,1,"{""market"":""BTC-SYNTH""}"
2026-10-04T20:01:30.821323+00:00,counter,marketdata.update.applied,1,"{""market"":""BTC-SYNTH""}"
2026-10-04T20:01:30.821344+00:00,counter,marketdata.update.applied,1,"{""market"":""BTC-SYNTH""}"
2026-10-04T20:01:30.821365+00:00,counter,marketdata.update.applied,1,"{""market"":""BTC-SYNTH""}"
2026-10-04T20:01:30.870247+00:00,gauge,pricing.slices.attempted,3.0,"{""market"":""BTC-SYNTH"",""producer"":""svi-scipy""}"
2026-10-04T20:01:30.870277+00:00,gauge,pricing.slices.accepted,3.0,"{""market"":""BTC-SYNTH"",""producer"":""svi-scipy""}"
2026-10-04T20:01:30.870358+00:00,gauge,pricing.rmse_vol_bp,48.68082530500876,"{""market"":""BTC-SYNTH"",""producer"":""svi-scipy""}"
2026-10-04T20:01:30.870368+00:00,timing,pricing.cycle_ms,48.660000000000004,"{""market"":""BTC-SYNTH"",""producer"":""svi-scipy""}"
2026-10-04T20:01:30.870661+00:00,counter,bus.published,1,"{""topic"":""surface.BTC-SYNTH.svi-scipy""}"
2026-10-04T20:01:30.870689+00:00,counter,runner.handled,1,"{""subscriber"":""svi-scipy@BTC-SYNTH""}"
2026-10-04T20:01:30.870769+00:00,counter,risk.surface.received,1,"{""market"":""BTC-SYNTH"",""producer"":""svi-scipy"",""status"":""OK""}"
2026-10-04T20:01:30.870780+00:00,timing,risk.surface.snapshot_to_surface_ms,1195.6100000000001,"{""market"":""BTC-SYNTH"",""producer"":""svi-scipy""}"
2026-10-04T20:01:30.870787+00:00,timing,risk.surface.delivery_lag_ms,0.549,"{""market"":""BTC-SYNTH"",""producer"":""svi-scipy""}"
2026-10-04T20:01:30.870799+00:00,gauge,risk.surface_age_seconds,1.196168,"{""market"":""BTC-SYNTH"",""producer"":""svi-scipy""}"
2026-10-04T20:01:30.870805+00:00,counter,risk.report.freshness,1,"{""decision"":""NORMAL"",""market"":""BTC-SYNTH"",""producer"":""svi-scipy""}"
2026-10-04T20:01:30.870841+00:00,gauge,risk.surface_age_seconds,2.198326,"{""market"":""BTC-SYNTH"",""producer"":""svi-jax""}"
2026-10-04T20:01:30.870847+00:00,counter,risk.report.freshness,1,"{""decision"":""NORMAL"",""market"":""BTC-SYNTH"",""producer"":""svi-jax""}"
2026-10-04T20:01:30.870983+00:00,gauge,risk.comparison.value_diff,-48.94442796136718,"{""baseline"":""svi-scipy"",""challenger"":""svi-jax"",""market"":""BTC-SYNTH""}"
2026-10-04T20:01:30.870991+00:00,gauge,risk.comparison.distance_rms_vol_bp,135.58326524580963,"{""baseline"":""svi-scipy"",""challenger"":""svi-jax"",""market"":""BTC-SYNTH""}"
2026-10-04T20:01:30.870997+00:00,gauge,risk.comparison.distance_max_vol_bp,688.4921157961932,"{""baseline"":""svi-scipy"",""challenger"":""svi-jax"",""market"":""BTC-SYNTH""}"
2026-10-04T20:01:30.871006+00:00,gauge,risk.surface_age_seconds,1.196377,"{""market"":""BTC-SYNTH"",""producer"":""svi-scipy""}"
2026-10-04T20:01:30.871012+00:00,counter,risk.report.freshness,1,"{""decision"":""NORMAL"",""market"":""BTC-SYNTH"",""producer"":""svi-scipy""}"
2026-10-04T20:01:30.871028+00:00,counter,runner.handled,1,"{""subscriber"":""risk-svi-scipy@BTC-SYNTH""}"
2026-10-04T20:01:31.579212+00:00,gauge,pricing.slices.attempted,3.0,"{""market"":""BTC-SYNTH"",""producer"":""svi-jax""}"
2026-10-04T20:01:31.579254+00:00,gauge,pricing.slices.accepted,3.0,"{""market"":""BTC-SYNTH"",""producer"":""svi-jax""}"
2026-10-04T20:01:31.579328+00:00,gauge,pricing.rmse_vol_bp,48.43786858355671,"{""market"":""BTC-SYNTH"",""producer"":""svi-jax""}"
2026-10-04T20:01:31.579339+00:00,timing,pricing.cycle_ms,755.506,"{""market"":""BTC-SYNTH"",""producer"":""svi-jax""}"
2026-10-04T20:01:31.579595+00:00,counter,bus.published,1,"{""topic"":""surface.BTC-SYNTH.svi-jax""}"
2026-10-04T20:01:31.579625+00:00,counter,runner.handled,1,"{""subscriber"":""svi-jax@BTC-SYNTH""}"
2026-10-04T20:01:31.579754+00:00,counter,risk.surface.received,1,"{""market"":""BTC-SYNTH"",""producer"":""svi-jax"",""status"":""OK""}"
2026-10-04T20:01:31.579769+00:00,timing,risk.surface.snapshot_to_surface_ms,1904.573,"{""market"":""BTC-SYNTH"",""producer"":""svi-jax""}"
2026-10-04T20:01:31.579778+00:00,timing,risk.surface.delivery_lag_ms,0.5760000000000001,"{""market"":""BTC-SYNTH"",""producer"":""svi-jax""}"
2026-10-04T20:01:31.579791+00:00,gauge,risk.surface_age_seconds,1.905159,"{""market"":""BTC-SYNTH"",""producer"":""svi-scipy""}"
2026-10-04T20:01:31.579797+00:00,counter,risk.report.freshness,1,"{""decision"":""NORMAL"",""market"":""BTC-SYNTH"",""producer"":""svi-scipy""}"
2026-10-04T20:01:31.579839+00:00,gauge,risk.surface_age_seconds,1.90521,"{""market"":""BTC-SYNTH"",""producer"":""svi-jax""}"
2026-10-04T20:01:31.579845+00:00,counter,risk.report.freshness,1,"{""decision"":""NORMAL"",""market"":""BTC-SYNTH"",""producer"":""svi-jax""}"
2026-10-04T20:01:31.579962+00:00,gauge,risk.comparison.value_diff,-12.508415031854383,"{""baseline"":""svi-scipy"",""challenger"":""svi-jax"",""market"":""BTC-SYNTH""}"
2026-10-04T20:01:31.579971+00:00,gauge,risk.comparison.distance_rms_vol_bp,59.47641088237673,"{""baseline"":""svi-scipy"",""challenger"":""svi-jax"",""market"":""BTC-SYNTH""}"
2026-10-04T20:01:31.579977+00:00,gauge,risk.comparison.distance_max_vol_bp,355.78844466249484,"{""baseline"":""svi-scipy"",""challenger"":""svi-jax"",""market"":""BTC-SYNTH""}"
2026-10-04T20:01:31.579986+00:00,gauge,risk.surface_age_seconds,1.905357,"{""market"":""BTC-SYNTH"",""producer"":""svi-jax""}"
2026-10-04T20:01:31.579991+00:00,counter,risk.report.freshness,1,"{""decision"":""NORMAL"",""market"":""BTC-SYNTH"",""producer"":""svi-jax""}"
2026-10-04T20:01:31.580008+00:00,counter,runner.handled,1,"{""subscriber"":""risk-svi-jax@BTC-SYNTH""}"
2026-10-04T20:01:31.821751+00:00,counter,marketdata.snapshot.published,1,"{""market"":""BTC-SYNTH""}"
2026-10-04T20:01:31.821822+00:00,gauge,marketdata.clock_skew_seconds,-1.148609,"{""market"":""BTC-SYNTH""}"
2026-10-04T20:01:31.821845+00:00,gauge,marketdata.coverage_ratio,0.9848484848484849,"{""market"":""BTC-SYNTH""}"
2026-10-04T20:01:31.821857+00:00,gauge,marketdata.max_age_seconds,1.245709,"{""market"":""BTC-SYNTH""}"
2026-10-04T20:01:31.821872+00:00,counter,pipeline.heartbeat.emitted,1,"{""market"":""BTC-SYNTH""}"
2026-10-04T20:01:31.821891+00:00,counter,bus.published,1,"{""topic"":""snapshot.BTC-SYNTH""}"
2026-10-04T20:01:31.822173+00:00,counter,marketdata.update.applied,1,"{""market"":""BTC-SYNTH""}"
2026-10-04T20:01:31.822214+00:00,counter,marketdata.update.applied,1,"{""market"":""BTC-SYNTH""}"
2026-10-04T20:01:31.822248+00:00,counter,marketdata.update.applied,1,"{""market"":""BTC-SYNTH""}"
2026-10-04T20:01:31.822274+00:00,counter,marketdata.update.applied,1,"{""market"":""BTC-SYNTH""}"
2026-10-04T20:01:31.822299+00:00,counter,marketdata.update.applied,1,"{""market"":""BTC-SYNTH""}"
2026-10-04T20:01:31.822321+00:00,counter,marketdata.update.applied,1,"{""market"":""BTC-SYNTH""}"
2026-10-04T20:01:31.822346+00:00,counter,marketdata.update.applied,1,"{""market"":""BTC-SYNTH""}"
2026-10-04T20:01:31.822366+00:00,counter,marketdata.update.applied,1,"{""market"":""BTC-SYNTH""}"
2026-10-04T20:01:31.822390+00:00,counter,marketdata.update.applied,1,"{""market"":""BTC-SYNTH""}"
2026-10-04T20:01:31.822413+00:00,counter,marketdata.update.applied,1,"{""market"":""BTC-SYNTH""}"
2026-10-04T20:01:31.822437+00:00,counter,marketdata.update.applied,1,"{""market"":""BTC-SYNTH""}"
2026-10-04T20:01:31.822457+00:00,counter,marketdata.update.applied,1,"{""market"":""BTC-SYNTH""}"
2026-10-04T20:01:31.822481+00:00,counter,marketdata.update.applied,1,"{""market"":""BTC-SYNTH""}"
2026-10-04T20:01:31.822501+00:00,counter,marketdata.update.applied,1,"{""market"":""BTC-SYNTH""}"
2026-10-04T20:01:31.822527+00:00,counter,marketdata.update.applied,1,"{""market"":""BTC-SYNTH""}"
2026-10-04T20:01:31.822545+00:00,counter,marketdata.update.applied,1,"{""market"":""BTC-SYNTH""}"
2026-10-04T20:01:31.822566+00:00,counter,marketdata.update.applied,1,"{""market"":""BTC-SYNTH""}"
2026-10-04T20:01:31.822585+00:00,counter,marketdata.update.applied,1,"{""market"":""BTC-SYNTH""}"
2026-10-04T20:01:31.822606+00:00,counter,marketdata.update.applied,1,"{""market"":""BTC-SYNTH""}"
2026-10-04T20:01:31.822625+00:00,counter,marketdata.update.applied,1,"{""market"":""BTC-SYNTH""}"
2026-10-04T20:01:31.822645+00:00,counter,marketdata.update.applied,1,"{""market"":""BTC-SYNTH""}"
2026-10-04T20:01:31.822663+00:00,counter,marketdata.update.applied,1,"{""market"":""BTC-SYNTH""}"
2026-10-04T20:01:31.822686+00:00,counter,marketdata.update.applied,1,"{""market"":""BTC-SYNTH""}"
2026-10-04T20:01:31.822704+00:00,counter,marketdata.update.applied,1,"{""market"":""BTC-SYNTH""}"
2026-10-04T20:01:31.822723+00:00,counter,marketdata.update.applied,1,"{""market"":""BTC-SYNTH""}"
2026-10-04T20:01:31.822741+00:00,counter,marketdata.update.applied,1,"{""market"":""BTC-SYNTH""}"
2026-10-04T20:01:31.822763+00:00,counter,marketdata.update.applied,1,"{""market"":""BTC-SYNTH""}"
2026-10-04T20:01:31.822781+00:00,counter,marketdata.update.applied,1,"{""market"":""BTC-SYNTH""}"
2026-10-04T20:01:31.822802+00:00,counter,marketdata.update.applied,1,"{""market"":""BTC-SYNTH""}"
2026-10-04T20:01:31.822820+00:00,counter,marketdata.update.applied,1,"{""market"":""BTC-SYNTH""}"
2026-10-04T20:01:31.822840+00:00,counter,marketdata.update.applied,1,"{""market"":""BTC-SYNTH""}"
2026-10-04T20:01:31.822858+00:00,counter,marketdata.update.applied,1,"{""market"":""BTC-SYNTH""}"
2026-10-04T20:01:31.822889+00:00,counter,marketdata.update.applied,1,"{""market"":""BTC-SYNTH""}"
2026-10-04T20:01:31.822920+00:00,counter,marketdata.update.applied,1,"{""market"":""BTC-SYNTH""}"
2026-10-04T20:01:31.822945+00:00,counter,marketdata.update.applied,1,"{""market"":""BTC-SYNTH""}"
2026-10-04T20:01:31.822965+00:00,counter,marketdata.update.applied,1,"{""market"":""BTC-SYNTH""}"
2026-10-04T20:01:31.822986+00:00,counter,marketdata.update.applied,1,"{""market"":""BTC-SYNTH""}"
2026-10-04T20:01:31.823006+00:00,counter,marketdata.update.applied,1,"{""market"":""BTC-SYNTH""}"
2026-10-04T20:01:31.823027+00:00,counter,marketdata.update.applied,1,"{""market"":""BTC-SYNTH""}"
2026-10-04T20:01:31.823046+00:00,counter,marketdata.update.applied,1,"{""market"":""BTC-SYNTH""}"
2026-10-04T20:01:31.823068+00:00,counter,marketdata.update.applied,1,"{""market"":""BTC-SYNTH""}"
2026-10-04T20:01:31.823087+00:00,counter,marketdata.update.applied,1,"{""market"":""BTC-SYNTH""}"
2026-10-04T20:01:31.823107+00:00,counter,marketdata.update.applied,1,"{""market"":""BTC-SYNTH""}"
2026-10-04T20:01:31.823124+00:00,counter,marketdata.update.applied,1,"{""market"":""BTC-SYNTH""}"
2026-10-04T20:01:31.823145+00:00,counter,marketdata.update.applied,1,"{""market"":""BTC-SYNTH""}"
2026-10-04T20:01:31.823163+00:00,counter,marketdata.update.applied,1,"{""market"":""BTC-SYNTH""}"
2026-10-04T20:01:31.823201+00:00,counter,marketdata.update.applied,1,"{""market"":""BTC-SYNTH""}"
2026-10-04T20:01:31.823221+00:00,counter,marketdata.update.applied,1,"{""market"":""BTC-SYNTH""}"
2026-10-04T20:01:31.823240+00:00,counter,marketdata.update.applied,1,"{""market"":""BTC-SYNTH""}"
2026-10-04T20:01:31.823258+00:00,counter,marketdata.update.applied,1,"{""market"":""BTC-SYNTH""}"
2026-10-04T20:01:31.823279+00:00,counter,marketdata.update.applied,1,"{""market"":""BTC-SYNTH""}"
2026-10-04T20:01:31.823298+00:00,counter,marketdata.update.applied,1,"{""market"":""BTC-SYNTH""}"
2026-10-04T20:01:31.823319+00:00,counter,marketdata.update.applied,1,"{""market"":""BTC-SYNTH""}"
2026-10-04T20:01:31.823339+00:00,counter,marketdata.update.applied,1,"{""market"":""BTC-SYNTH""}"
2026-10-04T20:01:31.823361+00:00,counter,marketdata.update.applied,1,"{""market"":""BTC-SYNTH""}"
2026-10-04T20:01:31.823383+00:00,counter,marketdata.update.applied,1,"{""market"":""BTC-SYNTH""}"
2026-10-04T20:01:31.823409+00:00,counter,marketdata.update.applied,1,"{""market"":""BTC-SYNTH""}"
2026-10-04T20:01:31.823425+00:00,counter,marketdata.update.applied,1,"{""market"":""BTC-SYNTH""}"
2026-10-04T20:01:31.823444+00:00,counter,marketdata.update.applied,1,"{""market"":""BTC-SYNTH""}"
2026-10-04T20:01:31.823550+00:00,counter,marketdata.update.applied,1,"{""market"":""BTC-SYNTH""}"
2026-10-04T20:01:31.823581+00:00,counter,marketdata.update.applied,1,"{""market"":""BTC-SYNTH""}"
2026-10-04T20:01:31.823599+00:00,counter,marketdata.update.applied,1,"{""market"":""BTC-SYNTH""}"
2026-10-04T20:01:31.823619+00:00,counter,marketdata.update.applied,1,"{""market"":""BTC-SYNTH""}"
2026-10-04T20:01:31.823636+00:00,counter,marketdata.update.applied,1,"{""market"":""BTC-SYNTH""}"
2026-10-04T20:01:31.823655+00:00,counter,marketdata.update.applied,1,"{""market"":""BTC-SYNTH""}"
2026-10-04T20:01:31.823672+00:00,counter,marketdata.update.applied,1,"{""market"":""BTC-SYNTH""}"
2026-10-04T20:01:31.954288+00:00,gauge,pricing.slices.attempted,3.0,"{""market"":""BTC-SYNTH"",""producer"":""svi-scipy""}"
2026-10-04T20:01:31.954324+00:00,gauge,pricing.slices.accepted,3.0,"{""market"":""BTC-SYNTH"",""producer"":""svi-scipy""}"
2026-10-04T20:01:31.954403+00:00,gauge,pricing.rmse_vol_bp,50.47259556366312,"{""market"":""BTC-SYNTH"",""producer"":""svi-scipy""}"
2026-10-04T20:01:31.954419+00:00,timing,pricing.cycle_ms,129.169,"{""market"":""BTC-SYNTH"",""producer"":""svi-scipy""}"
2026-10-04T20:01:31.954600+00:00,counter,bus.published,1,"{""topic"":""surface.BTC-SYNTH.svi-scipy""}"
2026-10-04T20:01:31.954641+00:00,counter,runner.handled,1,"{""subscriber"":""svi-scipy@BTC-SYNTH""}"
2026-10-04T20:01:31.954736+00:00,counter,risk.surface.received,1,"{""market"":""BTC-SYNTH"",""producer"":""svi-scipy"",""status"":""OK""}"
2026-10-04T20:01:31.954751+00:00,timing,risk.surface.snapshot_to_surface_ms,1281.992,"{""market"":""BTC-SYNTH"",""producer"":""svi-scipy""}"
2026-10-04T20:01:31.954761+00:00,timing,risk.surface.delivery_lag_ms,0.482,"{""market"":""BTC-SYNTH"",""producer"":""svi-scipy""}"
2026-10-04T20:01:31.954775+00:00,gauge,risk.surface_age_seconds,1.282485,"{""market"":""BTC-SYNTH"",""producer"":""svi-scipy""}"
2026-10-04T20:01:31.954782+00:00,counter,risk.report.freshness,1,"{""decision"":""NORMAL"",""market"":""BTC-SYNTH"",""producer"":""svi-scipy""}"
2026-10-04T20:01:31.954833+00:00,gauge,risk.surface_age_seconds,2.280203,"{""market"":""BTC-SYNTH"",""producer"":""svi-jax""}"
2026-10-04T20:01:31.954844+00:00,counter,risk.report.freshness,1,"{""decision"":""NORMAL"",""market"":""BTC-SYNTH"",""producer"":""svi-jax""}"
2026-10-04T20:01:31.955007+00:00,gauge,risk.comparison.value_diff,72.46567177144243,"{""baseline"":""svi-scipy"",""challenger"":""svi-jax"",""market"":""BTC-SYNTH""}"
2026-10-04T20:01:31.955018+00:00,gauge,risk.comparison.distance_rms_vol_bp,184.6787665066883,"{""baseline"":""svi-scipy"",""challenger"":""svi-jax"",""market"":""BTC-SYNTH""}"
2026-10-04T20:01:31.955026+00:00,gauge,risk.comparison.distance_max_vol_bp,698.7367208519779,"{""baseline"":""svi-scipy"",""challenger"":""svi-jax"",""market"":""BTC-SYNTH""}"
2026-10-04T20:01:31.955037+00:00,gauge,risk.surface_age_seconds,1.282749,"{""market"":""BTC-SYNTH"",""producer"":""svi-scipy""}"
2026-10-04T20:01:31.955043+00:00,counter,risk.report.freshness,1,"{""decision"":""NORMAL"",""market"":""BTC-SYNTH"",""producer"":""svi-scipy""}"
2026-10-04T20:01:31.955065+00:00,counter,runner.handled,1,"{""subscriber"":""risk-svi-scipy@BTC-SYNTH""}"
2026-10-04T20:01:32.040392+00:00,gauge,pricing.slices.attempted,3.0,"{""market"":""BTC-SYNTH"",""producer"":""svi-jax""}"
2026-10-04T20:01:32.040427+00:00,gauge,pricing.slices.accepted,3.0,"{""market"":""BTC-SYNTH"",""producer"":""svi-jax""}"
2026-10-04T20:01:32.040515+00:00,gauge,pricing.rmse_vol_bp,50.47495911857335,"{""market"":""BTC-SYNTH"",""producer"":""svi-jax""}"
2026-10-04T20:01:32.040525+00:00,timing,pricing.cycle_ms,216.518,"{""market"":""BTC-SYNTH"",""producer"":""svi-jax""}"
2026-10-04T20:01:32.040745+00:00,counter,bus.published,1,"{""topic"":""surface.BTC-SYNTH.svi-jax""}"
2026-10-04T20:01:32.040788+00:00,counter,runner.handled,1,"{""subscriber"":""svi-jax@BTC-SYNTH""}"
2026-10-04T20:01:32.040893+00:00,counter,risk.surface.received,1,"{""market"":""BTC-SYNTH"",""producer"":""svi-jax"",""status"":""OK""}"
2026-10-04T20:01:32.040909+00:00,timing,risk.surface.snapshot_to_surface_ms,1368.092,"{""market"":""BTC-SYNTH"",""producer"":""svi-jax""}"
2026-10-04T20:01:32.040919+00:00,timing,risk.surface.delivery_lag_ms,0.54,"{""market"":""BTC-SYNTH"",""producer"":""svi-jax""}"
2026-10-04T20:01:32.040935+00:00,gauge,risk.surface_age_seconds,1.368644,"{""market"":""BTC-SYNTH"",""producer"":""svi-scipy""}"
2026-10-04T20:01:32.040943+00:00,counter,risk.report.freshness,1,"{""decision"":""NORMAL"",""market"":""BTC-SYNTH"",""producer"":""svi-scipy""}"
2026-10-04T20:01:32.040994+00:00,gauge,risk.surface_age_seconds,1.368706,"{""market"":""BTC-SYNTH"",""producer"":""svi-jax""}"
2026-10-04T20:01:32.041001+00:00,counter,risk.report.freshness,1,"{""decision"":""NORMAL"",""market"":""BTC-SYNTH"",""producer"":""svi-jax""}"
2026-10-04T20:01:32.041149+00:00,gauge,risk.comparison.value_diff,-2.8620881676433783,"{""baseline"":""svi-scipy"",""challenger"":""svi-jax"",""market"":""BTC-SYNTH""}"
2026-10-04T20:01:32.041161+00:00,gauge,risk.comparison.distance_rms_vol_bp,3.6855861654808684,"{""baseline"":""svi-scipy"",""challenger"":""svi-jax"",""market"":""BTC-SYNTH""}"
2026-10-04T20:01:32.041168+00:00,gauge,risk.comparison.distance_max_vol_bp,15.242896083478286,"{""baseline"":""svi-scipy"",""challenger"":""svi-jax"",""market"":""BTC-SYNTH""}"
2026-10-04T20:01:32.041179+00:00,gauge,risk.surface_age_seconds,1.368891,"{""market"":""BTC-SYNTH"",""producer"":""svi-jax""}"
2026-10-04T20:01:32.041189+00:00,counter,risk.report.freshness,1,"{""decision"":""NORMAL"",""market"":""BTC-SYNTH"",""producer"":""svi-jax""}"
2026-10-04T20:01:32.041205+00:00,counter,runner.handled,1,"{""subscriber"":""risk-svi-jax@BTC-SYNTH""}"
2026-10-04T20:01:32.876679+00:00,counter,marketdata.snapshot.published,1,"{""market"":""BTC-SYNTH""}"
2026-10-04T20:01:32.876797+00:00,gauge,marketdata.clock_skew_seconds,-1.201339,"{""market"":""BTC-SYNTH""}"
2026-10-04T20:01:32.876840+00:00,gauge,marketdata.coverage_ratio,1.0,"{""market"":""BTC-SYNTH""}"
2026-10-04T20:01:32.876873+00:00,gauge,marketdata.max_age_seconds,1.299002,"{""market"":""BTC-SYNTH""}"
2026-10-04T20:01:32.876914+00:00,counter,pipeline.heartbeat.emitted,1,"{""market"":""BTC-SYNTH""}"
2026-10-04T20:01:32.876957+00:00,counter,bus.published,1,"{""topic"":""snapshot.BTC-SYNTH""}"
2026-10-04T20:01:32.877186+00:00,counter,marketdata.update.applied,1,"{""market"":""BTC-SYNTH""}"
2026-10-04T20:01:32.877364+00:00,counter,marketdata.update.applied,1,"{""market"":""BTC-SYNTH""}"
2026-10-04T20:01:32.877478+00:00,counter,marketdata.update.applied,1,"{""market"":""BTC-SYNTH""}"
2026-10-04T20:01:32.877558+00:00,counter,marketdata.update.applied,1,"{""market"":""BTC-SYNTH""}"
2026-10-04T20:01:32.877634+00:00,counter,marketdata.update.applied,1,"{""market"":""BTC-SYNTH""}"
2026-10-04T20:01:32.877696+00:00,counter,marketdata.update.applied,1,"{""market"":""BTC-SYNTH""}"
2026-10-04T20:01:32.877759+00:00,counter,marketdata.update.applied,1,"{""market"":""BTC-SYNTH""}"
2026-10-04T20:01:32.877817+00:00,counter,marketdata.update.applied,1,"{""market"":""BTC-SYNTH""}"
2026-10-04T20:01:32.877879+00:00,counter,marketdata.update.applied,1,"{""market"":""BTC-SYNTH""}"
2026-10-04T20:01:32.877936+00:00,counter,marketdata.update.applied,1,"{""market"":""BTC-SYNTH""}"
2026-10-04T20:01:32.877999+00:00,counter,marketdata.update.applied,1,"{""market"":""BTC-SYNTH""}"
2026-10-04T20:01:32.878057+00:00,counter,marketdata.update.applied,1,"{""market"":""BTC-SYNTH""}"
2026-10-04T20:01:32.878119+00:00,counter,marketdata.update.applied,1,"{""market"":""BTC-SYNTH""}"
2026-10-04T20:01:32.878176+00:00,counter,marketdata.update.applied,1,"{""market"":""BTC-SYNTH""}"
2026-10-04T20:01:32.878239+00:00,counter,marketdata.update.applied,1,"{""market"":""BTC-SYNTH""}"
2026-10-04T20:01:32.878295+00:00,counter,marketdata.update.applied,1,"{""market"":""BTC-SYNTH""}"
2026-10-04T20:01:32.878411+00:00,counter,marketdata.update.applied,1,"{""market"":""BTC-SYNTH""}"
2026-10-04T20:01:32.878484+00:00,counter,marketdata.update.applied,1,"{""market"":""BTC-SYNTH""}"
2026-10-04T20:01:32.878548+00:00,counter,marketdata.update.applied,1,"{""market"":""BTC-SYNTH""}"
2026-10-04T20:01:32.878683+00:00,counter,marketdata.update.applied,1,"{""market"":""BTC-SYNTH""}"
2026-10-04T20:01:32.878744+00:00,counter,marketdata.update.applied,1,"{""market"":""BTC-SYNTH""}"
2026-10-04T20:01:32.878799+00:00,counter,marketdata.update.applied,1,"{""market"":""BTC-SYNTH""}"
2026-10-04T20:01:32.878872+00:00,counter,marketdata.update.applied,1,"{""market"":""BTC-SYNTH""}"
2026-10-04T20:01:32.878922+00:00,counter,marketdata.update.applied,1,"{""market"":""BTC-SYNTH""}"
2026-10-04T20:01:32.878975+00:00,counter,marketdata.update.applied,1,"{""market"":""BTC-SYNTH""}"
2026-10-04T20:01:32.879024+00:00,counter,marketdata.update.applied,1,"{""market"":""BTC-SYNTH""}"
2026-10-04T20:01:32.879078+00:00,counter,marketdata.update.applied,1,"{""market"":""BTC-SYNTH""}"
2026-10-04T20:01:32.879127+00:00,counter,marketdata.update.applied,1,"{""market"":""BTC-SYNTH""}"
2026-10-04T20:01:32.879180+00:00,counter,marketdata.update.applied,1,"{""market"":""BTC-SYNTH""}"
2026-10-04T20:01:32.879229+00:00,counter,marketdata.update.applied,1,"{""market"":""BTC-SYNTH""}"
2026-10-04T20:01:32.879281+00:00,counter,marketdata.update.applied,1,"{""market"":""BTC-SYNTH""}"
2026-10-04T20:01:32.879329+00:00,counter,marketdata.update.applied,1,"{""market"":""BTC-SYNTH""}"
2026-10-04T20:01:32.879381+00:00,counter,marketdata.update.applied,1,"{""market"":""BTC-SYNTH""}"
2026-10-04T20:01:32.879453+00:00,counter,marketdata.update.applied,1,"{""market"":""BTC-SYNTH""}"
2026-10-04T20:01:32.879531+00:00,counter,marketdata.update.applied,1,"{""market"":""BTC-SYNTH""}"
2026-10-04T20:01:32.879579+00:00,counter,marketdata.update.applied,1,"{""market"":""BTC-SYNTH""}"
2026-10-04T20:01:32.879626+00:00,counter,marketdata.update.applied,1,"{""market"":""BTC-SYNTH""}"
2026-10-04T20:01:32.879670+00:00,counter,marketdata.update.applied,1,"{""market"":""BTC-SYNTH""}"
2026-10-04T20:01:32.879718+00:00,counter,marketdata.update.applied,1,"{""market"":""BTC-SYNTH""}"
2026-10-04T20:01:32.879760+00:00,counter,marketdata.update.applied,1,"{""market"":""BTC-SYNTH""}"
2026-10-04T20:01:32.879805+00:00,counter,marketdata.update.applied,1,"{""market"":""BTC-SYNTH""}"
2026-10-04T20:01:32.879847+00:00,counter,marketdata.update.applied,1,"{""market"":""BTC-SYNTH""}"
2026-10-04T20:01:32.879894+00:00,counter,marketdata.update.applied,1,"{""market"":""BTC-SYNTH""}"
2026-10-04T20:01:32.879936+00:00,counter,marketdata.update.applied,1,"{""market"":""BTC-SYNTH""}"
2026-10-04T20:01:32.879984+00:00,counter,marketdata.update.applied,1,"{""market"":""BTC-SYNTH""}"
2026-10-04T20:01:32.880049+00:00,counter,marketdata.update.applied,1,"{""market"":""BTC-SYNTH""}"
2026-10-04T20:01:32.880098+00:00,counter,marketdata.update.applied,1,"{""market"":""BTC-SYNTH""}"
2026-10-04T20:01:32.880140+00:00,counter,marketdata.update.applied,1,"{""market"":""BTC-SYNTH""}"
2026-10-04T20:01:32.880184+00:00,counter,marketdata.update.applied,1,"{""market"":""BTC-SYNTH""}"
2026-10-04T20:01:32.880225+00:00,counter,marketdata.update.applied,1,"{""market"":""BTC-SYNTH""}"
2026-10-04T20:01:32.880271+00:00,counter,marketdata.update.applied,1,"{""market"":""BTC-SYNTH""}"
2026-10-04T20:01:32.880313+00:00,counter,marketdata.update.applied,1,"{""market"":""BTC-SYNTH""}"
2026-10-04T20:01:32.880373+00:00,counter,marketdata.update.applied,1,"{""market"":""BTC-SYNTH""}"
2026-10-04T20:01:32.880417+00:00,counter,marketdata.update.applied,1,"{""market"":""BTC-SYNTH""}"
2026-10-04T20:01:32.880485+00:00,counter,marketdata.update.applied,1,"{""market"":""BTC-SYNTH""}"
2026-10-04T20:01:32.880579+00:00,counter,marketdata.update.applied,1,"{""market"":""BTC-SYNTH""}"
2026-10-04T20:01:32.880638+00:00,counter,marketdata.update.applied,1,"{""market"":""BTC-SYNTH""}"
2026-10-04T20:01:32.880676+00:00,counter,marketdata.update.applied,1,"{""market"":""BTC-SYNTH""}"
2026-10-04T20:01:32.880715+00:00,counter,marketdata.update.applied,1,"{""market"":""BTC-SYNTH""}"
2026-10-04T20:01:32.880749+00:00,counter,marketdata.update.applied,1,"{""market"":""BTC-SYNTH""}"
2026-10-04T20:01:32.880786+00:00,counter,marketdata.update.applied,1,"{""market"":""BTC-SYNTH""}"
2026-10-04T20:01:32.880819+00:00,counter,marketdata.update.applied,1,"{""market"":""BTC-SYNTH""}"
2026-10-04T20:01:32.880856+00:00,counter,marketdata.update.applied,1,"{""market"":""BTC-SYNTH""}"
2026-10-04T20:01:32.880890+00:00,counter,marketdata.update.applied,1,"{""market"":""BTC-SYNTH""}"
2026-10-04T20:01:32.880926+00:00,counter,marketdata.update.applied,1,"{""market"":""BTC-SYNTH""}"
2026-10-04T20:01:32.880961+00:00,counter,marketdata.update.applied,1,"{""market"":""BTC-SYNTH""}"
2026-10-04T20:01:33.040111+00:00,gauge,pricing.slices.attempted,3.0,"{""market"":""BTC-SYNTH"",""producer"":""svi-scipy""}"
2026-10-04T20:01:33.040145+00:00,gauge,pricing.slices.accepted,3.0,"{""market"":""BTC-SYNTH"",""producer"":""svi-scipy""}"
2026-10-04T20:01:33.040224+00:00,gauge,pricing.rmse_vol_bp,36.58791462747774,"{""market"":""BTC-SYNTH"",""producer"":""svi-scipy""}"
2026-10-04T20:01:33.040237+00:00,timing,pricing.cycle_ms,158.856,"{""market"":""BTC-SYNTH"",""producer"":""svi-scipy""}"
2026-10-04T20:01:33.040549+00:00,counter,bus.published,1,"{""topic"":""surface.BTC-SYNTH.svi-scipy""}"
2026-10-04T20:01:33.040587+00:00,counter,runner.handled,1,"{""subscriber"":""svi-scipy@BTC-SYNTH""}"
2026-10-04T20:01:33.040685+00:00,counter,risk.surface.received,1,"{""market"":""BTC-SYNTH"",""producer"":""svi-scipy"",""status"":""OK""}"
2026-10-04T20:01:33.040700+00:00,timing,risk.surface.snapshot_to_surface_ms,1367.277,"{""market"":""BTC-SYNTH"",""producer"":""svi-scipy""}"
2026-10-04T20:01:33.040710+00:00,timing,risk.surface.delivery_lag_ms,0.609,"{""market"":""BTC-SYNTH"",""producer"":""svi-scipy""}"
2026-10-04T20:01:33.040725+00:00,gauge,risk.surface_age_seconds,1.367897,"{""market"":""BTC-SYNTH"",""producer"":""svi-scipy""}"
2026-10-04T20:01:33.040732+00:00,counter,risk.report.freshness,1,"{""decision"":""NORMAL"",""market"":""BTC-SYNTH"",""producer"":""svi-scipy""}"
2026-10-04T20:01:33.040773+00:00,gauge,risk.surface_age_seconds,2.368486,"{""market"":""BTC-SYNTH"",""producer"":""svi-jax""}"
2026-10-04T20:01:33.040780+00:00,counter,risk.report.freshness,1,"{""decision"":""NORMAL"",""market"":""BTC-SYNTH"",""producer"":""svi-jax""}"
2026-10-04T20:01:33.040938+00:00,gauge,risk.comparison.value_diff,-33.78491283780386,"{""baseline"":""svi-scipy"",""challenger"":""svi-jax"",""market"":""BTC-SYNTH""}"
2026-10-04T20:01:33.040948+00:00,gauge,risk.comparison.distance_rms_vol_bp,118.30365962290357,"{""baseline"":""svi-scipy"",""challenger"":""svi-jax"",""market"":""BTC-SYNTH""}"
2026-10-04T20:01:33.040954+00:00,gauge,risk.comparison.distance_max_vol_bp,413.7317602531587,"{""baseline"":""svi-scipy"",""challenger"":""svi-jax"",""market"":""BTC-SYNTH""}"
2026-10-04T20:01:33.040980+00:00,gauge,risk.surface_age_seconds,1.368155,"{""market"":""BTC-SYNTH"",""producer"":""svi-scipy""}"
2026-10-04T20:01:33.040986+00:00,counter,risk.report.freshness,1,"{""decision"":""NORMAL"",""market"":""BTC-SYNTH"",""producer"":""svi-scipy""}"
2026-10-04T20:01:33.041007+00:00,counter,runner.handled,1,"{""subscriber"":""risk-svi-scipy@BTC-SYNTH""}"
2026-10-04T20:01:33.490956+00:00,gauge,pricing.slices.attempted,3.0,"{""market"":""BTC-SYNTH"",""producer"":""svi-jax""}"
2026-10-04T20:01:33.491009+00:00,gauge,pricing.slices.accepted,3.0,"{""market"":""BTC-SYNTH"",""producer"":""svi-jax""}"
2026-10-04T20:01:33.491100+00:00,gauge,pricing.rmse_vol_bp,40.20501763508499,"{""market"":""BTC-SYNTH"",""producer"":""svi-jax""}"
2026-10-04T20:01:33.491111+00:00,timing,pricing.cycle_ms,607.028,"{""market"":""BTC-SYNTH"",""producer"":""svi-jax""}"
2026-10-04T20:01:33.491300+00:00,counter,bus.published,1,"{""topic"":""surface.BTC-SYNTH.svi-jax""}"
2026-10-04T20:01:33.491335+00:00,counter,runner.handled,1,"{""subscriber"":""svi-jax@BTC-SYNTH""}"
2026-10-04T20:01:33.491422+00:00,counter,risk.surface.received,1,"{""market"":""BTC-SYNTH"",""producer"":""svi-jax"",""status"":""OK""}"
2026-10-04T20:01:33.491434+00:00,timing,risk.surface.snapshot_to_surface_ms,1818.1190000000001,"{""market"":""BTC-SYNTH"",""producer"":""svi-jax""}"
2026-10-04T20:01:33.491442+00:00,timing,risk.surface.delivery_lag_ms,0.5,"{""market"":""BTC-SYNTH"",""producer"":""svi-jax""}"
2026-10-04T20:01:33.491499+00:00,gauge,risk.surface_age_seconds,1.818672,"{""market"":""BTC-SYNTH"",""producer"":""svi-scipy""}"
2026-10-04T20:01:33.491506+00:00,counter,risk.report.freshness,1,"{""decision"":""NORMAL"",""market"":""BTC-SYNTH"",""producer"":""svi-scipy""}"
2026-10-04T20:01:33.491547+00:00,gauge,risk.surface_age_seconds,1.818722,"{""market"":""BTC-SYNTH"",""producer"":""svi-jax""}"
2026-10-04T20:01:33.491552+00:00,counter,risk.report.freshness,1,"{""decision"":""NORMAL"",""market"":""BTC-SYNTH"",""producer"":""svi-jax""}"
2026-10-04T20:01:33.491663+00:00,gauge,risk.comparison.value_diff,-13.30557506290279,"{""baseline"":""svi-scipy"",""challenger"":""svi-jax"",""market"":""BTC-SYNTH""}"
2026-10-04T20:01:33.491670+00:00,gauge,risk.comparison.distance_rms_vol_bp,76.63554325222175,"{""baseline"":""svi-scipy"",""challenger"":""svi-jax"",""market"":""BTC-SYNTH""}"
2026-10-04T20:01:33.491675+00:00,gauge,risk.comparison.distance_max_vol_bp,404.8494636344124,"{""baseline"":""svi-scipy"",""challenger"":""svi-jax"",""market"":""BTC-SYNTH""}"
2026-10-04T20:01:33.491683+00:00,gauge,risk.surface_age_seconds,1.818859,"{""market"":""BTC-SYNTH"",""producer"":""svi-jax""}"
2026-10-04T20:01:33.491687+00:00,counter,risk.report.freshness,1,"{""decision"":""NORMAL"",""market"":""BTC-SYNTH"",""producer"":""svi-jax""}"
2026-10-04T20:01:33.491702+00:00,counter,runner.handled,1,"{""subscriber"":""risk-svi-jax@BTC-SYNTH""}"
2026-10-04T20:01:33.880857+00:00,counter,marketdata.snapshot.published,1,"{""market"":""BTC-SYNTH""}"
2026-10-04T20:01:33.880954+00:00,gauge,marketdata.clock_skew_seconds,-1.205636,"{""market"":""BTC-SYNTH""}"
2026-10-04T20:01:33.880993+00:00,gauge,marketdata.coverage_ratio,0.9848484848484849,"{""market"":""BTC-SYNTH""}"
2026-10-04T20:01:33.881022+00:00,gauge,marketdata.max_age_seconds,1.304025,"{""market"":""BTC-SYNTH""}"
2026-10-04T20:01:33.881055+00:00,counter,pipeline.heartbeat.emitted,1,"{""market"":""BTC-SYNTH""}"
2026-10-04T20:01:33.881094+00:00,counter,bus.published,1,"{""topic"":""snapshot.BTC-SYNTH""}"
2026-10-04T20:01:33.881744+00:00,counter,marketdata.update.applied,1,"{""market"":""BTC-SYNTH""}"
2026-10-04T20:01:33.881837+00:00,counter,marketdata.update.applied,1,"{""market"":""BTC-SYNTH""}"
2026-10-04T20:01:33.881918+00:00,counter,marketdata.update.applied,1,"{""market"":""BTC-SYNTH""}"
2026-10-04T20:01:33.881983+00:00,counter,marketdata.update.applied,1,"{""market"":""BTC-SYNTH""}"
2026-10-04T20:01:33.882049+00:00,counter,marketdata.update.applied,1,"{""market"":""BTC-SYNTH""}"
2026-10-04T20:01:33.882107+00:00,counter,marketdata.update.applied,1,"{""market"":""BTC-SYNTH""}"
2026-10-04T20:01:33.882172+00:00,counter,marketdata.update.applied,1,"{""market"":""BTC-SYNTH""}"
2026-10-04T20:01:33.882230+00:00,counter,marketdata.update.applied,1,"{""market"":""BTC-SYNTH""}"
2026-10-04T20:01:33.882298+00:00,counter,marketdata.update.applied,1,"{""market"":""BTC-SYNTH""}"
2026-10-04T20:01:33.882416+00:00,counter,marketdata.update.applied,1,"{""market"":""BTC-SYNTH""}"
2026-10-04T20:01:33.882497+00:00,counter,marketdata.update.applied,1,"{""market"":""BTC-SYNTH""}"
2026-10-04T20:01:33.882558+00:00,counter,marketdata.update.applied,1,"{""market"":""BTC-SYNTH""}"
2026-10-04T20:01:33.882618+00:00,counter,marketdata.update.applied,1,"{""market"":""BTC-SYNTH""}"
2026-10-04T20:01:33.882675+00:00,counter,marketdata.update.applied,1,"{""market"":""BTC-SYNTH""}"
2026-10-04T20:01:33.882735+00:00,counter,marketdata.update.applied,1,"{""market"":""BTC-SYNTH""}"
2026-10-04T20:01:33.882788+00:00,counter,marketdata.update.applied,1,"{""market"":""BTC-SYNTH""}"
2026-10-04T20:01:33.882845+00:00,counter,marketdata.update.applied,1,"{""market"":""BTC-SYNTH""}"
2026-10-04T20:01:33.882931+00:00,counter,marketdata.update.applied,1,"{""market"":""BTC-SYNTH""}"
2026-10-04T20:01:33.882992+00:00,counter,marketdata.update.applied,1,"{""market"":""BTC-SYNTH""}"
2026-10-04T20:01:33.883046+00:00,counter,marketdata.update.applied,1,"{""market"":""BTC-SYNTH""}"
2026-10-04T20:01:33.883104+00:00,counter,marketdata.update.applied,1,"{""market"":""BTC-SYNTH""}"
2026-10-04T20:01:33.883158+00:00,counter,marketdata.update.applied,1,"{""market"":""BTC-SYNTH""}"
2026-10-04T20:01:33.883236+00:00,counter,marketdata.update.applied,1,"{""market"":""BTC-SYNTH""}"
2026-10-04T20:01:33.883290+00:00,counter,marketdata.update.applied,1,"{""market"":""BTC-SYNTH""}"
2026-10-04T20:01:33.883347+00:00,counter,marketdata.update.applied,1,"{""market"":""BTC-SYNTH""}"
2026-10-04T20:01:33.883399+00:00,counter,marketdata.update.applied,1,"{""market"":""BTC-SYNTH""}"
2026-10-04T20:01:33.883503+00:00,counter,marketdata.update.applied,1,"{""market"":""BTC-SYNTH""}"
2026-10-04T20:01:33.883582+00:00,counter,marketdata.update.applied,1,"{""market"":""BTC-SYNTH""}"
2026-10-04T20:01:33.883647+00:00,counter,marketdata.update.applied,1,"{""market"":""BTC-SYNTH""}"
2026-10-04T20:01:33.883702+00:00,counter,marketdata.update.applied,1,"{""market"":""BTC-SYNTH""}"
2026-10-04T20:01:33.883762+00:00,counter,marketdata.update.applied,1,"{""market"":""BTC-SYNTH""}"
2026-10-04T20:01:33.883815+00:00,counter,marketdata.update.applied,1,"{""market"":""BTC-SYNTH""}"
2026-10-04T20:01:33.883872+00:00,counter,marketdata.update.applied,1,"{""market"":""BTC-SYNTH""}"
2026-10-04T20:01:33.883924+00:00,counter,marketdata.update.applied,1,"{""market"":""BTC-SYNTH""}"
2026-10-04T20:01:33.883982+00:00,counter,marketdata.update.applied,1,"{""market"":""BTC-SYNTH""}"
2026-10-04T20:01:33.884035+00:00,counter,marketdata.update.applied,1,"{""market"":""BTC-SYNTH""}"
2026-10-04T20:01:33.884091+00:00,counter,marketdata.update.applied,1,"{""market"":""BTC-SYNTH""}"
2026-10-04T20:01:33.884143+00:00,counter,marketdata.update.applied,1,"{""market"":""BTC-SYNTH""}"
2026-10-04T20:01:33.884173+00:00,counter,marketdata.update.applied,1,"{""market"":""BTC-SYNTH""}"
2026-10-04T20:01:33.884194+00:00,counter,marketdata.update.applied,1,"{""market"":""BTC-SYNTH""}"
2026-10-04T20:01:33.884215+00:00,counter,marketdata.update.applied,1,"{""market"":""BTC-SYNTH""}"
2026-10-04T20:01:33.884235+00:00,counter,marketdata.update.applied,1,"{""market"":""BTC-SYNTH""}"
2026-10-04T20:01:33.884258+00:00,counter,marketdata.update.applied,1,"{""market"":""BTC-SYNTH""}"
2026-10-04T20:01:33.884278+00:00,counter,marketdata.update.applied,1,"{""market"":""BTC-SYNTH""}"
2026-10-04T20:01:33.884301+00:00,counter,marketdata.update.applied,1,"{""market"":""BTC-SYNTH""}"
2026-10-04T20:01:33.884322+00:00,counter,marketdata.update.applied,1,"{""market"":""BTC-SYNTH""}"
2026-10-04T20:01:33.884344+00:00,counter,marketdata.update.applied,1,"{""market"":""BTC-SYNTH""}"
2026-10-04T20:01:33.884388+00:00,counter,marketdata.update.applied,1,"{""market"":""BTC-SYNTH""}"
2026-10-04T20:01:33.884419+00:00,counter,marketdata.update.applied,1,"{""market"":""BTC-SYNTH""}"
2026-10-04T20:01:33.884442+00:00,counter,marketdata.update.applied,1,"{""market"":""BTC-SYNTH""}"
2026-10-04T20:01:33.884500+00:00,counter,marketdata.update.applied,1,"{""market"":""BTC-SYNTH""}"
2026-10-04T20:01:33.884530+00:00,counter,marketdata.update.applied,1,"{""market"":""BTC-SYNTH""}"
2026-10-04T20:01:33.884560+00:00,counter,marketdata.update.applied,1,"{""market"":""BTC-SYNTH""}"
2026-10-04T20:01:33.884598+00:00,counter,marketdata.update.applied,1,"{""market"":""BTC-SYNTH""}"
2026-10-04T20:01:33.884632+00:00,counter,marketdata.update.applied,1,"{""market"":""BTC-SYNTH""}"
2026-10-04T20:01:33.884656+00:00,counter,marketdata.update.applied,1,"{""market"":""BTC-SYNTH""}"
2026-10-04T20:01:33.884679+00:00,counter,marketdata.update.applied,1,"{""market"":""BTC-SYNTH""}"
2026-10-04T20:01:33.884700+00:00,counter,marketdata.update.applied,1,"{""market"":""BTC-SYNTH""}"
2026-10-04T20:01:33.884723+00:00,counter,marketdata.update.applied,1,"{""market"":""BTC-SYNTH""}"
2026-10-04T20:01:33.884744+00:00,counter,marketdata.update.applied,1,"{""market"":""BTC-SYNTH""}"
2026-10-04T20:01:33.884766+00:00,counter,marketdata.update.applied,1,"{""market"":""BTC-SYNTH""}"
2026-10-04T20:01:33.884789+00:00,counter,marketdata.update.applied,1,"{""market"":""BTC-SYNTH""}"
2026-10-04T20:01:33.884811+00:00,counter,marketdata.update.applied,1,"{""market"":""BTC-SYNTH""}"
2026-10-04T20:01:33.884905+00:00,counter,marketdata.update.applied,1,"{""market"":""BTC-SYNTH""}"
2026-10-04T20:01:33.884935+00:00,counter,marketdata.update.applied,1,"{""market"":""BTC-SYNTH""}"
2026-10-04T20:01:33.884958+00:00,counter,marketdata.update.applied,1,"{""market"":""BTC-SYNTH""}"
2026-10-04T20:01:33.932039+00:00,gauge,pricing.slices.attempted,3.0,"{""market"":""BTC-SYNTH"",""producer"":""svi-jax""}"
2026-10-04T20:01:33.932076+00:00,gauge,pricing.slices.accepted,3.0,"{""market"":""BTC-SYNTH"",""producer"":""svi-jax""}"
2026-10-04T20:01:33.932150+00:00,gauge,pricing.rmse_vol_bp,38.288677732940336,"{""market"":""BTC-SYNTH"",""producer"":""svi-jax""}"
2026-10-04T20:01:33.932159+00:00,timing,pricing.cycle_ms,43.497,"{""market"":""BTC-SYNTH"",""producer"":""svi-jax""}"
2026-10-04T20:01:33.933915+00:00,counter,bus.published,1,"{""topic"":""surface.BTC-SYNTH.svi-jax""}"
2026-10-04T20:01:33.933951+00:00,counter,runner.handled,1,"{""subscriber"":""svi-jax@BTC-SYNTH""}"
2026-10-04T20:01:33.934045+00:00,counter,risk.surface.received,1,"{""market"":""BTC-SYNTH"",""producer"":""svi-jax"",""status"":""OK""}"
2026-10-04T20:01:33.934059+00:00,timing,risk.surface.snapshot_to_surface_ms,1258.724,"{""market"":""BTC-SYNTH"",""producer"":""svi-jax""}"
2026-10-04T20:01:33.934067+00:00,timing,risk.surface.delivery_lag_ms,2.038,"{""market"":""BTC-SYNTH"",""producer"":""svi-jax""}"
2026-10-04T20:01:33.934079+00:00,gauge,risk.surface_age_seconds,2.261253,"{""market"":""BTC-SYNTH"",""producer"":""svi-scipy""}"
2026-10-04T20:01:33.934085+00:00,counter,risk.report.freshness,1,"{""decision"":""NORMAL"",""market"":""BTC-SYNTH"",""producer"":""svi-scipy""}"
2026-10-04T20:01:33.934121+00:00,gauge,risk.surface_age_seconds,1.260815,"{""market"":""BTC-SYNTH"",""producer"":""svi-jax""}"
2026-10-04T20:01:33.934126+00:00,counter,risk.report.freshness,1,"{""decision"":""NORMAL"",""market"":""BTC-SYNTH"",""producer"":""svi-jax""}"
2026-10-04T20:01:33.934263+00:00,gauge,risk.comparison.value_diff,-39.27191836716156,"{""baseline"":""svi-scipy"",""challenger"":""svi-jax"",""market"":""BTC-SYNTH""}"
2026-10-04T20:01:33.934272+00:00,gauge,risk.comparison.distance_rms_vol_bp,124.28487406787643,"{""baseline"":""svi-scipy"",""challenger"":""svi-jax"",""market"":""BTC-SYNTH""}"
2026-10-04T20:01:33.934279+00:00,gauge,risk.comparison.distance_max_vol_bp,511.79351417015795,"{""baseline"":""svi-scipy"",""challenger"":""svi-jax"",""market"":""BTC-SYNTH""}"
2026-10-04T20:01:33.934288+00:00,gauge,risk.surface_age_seconds,1.260982,"{""market"":""BTC-SYNTH"",""producer"":""svi-jax""}"
2026-10-04T20:01:33.934293+00:00,counter,risk.report.freshness,1,"{""decision"":""NORMAL"",""market"":""BTC-SYNTH"",""producer"":""svi-jax""}"
2026-10-04T20:01:33.934310+00:00,counter,runner.handled,1,"{""subscriber"":""risk-svi-jax@BTC-SYNTH""}"
2026-10-04T20:01:33.936948+00:00,gauge,pricing.slices.attempted,3.0,"{""market"":""BTC-SYNTH"",""producer"":""svi-scipy""}"
2026-10-04T20:01:33.936965+00:00,gauge,pricing.slices.accepted,3.0,"{""market"":""BTC-SYNTH"",""producer"":""svi-scipy""}"
2026-10-04T20:01:33.937015+00:00,gauge,pricing.rmse_vol_bp,37.6736995222925,"{""market"":""BTC-SYNTH"",""producer"":""svi-scipy""}"
2026-10-04T20:01:33.937023+00:00,timing,pricing.cycle_ms,51.822,"{""market"":""BTC-SYNTH"",""producer"":""svi-scipy""}"
2026-10-04T20:01:33.937156+00:00,counter,bus.published,1,"{""topic"":""surface.BTC-SYNTH.svi-scipy""}"
2026-10-04T20:01:33.937180+00:00,counter,runner.handled,1,"{""subscriber"":""svi-scipy@BTC-SYNTH""}"
2026-10-04T20:01:33.937329+00:00,counter,risk.surface.received,1,"{""market"":""BTC-SYNTH"",""producer"":""svi-scipy"",""status"":""OK""}"
2026-10-04T20:01:33.937354+00:00,timing,risk.surface.snapshot_to_surface_ms,1263.6380000000001,"{""market"":""BTC-SYNTH"",""producer"":""svi-scipy""}"
2026-10-04T20:01:33.937363+00:00,timing,risk.surface.delivery_lag_ms,0.42000000000000004,"{""market"":""BTC-SYNTH"",""producer"":""svi-scipy""}"
2026-10-04T20:01:33.937375+00:00,gauge,risk.surface_age_seconds,1.264066,"{""market"":""BTC-SYNTH"",""producer"":""svi-scipy""}"
2026-10-04T20:01:33.937381+00:00,counter,risk.report.freshness,1,"{""decision"":""NORMAL"",""market"":""BTC-SYNTH"",""producer"":""svi-scipy""}"
2026-10-04T20:01:33.937413+00:00,gauge,risk.surface_age_seconds,1.264106,"{""market"":""BTC-SYNTH"",""producer"":""svi-jax""}"
2026-10-04T20:01:33.937419+00:00,counter,risk.report.freshness,1,"{""decision"":""NORMAL"",""market"":""BTC-SYNTH"",""producer"":""svi-jax""}"
2026-10-04T20:01:33.937524+00:00,gauge,risk.comparison.value_diff,-2.020255828745576,"{""baseline"":""svi-scipy"",""challenger"":""svi-jax"",""market"":""BTC-SYNTH""}"
2026-10-04T20:01:33.937532+00:00,gauge,risk.comparison.distance_rms_vol_bp,15.863882752740897,"{""baseline"":""svi-scipy"",""challenger"":""svi-jax"",""market"":""BTC-SYNTH""}"
2026-10-04T20:01:33.937538+00:00,gauge,risk.comparison.distance_max_vol_bp,56.60672122202115,"{""baseline"":""svi-scipy"",""challenger"":""svi-jax"",""market"":""BTC-SYNTH""}"
2026-10-04T20:01:33.937546+00:00,gauge,risk.surface_age_seconds,1.26424,"{""market"":""BTC-SYNTH"",""producer"":""svi-scipy""}"
2026-10-04T20:01:33.937550+00:00,counter,risk.report.freshness,1,"{""decision"":""NORMAL"",""market"":""BTC-SYNTH"",""producer"":""svi-scipy""}"
2026-10-04T20:01:33.937567+00:00,counter,runner.handled,1,"{""subscriber"":""risk-svi-scipy@BTC-SYNTH""}"
2026-10-04T20:01:34.905289+00:00,counter,marketdata.snapshot.published,1,"{""market"":""BTC-SYNTH""}"
2026-10-04T20:01:34.905383+00:00,gauge,marketdata.clock_skew_seconds,-1.229261,"{""market"":""BTC-SYNTH""}"
2026-10-04T20:01:34.905418+00:00,gauge,marketdata.coverage_ratio,1.0,"{""market"":""BTC-SYNTH""}"
2026-10-04T20:01:34.905445+00:00,gauge,marketdata.max_age_seconds,1.328433,"{""market"":""BTC-SYNTH""}"
2026-10-04T20:01:34.905479+00:00,counter,pipeline.heartbeat.emitted,1,"{""market"":""BTC-SYNTH""}"
2026-10-04T20:01:34.905516+00:00,counter,bus.published,1,"{""topic"":""snapshot.BTC-SYNTH""}"
2026-10-04T20:01:34.905722+00:00,counter,marketdata.update.applied,1,"{""market"":""BTC-SYNTH""}"
2026-10-04T20:01:34.905791+00:00,counter,marketdata.update.applied,1,"{""market"":""BTC-SYNTH""}"
2026-10-04T20:01:34.905973+00:00,counter,marketdata.update.applied,1,"{""market"":""BTC-SYNTH""}"
2026-10-04T20:01:34.906058+00:00,counter,marketdata.update.applied,1,"{""market"":""BTC-SYNTH""}"
2026-10-04T20:01:34.906123+00:00,counter,marketdata.update.applied,1,"{""market"":""BTC-SYNTH""}"
2026-10-04T20:01:34.906179+00:00,counter,marketdata.update.applied,1,"{""market"":""BTC-SYNTH""}"
2026-10-04T20:01:34.906238+00:00,counter,marketdata.update.applied,1,"{""market"":""BTC-SYNTH""}"
2026-10-04T20:01:34.906289+00:00,counter,marketdata.update.applied,1,"{""market"":""BTC-SYNTH""}"
2026-10-04T20:01:34.906342+00:00,counter,marketdata.update.applied,1,"{""market"":""BTC-SYNTH""}"
2026-10-04T20:01:34.906391+00:00,counter,marketdata.update.applied,1,"{""market"":""BTC-SYNTH""}"
2026-10-04T20:01:34.906446+00:00,counter,marketdata.update.applied,1,"{""market"":""BTC-SYNTH""}"
2026-10-04T20:01:34.906494+00:00,counter,marketdata.update.applied,1,"{""market"":""BTC-SYNTH""}"
2026-10-04T20:01:34.906547+00:00,counter,marketdata.update.applied,1,"{""market"":""BTC-SYNTH""}"
2026-10-04T20:01:34.906595+00:00,counter,marketdata.update.applied,1,"{""market"":""BTC-SYNTH""}"
2026-10-04T20:01:34.906648+00:00,counter,marketdata.update.applied,1,"{""market"":""BTC-SYNTH""}"
2026-10-04T20:01:34.906695+00:00,counter,marketdata.update.applied,1,"{""market"":""BTC-SYNTH""}"
2026-10-04T20:01:34.906745+00:00,counter,marketdata.update.applied,1,"{""market"":""BTC-SYNTH""}"
2026-10-04T20:01:34.906791+00:00,counter,marketdata.update.applied,1,"{""market"":""BTC-SYNTH""}"
2026-10-04T20:01:34.906844+00:00,counter,marketdata.update.applied,1,"{""market"":""BTC-SYNTH""}"
2026-10-04T20:01:34.906891+00:00,counter,marketdata.update.applied,1,"{""market"":""BTC-SYNTH""}"
2026-10-04T20:01:34.907018+00:00,counter,marketdata.update.applied,1,"{""market"":""BTC-SYNTH""}"
2026-10-04T20:01:34.907090+00:00,counter,marketdata.update.applied,1,"{""market"":""BTC-SYNTH""}"
2026-10-04T20:01:34.907154+00:00,counter,marketdata.update.applied,1,"{""market"":""BTC-SYNTH""}"
2026-10-04T20:01:34.907291+00:00,counter,marketdata.update.applied,1,"{""market"":""BTC-SYNTH""}"
2026-10-04T20:01:34.907350+00:00,counter,marketdata.update.applied,1,"{""market"":""BTC-SYNTH""}"
2026-10-04T20:01:34.907401+00:00,counter,marketdata.update.applied,1,"{""market"":""BTC-SYNTH""}"
2026-10-04T20:01:34.907465+00:00,counter,marketdata.update.applied,1,"{""market"":""BTC-SYNTH""}"
2026-10-04T20:01:34.907527+00:00,counter,marketdata.update.applied,1,"{""market"":""BTC-SYNTH""}"
2026-10-04T20:01:34.907578+00:00,counter,marketdata.update.applied,1,"{""market"":""BTC-SYNTH""}"
2026-10-04T20:01:34.907623+00:00,counter,marketdata.update.applied,1,"{""market"":""BTC-SYNTH""}"
2026-10-04T20:01:34.907674+00:00,counter,marketdata.update.applied,1,"{""market"":""BTC-SYNTH""}"
2026-10-04T20:01:34.907720+00:00,counter,marketdata.update.applied,1,"{""market"":""BTC-SYNTH""}"
2026-10-04T20:01:34.907769+00:00,counter,marketdata.update.applied,1,"{""market"":""BTC-SYNTH""}"
2026-10-04T20:01:34.907813+00:00,counter,marketdata.update.applied,1,"{""market"":""BTC-SYNTH""}"
2026-10-04T20:01:34.907862+00:00,counter,marketdata.update.applied,1,"{""market"":""BTC-SYNTH""}"
2026-10-04T20:01:34.907906+00:00,counter,marketdata.update.applied,1,"{""market"":""BTC-SYNTH""}"
2026-10-04T20:01:34.907953+00:00,counter,marketdata.update.applied,1,"{""market"":""BTC-SYNTH""}"
2026-10-04T20:01:34.907997+00:00,counter,marketdata.update.applied,1,"{""market"":""BTC-SYNTH""}"
2026-10-04T20:01:34.908091+00:00,counter,marketdata.update.applied,1,"{""market"":""BTC-SYNTH""}"
2026-10-04T20:01:34.908152+00:00,counter,marketdata.update.applied,1,"{""market"":""BTC-SYNTH""}"
2026-10-04T20:01:34.908204+00:00,counter,marketdata.update.applied,1,"{""market"":""BTC-SYNTH""}"
2026-10-04T20:01:34.908245+00:00,counter,marketdata.update.applied,1,"{""market"":""BTC-SYNTH""}"
2026-10-04T20:01:34.908290+00:00,counter,marketdata.update.applied,1,"{""market"":""BTC-SYNTH""}"
2026-10-04T20:01:34.908331+00:00,counter,marketdata.update.applied,1,"{""market"":""BTC-SYNTH""}"
2026-10-04T20:01:34.908404+00:00,counter,marketdata.update.applied,1,"{""market"":""BTC-SYNTH""}"
2026-10-04T20:01:34.908514+00:00,counter,marketdata.update.applied,1,"{""market"":""BTC-SYNTH""}"
2026-10-04T20:01:34.908587+00:00,counter,marketdata.update.applied,1,"{""market"":""BTC-SYNTH""}"
2026-10-04T20:01:34.908631+00:00,counter,marketdata.update.applied,1,"{""market"":""BTC-SYNTH""}"
2026-10-04T20:01:34.908676+00:00,counter,marketdata.update.applied,1,"{""market"":""BTC-SYNTH""}"
2026-10-04T20:01:34.908713+00:00,counter,marketdata.update.applied,1,"{""market"":""BTC-SYNTH""}"
2026-10-04T20:01:34.908754+00:00,counter,marketdata.update.applied,1,"{""market"":""BTC-SYNTH""}"
2026-10-04T20:01:34.908791+00:00,counter,marketdata.update.applied,1,"{""market"":""BTC-SYNTH""}"
2026-10-04T20:01:34.908831+00:00,counter,marketdata.update.applied,1,"{""market"":""BTC-SYNTH""}"
2026-10-04T20:01:34.908867+00:00,counter,marketdata.update.applied,1,"{""market"":""BTC-SYNTH""}"
2026-10-04T20:01:34.908907+00:00,counter,marketdata.update.applied,1,"{""market"":""BTC-SYNTH""}"
2026-10-04T20:01:34.908944+00:00,counter,marketdata.update.applied,1,"{""market"":""BTC-SYNTH""}"
2026-10-04T20:01:34.908984+00:00,counter,marketdata.update.applied,1,"{""market"":""BTC-SYNTH""}"
2026-10-04T20:01:34.909021+00:00,counter,marketdata.update.applied,1,"{""market"":""BTC-SYNTH""}"
2026-10-04T20:01:34.909061+00:00,counter,marketdata.update.applied,1,"{""market"":""BTC-SYNTH""}"
2026-10-04T20:01:34.909097+00:00,counter,marketdata.update.applied,1,"{""market"":""BTC-SYNTH""}"
2026-10-04T20:01:34.909181+00:00,counter,marketdata.update.applied,1,"{""market"":""BTC-SYNTH""}"
2026-10-04T20:01:34.909229+00:00,counter,marketdata.update.applied,1,"{""market"":""BTC-SYNTH""}"
2026-10-04T20:01:34.909273+00:00,counter,marketdata.update.applied,1,"{""market"":""BTC-SYNTH""}"
2026-10-04T20:01:34.909310+00:00,counter,marketdata.update.applied,1,"{""market"":""BTC-SYNTH""}"
2026-10-04T20:01:34.909350+00:00,counter,marketdata.update.applied,1,"{""market"":""BTC-SYNTH""}"
2026-10-04T20:01:34.909387+00:00,counter,marketdata.update.applied,1,"{""market"":""BTC-SYNTH""}"
2026-10-04T20:01:35.003066+00:00,gauge,pricing.slices.attempted,3.0,"{""market"":""BTC-SYNTH"",""producer"":""svi-scipy""}"
2026-10-04T20:01:35.003098+00:00,gauge,pricing.slices.accepted,3.0,"{""market"":""BTC-SYNTH"",""producer"":""svi-scipy""}"
2026-10-04T20:01:35.003178+00:00,gauge,pricing.rmse_vol_bp,45.61536711337149,"{""market"":""BTC-SYNTH"",""producer"":""svi-scipy""}"
2026-10-04T20:01:35.003190+00:00,timing,pricing.cycle_ms,92.00800000000001,"{""market"":""BTC-SYNTH"",""producer"":""svi-scipy""}"
2026-10-04T20:01:35.003410+00:00,counter,bus.published,1,"{""topic"":""surface.BTC-SYNTH.svi-scipy""}"
2026-10-04T20:01:35.003510+00:00,counter,runner.handled,1,"{""subscriber"":""svi-scipy@BTC-SYNTH""}"
2026-10-04T20:01:35.003640+00:00,counter,risk.surface.received,1,"{""market"":""BTC-SYNTH"",""producer"":""svi-scipy"",""status"":""OK""}"
2026-10-04T20:01:35.003653+00:00,timing,risk.surface.snapshot_to_surface_ms,1328.658,"{""market"":""BTC-SYNTH"",""producer"":""svi-scipy""}"
2026-10-04T20:01:35.003661+00:00,timing,risk.surface.delivery_lag_ms,0.605,"{""market"":""BTC-SYNTH"",""producer"":""svi-scipy""}"
2026-10-04T20:01:35.003675+00:00,gauge,risk.surface_age_seconds,1.329273,"{""market"":""BTC-SYNTH"",""producer"":""svi-scipy""}"
2026-10-04T20:01:35.003682+00:00,counter,risk.report.freshness,1,"{""decision"":""NORMAL"",""market"":""BTC-SYNTH"",""producer"":""svi-scipy""}"
2026-10-04T20:01:35.003731+00:00,gauge,risk.surface_age_seconds,2.330425,"{""market"":""BTC-SYNTH"",""producer"":""svi-jax""}"
2026-10-04T20:01:35.003738+00:00,counter,risk.report.freshness,1,"{""decision"":""NORMAL"",""market"":""BTC-SYNTH"",""producer"":""svi-jax""}"
2026-10-04T20:01:35.003902+00:00,gauge,risk.comparison.value_diff,-80.60743830812135,"{""baseline"":""svi-scipy"",""challenger"":""svi-jax"",""market"":""BTC-SYNTH""}"
2026-10-04T20:01:35.003911+00:00,gauge,risk.comparison.distance_rms_vol_bp,160.58789743102668,"{""baseline"":""svi-scipy"",""challenger"":""svi-jax"",""market"":""BTC-SYNTH""}"
2026-10-04T20:01:35.003918+00:00,gauge,risk.comparison.distance_max_vol_bp,545.7873279612935,"{""baseline"":""svi-scipy"",""challenger"":""svi-jax"",""market"":""BTC-SYNTH""}"
2026-10-04T20:01:35.003927+00:00,gauge,risk.surface_age_seconds,1.329528,"{""market"":""BTC-SYNTH"",""producer"":""svi-scipy""}"
2026-10-04T20:01:35.003934+00:00,counter,risk.report.freshness,1,"{""decision"":""NORMAL"",""market"":""BTC-SYNTH"",""producer"":""svi-scipy""}"
2026-10-04T20:01:35.003952+00:00,counter,runner.handled,1,"{""subscriber"":""risk-svi-scipy@BTC-SYNTH""}"
2026-10-04T20:01:35.078379+00:00,gauge,pricing.slices.attempted,3.0,"{""market"":""BTC-SYNTH"",""producer"":""svi-jax""}"
2026-10-04T20:01:35.078415+00:00,gauge,pricing.slices.accepted,3.0,"{""market"":""BTC-SYNTH"",""producer"":""svi-jax""}"
2026-10-04T20:01:35.078492+00:00,gauge,pricing.rmse_vol_bp,46.83010484655501,"{""market"":""BTC-SYNTH"",""producer"":""svi-jax""}"
2026-10-04T20:01:35.078503+00:00,timing,pricing.cycle_ms,168.69799999999998,"{""market"":""BTC-SYNTH"",""producer"":""svi-jax""}"
2026-10-04T20:01:35.078663+00:00,counter,bus.published,1,"{""topic"":""surface.BTC-SYNTH.svi-jax""}"
2026-10-04T20:01:35.078695+00:00,counter,runner.handled,1,"{""subscriber"":""svi-jax@BTC-SYNTH""}"
2026-10-04T20:01:35.078780+00:00,counter,risk.surface.received,1,"{""market"":""BTC-SYNTH"",""producer"":""svi-jax"",""status"":""OK""}"
2026-10-04T20:01:35.078792+00:00,timing,risk.surface.snapshot_to_surface_ms,1403.9669999999999,"{""market"":""BTC-SYNTH"",""producer"":""svi-jax""}"
2026-10-04T20:01:35.078800+00:00,timing,risk.surface.delivery_lag_ms,0.435,"{""market"":""BTC-SYNTH"",""producer"":""svi-jax""}"
2026-10-04T20:01:35.078813+00:00,gauge,risk.surface_age_seconds,1.404412,"{""market"":""BTC-SYNTH"",""producer"":""svi-scipy""}"
2026-10-04T20:01:35.078820+00:00,counter,risk.report.freshness,1,"{""decision"":""NORMAL"",""market"":""BTC-SYNTH"",""producer"":""svi-scipy""}"
2026-10-04T20:01:35.078856+00:00,gauge,risk.surface_age_seconds,1.404457,"{""market"":""BTC-SYNTH"",""producer"":""svi-jax""}"
2026-10-04T20:01:35.078905+00:00,counter,risk.report.freshness,1,"{""decision"":""NORMAL"",""market"":""BTC-SYNTH"",""producer"":""svi-jax""}"
2026-10-04T20:01:35.079017+00:00,gauge,risk.comparison.value_diff,-6.618552566433209,"{""baseline"":""svi-scipy"",""challenger"":""svi-jax"",""market"":""BTC-SYNTH""}"
2026-10-04T20:01:35.079026+00:00,gauge,risk.comparison.distance_rms_vol_bp,77.06168131326675,"{""baseline"":""svi-scipy"",""challenger"":""svi-jax"",""market"":""BTC-SYNTH""}"
2026-10-04T20:01:35.079031+00:00,gauge,risk.comparison.distance_max_vol_bp,381.42903834046615,"{""baseline"":""svi-scipy"",""challenger"":""svi-jax"",""market"":""BTC-SYNTH""}"
2026-10-04T20:01:35.079039+00:00,gauge,risk.surface_age_seconds,1.40464,"{""market"":""BTC-SYNTH"",""producer"":""svi-jax""}"
2026-10-04T20:01:35.079043+00:00,counter,risk.report.freshness,1,"{""decision"":""NORMAL"",""market"":""BTC-SYNTH"",""producer"":""svi-jax""}"
2026-10-04T20:01:35.079058+00:00,counter,runner.handled,1,"{""subscriber"":""risk-svi-jax@BTC-SYNTH""}"
2026-10-04T20:01:35.978699+00:00,counter,marketdata.snapshot.published,1,"{""market"":""BTC-SYNTH""}"
2026-10-04T20:01:35.978744+00:00,gauge,marketdata.clock_skew_seconds,-1.303579,"{""market"":""BTC-SYNTH""}"
2026-10-04T20:01:35.978759+00:00,gauge,marketdata.coverage_ratio,1.0,"{""market"":""BTC-SYNTH""}"
2026-10-04T20:01:35.978770+00:00,gauge,marketdata.max_age_seconds,3601.38451,"{""market"":""BTC-SYNTH""}"
2026-10-04T20:01:35.978783+00:00,counter,pipeline.heartbeat.emitted,1,"{""market"":""BTC-SYNTH""}"
2026-10-04T20:01:35.978799+00:00,counter,bus.published,1,"{""topic"":""snapshot.BTC-SYNTH""}"
2026-10-04T20:01:35.978889+00:00,counter,marketdata.update.applied,1,"{""market"":""BTC-SYNTH""}"
2026-10-04T20:01:35.978919+00:00,counter,marketdata.update.applied,1,"{""market"":""BTC-SYNTH""}"
2026-10-04T20:01:35.978945+00:00,counter,marketdata.update.applied,1,"{""market"":""BTC-SYNTH""}"
2026-10-04T20:01:35.978967+00:00,counter,marketdata.update.applied,1,"{""market"":""BTC-SYNTH""}"
2026-10-04T20:01:35.978991+00:00,counter,marketdata.update.applied,1,"{""market"":""BTC-SYNTH""}"
2026-10-04T20:01:35.979013+00:00,counter,marketdata.update.applied,1,"{""market"":""BTC-SYNTH""}"
2026-10-04T20:01:35.979036+00:00,counter,marketdata.update.applied,1,"{""market"":""BTC-SYNTH""}"
2026-10-04T20:01:35.979057+00:00,counter,marketdata.update.applied,1,"{""market"":""BTC-SYNTH""}"
2026-10-04T20:01:35.979080+00:00,counter,marketdata.update.applied,1,"{""market"":""BTC-SYNTH""}"
2026-10-04T20:01:35.979101+00:00,counter,marketdata.update.applied,1,"{""market"":""BTC-SYNTH""}"
2026-10-04T20:01:35.979124+00:00,counter,marketdata.update.applied,1,"{""market"":""BTC-SYNTH""}"
2026-10-04T20:01:35.979145+00:00,counter,marketdata.update.applied,1,"{""market"":""BTC-SYNTH""}"
2026-10-04T20:01:35.979169+00:00,counter,marketdata.update.applied,1,"{""market"":""BTC-SYNTH""}"
2026-10-04T20:01:35.979189+00:00,counter,marketdata.update.applied,1,"{""market"":""BTC-SYNTH""}"
2026-10-04T20:01:35.979212+00:00,counter,marketdata.update.applied,1,"{""market"":""BTC-SYNTH""}"
2026-10-04T20:01:35.979232+00:00,counter,marketdata.update.applied,1,"{""market"":""BTC-SYNTH""}"
2026-10-04T20:01:35.979253+00:00,counter,marketdata.update.applied,1,"{""market"":""BTC-SYNTH""}"
2026-10-04T20:01:35.979274+00:00,counter,marketdata.update.applied,1,"{""market"":""BTC-SYNTH""}"
2026-10-04T20:01:35.979296+00:00,counter,marketdata.update.applied,1,"{""market"":""BTC-SYNTH""}"
2026-10-04T20:01:35.979317+00:00,counter,marketdata.update.applied,1,"{""market"":""BTC-SYNTH""}"
2026-10-04T20:01:35.979339+00:00,counter,marketdata.update.applied,1,"{""market"":""BTC-SYNTH""}"
2026-10-04T20:01:35.979359+00:00,counter,marketdata.update.applied,1,"{""market"":""BTC-SYNTH""}"
2026-10-04T20:01:35.979383+00:00,counter,marketdata.update.applied,1,"{""market"":""BTC-SYNTH""}"
2026-10-04T20:01:35.979403+00:00,counter,marketdata.update.applied,1,"{""market"":""BTC-SYNTH""}"
2026-10-04T20:01:35.979425+00:00,counter,marketdata.update.applied,1,"{""market"":""BTC-SYNTH""}"
2026-10-04T20:01:35.979445+00:00,counter,marketdata.update.applied,1,"{""market"":""BTC-SYNTH""}"
2026-10-04T20:01:35.979468+00:00,counter,marketdata.update.applied,1,"{""market"":""BTC-SYNTH""}"
2026-10-04T20:01:35.979488+00:00,counter,marketdata.update.applied,1,"{""market"":""BTC-SYNTH""}"
2026-10-04T20:01:35.979509+00:00,counter,marketdata.update.applied,1,"{""market"":""BTC-SYNTH""}"
2026-10-04T20:01:35.979529+00:00,counter,marketdata.update.applied,1,"{""market"":""BTC-SYNTH""}"
2026-10-04T20:01:35.979551+00:00,counter,marketdata.update.applied,1,"{""market"":""BTC-SYNTH""}"
2026-10-04T20:01:35.979571+00:00,counter,marketdata.update.applied,1,"{""market"":""BTC-SYNTH""}"
2026-10-04T20:01:35.979593+00:00,counter,marketdata.update.applied,1,"{""market"":""BTC-SYNTH""}"
2026-10-04T20:01:35.979613+00:00,counter,marketdata.update.applied,1,"{""market"":""BTC-SYNTH""}"
2026-10-04T20:01:35.979635+00:00,counter,marketdata.update.applied,1,"{""market"":""BTC-SYNTH""}"
2026-10-04T20:01:35.979655+00:00,counter,marketdata.update.applied,1,"{""market"":""BTC-SYNTH""}"
2026-10-04T20:01:35.979677+00:00,counter,marketdata.update.applied,1,"{""market"":""BTC-SYNTH""}"
2026-10-04T20:01:35.979697+00:00,counter,marketdata.update.applied,1,"{""market"":""BTC-SYNTH""}"
2026-10-04T20:01:35.979747+00:00,counter,marketdata.update.applied,1,"{""market"":""BTC-SYNTH""}"
2026-10-04T20:01:35.979771+00:00,counter,marketdata.update.applied,1,"{""market"":""BTC-SYNTH""}"
2026-10-04T20:01:35.979793+00:00,counter,marketdata.update.applied,1,"{""market"":""BTC-SYNTH""}"
2026-10-04T20:01:35.979814+00:00,counter,marketdata.update.applied,1,"{""market"":""BTC-SYNTH""}"
2026-10-04T20:01:35.979837+00:00,counter,marketdata.update.applied,1,"{""market"":""BTC-SYNTH""}"
2026-10-04T20:01:35.979858+00:00,counter,marketdata.update.applied,1,"{""market"":""BTC-SYNTH""}"
2026-10-04T20:01:35.979881+00:00,counter,marketdata.update.applied,1,"{""market"":""BTC-SYNTH""}"
2026-10-04T20:01:35.979901+00:00,counter,marketdata.update.applied,1,"{""market"":""BTC-SYNTH""}"
2026-10-04T20:01:35.979924+00:00,counter,marketdata.update.applied,1,"{""market"":""BTC-SYNTH""}"
2026-10-04T20:01:35.979944+00:00,counter,marketdata.update.applied,1,"{""market"":""BTC-SYNTH""}"
2026-10-04T20:01:35.979965+00:00,counter,marketdata.update.applied,1,"{""market"":""BTC-SYNTH""}"
2026-10-04T20:01:35.979986+00:00,counter,marketdata.update.applied,1,"{""market"":""BTC-SYNTH""}"
2026-10-04T20:01:35.980008+00:00,counter,marketdata.update.applied,1,"{""market"":""BTC-SYNTH""}"
2026-10-04T20:01:35.980029+00:00,counter,marketdata.update.applied,1,"{""market"":""BTC-SYNTH""}"
2026-10-04T20:01:35.980051+00:00,counter,marketdata.update.applied,1,"{""market"":""BTC-SYNTH""}"
2026-10-04T20:01:35.980072+00:00,counter,marketdata.update.applied,1,"{""market"":""BTC-SYNTH""}"
2026-10-04T20:01:35.980094+00:00,counter,marketdata.update.applied,1,"{""market"":""BTC-SYNTH""}"
2026-10-04T20:01:35.980114+00:00,counter,marketdata.update.applied,1,"{""market"":""BTC-SYNTH""}"
2026-10-04T20:01:35.980135+00:00,counter,marketdata.update.applied,1,"{""market"":""BTC-SYNTH""}"
2026-10-04T20:01:35.980156+00:00,counter,marketdata.update.applied,1,"{""market"":""BTC-SYNTH""}"
2026-10-04T20:01:35.980178+00:00,counter,marketdata.update.applied,1,"{""market"":""BTC-SYNTH""}"
2026-10-04T20:01:35.980198+00:00,counter,marketdata.update.applied,1,"{""market"":""BTC-SYNTH""}"
2026-10-04T20:01:35.980221+00:00,counter,marketdata.update.applied,1,"{""market"":""BTC-SYNTH""}"
2026-10-04T20:01:35.980241+00:00,counter,marketdata.update.applied,1,"{""market"":""BTC-SYNTH""}"
2026-10-04T20:01:35.980263+00:00,counter,marketdata.update.applied,1,"{""market"":""BTC-SYNTH""}"
2026-10-04T20:01:35.980283+00:00,counter,marketdata.update.applied,1,"{""market"":""BTC-SYNTH""}"
2026-10-04T20:01:35.980306+00:00,counter,marketdata.update.applied,1,"{""market"":""BTC-SYNTH""}"
2026-10-04T20:01:35.980325+00:00,counter,marketdata.update.applied,1,"{""market"":""BTC-SYNTH""}"
2026-10-04T20:01:36.089467+00:00,gauge,pricing.slices.attempted,3.0,"{""market"":""BTC-SYNTH"",""producer"":""svi-scipy""}"
2026-10-04T20:01:36.089586+00:00,gauge,pricing.slices.accepted,3.0,"{""market"":""BTC-SYNTH"",""producer"":""svi-scipy""}"
2026-10-04T20:01:36.089685+00:00,gauge,pricing.rmse_vol_bp,26.33441341579049,"{""market"":""BTC-SYNTH"",""producer"":""svi-scipy""}"
2026-10-04T20:01:36.089699+00:00,timing,pricing.cycle_ms,108.891,"{""market"":""BTC-SYNTH"",""producer"":""svi-scipy""}"
2026-10-04T20:01:36.089876+00:00,counter,bus.published,1,"{""topic"":""surface.BTC-SYNTH.svi-scipy""}"
2026-10-04T20:01:36.089911+00:00,counter,runner.handled,1,"{""subscriber"":""svi-scipy@BTC-SYNTH""}"
2026-10-04T20:01:36.090019+00:00,counter,risk.surface.received,1,"{""market"":""BTC-SYNTH"",""producer"":""svi-scipy"",""status"":""OK""}"
2026-10-04T20:01:36.090036+00:00,timing,risk.surface.snapshot_to_surface_ms,1415.023,"{""market"":""BTC-SYNTH"",""producer"":""svi-scipy""}"
2026-10-04T20:01:36.090047+00:00,timing,risk.surface.delivery_lag_ms,0.5900000000000001,"{""market"":""BTC-SYNTH"",""producer"":""svi-scipy""}"
2026-10-04T20:01:36.090062+00:00,gauge,risk.surface_age_seconds,1.415625,"{""market"":""BTC-SYNTH"",""producer"":""svi-scipy""}"
2026-10-04T20:01:36.090070+00:00,counter,risk.report.freshness,1,"{""decision"":""NORMAL"",""market"":""BTC-SYNTH"",""producer"":""svi-scipy""}"
2026-10-04T20:01:36.090112+00:00,gauge,risk.surface_age_seconds,2.415712,"{""market"":""BTC-SYNTH"",""producer"":""svi-jax""}"
2026-10-04T20:01:36.090119+00:00,counter,risk.report.freshness,1,"{""decision"":""NORMAL"",""market"":""BTC-SYNTH"",""producer"":""svi-jax""}"
2026-10-04T20:01:36.090295+00:00,gauge,risk.comparison.value_diff,203.0925176393721,"{""baseline"":""svi-scipy"",""challenger"":""svi-jax"",""market"":""BTC-SYNTH""}"
2026-10-04T20:01:36.090306+00:00,gauge,risk.comparison.distance_rms_vol_bp,137.18836129981108,"{""baseline"":""svi-scipy"",""challenger"":""svi-jax"",""market"":""BTC-SYNTH""}"
2026-10-04T20:01:36.090314+00:00,gauge,risk.comparison.distance_max_vol_bp,615.2651615793758,"{""baseline"":""svi-scipy"",""challenger"":""svi-jax"",""market"":""BTC-SYNTH""}"
2026-10-04T20:01:36.090325+00:00,gauge,risk.surface_age_seconds,1.415891,"{""market"":""BTC-SYNTH"",""producer"":""svi-scipy""}"
2026-10-04T20:01:36.090332+00:00,counter,risk.report.freshness,1,"{""decision"":""NORMAL"",""market"":""BTC-SYNTH"",""producer"":""svi-scipy""}"
2026-10-04T20:01:36.090353+00:00,counter,runner.handled,1,"{""subscriber"":""risk-svi-scipy@BTC-SYNTH""}"
2026-10-04T20:01:36.983525+00:00,counter,marketdata.snapshot.published,1,"{""market"":""BTC-SYNTH""}"
2026-10-04T20:01:36.983564+00:00,gauge,marketdata.clock_skew_seconds,-1.308533,"{""market"":""BTC-SYNTH""}"
2026-10-04T20:01:36.983573+00:00,gauge,marketdata.coverage_ratio,1.0,"{""market"":""BTC-SYNTH""}"
2026-10-04T20:01:36.983580+00:00,gauge,marketdata.max_age_seconds,1.40685,"{""market"":""BTC-SYNTH""}"
2026-10-04T20:01:36.983589+00:00,counter,pipeline.heartbeat.emitted,1,"{""market"":""BTC-SYNTH""}"
2026-10-04T20:01:36.983600+00:00,counter,bus.published,1,"{""topic"":""snapshot.BTC-SYNTH""}"
2026-10-04T20:01:36.983683+00:00,counter,marketdata.update.applied,1,"{""market"":""BTC-SYNTH""}"
2026-10-04T20:01:36.983706+00:00,counter,marketdata.update.applied,1,"{""market"":""BTC-SYNTH""}"
2026-10-04T20:01:36.983725+00:00,counter,marketdata.update.applied,1,"{""market"":""BTC-SYNTH""}"
2026-10-04T20:01:36.983740+00:00,counter,marketdata.update.applied,1,"{""market"":""BTC-SYNTH""}"
2026-10-04T20:01:36.983755+00:00,counter,marketdata.update.applied,1,"{""market"":""BTC-SYNTH""}"
2026-10-04T20:01:36.983768+00:00,counter,marketdata.update.applied,1,"{""market"":""BTC-SYNTH""}"
2026-10-04T20:01:36.983782+00:00,counter,marketdata.update.applied,1,"{""market"":""BTC-SYNTH""}"
2026-10-04T20:01:36.983795+00:00,counter,marketdata.update.applied,1,"{""market"":""BTC-SYNTH""}"
2026-10-04T20:01:36.983809+00:00,counter,marketdata.update.applied,1,"{""market"":""BTC-SYNTH""}"
2026-10-04T20:01:36.983820+00:00,counter,marketdata.update.applied,1,"{""market"":""BTC-SYNTH""}"
2026-10-04T20:01:36.983834+00:00,counter,marketdata.update.applied,1,"{""market"":""BTC-SYNTH""}"
2026-10-04T20:01:36.983846+00:00,counter,marketdata.update.applied,1,"{""market"":""BTC-SYNTH""}"
2026-10-04T20:01:36.983860+00:00,counter,marketdata.update.applied,1,"{""market"":""BTC-SYNTH""}"
2026-10-04T20:01:36.983872+00:00,counter,marketdata.update.applied,1,"{""market"":""BTC-SYNTH""}"
2026-10-04T20:01:36.983886+00:00,counter,marketdata.update.applied,1,"{""market"":""BTC-SYNTH""}"
2026-10-04T20:01:36.983898+00:00,counter,marketdata.update.applied,1,"{""market"":""BTC-SYNTH""}"
2026-10-04T20:01:36.983911+00:00,counter,marketdata.update.applied,1,"{""market"":""BTC-SYNTH""}"
2026-10-04T20:01:36.983924+00:00,counter,marketdata.update.applied,1,"{""market"":""BTC-SYNTH""}"
2026-10-04T20:01:36.983938+00:00,counter,marketdata.update.applied,1,"{""market"":""BTC-SYNTH""}"
2026-10-04T20:01:36.983950+00:00,counter,marketdata.update.applied,1,"{""market"":""BTC-SYNTH""}"
2026-10-04T20:01:36.983963+00:00,counter,marketdata.update.applied,1,"{""market"":""BTC-SYNTH""}"
2026-10-04T20:01:36.983975+00:00,counter,marketdata.update.applied,1,"{""market"":""BTC-SYNTH""}"
2026-10-04T20:01:36.983991+00:00,counter,marketdata.update.applied,1,"{""market"":""BTC-SYNTH""}"
2026-10-04T20:01:36.984004+00:00,counter,marketdata.update.applied,1,"{""market"":""BTC-SYNTH""}"
2026-10-04T20:01:36.984017+00:00,counter,marketdata.update.applied,1,"{""market"":""BTC-SYNTH""}"
2026-10-04T20:01:36.984029+00:00,counter,marketdata.update.applied,1,"{""market"":""BTC-SYNTH""}"
2026-10-04T20:01:36.984042+00:00,counter,marketdata.update.applied,1,"{""market"":""BTC-SYNTH""}"
2026-10-04T20:01:36.984054+00:00,counter,marketdata.update.applied,1,"{""market"":""BTC-SYNTH""}"
2026-10-04T20:01:36.984066+00:00,counter,marketdata.update.applied,1,"{""market"":""BTC-SYNTH""}"
2026-10-04T20:01:36.984080+00:00,counter,marketdata.update.applied,1,"{""market"":""BTC-SYNTH""}"
2026-10-04T20:01:36.984095+00:00,counter,marketdata.update.applied,1,"{""market"":""BTC-SYNTH""}"
2026-10-04T20:01:36.984107+00:00,counter,marketdata.update.applied,1,"{""market"":""BTC-SYNTH""}"
2026-10-04T20:01:36.984120+00:00,counter,marketdata.update.applied,1,"{""market"":""BTC-SYNTH""}"
2026-10-04T20:01:36.984133+00:00,counter,marketdata.update.applied,1,"{""market"":""BTC-SYNTH""}"
2026-10-04T20:01:36.984146+00:00,counter,marketdata.update.applied,1,"{""market"":""BTC-SYNTH""}"
2026-10-04T20:01:36.984159+00:00,counter,marketdata.update.applied,1,"{""market"":""BTC-SYNTH""}"
2026-10-04T20:01:36.984172+00:00,counter,marketdata.update.applied,1,"{""market"":""BTC-SYNTH""}"
2026-10-04T20:01:36.984183+00:00,counter,marketdata.update.applied,1,"{""market"":""BTC-SYNTH""}"
2026-10-04T20:01:36.984197+00:00,counter,marketdata.update.applied,1,"{""market"":""BTC-SYNTH""}"
2026-10-04T20:01:36.984231+00:00,counter,marketdata.update.applied,1,"{""market"":""BTC-SYNTH""}"
2026-10-04T20:01:36.984275+00:00,counter,marketdata.update.applied,1,"{""market"":""BTC-SYNTH""}"
2026-10-04T20:01:36.984293+00:00,counter,marketdata.update.applied,1,"{""market"":""BTC-SYNTH""}"
2026-10-04T20:01:36.984309+00:00,counter,marketdata.update.applied,1,"{""market"":""BTC-SYNTH""}"
2026-10-04T20:01:36.984322+00:00,counter,marketdata.update.applied,1,"{""market"":""BTC-SYNTH""}"
2026-10-04T20:01:36.984337+00:00,counter,marketdata.update.applied,1,"{""market"":""BTC-SYNTH""}"
2026-10-04T20:01:36.984350+00:00,counter,marketdata.update.applied,1,"{""market"":""BTC-SYNTH""}"
2026-10-04T20:01:36.984363+00:00,counter,marketdata.update.applied,1,"{""market"":""BTC-SYNTH""}"
2026-10-04T20:01:36.984376+00:00,counter,marketdata.update.applied,1,"{""market"":""BTC-SYNTH""}"
2026-10-04T20:01:36.984389+00:00,counter,marketdata.update.applied,1,"{""market"":""BTC-SYNTH""}"
2026-10-04T20:01:36.984402+00:00,counter,marketdata.update.applied,1,"{""market"":""BTC-SYNTH""}"
2026-10-04T20:01:36.984416+00:00,counter,marketdata.update.applied,1,"{""market"":""BTC-SYNTH""}"
2026-10-04T20:01:36.984428+00:00,counter,marketdata.update.applied,1,"{""market"":""BTC-SYNTH""}"
2026-10-04T20:01:36.984441+00:00,counter,marketdata.update.applied,1,"{""market"":""BTC-SYNTH""}"
2026-10-04T20:01:36.984526+00:00,counter,marketdata.update.applied,1,"{""market"":""BTC-SYNTH""}"
2026-10-04T20:01:36.984547+00:00,counter,marketdata.update.applied,1,"{""market"":""BTC-SYNTH""}"
2026-10-04T20:01:36.984561+00:00,counter,marketdata.update.applied,1,"{""market"":""BTC-SYNTH""}"
2026-10-04T20:01:36.984575+00:00,counter,marketdata.update.applied,1,"{""market"":""BTC-SYNTH""}"
2026-10-04T20:01:36.984588+00:00,counter,marketdata.update.applied,1,"{""market"":""BTC-SYNTH""}"
2026-10-04T20:01:36.984603+00:00,counter,marketdata.update.applied,1,"{""market"":""BTC-SYNTH""}"
2026-10-04T20:01:36.984616+00:00,counter,marketdata.update.applied,1,"{""market"":""BTC-SYNTH""}"
2026-10-04T20:01:36.984629+00:00,counter,marketdata.update.applied,1,"{""market"":""BTC-SYNTH""}"
2026-10-04T20:01:36.984641+00:00,counter,marketdata.update.applied,1,"{""market"":""BTC-SYNTH""}"
2026-10-04T20:01:36.984655+00:00,counter,marketdata.update.applied,1,"{""market"":""BTC-SYNTH""}"
2026-10-04T20:01:36.984667+00:00,counter,marketdata.update.applied,1,"{""market"":""BTC-SYNTH""}"
2026-10-04T20:01:36.984680+00:00,counter,marketdata.update.applied,1,"{""market"":""BTC-SYNTH""}"
2026-10-04T20:01:36.984692+00:00,counter,marketdata.update.applied,1,"{""market"":""BTC-SYNTH""}"
2026-10-04T20:01:37.095769+00:00,gauge,pricing.slices.attempted,3.0,"{""market"":""BTC-SYNTH"",""producer"":""svi-jax""}"
2026-10-04T20:01:37.095806+00:00,gauge,pricing.slices.accepted,3.0,"{""market"":""BTC-SYNTH"",""producer"":""svi-jax""}"
2026-10-04T20:01:37.095877+00:00,gauge,pricing.rmse_vol_bp,26.320736461743923,"{""market"":""BTC-SYNTH"",""producer"":""svi-jax""}"
2026-10-04T20:01:37.095885+00:00,timing,pricing.cycle_ms,1112.421,"{""market"":""BTC-SYNTH"",""producer"":""svi-jax""}"
2026-10-04T20:01:37.097279+00:00,counter,bus.published,1,"{""topic"":""surface.BTC-SYNTH.svi-jax""}"
2026-10-04T20:01:37.097311+00:00,counter,runner.handled,1,"{""subscriber"":""svi-jax@BTC-SYNTH""}"
2026-10-04T20:01:37.097440+00:00,counter,risk.surface.received,1,"{""market"":""BTC-SYNTH"",""producer"":""svi-jax"",""status"":""OK""}"
2026-10-04T20:01:37.097453+00:00,timing,risk.surface.snapshot_to_surface_ms,2421.326,"{""market"":""BTC-SYNTH"",""producer"":""svi-jax""}"
2026-10-04T20:01:37.097460+00:00,timing,risk.surface.delivery_lag_ms,1.701,"{""market"":""BTC-SYNTH"",""producer"":""svi-jax""}"
2026-10-04T20:01:37.097473+00:00,gauge,risk.surface_age_seconds,2.423036,"{""market"":""BTC-SYNTH"",""producer"":""svi-scipy""}"
2026-10-04T20:01:37.097479+00:00,counter,risk.report.freshness,1,"{""decision"":""NORMAL"",""market"":""BTC-SYNTH"",""producer"":""svi-scipy""}"
2026-10-04T20:01:37.097518+00:00,gauge,risk.surface_age_seconds,2.423085,"{""market"":""BTC-SYNTH"",""producer"":""svi-jax""}"
2026-10-04T20:01:37.097523+00:00,counter,risk.report.freshness,1,"{""decision"":""NORMAL"",""market"":""BTC-SYNTH"",""producer"":""svi-jax""}"
2026-10-04T20:01:37.097629+00:00,gauge,risk.comparison.value_diff,-1.2106010911302292,"{""baseline"":""svi-scipy"",""challenger"":""svi-jax"",""market"":""BTC-SYNTH""}"
2026-10-04T20:01:37.097637+00:00,gauge,risk.comparison.distance_rms_vol_bp,5.965415929691976,"{""baseline"":""svi-scipy"",""challenger"":""svi-jax"",""market"":""BTC-SYNTH""}"
2026-10-04T20:01:37.097642+00:00,gauge,risk.comparison.distance_max_vol_bp,21.23898347510922,"{""baseline"":""svi-scipy"",""challenger"":""svi-jax"",""market"":""BTC-SYNTH""}"
2026-10-04T20:01:37.097650+00:00,gauge,risk.surface_age_seconds,2.423216,"{""market"":""BTC-SYNTH"",""producer"":""svi-jax""}"
2026-10-04T20:01:37.097655+00:00,counter,risk.report.freshness,1,"{""decision"":""NORMAL"",""market"":""BTC-SYNTH"",""producer"":""svi-jax""}"
2026-10-04T20:01:37.097670+00:00,counter,runner.handled,1,"{""subscriber"":""risk-svi-jax@BTC-SYNTH""}"
2026-10-04T20:01:37.504261+00:00,gauge,pricing.slices.attempted,3.0,"{""market"":""BTC-SYNTH"",""producer"":""svi-jax""}"
2026-10-04T20:01:37.504295+00:00,gauge,pricing.slices.accepted,3.0,"{""market"":""BTC-SYNTH"",""producer"":""svi-jax""}"
2026-10-04T20:01:37.504375+00:00,gauge,pricing.rmse_vol_bp,29.405798995983105,"{""market"":""BTC-SYNTH"",""producer"":""svi-jax""}"
2026-10-04T20:01:37.504386+00:00,timing,pricing.cycle_ms,401.6,"{""market"":""BTC-SYNTH"",""producer"":""svi-jax""}"
2026-10-04T20:01:37.504827+00:00,counter,bus.published,1,"{""topic"":""surface.BTC-SYNTH.svi-jax""}"
2026-10-04T20:01:37.504853+00:00,counter,runner.handled,1,"{""subscriber"":""svi-jax@BTC-SYNTH""}"
2026-10-04T20:01:37.504949+00:00,counter,risk.surface.received,1,"{""market"":""BTC-SYNTH"",""producer"":""svi-jax"",""status"":""OK""}"
2026-10-04T20:01:37.504964+00:00,timing,risk.surface.snapshot_to_surface_ms,1829.759,"{""market"":""BTC-SYNTH"",""producer"":""svi-jax""}"
2026-10-04T20:01:37.504973+00:00,timing,risk.surface.delivery_lag_ms,0.723,"{""market"":""BTC-SYNTH"",""producer"":""svi-jax""}"
2026-10-04T20:01:37.504986+00:00,gauge,risk.surface_age_seconds,2.830549,"{""market"":""BTC-SYNTH"",""producer"":""svi-scipy""}"
2026-10-04T20:01:37.504994+00:00,counter,risk.report.freshness,1,"{""decision"":""NORMAL"",""market"":""BTC-SYNTH"",""producer"":""svi-scipy""}"
2026-10-04T20:01:37.505046+00:00,gauge,risk.surface_age_seconds,1.830554,"{""market"":""BTC-SYNTH"",""producer"":""svi-jax""}"
2026-10-04T20:01:37.505054+00:00,counter,risk.report.freshness,1,"{""decision"":""NORMAL"",""market"":""BTC-SYNTH"",""producer"":""svi-jax""}"
2026-10-04T20:01:37.505198+00:00,gauge,risk.comparison.value_diff,63.319862174663285,"{""baseline"":""svi-scipy"",""challenger"":""svi-jax"",""market"":""BTC-SYNTH""}"
2026-10-04T20:01:37.505208+00:00,gauge,risk.comparison.distance_rms_vol_bp,104.80062229024765,"{""baseline"":""svi-scipy"",""challenger"":""svi-jax"",""market"":""BTC-SYNTH""}"
2026-10-04T20:01:37.505215+00:00,gauge,risk.comparison.distance_max_vol_bp,268.7100615349036,"{""baseline"":""svi-scipy"",""challenger"":""svi-jax"",""market"":""BTC-SYNTH""}"
2026-10-04T20:01:37.505225+00:00,gauge,risk.surface_age_seconds,1.830733,"{""market"":""BTC-SYNTH"",""producer"":""svi-jax""}"
2026-10-04T20:01:37.505231+00:00,counter,risk.report.freshness,1,"{""decision"":""NORMAL"",""market"":""BTC-SYNTH"",""producer"":""svi-jax""}"
2026-10-04T20:01:37.505250+00:00,counter,runner.handled,1,"{""subscriber"":""risk-svi-jax@BTC-SYNTH""}"
2026-10-04T20:01:37.567967+00:00,gauge,pricing.slices.attempted,3.0,"{""market"":""BTC-SYNTH"",""producer"":""svi-scipy""}"
2026-10-04T20:01:37.568000+00:00,gauge,pricing.slices.accepted,2.0,"{""market"":""BTC-SYNTH"",""producer"":""svi-scipy""}"
2026-10-04T20:01:37.568009+00:00,counter,pricing.slice.not_converged,1,"{""market"":""BTC-SYNTH"",""producer"":""svi-scipy""}"
2026-10-04T20:01:37.568083+00:00,gauge,pricing.rmse_vol_bp,27.96604229928903,"{""market"":""BTC-SYNTH"",""producer"":""svi-scipy""}"
2026-10-04T20:01:37.568092+00:00,timing,pricing.cycle_ms,583.138,"{""market"":""BTC-SYNTH"",""producer"":""svi-scipy""}"
2026-10-04T20:01:37.568302+00:00,counter,bus.published,1,"{""topic"":""surface.BTC-SYNTH.svi-scipy""}"
2026-10-04T20:01:37.568337+00:00,counter,runner.handled,1,"{""subscriber"":""svi-scipy@BTC-SYNTH""}"
2026-10-04T20:01:37.568420+00:00,counter,risk.surface.received,1,"{""market"":""BTC-SYNTH"",""producer"":""svi-scipy"",""status"":""DEGRADED""}"
2026-10-04T20:01:37.568443+00:00,timing,risk.surface.snapshot_to_surface_ms,1893.4660000000001,"{""market"":""BTC-SYNTH"",""producer"":""svi-scipy""}"
2026-10-04T20:01:37.568456+00:00,timing,risk.surface.delivery_lag_ms,0.49799999999999994,"{""market"":""BTC-SYNTH"",""producer"":""svi-scipy""}"
2026-10-04T20:01:37.568472+00:00,gauge,risk.surface_age_seconds,1.893977,"{""market"":""BTC-SYNTH"",""producer"":""svi-scipy""}"
2026-10-04T20:01:37.568480+00:00,counter,risk.report.freshness,1,"{""decision"":""NORMAL"",""market"":""BTC-SYNTH"",""producer"":""svi-scipy""}"
2026-10-04T20:01:37.568523+00:00,gauge,risk.surface_age_seconds,1.894031,"{""market"":""BTC-SYNTH"",""producer"":""svi-jax""}"
2026-10-04T20:01:37.568530+00:00,counter,risk.report.freshness,1,"{""decision"":""NORMAL"",""market"":""BTC-SYNTH"",""producer"":""svi-jax""}"
2026-10-04T20:01:37.568665+00:00,gauge,risk.comparison.value_diff,76.46935602369558,"{""baseline"":""svi-scipy"",""challenger"":""svi-jax"",""market"":""BTC-SYNTH""}"
2026-10-04T20:01:37.568723+00:00,gauge,risk.comparison.distance_rms_vol_bp,156.81488814118927,"{""baseline"":""svi-scipy"",""challenger"":""svi-jax"",""market"":""BTC-SYNTH""}"
2026-10-04T20:01:37.568731+00:00,gauge,risk.comparison.distance_max_vol_bp,356.1479728965666,"{""baseline"":""svi-scipy"",""challenger"":""svi-jax"",""market"":""BTC-SYNTH""}"
2026-10-04T20:01:37.568741+00:00,gauge,risk.surface_age_seconds,1.89425,"{""market"":""BTC-SYNTH"",""producer"":""svi-scipy""}"
2026-10-04T20:01:37.568747+00:00,counter,risk.report.freshness,1,"{""decision"":""NORMAL"",""market"":""BTC-SYNTH"",""producer"":""svi-scipy""}"
2026-10-04T20:01:37.568767+00:00,counter,runner.handled,1,"{""subscriber"":""risk-svi-scipy@BTC-SYNTH""}"
2026-10-04T20:01:37.988359+00:00,counter,marketdata.snapshot.published,1,"{""market"":""BTC-SYNTH""}"
2026-10-04T20:01:37.988405+00:00,gauge,marketdata.clock_skew_seconds,-1.316296,"{""market"":""BTC-SYNTH""}"
2026-10-04T20:01:37.988421+00:00,gauge,marketdata.coverage_ratio,1.0,"{""market"":""BTC-SYNTH""}"
2026-10-04T20:01:37.988433+00:00,gauge,marketdata.max_age_seconds,1.411704,"{""market"":""BTC-SYNTH""}"
2026-10-04T20:01:37.988448+00:00,counter,pipeline.heartbeat.emitted,1,"{""market"":""BTC-SYNTH""}"
2026-10-04T20:01:37.988465+00:00,counter,bus.published,1,"{""topic"":""snapshot.BTC-SYNTH""}"
2026-10-04T20:01:37.988606+00:00,counter,marketdata.update.applied,1,"{""market"":""BTC-SYNTH""}"
2026-10-04T20:01:37.988642+00:00,counter,marketdata.update.applied,1,"{""market"":""BTC-SYNTH""}"
2026-10-04T20:01:37.988673+00:00,counter,marketdata.update.applied,1,"{""market"":""BTC-SYNTH""}"
2026-10-04T20:01:37.988700+00:00,counter,marketdata.update.applied,1,"{""market"":""BTC-SYNTH""}"
2026-10-04T20:01:37.988726+00:00,counter,marketdata.update.applied,1,"{""market"":""BTC-SYNTH""}"
2026-10-04T20:01:37.988751+00:00,counter,marketdata.update.applied,1,"{""market"":""BTC-SYNTH""}"
2026-10-04T20:01:37.988804+00:00,counter,marketdata.update.applied,1,"{""market"":""BTC-SYNTH""}"
2026-10-04T20:01:37.988834+00:00,counter,marketdata.update.applied,1,"{""market"":""BTC-SYNTH""}"
2026-10-04T20:01:37.988862+00:00,counter,marketdata.update.applied,1,"{""market"":""BTC-SYNTH""}"
2026-10-04T20:01:37.988886+00:00,counter,marketdata.update.applied,1,"{""market"":""BTC-SYNTH""}"
2026-10-04T20:01:37.988913+00:00,counter,marketdata.update.applied,1,"{""market"":""BTC-SYNTH""}"
2026-10-04T20:01:37.988937+00:00,counter,marketdata.update.applied,1,"{""market"":""BTC-SYNTH""}"
2026-10-04T20:01:37.988962+00:00,counter,marketdata.update.applied,1,"{""market"":""BTC-SYNTH""}"
2026-10-04T20:01:37.988986+00:00,counter,marketdata.update.applied,1,"{""market"":""BTC-SYNTH""}"
2026-10-04T20:01:37.989012+00:00,counter,marketdata.update.applied,1,"{""market"":""BTC-SYNTH""}"
2026-10-04T20:01:37.989036+00:00,counter,marketdata.update.applied,1,"{""market"":""BTC-SYNTH""}"
2026-10-04T20:01:37.989062+00:00,counter,marketdata.update.applied,1,"{""market"":""BTC-SYNTH""}"
2026-10-04T20:01:37.989085+00:00,counter,marketdata.update.applied,1,"{""market"":""BTC-SYNTH""}"
2026-10-04T20:01:37.989111+00:00,counter,marketdata.update.applied,1,"{""market"":""BTC-SYNTH""}"
2026-10-04T20:01:37.989135+00:00,counter,marketdata.update.applied,1,"{""market"":""BTC-SYNTH""}"
2026-10-04T20:01:37.989162+00:00,counter,marketdata.update.applied,1,"{""market"":""BTC-SYNTH""}"
2026-10-04T20:01:37.989183+00:00,counter,marketdata.update.applied,1,"{""market"":""BTC-SYNTH""}"
2026-10-04T20:01:37.989206+00:00,counter,marketdata.update.applied,1,"{""market"":""BTC-SYNTH""}"
2026-10-04T20:01:37.989228+00:00,counter,marketdata.update.applied,1,"{""market"":""BTC-SYNTH""}"
2026-10-04T20:01:37.989250+00:00,counter,marketdata.update.applied,1,"{""market"":""BTC-SYNTH""}"
2026-10-04T20:01:37.989270+00:00,counter,marketdata.update.applied,1,"{""market"":""BTC-SYNTH""}"
2026-10-04T20:01:37.989292+00:00,counter,marketdata.update.applied,1,"{""market"":""BTC-SYNTH""}"
2026-10-04T20:01:37.989312+00:00,counter,marketdata.update.applied,1,"{""market"":""BTC-SYNTH""}"
2026-10-04T20:01:37.989333+00:00,counter,marketdata.update.applied,1,"{""market"":""BTC-SYNTH""}"
2026-10-04T20:01:37.989353+00:00,counter,marketdata.update.applied,1,"{""market"":""BTC-SYNTH""}"
2026-10-04T20:01:37.989376+00:00,counter,marketdata.update.applied,1,"{""market"":""BTC-SYNTH""}"
2026-10-04T20:01:37.989396+00:00,counter,marketdata.update.applied,1,"{""market"":""BTC-SYNTH""}"
2026-10-04T20:01:37.989417+00:00,counter,marketdata.update.applied,1,"{""market"":""BTC-SYNTH""}"
2026-10-04T20:01:37.989437+00:00,counter,marketdata.update.applied,1,"{""market"":""BTC-SYNTH""}"
2026-10-04T20:01:37.989459+00:00,counter,marketdata.update.applied,1,"{""market"":""BTC-SYNTH""}"
2026-10-04T20:01:37.989479+00:00,counter,marketdata.update.applied,1,"{""market"":""BTC-SYNTH""}"
2026-10-04T20:01:37.989501+00:00,counter,marketdata.update.applied,1,"{""market"":""BTC-SYNTH""}"
2026-10-04T20:01:37.989521+00:00,counter,marketdata.update.applied,1,"{""market"":""BTC-SYNTH""}"
2026-10-04T20:01:37.989543+00:00,counter,marketdata.update.applied,1,"{""market"":""BTC-SYNTH""}"
2026-10-04T20:01:37.989562+00:00,counter,marketdata.update.applied,1,"{""market"":""BTC-SYNTH""}"
2026-10-04T20:01:37.989584+00:00,counter,marketdata.update.applied,1,"{""market"":""BTC-SYNTH""}"
2026-10-04T20:01:37.989604+00:00,counter,marketdata.update.applied,1,"{""market"":""BTC-SYNTH""}"
2026-10-04T20:01:37.989626+00:00,counter,marketdata.update.applied,1,"{""market"":""BTC-SYNTH""}"
2026-10-04T20:01:37.989646+00:00,counter,marketdata.update.applied,1,"{""market"":""BTC-SYNTH""}"
2026-10-04T20:01:37.989669+00:00,counter,marketdata.update.applied,1,"{""market"":""BTC-SYNTH""}"
2026-10-04T20:01:37.989689+00:00,counter,marketdata.update.applied,1,"{""market"":""BTC-SYNTH""}"
2026-10-04T20:01:37.989711+00:00,counter,marketdata.update.applied,1,"{""market"":""BTC-SYNTH""}"
2026-10-04T20:01:37.989731+00:00,counter,marketdata.update.applied,1,"{""market"":""BTC-SYNTH""}"
2026-10-04T20:01:37.989752+00:00,counter,marketdata.update.applied,1,"{""market"":""BTC-SYNTH""}"
2026-10-04T20:01:37.989828+00:00,counter,marketdata.update.applied,1,"{""market"":""BTC-SYNTH""}"
2026-10-04T20:01:37.989869+00:00,counter,marketdata.update.applied,1,"{""market"":""BTC-SYNTH""}"
2026-10-04T20:01:37.989882+00:00,counter,marketdata.update.applied,1,"{""market"":""BTC-SYNTH""}"
2026-10-04T20:01:37.989894+00:00,counter,marketdata.update.applied,1,"{""market"":""BTC-SYNTH""}"
2026-10-04T20:01:37.989904+00:00,counter,marketdata.update.applied,1,"{""market"":""BTC-SYNTH""}"
2026-10-04T20:01:37.989915+00:00,counter,marketdata.update.applied,1,"{""market"":""BTC-SYNTH""}"
2026-10-04T20:01:37.989924+00:00,counter,marketdata.update.applied,1,"{""market"":""BTC-SYNTH""}"
2026-10-04T20:01:37.989935+00:00,counter,marketdata.update.applied,1,"{""market"":""BTC-SYNTH""}"
2026-10-04T20:01:37.989955+00:00,counter,marketdata.update.applied,1,"{""market"":""BTC-SYNTH""}"
2026-10-04T20:01:37.989968+00:00,counter,marketdata.update.applied,1,"{""market"":""BTC-SYNTH""}"
2026-10-04T20:01:37.989985+00:00,counter,marketdata.update.applied,1,"{""market"":""BTC-SYNTH""}"
2026-10-04T20:01:37.989995+00:00,counter,marketdata.update.applied,1,"{""market"":""BTC-SYNTH""}"
2026-10-04T20:01:37.990005+00:00,counter,marketdata.update.applied,1,"{""market"":""BTC-SYNTH""}"
2026-10-04T20:01:37.990015+00:00,counter,marketdata.update.applied,1,"{""market"":""BTC-SYNTH""}"
2026-10-04T20:01:37.990024+00:00,counter,marketdata.update.applied,1,"{""market"":""BTC-SYNTH""}"
2026-10-04T20:01:37.990033+00:00,counter,marketdata.update.applied,1,"{""market"":""BTC-SYNTH""}"
2026-10-04T20:01:37.990042+00:00,counter,marketdata.update.applied,1,"{""market"":""BTC-SYNTH""}"
2026-10-04T20:01:38.038898+00:00,gauge,pricing.slices.attempted,3.0,"{""market"":""BTC-SYNTH"",""producer"":""svi-scipy""}"
2026-10-04T20:01:38.038929+00:00,gauge,pricing.slices.accepted,3.0,"{""market"":""BTC-SYNTH"",""producer"":""svi-scipy""}"
2026-10-04T20:01:38.039008+00:00,gauge,pricing.rmse_vol_bp,33.37674638276127,"{""market"":""BTC-SYNTH"",""producer"":""svi-scipy""}"
2026-10-04T20:01:38.039020+00:00,timing,pricing.cycle_ms,48.543000000000006,"{""market"":""BTC-SYNTH"",""producer"":""svi-scipy""}"
2026-10-04T20:01:38.039224+00:00,counter,bus.published,1,"{""topic"":""surface.BTC-SYNTH.svi-scipy""}"
2026-10-04T20:01:38.039258+00:00,counter,runner.handled,1,"{""subscriber"":""svi-scipy@BTC-SYNTH""}"
2026-10-04T20:01:38.039350+00:00,counter,risk.surface.received,1,"{""market"":""BTC-SYNTH"",""producer"":""svi-scipy"",""status"":""OK""}"
2026-10-04T20:01:38.039365+00:00,timing,risk.surface.snapshot_to_surface_ms,1367.662,"{""market"":""BTC-SYNTH"",""producer"":""svi-scipy""}"
2026-10-04T20:01:38.039374+00:00,timing,risk.surface.delivery_lag_ms,0.486,"{""market"":""BTC-SYNTH"",""producer"":""svi-scipy""}"
2026-10-04T20:01:38.039388+00:00,gauge,risk.surface_age_seconds,1.368158,"{""market"":""BTC-SYNTH"",""producer"":""svi-scipy""}"
2026-10-04T20:01:38.039396+00:00,counter,risk.report.freshness,1,"{""decision"":""NORMAL"",""market"":""BTC-SYNTH"",""producer"":""svi-scipy""}"
2026-10-04T20:01:38.039436+00:00,gauge,risk.surface_age_seconds,2.364944,"{""market"":""BTC-SYNTH"",""producer"":""svi-jax""}"
2026-10-04T20:01:38.039442+00:00,counter,risk.report.freshness,1,"{""decision"":""NORMAL"",""market"":""BTC-SYNTH"",""producer"":""svi-jax""}"
2026-10-04T20:01:38.039598+00:00,gauge,risk.comparison.value_diff,-3.192993278007634,"{""baseline"":""svi-scipy"",""challenger"":""svi-jax"",""market"":""BTC-SYNTH""}"
2026-10-04T20:01:38.039608+00:00,gauge,risk.comparison.distance_rms_vol_bp,145.8667586416102,"{""baseline"":""svi-scipy"",""challenger"":""svi-jax"",""market"":""BTC-SYNTH""}"
2026-10-04T20:01:38.039615+00:00,gauge,risk.comparison.distance_max_vol_bp,474.8701919421239,"{""baseline"":""svi-scipy"",""challenger"":""svi-jax"",""market"":""BTC-SYNTH""}"
2026-10-04T20:01:38.039625+00:00,gauge,risk.surface_age_seconds,1.368398,"{""market"":""BTC-SYNTH"",""producer"":""svi-scipy""}"
2026-10-04T20:01:38.039632+00:00,counter,risk.report.freshness,1,"{""decision"":""NORMAL"",""market"":""BTC-SYNTH"",""producer"":""svi-scipy""}"
2026-10-04T20:01:38.039652+00:00,counter,runner.handled,1,"{""subscriber"":""risk-svi-scipy@BTC-SYNTH""}"
2026-10-04T20:01:38.190615+00:00,gauge,pricing.slices.attempted,3.0,"{""market"":""BTC-SYNTH"",""producer"":""svi-jax""}"
2026-10-04T20:01:38.190655+00:00,gauge,pricing.slices.accepted,3.0,"{""market"":""BTC-SYNTH"",""producer"":""svi-jax""}"
2026-10-04T20:01:38.190724+00:00,gauge,pricing.rmse_vol_bp,36.41730447765405,"{""market"":""BTC-SYNTH"",""producer"":""svi-jax""}"
2026-10-04T20:01:38.190734+00:00,timing,pricing.cycle_ms,198.096,"{""market"":""BTC-SYNTH"",""producer"":""svi-jax""}"
2026-10-04T20:01:38.190972+00:00,counter,bus.published,1,"{""topic"":""surface.BTC-SYNTH.svi-jax""}"
2026-10-04T20:01:38.191001+00:00,counter,runner.handled,1,"{""subscriber"":""svi-jax@BTC-SYNTH""}"
2026-10-04T20:01:38.191076+00:00,counter,risk.surface.received,1,"{""market"":""BTC-SYNTH"",""producer"":""svi-jax"",""status"":""OK""}"
2026-10-04T20:01:38.191086+00:00,timing,risk.surface.snapshot_to_surface_ms,1519.378,"{""market"":""BTC-SYNTH"",""producer"":""svi-jax""}"
2026-10-04T20:01:38.191092+00:00,timing,risk.surface.delivery_lag_ms,0.488,"{""market"":""BTC-SYNTH"",""producer"":""svi-jax""}"
2026-10-04T20:01:38.191104+00:00,gauge,risk.surface_age_seconds,1.519875,"{""market"":""BTC-SYNTH"",""producer"":""svi-scipy""}"
2026-10-04T20:01:38.191110+00:00,counter,risk.report.freshness,1,"{""decision"":""NORMAL"",""market"":""BTC-SYNTH"",""producer"":""svi-scipy""}"
2026-10-04T20:01:38.191152+00:00,gauge,risk.surface_age_seconds,1.519924,"{""market"":""BTC-SYNTH"",""producer"":""svi-jax""}"
2026-10-04T20:01:38.191159+00:00,counter,risk.report.freshness,1,"{""decision"":""NORMAL"",""market"":""BTC-SYNTH"",""producer"":""svi-jax""}"
2026-10-04T20:01:38.191258+00:00,gauge,risk.comparison.value_diff,-6.943034203155548,"{""baseline"":""svi-scipy"",""challenger"":""svi-jax"",""market"":""BTC-SYNTH""}"
2026-10-04T20:01:38.191265+00:00,gauge,risk.comparison.distance_rms_vol_bp,58.492649301686164,"{""baseline"":""svi-scipy"",""challenger"":""svi-jax"",""market"":""BTC-SYNTH""}"
2026-10-04T20:01:38.191271+00:00,gauge,risk.comparison.distance_max_vol_bp,294.5075075317061,"{""baseline"":""svi-scipy"",""challenger"":""svi-jax"",""market"":""BTC-SYNTH""}"
2026-10-04T20:01:38.191279+00:00,gauge,risk.surface_age_seconds,1.520052,"{""market"":""BTC-SYNTH"",""producer"":""svi-jax""}"
2026-10-04T20:01:38.191283+00:00,counter,risk.report.freshness,1,"{""decision"":""NORMAL"",""market"":""BTC-SYNTH"",""producer"":""svi-jax""}"
2026-10-04T20:01:38.191297+00:00,counter,runner.handled,1,"{""subscriber"":""risk-svi-jax@BTC-SYNTH""}"
2026-10-04T20:01:38.997690+00:00,counter,marketdata.snapshot.published,1,"{""market"":""BTC-SYNTH""}"
2026-10-04T20:01:38.997734+00:00,gauge,marketdata.clock_skew_seconds,-1.322971,"{""market"":""BTC-SYNTH""}"
2026-10-04T20:01:38.997749+00:00,gauge,marketdata.coverage_ratio,0.9848484848484849,"{""market"":""BTC-SYNTH""}"
2026-10-04T20:01:38.997760+00:00,gauge,marketdata.max_age_seconds,1.421198,"{""market"":""BTC-SYNTH""}"
2026-10-04T20:01:38.997772+00:00,counter,pipeline.heartbeat.emitted,1,"{""market"":""BTC-SYNTH""}"
2026-10-04T20:01:38.997788+00:00,counter,bus.published,1,"{""topic"":""snapshot.BTC-SYNTH""}"
2026-10-04T20:01:38.997877+00:00,counter,marketdata.update.applied,1,"{""market"":""BTC-SYNTH""}"
2026-10-04T20:01:38.997906+00:00,counter,marketdata.update.applied,1,"{""market"":""BTC-SYNTH""}"
2026-10-04T20:01:38.997932+00:00,counter,marketdata.update.applied,1,"{""market"":""BTC-SYNTH""}"
2026-10-04T20:01:38.997955+00:00,counter,marketdata.update.applied,1,"{""market"":""BTC-SYNTH""}"
2026-10-04T20:01:38.997998+00:00,counter,marketdata.update.applied,1,"{""market"":""BTC-SYNTH""}"
2026-10-04T20:01:38.998028+00:00,counter,marketdata.update.applied,1,"{""market"":""BTC-SYNTH""}"
2026-10-04T20:01:38.998055+00:00,counter,marketdata.update.applied,1,"{""market"":""BTC-SYNTH""}"
2026-10-04T20:01:38.998077+00:00,counter,marketdata.update.applied,1,"{""market"":""BTC-SYNTH""}"
2026-10-04T20:01:38.998100+00:00,counter,marketdata.update.applied,1,"{""market"":""BTC-SYNTH""}"
2026-10-04T20:01:38.998122+00:00,counter,marketdata.update.applied,1,"{""market"":""BTC-SYNTH""}"
2026-10-04T20:01:38.998145+00:00,counter,marketdata.update.applied,1,"{""market"":""BTC-SYNTH""}"
2026-10-04T20:01:38.998167+00:00,counter,marketdata.update.applied,1,"{""market"":""BTC-SYNTH""}"
2026-10-04T20:01:38.998189+00:00,counter,marketdata.update.applied,1,"{""market"":""BTC-SYNTH""}"
2026-10-04T20:01:38.998210+00:00,counter,marketdata.update.applied,1,"{""market"":""BTC-SYNTH""}"
2026-10-04T20:01:38.998233+00:00,counter,marketdata.update.applied,1,"{""market"":""BTC-SYNTH""}"
2026-10-04T20:01:38.998254+00:00,counter,marketdata.update.applied,1,"{""market"":""BTC-SYNTH""}"
2026-10-04T20:01:38.998276+00:00,counter,marketdata.update.applied,1,"{""market"":""BTC-SYNTH""}"
2026-10-04T20:01:38.998297+00:00,counter,marketdata.update.applied,1,"{""market"":""BTC-SYNTH""}"
2026-10-04T20:01:38.998319+00:00,counter,marketdata.update.applied,1,"{""market"":""BTC-SYNTH""}"
2026-10-04T20:01:38.998339+00:00,counter,marketdata.update.applied,1,"{""market"":""BTC-SYNTH""}"
2026-10-04T20:01:38.998361+00:00,counter,marketdata.update.applied,1,"{""market"":""BTC-SYNTH""}"
2026-10-04T20:01:38.998381+00:00,counter,marketdata.update.applied,1,"{""market"":""BTC-SYNTH""}"
2026-10-04T20:01:38.998405+00:00,counter,marketdata.update.applied,1,"{""market"":""BTC-SYNTH""}"
2026-10-04T20:01:38.998426+00:00,counter,marketdata.update.applied,1,"{""market"":""BTC-SYNTH""}"
2026-10-04T20:01:38.998447+00:00,counter,marketdata.update.applied,1,"{""market"":""BTC-SYNTH""}"
2026-10-04T20:01:38.998468+00:00,counter,marketdata.update.applied,1,"{""market"":""BTC-SYNTH""}"
2026-10-04T20:01:38.998490+00:00,counter,marketdata.update.applied,1,"{""market"":""BTC-SYNTH""}"
2026-10-04T20:01:38.998510+00:00,counter,marketdata.update.applied,1,"{""market"":""BTC-SYNTH""}"
2026-10-04T20:01:38.998531+00:00,counter,marketdata.update.applied,1,"{""market"":""BTC-SYNTH""}"
2026-10-04T20:01:38.998563+00:00,counter,marketdata.update.applied,1,"{""market"":""BTC-SYNTH""}"
2026-10-04T20:01:38.998587+00:00,counter,marketdata.update.applied,1,"{""market"":""BTC-SYNTH""}"
2026-10-04T20:01:38.998655+00:00,counter,marketdata.update.applied,1,"{""market"":""BTC-SYNTH""}"
2026-10-04T20:01:38.998679+00:00,counter,marketdata.update.applied,1,"{""market"":""BTC-SYNTH""}"
2026-10-04T20:01:38.998699+00:00,counter,marketdata.update.applied,1,"{""market"":""BTC-SYNTH""}"
2026-10-04T20:01:38.998722+00:00,counter,marketdata.update.applied,1,"{""market"":""BTC-SYNTH""}"
2026-10-04T20:01:38.998742+00:00,counter,marketdata.update.applied,1,"{""market"":""BTC-SYNTH""}"
2026-10-04T20:01:38.998764+00:00,counter,marketdata.update.applied,1,"{""market"":""BTC-SYNTH""}"
2026-10-04T20:01:38.998784+00:00,counter,marketdata.update.applied,1,"{""market"":""BTC-SYNTH""}"
2026-10-04T20:01:38.998806+00:00,counter,marketdata.update.applied,1,"{""market"":""BTC-SYNTH""}"
2026-10-04T20:01:38.998826+00:00,counter,marketdata.update.applied,1,"{""market"":""BTC-SYNTH""}"
2026-10-04T20:01:38.998848+00:00,counter,marketdata.update.applied,1,"{""market"":""BTC-SYNTH""}"
2026-10-04T20:01:38.998867+00:00,counter,marketdata.update.applied,1,"{""market"":""BTC-SYNTH""}"
2026-10-04T20:01:38.998889+00:00,counter,marketdata.update.applied,1,"{""market"":""BTC-SYNTH""}"
2026-10-04T20:01:38.998909+00:00,counter,marketdata.update.applied,1,"{""market"":""BTC-SYNTH""}"
2026-10-04T20:01:38.998932+00:00,counter,marketdata.update.applied,1,"{""market"":""BTC-SYNTH""}"
2026-10-04T20:01:38.998952+00:00,counter,marketdata.update.applied,1,"{""market"":""BTC-SYNTH""}"
2026-10-04T20:01:38.998974+00:00,counter,marketdata.update.applied,1,"{""market"":""BTC-SYNTH""}"
2026-10-04T20:01:38.998994+00:00,counter,marketdata.update.applied,1,"{""market"":""BTC-SYNTH""}"
2026-10-04T20:01:38.999015+00:00,counter,marketdata.update.applied,1,"{""market"":""BTC-SYNTH""}"
2026-10-04T20:01:38.999035+00:00,counter,marketdata.update.applied,1,"{""market"":""BTC-SYNTH""}"
2026-10-04T20:01:38.999077+00:00,counter,marketdata.update.applied,1,"{""market"":""BTC-SYNTH""}"
2026-10-04T20:01:38.999105+00:00,counter,marketdata.update.applied,1,"{""market"":""BTC-SYNTH""}"
2026-10-04T20:01:38.999130+00:00,counter,marketdata.update.applied,1,"{""market"":""BTC-SYNTH""}"
2026-10-04T20:01:38.999151+00:00,counter,marketdata.update.applied,1,"{""market"":""BTC-SYNTH""}"
2026-10-04T20:01:38.999174+00:00,counter,marketdata.update.applied,1,"{""market"":""BTC-SYNTH""}"
2026-10-04T20:01:38.999195+00:00,counter,marketdata.update.applied,1,"{""market"":""BTC-SYNTH""}"
2026-10-04T20:01:38.999217+00:00,counter,marketdata.update.applied,1,"{""market"":""BTC-SYNTH""}"
2026-10-04T20:01:38.999238+00:00,counter,marketdata.update.applied,1,"{""market"":""BTC-SYNTH""}"
2026-10-04T20:01:38.999260+00:00,counter,marketdata.update.applied,1,"{""market"":""BTC-SYNTH""}"
2026-10-04T20:01:38.999281+00:00,counter,marketdata.update.applied,1,"{""market"":""BTC-SYNTH""}"
2026-10-04T20:01:38.999303+00:00,counter,marketdata.update.applied,1,"{""market"":""BTC-SYNTH""}"
2026-10-04T20:01:38.999323+00:00,counter,marketdata.update.applied,1,"{""market"":""BTC-SYNTH""}"
2026-10-04T20:01:38.999345+00:00,counter,marketdata.update.applied,1,"{""market"":""BTC-SYNTH""}"
2026-10-04T20:01:38.999365+00:00,counter,marketdata.update.applied,1,"{""market"":""BTC-SYNTH""}"
2026-10-04T20:01:38.999387+00:00,counter,marketdata.update.applied,1,"{""market"":""BTC-SYNTH""}"
2026-10-04T20:01:38.999407+00:00,counter,marketdata.update.applied,1,"{""market"":""BTC-SYNTH""}"
2026-10-04T20:01:39.500280+00:00,gauge,pricing.slices.attempted,3.0,"{""market"":""BTC-SYNTH"",""producer"":""svi-scipy""}"
2026-10-04T20:01:39.500325+00:00,gauge,pricing.slices.accepted,3.0,"{""market"":""BTC-SYNTH"",""producer"":""svi-scipy""}"
2026-10-04T20:01:39.500439+00:00,gauge,pricing.rmse_vol_bp,37.55152641287664,"{""market"":""BTC-SYNTH"",""producer"":""svi-scipy""}"
2026-10-04T20:01:39.500484+00:00,timing,pricing.cycle_ms,500.62399999999997,"{""market"":""BTC-SYNTH"",""producer"":""svi-scipy""}"
2026-10-04T20:01:39.500671+00:00,counter,bus.published,1,"{""topic"":""surface.BTC-SYNTH.svi-scipy""}"
2026-10-04T20:01:39.500711+00:00,counter,runner.handled,1,"{""subscriber"":""svi-scipy@BTC-SYNTH""}"
2026-10-04T20:01:39.500813+00:00,counter,risk.surface.received,1,"{""market"":""BTC-SYNTH"",""producer"":""svi-scipy"",""status"":""OK""}"
2026-10-04T20:01:39.500828+00:00,timing,risk.surface.snapshot_to_surface_ms,1826.1909999999998,"{""market"":""BTC-SYNTH"",""producer"":""svi-scipy""}"
2026-10-04T20:01:39.500838+00:00,timing,risk.surface.delivery_lag_ms,0.569,"{""market"":""BTC-SYNTH"",""producer"":""svi-scipy""}"
2026-10-04T20:01:39.500854+00:00,gauge,risk.surface_age_seconds,1.826772,"{""market"":""BTC-SYNTH"",""producer"":""svi-scipy""}"
2026-10-04T20:01:39.500861+00:00,counter,risk.report.freshness,1,"{""decision"":""NORMAL"",""market"":""BTC-SYNTH"",""producer"":""svi-scipy""}"
2026-10-04T20:01:39.500905+00:00,gauge,risk.surface_age_seconds,2.829677,"{""market"":""BTC-SYNTH"",""producer"":""svi-jax""}"
2026-10-04T20:01:39.500913+00:00,counter,risk.report.freshness,1,"{""decision"":""NORMAL"",""market"":""BTC-SYNTH"",""producer"":""svi-jax""}"
2026-10-04T20:01:39.501079+00:00,gauge,risk.comparison.value_diff,84.01379838227149,"{""baseline"":""svi-scipy"",""challenger"":""svi-jax"",""market"":""BTC-SYNTH""}"
2026-10-04T20:01:39.501090+00:00,gauge,risk.comparison.distance_rms_vol_bp,175.87655107569472,"{""baseline"":""svi-scipy"",""challenger"":""svi-jax"",""market"":""BTC-SYNTH""}"
2026-10-04T20:01:39.501098+00:00,gauge,risk.comparison.distance_max_vol_bp,864.3834306744935,"{""baseline"":""svi-scipy"",""challenger"":""svi-jax"",""market"":""BTC-SYNTH""}"
2026-10-04T20:01:39.501108+00:00,gauge,risk.surface_age_seconds,1.82703,"{""market"":""BTC-SYNTH"",""producer"":""svi-scipy""}"
2026-10-04T20:01:39.501115+00:00,counter,risk.report.freshness,1,"{""decision"":""NORMAL"",""market"":""BTC-SYNTH"",""producer"":""svi-scipy""}"
2026-10-04T20:01:39.501136+00:00,counter,runner.handled,1,"{""subscriber"":""risk-svi-scipy@BTC-SYNTH""}"
2026-10-04T20:01:39.690532+00:00,gauge,pricing.slices.attempted,3.0,"{""market"":""BTC-SYNTH"",""producer"":""svi-jax""}"
2026-10-04T20:01:39.690571+00:00,gauge,pricing.slices.accepted,3.0,"{""market"":""BTC-SYNTH"",""producer"":""svi-jax""}"
2026-10-04T20:01:39.690649+00:00,gauge,pricing.rmse_vol_bp,43.605133676765945,"{""market"":""BTC-SYNTH"",""producer"":""svi-jax""}"
2026-10-04T20:01:39.690659+00:00,timing,pricing.cycle_ms,685.301,"{""market"":""BTC-SYNTH"",""producer"":""svi-jax""}"
2026-10-04T20:01:39.690877+00:00,counter,bus.published,1,"{""topic"":""surface.BTC-SYNTH.svi-jax""}"
2026-10-04T20:01:39.690915+00:00,counter,runner.handled,1,"{""subscriber"":""svi-jax@BTC-SYNTH""}"
2026-10-04T20:01:39.691006+00:00,counter,risk.surface.received,1,"{""market"":""BTC-SYNTH"",""producer"":""svi-jax"",""status"":""OK""}"
2026-10-04T20:01:39.691019+00:00,timing,risk.surface.snapshot_to_surface_ms,2016.444,"{""market"":""BTC-SYNTH"",""producer"":""svi-jax""}"
2026-10-04T20:01:39.691027+00:00,timing,risk.surface.delivery_lag_ms,0.505,"{""market"":""BTC-SYNTH"",""producer"":""svi-jax""}"
2026-10-04T20:01:39.691040+00:00,gauge,risk.surface_age_seconds,2.01696,"{""market"":""BTC-SYNTH"",""producer"":""svi-scipy""}"
2026-10-04T20:01:39.691046+00:00,counter,risk.report.freshness,1,"{""decision"":""NORMAL"",""market"":""BTC-SYNTH"",""producer"":""svi-scipy""}"
2026-10-04T20:01:39.691083+00:00,gauge,risk.surface_age_seconds,2.017005,"{""market"":""BTC-SYNTH"",""producer"":""svi-jax""}"
2026-10-04T20:01:39.691089+00:00,counter,risk.report.freshness,1,"{""decision"":""NORMAL"",""market"":""BTC-SYNTH"",""producer"":""svi-jax""}"
2026-10-04T20:01:39.691213+00:00,gauge,risk.comparison.value_diff,26.735378327717626,"{""baseline"":""svi-scipy"",""challenger"":""svi-jax"",""market"":""BTC-SYNTH""}"
2026-10-04T20:01:39.691222+00:00,gauge,risk.comparison.distance_rms_vol_bp,100.39366294871202,"{""baseline"":""svi-scipy"",""challenger"":""svi-jax"",""market"":""BTC-SYNTH""}"
2026-10-04T20:01:39.691227+00:00,gauge,risk.comparison.distance_max_vol_bp,519.3373700379877,"{""baseline"":""svi-scipy"",""challenger"":""svi-jax"",""market"":""BTC-SYNTH""}"
2026-10-04T20:01:39.691236+00:00,gauge,risk.surface_age_seconds,2.017158,"{""market"":""BTC-SYNTH"",""producer"":""svi-jax""}"
2026-10-04T20:01:39.691278+00:00,counter,risk.report.freshness,1,"{""decision"":""NORMAL"",""market"":""BTC-SYNTH"",""producer"":""svi-jax""}"
2026-10-04T20:01:39.691297+00:00,counter,runner.handled,1,"{""subscriber"":""risk-svi-jax@BTC-SYNTH""}"
2026-10-04T20:01:40.006650+00:00,counter,marketdata.snapshot.published,1,"{""market"":""BTC-SYNTH""}"
2026-10-04T20:01:40.006715+00:00,gauge,marketdata.clock_skew_seconds,-1.331757,"{""market"":""BTC-SYNTH""}"
2026-10-04T20:01:40.006734+00:00,gauge,marketdata.coverage_ratio,1.0,"{""market"":""BTC-SYNTH""}"
2026-10-04T20:01:40.006746+00:00,gauge,marketdata.max_age_seconds,1.430599,"{""market"":""BTC-SYNTH""}"
2026-10-04T20:01:40.006762+00:00,counter,pipeline.heartbeat.emitted,1,"{""market"":""BTC-SYNTH""}"
2026-10-04T20:01:40.006782+00:00,counter,bus.published,1,"{""topic"":""snapshot.BTC-SYNTH""}"
2026-10-04T20:01:40.006907+00:00,counter,marketdata.update.applied,1,"{""market"":""BTC-SYNTH""}"
2026-10-04T20:01:40.006945+00:00,counter,marketdata.update.applied,1,"{""market"":""BTC-SYNTH""}"
2026-10-04T20:01:40.006978+00:00,counter,marketdata.update.applied,1,"{""market"":""BTC-SYNTH""}"
2026-10-04T20:01:40.007007+00:00,counter,marketdata.update.applied,1,"{""market"":""BTC-SYNTH""}"
2026-10-04T20:01:40.007038+00:00,counter,marketdata.update.applied,1,"{""market"":""BTC-SYNTH""}"
2026-10-04T20:01:40.007065+00:00,counter,marketdata.update.applied,1,"{""market"":""BTC-SYNTH""}"
2026-10-04T20:01:40.007093+00:00,counter,marketdata.update.applied,1,"{""market"":""BTC-SYNTH""}"
2026-10-04T20:01:40.007120+00:00,counter,marketdata.update.applied,1,"{""market"":""BTC-SYNTH""}"
2026-10-04T20:01:40.007146+00:00,counter,marketdata.update.applied,1,"{""market"":""BTC-SYNTH""}"
2026-10-04T20:01:40.007171+00:00,counter,marketdata.update.applied,1,"{""market"":""BTC-SYNTH""}"
2026-10-04T20:01:40.007198+00:00,counter,marketdata.update.applied,1,"{""market"":""BTC-SYNTH""}"
2026-10-04T20:01:40.007222+00:00,counter,marketdata.update.applied,1,"{""market"":""BTC-SYNTH""}"
2026-10-04T20:01:40.007249+00:00,counter,marketdata.update.applied,1,"{""market"":""BTC-SYNTH""}"
2026-10-04T20:01:40.007273+00:00,counter,marketdata.update.applied,1,"{""market"":""BTC-SYNTH""}"
2026-10-04T20:01:40.007301+00:00,counter,marketdata.update.applied,1,"{""market"":""BTC-SYNTH""}"
2026-10-04T20:01:40.007328+00:00,counter,marketdata.update.applied,1,"{""market"":""BTC-SYNTH""}"
2026-10-04T20:01:40.007350+00:00,counter,marketdata.update.applied,1,"{""market"":""BTC-SYNTH""}"
2026-10-04T20:01:40.007370+00:00,counter,marketdata.update.applied,1,"{""market"":""BTC-SYNTH""}"
2026-10-04T20:01:40.007393+00:00,counter,marketdata.update.applied,1,"{""market"":""BTC-SYNTH""}"
2026-10-04T20:01:40.007445+00:00,counter,marketdata.update.applied,1,"{""market"":""BTC-SYNTH""}"
2026-10-04T20:01:40.007478+00:00,counter,marketdata.update.applied,1,"{""market"":""BTC-SYNTH""}"
2026-10-04T20:01:40.007504+00:00,counter,marketdata.update.applied,1,"{""market"":""BTC-SYNTH""}"
2026-10-04T20:01:40.007532+00:00,counter,marketdata.update.applied,1,"{""market"":""BTC-SYNTH""}"
2026-10-04T20:01:40.007554+00:00,counter,marketdata.update.applied,1,"{""market"":""BTC-SYNTH""}"
2026-10-04T20:01:40.007579+00:00,counter,marketdata.update.applied,1,"{""market"":""BTC-SYNTH""}"
2026-10-04T20:01:40.007600+00:00,counter,marketdata.update.applied,1,"{""market"":""BTC-SYNTH""}"
2026-10-04T20:01:40.007623+00:00,counter,marketdata.update.applied,1,"{""market"":""BTC-SYNTH""}"
2026-10-04T20:01:40.007644+00:00,counter,marketdata.update.applied,1,"{""market"":""BTC-SYNTH""}"
2026-10-04T20:01:40.007667+00:00,counter,marketdata.update.applied,1,"{""market"":""BTC-SYNTH""}"
2026-10-04T20:01:40.007689+00:00,counter,marketdata.update.applied,1,"{""market"":""BTC-SYNTH""}"
2026-10-04T20:01:40.007712+00:00,counter,marketdata.update.applied,1,"{""market"":""BTC-SYNTH""}"
2026-10-04T20:01:40.007734+00:00,counter,marketdata.update.applied,1,"{""market"":""BTC-SYNTH""}"
2026-10-04T20:01:40.007759+00:00,counter,marketdata.update.applied,1,"{""market"":""BTC-SYNTH""}"
2026-10-04T20:01:40.007778+00:00,counter,marketdata.update.applied,1,"{""market"":""BTC-SYNTH""}"
2026-10-04T20:01:40.007800+00:00,counter,marketdata.update.applied,1,"{""market"":""BTC-SYNTH""}"
2026-10-04T20:01:40.007819+00:00,counter,marketdata.update.applied,1,"{""market"":""BTC-SYNTH""}"
2026-10-04T20:01:40.007841+00:00,counter,marketdata.update.applied,1,"{""market"":""BTC-SYNTH""}"
2026-10-04T20:01:40.007860+00:00,counter,marketdata.update.applied,1,"{""market"":""BTC-SYNTH""}"
2026-10-04T20:01:40.007881+00:00,counter,marketdata.update.applied,1,"{""market"":""BTC-SYNTH""}"
2026-10-04T20:01:40.007900+00:00,counter,marketdata.update.applied,1,"{""market"":""BTC-SYNTH""}"
2026-10-04T20:01:40.007920+00:00,counter,marketdata.update.applied,1,"{""market"":""BTC-SYNTH""}"
2026-10-04T20:01:40.007938+00:00,counter,marketdata.update.applied,1,"{""market"":""BTC-SYNTH""}"
2026-10-04T20:01:40.007959+00:00,counter,marketdata.update.applied,1,"{""market"":""BTC-SYNTH""}"
2026-10-04T20:01:40.007978+00:00,counter,marketdata.update.applied,1,"{""market"":""BTC-SYNTH""}"
2026-10-04T20:01:40.008000+00:00,counter,marketdata.update.applied,1,"{""market"":""BTC-SYNTH""}"
2026-10-04T20:01:40.008020+00:00,counter,marketdata.update.applied,1,"{""market"":""BTC-SYNTH""}"
2026-10-04T20:01:40.008041+00:00,counter,marketdata.update.applied,1,"{""market"":""BTC-SYNTH""}"
2026-10-04T20:01:40.008061+00:00,counter,marketdata.update.applied,1,"{""market"":""BTC-SYNTH""}"
2026-10-04T20:01:40.008081+00:00,counter,marketdata.update.applied,1,"{""market"":""BTC-SYNTH""}"
2026-10-04T20:01:40.008100+00:00,counter,marketdata.update.applied,1,"{""market"":""BTC-SYNTH""}"
2026-10-04T20:01:40.008141+00:00,counter,marketdata.update.applied,1,"{""market"":""BTC-SYNTH""}"
2026-10-04T20:01:40.008163+00:00,counter,marketdata.update.applied,1,"{""market"":""BTC-SYNTH""}"
2026-10-04T20:01:40.008185+00:00,counter,marketdata.update.applied,1,"{""market"":""BTC-SYNTH""}"
2026-10-04T20:01:40.008205+00:00,counter,marketdata.update.applied,1,"{""market"":""BTC-SYNTH""}"
2026-10-04T20:01:40.008226+00:00,counter,marketdata.update.applied,1,"{""market"":""BTC-SYNTH""}"
2026-10-04T20:01:40.008245+00:00,counter,marketdata.update.applied,1,"{""market"":""BTC-SYNTH""}"
2026-10-04T20:01:40.008265+00:00,counter,marketdata.update.applied,1,"{""market"":""BTC-SYNTH""}"
2026-10-04T20:01:40.008283+00:00,counter,marketdata.update.applied,1,"{""market"":""BTC-SYNTH""}"
2026-10-04T20:01:40.008306+00:00,counter,marketdata.update.applied,1,"{""market"":""BTC-SYNTH""}"
2026-10-04T20:01:40.008326+00:00,counter,marketdata.update.applied,1,"{""market"":""BTC-SYNTH""}"
2026-10-04T20:01:40.008346+00:00,counter,marketdata.update.applied,1,"{""market"":""BTC-SYNTH""}"
2026-10-04T20:01:40.008425+00:00,counter,marketdata.update.applied,1,"{""market"":""BTC-SYNTH""}"
2026-10-04T20:01:40.008461+00:00,counter,marketdata.update.applied,1,"{""market"":""BTC-SYNTH""}"
2026-10-04T20:01:40.008499+00:00,counter,marketdata.update.applied,1,"{""market"":""BTC-SYNTH""}"
2026-10-04T20:01:40.008537+00:00,counter,marketdata.update.applied,1,"{""market"":""BTC-SYNTH""}"
2026-10-04T20:01:40.008558+00:00,counter,marketdata.update.applied,1,"{""market"":""BTC-SYNTH""}"
2026-10-04T20:01:40.294820+00:00,gauge,pricing.slices.attempted,3.0,"{""market"":""BTC-SYNTH"",""producer"":""svi-jax""}"
2026-10-04T20:01:40.294852+00:00,gauge,pricing.slices.accepted,3.0,"{""market"":""BTC-SYNTH"",""producer"":""svi-jax""}"
2026-10-04T20:01:40.294921+00:00,gauge,pricing.rmse_vol_bp,37.61654359650948,"{""market"":""BTC-SYNTH"",""producer"":""svi-jax""}"
2026-10-04T20:01:40.294931+00:00,timing,pricing.cycle_ms,283.90900000000005,"{""market"":""BTC-SYNTH"",""producer"":""svi-jax""}"
2026-10-04T20:01:40.295136+00:00,counter,bus.published,1,"{""topic"":""surface.BTC-SYNTH.svi-jax""}"
2026-10-04T20:01:40.295168+00:00,counter,runner.handled,1,"{""subscriber"":""svi-jax@BTC-SYNTH""}"
2026-10-04T20:01:40.295250+00:00,counter,risk.surface.received,1,"{""market"":""BTC-SYNTH"",""producer"":""svi-jax"",""status"":""OK""}"
2026-10-04T20:01:40.295261+00:00,timing,risk.surface.snapshot_to_surface_ms,1620.902,"{""market"":""BTC-SYNTH"",""producer"":""svi-jax""}"
2026-10-04T20:01:40.295313+00:00,timing,risk.surface.delivery_lag_ms,0.502,"{""market"":""BTC-SYNTH"",""producer"":""svi-jax""}"
2026-10-04T20:01:40.295330+00:00,gauge,risk.surface_age_seconds,2.621249,"{""market"":""BTC-SYNTH"",""producer"":""svi-scipy""}"
2026-10-04T20:01:40.295337+00:00,counter,risk.report.freshness,1,"{""decision"":""NORMAL"",""market"":""BTC-SYNTH"",""producer"":""svi-scipy""}"
2026-10-04T20:01:40.295375+00:00,gauge,risk.surface_age_seconds,1.621465,"{""market"":""BTC-SYNTH"",""producer"":""svi-jax""}"
2026-10-04T20:01:40.295381+00:00,counter,risk.report.freshness,1,"{""decision"":""NORMAL"",""market"":""BTC-SYNTH"",""producer"":""svi-jax""}"
2026-10-04T20:01:40.295518+00:00,gauge,risk.comparison.value_diff,-2.148446480237908,"{""baseline"":""svi-scipy"",""challenger"":""svi-jax"",""market"":""BTC-SYNTH""}"
2026-10-04T20:01:40.295527+00:00,gauge,risk.comparison.distance_rms_vol_bp,58.40430394527338,"{""baseline"":""svi-scipy"",""challenger"":""svi-jax"",""market"":""BTC-SYNTH""}"
2026-10-04T20:01:40.295533+00:00,gauge,risk.comparison.distance_max_vol_bp,136.85654979773477,"{""baseline"":""svi-scipy"",""challenger"":""svi-jax"",""market"":""BTC-SYNTH""}"
2026-10-04T20:01:40.295542+00:00,gauge,risk.surface_age_seconds,1.621633,"{""market"":""BTC-SYNTH"",""producer"":""svi-jax""}"
2026-10-04T20:01:40.295633+00:00,counter,risk.report.freshness,1,"{""decision"":""NORMAL"",""market"":""BTC-SYNTH"",""producer"":""svi-jax""}"
2026-10-04T20:01:40.295689+00:00,counter,runner.handled,1,"{""subscriber"":""risk-svi-jax@BTC-SYNTH""}"
2026-10-04T20:01:40.730595+00:00,gauge,pricing.slices.attempted,3.0,"{""market"":""BTC-SYNTH"",""producer"":""svi-scipy""}"
2026-10-04T20:01:40.730627+00:00,gauge,pricing.slices.accepted,2.0,"{""market"":""BTC-SYNTH"",""producer"":""svi-scipy""}"
2026-10-04T20:01:40.730635+00:00,counter,pricing.slice.not_converged,1,"{""market"":""BTC-SYNTH"",""producer"":""svi-scipy""}"
2026-10-04T20:01:40.730699+00:00,gauge,pricing.rmse_vol_bp,29.936741242797112,"{""market"":""BTC-SYNTH"",""producer"":""svi-scipy""}"
2026-10-04T20:01:40.730708+00:00,timing,pricing.cycle_ms,721.7289999999999,"{""market"":""BTC-SYNTH"",""producer"":""svi-scipy""}"
2026-10-04T20:01:40.730931+00:00,counter,bus.published,1,"{""topic"":""surface.BTC-SYNTH.svi-scipy""}"
2026-10-04T20:01:40.730965+00:00,counter,runner.handled,1,"{""subscriber"":""svi-scipy@BTC-SYNTH""}"
2026-10-04T20:01:40.731040+00:00,counter,risk.surface.received,1,"{""market"":""BTC-SYNTH"",""producer"":""svi-scipy"",""status"":""DEGRADED""}"
2026-10-04T20:01:40.731053+00:00,timing,risk.surface.snapshot_to_surface_ms,2056.676,"{""market"":""BTC-SYNTH"",""producer"":""svi-scipy""}"
2026-10-04T20:01:40.731062+00:00,timing,risk.surface.delivery_lag_ms,0.477,"{""market"":""BTC-SYNTH"",""producer"":""svi-scipy""}"
2026-10-04T20:01:40.731075+00:00,gauge,risk.surface_age_seconds,2.057163,"{""market"":""BTC-SYNTH"",""producer"":""svi-scipy""}"
2026-10-04T20:01:40.731081+00:00,counter,risk.report.freshness,1,"{""decision"":""NORMAL"",""market"":""BTC-SYNTH"",""producer"":""svi-scipy""}"
2026-10-04T20:01:40.731116+00:00,gauge,risk.surface_age_seconds,2.057206,"{""market"":""BTC-SYNTH"",""producer"":""svi-jax""}"
2026-10-04T20:01:40.731122+00:00,counter,risk.report.freshness,1,"{""decision"":""NORMAL"",""market"":""BTC-SYNTH"",""producer"":""svi-jax""}"
2026-10-04T20:01:40.731218+00:00,gauge,risk.comparison.value_diff,3662.0493575194378,"{""baseline"":""svi-scipy"",""challenger"":""svi-jax"",""market"":""BTC-SYNTH""}"
2026-10-04T20:01:40.731227+00:00,gauge,risk.comparison.distance_rms_vol_bp,165.176674244507,"{""baseline"":""svi-scipy"",""challenger"":""svi-jax"",""market"":""BTC-SYNTH""}"
2026-10-04T20:01:40.731234+00:00,gauge,risk.comparison.distance_max_vol_bp,606.7042477301665,"{""baseline"":""svi-scipy"",""challenger"":""svi-jax"",""market"":""BTC-SYNTH""}"
2026-10-04T20:01:40.731243+00:00,gauge,risk.surface_age_seconds,2.057334,"{""market"":""BTC-SYNTH"",""producer"":""svi-scipy""}"
2026-10-04T20:01:40.731249+00:00,counter,risk.report.freshness,1,"{""decision"":""NORMAL"",""market"":""BTC-SYNTH"",""producer"":""svi-scipy""}"
2026-10-04T20:01:40.731266+00:00,counter,runner.handled,1,"{""subscriber"":""risk-svi-scipy@BTC-SYNTH""}"
