ts,kind,name,value,tags
2026-10-04T20:01:00.623881+00:00,counter,marketdata.composition.changed,1,"{""market"":""BTC-SYNTH""}"
2026-10-04T20:01:00.623983+00:00,counter,bus.published,1,"{""topic"":""composition.BTC-SYNTH""}"
2026-10-04T20:01:00.624028+00:00,counter,marketdata.update.applied,1,"{""market"":""BTC-SYNTH""}"
2026-10-04T20:01:00.624094+00:00,counter,marketdata.snapshot.published,1,"{""market"":""BTC-SYNTH""}"
2026-10-04T20:01:00.624101+00:00,gauge,marketdata.clock_skew_seconds,-0.010614,"{""market"":""BTC-SYNTH""}"
2026-10-04T20:01:00.624106+00:00,gauge,marketdata.coverage_ratio,0.015151515151515152,"{""market"":""BTC-SYNTH""}"
2026-10-04T20:01:00.624110+00:00,gauge,marketdata.max_age_seconds,0.010614,"{""market"":""BTC-SYNTH""}"
2026-10-04T20:01:00.624114+00:00,counter,marketdata.snapshot.degraded,1,"{""market"":""BTC-SYNTH""}"
2026-10-04T20:01:00.624121+00:00,counter,bus.published,1,"{""topic"":""snapshot.BTC-SYNTH""}"
2026-10-04T20:01:00.624136+00:00,counter,marketdata.update.applied,1,"{""market"":""BTC-SYNTH""}"
2026-10-04T20:01:00.624160+00:00,counter,marketdata.update.applied,1,"{""market"":""BTC-SYNTH""}"
2026-10-04T20:01:00.624180+00:00,counter,marketdata.update.applied,1,"{""market"":""BTC-SYNTH""}"
2026-10-04T20:01:00.624192+00:00,counter,marketdata.update.applied,1,"{""market"":""BTC-SYNTH""}"
2026-10-04T20:01:00.624202+00:00,counter,marketdata.update.applied,1,"{""market"":""BTC-SYNTH""}"
2026-10-04T20:01:00.624221+00:00,counter,marketdata.update.applied,1,"{""market"":""BTC-SYNTH""}"
2026-10-04T20:01:00.624238+00:00,counter,marketdata.update.applied,1,"{""market"":""BTC-SYNTH""}"
2026-10-04T20:01:00.624249+00:00,counter,marketdata.update.applied,1,"{""market"":""BTC-SYNTH""}"
2026-10-04T20:01:00.624259+00:00,counter,marketdata.update.applied,1,"{""market"":""BTC-SYNTH""}"
2026-10-04T20:01:00.624269+00:00,counter,marketdata.update.applied,1,"{""market"":""BTC-SYNTH""}"
2026-10-04T20:01:00.624284+00:00,counter,marketdata.update.applied,1,"{""market"":""BTC-SYNTH""}"
2026-10-04T20:01:00.624293+00:00,counter,marketdata.update.applied,1,"{""market"":""BTC-SYNTH""}"
2026-10-04T20:01:00.624302+00:00,counter,marketdata.update.applied,1,"{""market"":""BTC-SYNTH""}"
2026-10-04T20:01:00.624311+00:00,counter,marketdata.update.applied,1,"{""market"":""BTC-SYNTH""}"
2026-10-04T20:01:00.624320+00:00,counter,marketdata.update.applied,1,"{""market"":""BTC-SYNTH""}"
2026-10-04T20:01:00.624329+00:00,counter,marketdata.update.applied,1,"{""market"":""BTC-SYNTH""}"
2026-10-04T20:01:00.624337+00:00,counter,marketdata.update.applied,1,"{""market"":""BTC-SYNTH""}"
2026-10-04T20:01:00.624346+00:00,counter,marketdata.update.applied,1,"{""market"":""BTC-SYNTH""}"
2026-10-04T20:01:00.624355+00:00,counter,marketdata.update.applied,1,"{""market"":""BTC-SYNTH""}"
2026-10-04T20:01:00.624365+00:00,counter,marketdata.update.applied,1,"{""market"":""BTC-SYNTH""}"
2026-10-04T20:01:00.624374+00:00,counter,marketdata.update.applied,1,"{""market"":""BTC-SYNTH""}"
2026-10-04T20:01:00.624384+00:00,counter,marketdata.update.applied,1,"{""market"":""BTC-SYNTH""}"
2026-10-04T20:01:00.624393+00:00,counter,marketdata.update.applied,1,"{""market"":""BTC-SYNTH""}"
2026-10-04T20:01:00.624402+00:00,counter,marketdata.update.applied,1,"{""market"":""BTC-SYNTH""}"
2026-10-04T20:01:00.624410+00:00,counter,marketdata.update.applied,1,"{""market"":""BTC-SYNTH""}"
2026-10-04T20:01:00.624420+00:00,counter,marketdata.update.applied,1,"{""market"":""BTC-SYNTH""}"
2026-10-04T20:01:00.624428+00:00,counter,marketdata.update.applied,1,"{""market"":""BTC-SYNTH""}"
2026-10-04T20:01:00.624437+00:00,counter,marketdata.update.applied,1,"{""market"":""BTC-SYNTH""}"
2026-10-04T20:01:00.624445+00:00,counter,marketdata.update.applied,1,"{""market"":""BTC-SYNTH""}"
2026-10-04T20:01:00.624454+00:00,counter,marketdata.update.applied,1,"{""market"":""BTC-SYNTH""}"
2026-10-04T20:01:00.624468+00:00,counter,marketdata.update.applied,1,"{""market"":""BTC-SYNTH""}"
2026-10-04T20:01:00.624478+00:00,counter,marketdata.update.applied,1,"{""market"":""BTC-SYNTH""}"
2026-10-04T20:01:00.624486+00:00,counter,marketdata.update.applied,1,"{""market"":""BTC-SYNTH""}"
2026-10-04T20:01:00.624496+00:00,counter,marketdata.update.applied,1,"{""market"":""BTC-SYNTH""}"
2026-10-04T20:01:00.624504+00:00,counter,marketdata.update.applied,1,"{""market"":""BTC-SYNTH""}"
2026-10-04T20:01:00.624513+00:00,counter,marketdata.update.applied,1,"{""market"":""BTC-SYNTH""}"
2026-10-04T20:01:00.624523+00:00,counter,marketdata.update.applied,1,"{""market"":""BTC-SYNTH""}"
2026-10-04T20:01:00.624532+00:00,counter,marketdata.update.applied,1,"{""market"":""BTC-SYNTH""}"
2026-10-04T20:01:00.624540+00:00,counter,marketdata.update.applied,1,"{""market"":""BTC-SYNTH""}"
2026-10-04T20:01:00.624548+00:00,counter,marketdata.update.applied,1,"{""market"":""BTC-SYNTH""}"
2026-10-04T20:01:00.624558+00:00,counter,marketdata.update.applied,1,"{""market"":""BTC-SYNTH""}"
2026-10-04T20:01:00.624568+00:00,counter,marketdata.update.applied,1,"{""market"":""BTC-SYNTH""}"
2026-10-04T20:01:00.624577+00:00,counter,marketdata.update.applied,1,"{""market"":""BTC-SYNTH""}"
2026-10-04T20:01:00.624587+00:00,counter,marketdata.update.applied,1,"{""market"":""BTC-SYNTH""}"
2026-10-04T20:01:00.624598+00:00,counter,marketdata.update.applied,1,"{""market"":""BTC-SYNTH""}"
2026-10-04T20:01:00.624608+00:00,counter,marketdata.update.applied,1,"{""market"":""BTC-SYNTH""}"
2026-10-04T20:01:00.624617+00:00,counter,marketdata.update.applied,1,"{""market"":""BTC-SYNTH""}"
2026-10-04T20:01:00.624626+00:00,counter,marketdata.update.applied,1,"{""market"":""BTC-SYNTH""}"
2026-10-04T20:01:00.624634+00:00,counter,marketdata.update.applied,1,"{""market"":""BTC-SYNTH""}"
2026-10-04T20:01:00.624643+00:00,counter,marketdata.update.applied,1,"{""market"":""BTC-SYNTH""}"
2026-10-04T20:01:00.624651+00:00,counter,marketdata.update.applied,1,"{""market"":""BTC-SYNTH""}"
2026-10-04T20:01:00.624659+00:00,counter,marketdata.update.applied,1,"{""market"":""BTC-SYNTH""}"
2026-10-04T20:01:00.624672+00:00,counter,marketdata.update.applied,1,"{""market"":""BTC-SYNTH""}"
2026-10-04T20:01:00.624680+00:00,counter,marketdata.update.applied,1,"{""market"":""BTC-SYNTH""}"
2026-10-04T20:01:00.624688+00:00,counter,marketdata.update.applied,1,"{""market"":""BTC-SYNTH""}"
2026-10-04T20:01:00.624697+00:00,counter,marketdata.update.applied,1,"{""market"":""BTC-SYNTH""}"
2026-10-04T20:01:00.624706+00:00,counter,marketdata.update.applied,1,"{""market"":""BTC-SYNTH""}"
2026-10-04T20:01:00.624715+00:00,counter,marketdata.update.applied,1,"{""market"":""BTC-SYNTH""}"
2026-10-04T20:01:00.624724+00:00,counter,marketdata.update.applied,1,"{""market"":""BTC-SYNTH""}"
2026-10-04T20:01:00.624732+00:00,counter,marketdata.update.applied,1,"{""market"":""BTC-SYNTH""}"
2026-10-04T20:01:00.624750+00:00,counter,marketdata.update.applied,1,"{""market"":""BTC-SYNTH""}"
2026-10-04T20:01:00.624764+00:00,counter,marketdata.update.applied,1,"{""market"":""BTC-SYNTH""}"
2026-10-04T20:01:00.624774+00:00,counter,marketdata.update.applied,1,"{""market"":""BTC-SYNTH""}"
2026-10-04T20:01:00.624783+00:00,counter,marketdata.update.applied,1,"{""market"":""BTC-SYNTH""}"
2026-10-04T20:01:00.624792+00:00,counter,marketdata.update.applied,1,"{""market"":""BTC-SYNTH""}"
2026-10-04T20:01:00.770173+00:00,gauge,pricing.slices.attempted,1.0,"{""market"":""BTC-SYNTH"",""producer"":""svi-jax""}"
2026-10-04T20:01:00.770207+00:00,gauge,pricing.slices.accepted,1.0,"{""market"":""BTC-SYNTH"",""producer"":""svi-jax""}"
2026-10-04T20:01:00.770269+00:00,gauge,pricing.rmse_vol_bp,0.0019059789857500675,"{""market"":""BTC-SYNTH"",""producer"":""svi-jax""}"
2026-10-04T20:01:00.770278+00:00,timing,pricing.cycle_ms,145.009,"{""market"":""BTC-SYNTH"",""producer"":""svi-jax""}"
2026-10-04T20:01:00.770629+00:00,counter,bus.published,1,"{""topic"":""surface.BTC-SYNTH.svi-jax""}"
2026-10-04T20:01:00.770656+00:00,counter,runner.handled,1,"{""subscriber"":""svi-jax@BTC-SYNTH""}"
2026-10-04T20:01:00.770717+00:00,counter,risk.surface.received,1,"{""market"":""BTC-SYNTH"",""producer"":""svi-jax"",""status"":""DEGRADED""}"
2026-10-04T20:01:00.770730+00:00,timing,risk.surface.snapshot_to_surface_ms,156.73899999999998,"{""market"":""BTC-SYNTH"",""producer"":""svi-jax""}"
2026-10-04T20:01:00.770771+00:00,timing,risk.surface.delivery_lag_ms,0.61,"{""market"":""BTC-SYNTH"",""producer"":""svi-jax""}"
2026-10-04T20:01:00.770783+00:00,gauge,risk.surface_age_seconds,0.157358,"{""market"":""BTC-SYNTH"",""producer"":""svi-jax""}"
2026-10-04T20:01:00.770788+00:00,counter,risk.report.freshness,1,"{""decision"":""NORMAL"",""market"":""BTC-SYNTH"",""producer"":""svi-jax""}"
2026-10-04T20:01:00.770822+00:00,counter,runner.handled,1,"{""subscriber"":""risk-svi-jax@BTC-SYNTH""}"
2026-10-04T20:01:01.627274+00:00,counter,marketdata.update.applied,1,"{""market"":""BTC-SYNTH""}"
2026-10-04T20:01:01.629324+00:00,counter,marketdata.snapshot.published,1,"{""market"":""BTC-SYNTH""}"
2026-10-04T20:01:01.629392+00:00,gauge,marketdata.clock_skew_seconds,-0.014338,"{""market"":""BTC-SYNTH""}"
2026-10-04T20:01:01.629434+00:00,gauge,marketdata.coverage_ratio,0.9848484848484849,"{""market"":""BTC-SYNTH""}"
2026-10-04T20:01:01.629469+00:00,gauge,marketdata.max_age_seconds,3600.996879,"{""market"":""BTC-SYNTH""}"
2026-10-04T20:01:01.629565+00:00,counter,bus.published,1,"{""topic"":""snapshot.BTC-SYNTH""}"
2026-10-04T20:01:01.629695+00:00,counter,marketdata.update.applied,1,"{""market"":""BTC-SYNTH""}"
2026-10-04T20:01:01.629792+00:00,counter,marketdata.update.applied,1,"{""market"":""BTC-SYNTH""}"
2026-10-04T20:01:01.629862+00:00,counter,marketdata.update.applied,1,"{""market"":""BTC-SYNTH""}"
2026-10-04T20:01:01.629933+00:00,counter,marketdata.update.applied,1,"{""market"":""BTC-SYNTH""}"
2026-10-04T20:01:01.630056+00:00,counter,marketdata.update.applied,1,"{""market"":""BTC-SYNTH""}"
2026-10-04T20:01:01.630140+00:00,counter,marketdata.update.applied,1,"{""market"":""BTC-SYNTH""}"
2026-10-04T20:01:01.630205+00:00,counter,marketdata.update.applied,1,"{""market"":""BTC-SYNTH""}"
2026-10-04T20:01:01.630271+00:00,counter,marketdata.update.applied,1,"{""market"":""BTC-SYNTH""}"
2026-10-04T20:01:01.630332+00:00,counter,marketdata.update.applied,1,"{""market"":""BTC-SYNTH""}"
2026-10-04T20:01:01.630399+00:00,counter,marketdata.update.applied,1,"{""market"":""BTC-SYNTH""}"
2026-10-04T20:01:01.630459+00:00,counter,marketdata.update.applied,1,"{""market"":""BTC-SYNTH""}"
2026-10-04T20:01:01.630577+00:00,counter,marketdata.update.applied,1,"{""market"":""BTC-SYNTH""}"
2026-10-04T20:01:01.630654+00:00,counter,marketdata.update.applied,1,"{""market"":""BTC-SYNTH""}"
2026-10-04T20:01:01.630724+00:00,counter,marketdata.update.applied,1,"{""market"":""BTC-SYNTH""}"
2026-10-04T20:01:01.630782+00:00,counter,marketdata.update.applied,1,"{""market"":""BTC-SYNTH""}"
2026-10-04T20:01:01.630843+00:00,counter,marketdata.update.applied,1,"{""market"":""BTC-SYNTH""}"
2026-10-04T20:01:01.630898+00:00,counter,marketdata.update.applied,1,"{""market"":""BTC-SYNTH""}"
2026-10-04T20:01:01.630960+00:00,counter,marketdata.update.applied,1,"{""market"":""BTC-SYNTH""}"
2026-10-04T20:01:01.631051+00:00,counter,marketdata.update.applied,1,"{""market"":""BTC-SYNTH""}"
2026-10-04T20:01:01.631115+00:00,counter,marketdata.update.applied,1,"{""market"":""BTC-SYNTH""}"
2026-10-04T20:01:01.631171+00:00,counter,marketdata.update.applied,1,"{""market"":""BTC-SYNTH""}"
2026-10-04T20:01:01.631237+00:00,counter,marketdata.update.applied,1,"{""market"":""BTC-SYNTH""}"
2026-10-04T20:01:01.631292+00:00,counter,marketdata.update.applied,1,"{""market"":""BTC-SYNTH""}"
2026-10-04T20:01:01.631352+00:00,counter,marketdata.update.applied,1,"{""market"":""BTC-SYNTH""}"
2026-10-04T20:01:01.631406+00:00,counter,marketdata.update.applied,1,"{""market"":""BTC-SYNTH""}"
2026-10-04T20:01:01.631468+00:00,counter,marketdata.update.applied,1,"{""market"":""BTC-SYNTH""}"
2026-10-04T20:01:01.631556+00:00,counter,marketdata.update.applied,1,"{""market"":""BTC-SYNTH""}"
2026-10-04T20:01:01.631653+00:00,counter,marketdata.update.applied,1,"{""market"":""BTC-SYNTH""}"
2026-10-04T20:01:01.631719+00:00,counter,marketdata.update.applied,1,"{""market"":""BTC-SYNTH""}"
2026-10-04T20:01:01.631785+00:00,counter,marketdata.update.applied,1,"{""market"":""BTC-SYNTH""}"
2026-10-04T20:01:01.631842+00:00,counter,marketdata.update.applied,1,"{""market"":""BTC-SYNTH""}"
2026-10-04T20:01:01.631904+00:00,counter,marketdata.update.applied,1,"{""market"":""BTC-SYNTH""}"
2026-10-04T20:01:01.631960+00:00,counter,marketdata.update.applied,1,"{""market"":""BTC-SYNTH""}"
2026-10-04T20:01:01.632021+00:00,counter,marketdata.update.applied,1,"{""market"":""BTC-SYNTH""}"
2026-10-04T20:01:01.632099+00:00,counter,marketdata.update.applied,1,"{""market"":""BTC-SYNTH""}"
2026-10-04T20:01:01.632187+00:00,counter,marketdata.update.applied,1,"{""market"":""BTC-SYNTH""}"
2026-10-04T20:01:01.632243+00:00,counter,marketdata.update.applied,1,"{""market"":""BTC-SYNTH""}"
2026-10-04T20:01:01.632301+00:00,counter,marketdata.update.applied,1,"{""market"":""BTC-SYNTH""}"
2026-10-04T20:01:01.632353+00:00,counter,marketdata.update.applied,1,"{""market"":""BTC-SYNTH""}"
2026-10-04T20:01:01.632408+00:00,counter,marketdata.update.applied,1,"{""market"":""BTC-SYNTH""}"
2026-10-04T20:01:01.632460+00:00,counter,marketdata.update.applied,1,"{""market"":""BTC-SYNTH""}"
2026-10-04T20:01:01.632563+00:00,counter,marketdata.update.applied,1,"{""market"":""BTC-SYNTH""}"
2026-10-04T20:01:01.632636+00:00,counter,marketdata.update.applied,1,"{""market"":""BTC-SYNTH""}"
2026-10-04T20:01:01.632702+00:00,counter,marketdata.update.applied,1,"{""market"":""BTC-SYNTH""}"
2026-10-04T20:01:01.632757+00:00,counter,marketdata.update.applied,1,"{""market"":""BTC-SYNTH""}"
2026-10-04T20:01:01.632824+00:00,counter,marketdata.update.applied,1,"{""market"":""BTC-SYNTH""}"
2026-10-04T20:01:01.632877+00:00,counter,marketdata.update.applied,1,"{""market"":""BTC-SYNTH""}"
2026-10-04T20:01:01.632933+00:00,counter,marketdata.update.applied,1,"{""market"":""BTC-SYNTH""}"
2026-10-04T20:01:01.632985+00:00,counter,marketdata.update.applied,1,"{""market"":""BTC-SYNTH""}"
2026-10-04T20:01:01.633041+00:00,counter,marketdata.update.applied,1,"{""market"":""BTC-SYNTH""}"
2026-10-04T20:01:01.633092+00:00,counter,marketdata.update.applied,1,"{""market"":""BTC-SYNTH""}"
2026-10-04T20:01:01.633147+00:00,counter,marketdata.update.applied,1,"{""market"":""BTC-SYNTH""}"
2026-10-04T20:01:01.633198+00:00,counter,marketdata.update.applied,1,"{""market"":""BTC-SYNTH""}"
2026-10-04T20:01:01.633254+00:00,counter,marketdata.update.applied,1,"{""market"":""BTC-SYNTH""}"
2026-10-04T20:01:01.633306+00:00,counter,marketdata.update.applied,1,"{""market"":""BTC-SYNTH""}"
2026-10-04T20:01:01.633362+00:00,counter,marketdata.update.applied,1,"{""market"":""BTC-SYNTH""}"
2026-10-04T20:01:01.633413+00:00,counter,marketdata.update.applied,1,"{""market"":""BTC-SYNTH""}"
2026-10-04T20:01:01.633478+00:00,counter,marketdata.update.applied,1,"{""market"":""BTC-SYNTH""}"
2026-10-04T20:01:01.633576+00:00,counter,marketdata.update.applied,1,"{""market"":""BTC-SYNTH""}"
2026-10-04T20:01:01.633654+00:00,counter,marketdata.update.applied,1,"{""market"":""BTC-SYNTH""}"
2026-10-04T20:01:01.633713+00:00,counter,marketdata.update.applied,1,"{""market"":""BTC-SYNTH""}"
2026-10-04T20:01:01.633774+00:00,counter,marketdata.update.applied,1,"{""market"":""BTC-SYNTH""}"
2026-10-04T20:01:01.633824+00:00,counter,marketdata.update.applied,1,"{""market"":""BTC-SYNTH""}"
2026-10-04T20:01:01.633877+00:00,counter,marketdata.update.applied,1,"{""market"":""BTC-SYNTH""}"
2026-10-04T20:01:01.633927+00:00,counter,marketdata.update.applied,1,"{""market"":""BTC-SYNTH""}"
2026-10-04T20:01:01.667156+00:00,gauge,pricing.slices.attempted,3.0,"{""market"":""BTC-SYNTH"",""producer"":""svi-jax""}"
2026-10-04T20:01:01.667184+00:00,gauge,pricing.slices.accepted,3.0,"{""market"":""BTC-SYNTH"",""producer"":""svi-jax""}"
2026-10-04T20:01:01.667255+00:00,gauge,pricing.rmse_vol_bp,37.692235927319345,"{""market"":""BTC-SYNTH"",""producer"":""svi-jax""}"
2026-10-04T20:01:01.667266+00:00,timing,pricing.cycle_ms,32.934,"{""market"":""BTC-SYNTH"",""producer"":""svi-jax""}"
2026-10-04T20:01:01.667395+00:00,counter,bus.published,1,"{""topic"":""surface.BTC-SYNTH.svi-jax""}"
2026-10-04T20:01:01.667413+00:00,counter,runner.handled,1,"{""subscriber"":""svi-jax@BTC-SYNTH""}"
2026-10-04T20:01:01.667479+00:00,counter,risk.surface.received,1,"{""market"":""BTC-SYNTH"",""producer"":""svi-jax"",""status"":""OK""}"
2026-10-04T20:01:01.667514+00:00,timing,risk.surface.snapshot_to_surface_ms,54.11,"{""market"":""BTC-SYNTH"",""producer"":""svi-jax""}"
2026-10-04T20:01:01.667521+00:00,timing,risk.surface.delivery_lag_ms,0.374,"{""market"":""BTC-SYNTH"",""producer"":""svi-jax""}"
2026-10-04T20:01:01.667531+00:00,gauge,risk.surface_age_seconds,0.054491,"{""market"":""BTC-SYNTH"",""producer"":""svi-jax""}"
2026-10-04T20:01:01.667536+00:00,counter,risk.report.freshness,1,"{""decision"":""NORMAL"",""market"":""BTC-SYNTH"",""producer"":""svi-jax""}"
2026-10-04T20:01:01.667565+00:00,counter,runner.handled,1,"{""subscriber"":""risk-svi-jax@BTC-SYNTH""}"
2026-10-04T20:01:02.644884+00:00,counter,marketdata.snapshot.published,1,"{""market"":""BTC-SYNTH""}"
2026-10-04T20:01:02.644997+00:00,gauge,marketdata.clock_skew_seconds,-0.972738,"{""market"":""BTC-SYNTH""}"
2026-10-04T20:01:02.645039+00:00,gauge,marketdata.coverage_ratio,1.0,"{""market"":""BTC-SYNTH""}"
2026-10-04T20:01:02.645072+00:00,gauge,marketdata.max_age_seconds,1.069441,"{""market"":""BTC-SYNTH""}"
2026-10-04T20:01:02.645110+00:00,counter,pipeline.heartbeat.emitted,1,"{""market"":""BTC-SYNTH""}"
2026-10-04T20:01:02.645153+00:00,counter,bus.published,1,"{""topic"":""snapshot.BTC-SYNTH""}"
2026-10-04T20:01:02.645411+00:00,counter,marketdata.update.applied,1,"{""market"":""BTC-SYNTH""}"
2026-10-04T20:01:02.645504+00:00,counter,marketdata.update.applied,1,"{""market"":""BTC-SYNTH""}"
2026-10-04T20:01:02.645586+00:00,counter,marketdata.update.applied,1,"{""market"":""BTC-SYNTH""}"
2026-10-04T20:01:02.645653+00:00,counter,marketdata.update.applied,1,"{""market"":""BTC-SYNTH""}"
2026-10-04T20:01:02.645723+00:00,counter,marketdata.update.applied,1,"{""market"":""BTC-SYNTH""}"
2026-10-04T20:01:02.645787+00:00,counter,marketdata.update.applied,1,"{""market"":""BTC-SYNTH""}"
2026-10-04T20:01:02.645856+00:00,counter,marketdata.update.applied,1,"{""market"":""BTC-SYNTH""}"
2026-10-04T20:01:02.645918+00:00,counter,marketdata.update.applied,1,"{""market"":""BTC-SYNTH""}"
2026-10-04T20:01:02.645984+00:00,counter,marketdata.update.applied,1,"{""market"":""BTC-SYNTH""}"
2026-10-04T20:01:02.646042+00:00,counter,marketdata.update.applied,1,"{""market"":""BTC-SYNTH""}"
2026-10-04T20:01:02.646180+00:00,counter,marketdata.update.applied,1,"{""market"":""BTC-SYNTH""}"
2026-10-04T20:01:02.646257+00:00,counter,marketdata.update.applied,1,"{""market"":""BTC-SYNTH""}"
2026-10-04T20:01:02.646374+00:00,counter,marketdata.update.applied,1,"{""market"":""BTC-SYNTH""}"
2026-10-04T20:01:02.646451+00:00,counter,marketdata.update.applied,1,"{""market"":""BTC-SYNTH""}"
2026-10-04T20:01:02.646521+00:00,counter,marketdata.update.applied,1,"{""market"":""BTC-SYNTH""}"
2026-10-04T20:01:02.646578+00:00,counter,marketdata.update.applied,1,"{""market"":""BTC-SYNTH""}"
2026-10-04T20:01:02.646640+00:00,counter,marketdata.update.applied,1,"{""market"":""BTC-SYNTH""}"
2026-10-04T20:01:02.646697+00:00,counter,marketdata.update.applied,1,"{""market"":""BTC-SYNTH""}"
2026-10-04T20:01:02.646759+00:00,counter,marketdata.update.applied,1,"{""market"":""BTC-SYNTH""}"
2026-10-04T20:01:02.646816+00:00,counter,marketdata.update.applied,1,"{""market"":""BTC-SYNTH""}"
2026-10-04T20:01:02.646876+00:00,counter,marketdata.update.applied,1,"{""market"":""BTC-SYNTH""}"
2026-10-04T20:01:02.646932+00:00,counter,marketdata.update.applied,1,"{""market"":""BTC-SYNTH""}"
2026-10-04T20:01:02.646998+00:00,counter,marketdata.update.applied,1,"{""market"":""BTC-SYNTH""}"
2026-10-04T20:01:02.647054+00:00,counter,marketdata.update.applied,1,"{""market"":""BTC-SYNTH""}"
2026-10-04T20:01:02.647114+00:00,counter,marketdata.update.applied,1,"{""market"":""BTC-SYNTH""}"
2026-10-04T20:01:02.647170+00:00,counter,marketdata.update.applied,1,"{""market"":""BTC-SYNTH""}"
2026-10-04T20:01:02.647231+00:00,counter,marketdata.update.applied,1,"{""market"":""BTC-SYNTH""}"
2026-10-04T20:01:02.647288+00:00,counter,marketdata.update.applied,1,"{""market"":""BTC-SYNTH""}"
2026-10-04T20:01:02.647412+00:00,counter,marketdata.update.applied,1,"{""market"":""BTC-SYNTH""}"
2026-10-04T20:01:02.647503+00:00,counter,marketdata.update.applied,1,"{""market"":""BTC-SYNTH""}"
2026-10-04T20:01:02.647570+00:00,counter,marketdata.update.applied,1,"{""market"":""BTC-SYNTH""}"
2026-10-04T20:01:02.647624+00:00,counter,marketdata.update.applied,1,"{""market"":""BTC-SYNTH""}"
2026-10-04T20:01:02.647683+00:00,counter,marketdata.update.applied,1,"{""market"":""BTC-SYNTH""}"
2026-10-04T20:01:02.647736+00:00,counter,marketdata.update.applied,1,"{""market"":""BTC-SYNTH""}"
2026-10-04T20:01:02.647795+00:00,counter,marketdata.update.applied,1,"{""market"":""BTC-SYNTH""}"
2026-10-04T20:01:02.647848+00:00,counter,marketdata.update.applied,1,"{""market"":""BTC-SYNTH""}"
2026-10-04T20:01:02.647904+00:00,counter,marketdata.update.applied,1,"{""market"":""BTC-SYNTH""}"
2026-10-04T20:01:02.647955+00:00,counter,marketdata.update.applied,1,"{""market"":""BTC-SYNTH""}"
2026-10-04T20:01:02.648013+00:00,counter,marketdata.update.applied,1,"{""market"":""BTC-SYNTH""}"
2026-10-04T20:01:02.648065+00:00,counter,marketdata.update.applied,1,"{""market"":""BTC-SYNTH""}"
2026-10-04T20:01:02.648120+00:00,counter,marketdata.update.applied,1,"{""market"":""BTC-SYNTH""}"
2026-10-04T20:01:02.648171+00:00,counter,marketdata.update.applied,1,"{""market"":""BTC-SYNTH""}"
2026-10-04T20:01:02.648228+00:00,counter,marketdata.update.applied,1,"{""market"":""BTC-SYNTH""}"
2026-10-04T20:01:02.648278+00:00,counter,marketdata.update.applied,1,"{""market"":""BTC-SYNTH""}"
2026-10-04T20:01:02.648337+00:00,counter,marketdata.update.applied,1,"{""market"":""BTC-SYNTH""}"
2026-10-04T20:01:02.648388+00:00,counter,marketdata.update.applied,1,"{""market"":""BTC-SYNTH""}"
2026-10-04T20:01:02.648441+00:00,counter,marketdata.update.applied,1,"{""market"":""BTC-SYNTH""}"
2026-10-04T20:01:02.648559+00:00,counter,marketdata.update.applied,1,"{""market"":""BTC-SYNTH""}"
2026-10-04T20:01:02.648630+00:00,counter,marketdata.update.applied,1,"{""market"":""BTC-SYNTH""}"
2026-10-04T20:01:02.648683+00:00,counter,marketdata.update.applied,1,"{""market"":""BTC-SYNTH""}"
2026-10-04T20:01:02.648740+00:00,counter,marketdata.update.applied,1,"{""market"":""BTC-SYNTH""}"
2026-10-04T20:01:02.648790+00:00,counter,marketdata.update.applied,1,"{""market"":""BTC-SYNTH""}"
2026-10-04T20:01:02.648843+00:00,counter,marketdata.update.applied,1,"{""market"":""BTC-SYNTH""}"
2026-10-04T20:01:02.648893+00:00,counter,marketdata.update.applied,1,"{""market"":""BTC-SYNTH""}"
2026-10-04T20:01:02.648948+00:00,counter,marketdata.update.applied,1,"{""market"":""BTC-SYNTH""}"
2026-10-04T20:01:02.649016+00:00,counter,marketdata.update.applied,1,"{""market"":""BTC-SYNTH""}"
2026-10-04T20:01:02.649084+00:00,counter,marketdata.update.applied,1,"{""market"":""BTC-SYNTH""}"
2026-10-04T20:01:02.649134+00:00,counter,marketdata.update.applied,1,"{""market"":""BTC-SYNTH""}"
2026-10-04T20:01:02.649191+00:00,counter,marketdata.update.applied,1,"{""market"":""BTC-SYNTH""}"
2026-10-04T20:01:02.649241+00:00,counter,marketdata.update.applied,1,"{""market"":""BTC-SYNTH""}"
2026-10-04T20:01:02.649294+00:00,counter,marketdata.update.applied,1,"{""market"":""BTC-SYNTH""}"
2026-10-04T20:01:02.649344+00:00,counter,marketdata.update.applied,1,"{""market"":""BTC-SYNTH""}"
2026-10-04T20:01:02.649398+00:00,counter,marketdata.update.applied,1,"{""market"":""BTC-SYNTH""}"
2026-10-04T20:01:02.649447+00:00,counter,marketdata.update.applied,1,"{""market"":""BTC-SYNTH""}"
2026-10-04T20:01:02.649500+00:00,counter,marketdata.update.applied,1,"{""market"":""BTC-SYNTH""}"
2026-10-04T20:01:02.649573+00:00,counter,marketdata.update.applied,1,"{""market"":""BTC-SYNTH""}"
2026-10-04T20:01:02.867981+00:00,gauge,pricing.slices.attempted,3.0,"{""market"":""BTC-SYNTH"",""producer"":""svi-jax""}"
2026-10-04T20:01:02.868027+00:00,gauge,pricing.slices.accepted,3.0,"{""market"":""BTC-SYNTH"",""producer"":""svi-jax""}"
2026-10-04T20:01:02.868104+00:00,gauge,pricing.rmse_vol_bp,41.728154121316265,"{""market"":""BTC-SYNTH"",""producer"":""svi-jax""}"
2026-10-04T20:01:02.868114+00:00,timing,pricing.cycle_ms,218.04000000000002,"{""market"":""BTC-SYNTH"",""producer"":""svi-jax""}"
2026-10-04T20:01:02.868425+00:00,counter,bus.published,1,"{""topic"":""surface.BTC-SYNTH.svi-jax""}"
2026-10-04T20:01:02.868490+00:00,counter,runner.handled,1,"{""subscriber"":""svi-jax@BTC-SYNTH""}"
2026-10-04T20:01:02.868613+00:00,counter,risk.surface.received,1,"{""market"":""BTC-SYNTH"",""producer"":""svi-jax"",""status"":""OK""}"
2026-10-04T20:01:02.868628+00:00,timing,risk.surface.snapshot_to_surface_ms,1197.8029999999999,"{""market"":""BTC-SYNTH"",""producer"":""svi-jax""}"
2026-10-04T20:01:02.868638+00:00,timing,risk.surface.delivery_lag_ms,0.6719999999999999,"{""market"":""BTC-SYNTH"",""producer"":""svi-jax""}"
2026-10-04T20:01:02.868655+00:00,gauge,risk.surface_age_seconds,1.198487,"{""market"":""BTC-SYNTH"",""producer"":""svi-jax""}"
2026-10-04T20:01:02.868663+00:00,counter,risk.report.freshness,1,"{""decision"":""NORMAL"",""market"":""BTC-SYNTH"",""producer"":""svi-jax""}"
2026-10-04T20:01:02.868713+00:00,counter,runner.handled,1,"{""subscriber"":""risk-svi-jax@BTC-SYNTH""}"
2026-10-04T20:01:03.653486+00:00,counter,marketdata.snapshot.published,1,"{""market"":""BTC-SYNTH""}"
2026-10-04T20:01:03.653600+00:00,gauge,marketdata.clock_skew_seconds,-0.978828,"{""market"":""BTC-SYNTH""}"
2026-10-04T20:01:03.653647+00:00,gauge,marketdata.coverage_ratio,0.9848484848484849,"{""market"":""BTC-SYNTH""}"
2026-10-04T20:01:03.653685+00:00,gauge,marketdata.max_age_seconds,1.078276,"{""market"":""BTC-SYNTH""}"
2026-10-04T20:01:03.653727+00:00,counter,pipeline.heartbeat.emitted,1,"{""market"":""BTC-SYNTH""}"
2026-10-04T20:01:03.653776+00:00,counter,bus.published,1,"{""topic"":""snapshot.BTC-SYNTH""}"
2026-10-04T20:01:03.654062+00:00,counter,marketdata.update.applied,1,"{""market"":""BTC-SYNTH""}"
2026-10-04T20:01:03.654170+00:00,counter,marketdata.update.applied,1,"{""market"":""BTC-SYNTH""}"
2026-10-04T20:01:03.654260+00:00,counter,marketdata.update.applied,1,"{""market"":""BTC-SYNTH""}"
2026-10-04T20:01:03.654329+00:00,counter,marketdata.update.applied,1,"{""market"":""BTC-SYNTH""}"
2026-10-04T20:01:03.654401+00:00,counter,marketdata.update.applied,1,"{""market"":""BTC-SYNTH""}"
2026-10-04T20:01:03.654467+00:00,counter,marketdata.update.applied,1,"{""market"":""BTC-SYNTH""}"
2026-10-04T20:01:03.654540+00:00,counter,marketdata.update.applied,1,"{""market"":""BTC-SYNTH""}"
2026-10-04T20:01:03.654606+00:00,counter,marketdata.update.applied,1,"{""market"":""BTC-SYNTH""}"
2026-10-04T20:01:03.654678+00:00,counter,marketdata.update.applied,1,"{""market"":""BTC-SYNTH""}"
2026-10-04T20:01:03.654743+00:00,counter,marketdata.update.applied,1,"{""market"":""BTC-SYNTH""}"
2026-10-04T20:01:03.654815+00:00,counter,marketdata.update.applied,1,"{""market"":""BTC-SYNTH""}"
2026-10-04T20:01:03.654883+00:00,counter,marketdata.update.applied,1,"{""market"":""BTC-SYNTH""}"
2026-10-04T20:01:03.655008+00:00,counter,marketdata.update.applied,1,"{""market"":""BTC-SYNTH""}"
2026-10-04T20:01:03.655101+00:00,counter,marketdata.update.applied,1,"{""market"":""BTC-SYNTH""}"
2026-10-04T20:01:03.655183+00:00,counter,marketdata.update.applied,1,"{""market"":""BTC-SYNTH""}"
2026-10-04T20:01:03.655251+00:00,counter,marketdata.update.applied,1,"{""market"":""BTC-SYNTH""}"
2026-10-04T20:01:03.655322+00:00,counter,marketdata.update.applied,1,"{""market"":""BTC-SYNTH""}"
2026-10-04T20:01:03.655389+00:00,counter,marketdata.update.applied,1,"{""market"":""BTC-SYNTH""}"
2026-10-04T20:01:03.655463+00:00,counter,marketdata.update.applied,1,"{""market"":""BTC-SYNTH""}"
2026-10-04T20:01:03.655525+00:00,counter,marketdata.update.applied,1,"{""market"":""BTC-SYNTH""}"
2026-10-04T20:01:03.655590+00:00,counter,marketdata.update.applied,1,"{""market"":""BTC-SYNTH""}"
2026-10-04T20:01:03.655650+00:00,counter,marketdata.update.applied,1,"{""market"":""BTC-SYNTH""}"
2026-10-04T20:01:03.655722+00:00,counter,marketdata.update.applied,1,"{""market"":""BTC-SYNTH""}"
2026-10-04T20:01:03.655781+00:00,counter,marketdata.update.applied,1,"{""market"":""BTC-SYNTH""}"
2026-10-04T20:01:03.655844+00:00,counter,marketdata.update.applied,1,"{""market"":""BTC-SYNTH""}"
2026-10-04T20:01:03.655903+00:00,counter,marketdata.update.applied,1,"{""market"":""BTC-SYNTH""}"
2026-10-04T20:01:03.656018+00:00,counter,marketdata.update.applied,1,"{""market"":""BTC-SYNTH""}"
2026-10-04T20:01:03.656105+00:00,counter,marketdata.update.applied,1,"{""market"":""BTC-SYNTH""}"
2026-10-04T20:01:03.656179+00:00,counter,marketdata.update.applied,1,"{""market"":""BTC-SYNTH""}"
2026-10-04T20:01:03.656240+00:00,counter,marketdata.update.applied,1,"{""market"":""BTC-SYNTH""}"
2026-10-04T20:01:03.656307+00:00,counter,marketdata.update.applied,1,"{""market"":""BTC-SYNTH""}"
2026-10-04T20:01:03.656367+00:00,counter,marketdata.update.applied,1,"{""market"":""BTC-SYNTH""}"
2026-10-04T20:01:03.656432+00:00,counter,marketdata.update.applied,1,"{""market"":""BTC-SYNTH""}"
2026-10-04T20:01:03.656519+00:00,counter,marketdata.update.applied,1,"{""market"":""BTC-SYNTH""}"
2026-10-04T20:01:03.656588+00:00,counter,marketdata.update.applied,1,"{""market"":""BTC-SYNTH""}"
2026-10-04T20:01:03.656648+00:00,counter,marketdata.update.applied,1,"{""market"":""BTC-SYNTH""}"
2026-10-04T20:01:03.656711+00:00,counter,marketdata.update.applied,1,"{""market"":""BTC-SYNTH""}"
2026-10-04T20:01:03.656771+00:00,counter,marketdata.update.applied,1,"{""market"":""BTC-SYNTH""}"
2026-10-04T20:01:03.656835+00:00,counter,marketdata.update.applied,1,"{""market"":""BTC-SYNTH""}"
2026-10-04T20:01:03.656894+00:00,counter,marketdata.update.applied,1,"{""market"":""BTC-SYNTH""}"
2026-10-04T20:01:03.656959+00:00,counter,marketdata.update.applied,1,"{""market"":""BTC-SYNTH""}"
2026-10-04T20:01:03.657018+00:00,counter,marketdata.update.applied,1,"{""market"":""BTC-SYNTH""}"
2026-10-04T20:01:03.657081+00:00,counter,marketdata.update.applied,1,"{""market"":""BTC-SYNTH""}"
2026-10-04T20:01:03.657212+00:00,counter,marketdata.update.applied,1,"{""market"":""BTC-SYNTH""}"
2026-10-04T20:01:03.657289+00:00,counter,marketdata.update.applied,1,"{""market"":""BTC-SYNTH""}"
2026-10-04T20:01:03.657348+00:00,counter,marketdata.update.applied,1,"{""market"":""BTC-SYNTH""}"
2026-10-04T20:01:03.657412+00:00,counter,marketdata.update.applied,1,"{""market"":""BTC-SYNTH""}"
2026-10-04T20:01:03.657469+00:00,counter,marketdata.update.applied,1,"{""market"":""BTC-SYNTH""}"
2026-10-04T20:01:03.657530+00:00,counter,marketdata.update.applied,1,"{""market"":""BTC-SYNTH""}"
2026-10-04T20:01:03.657587+00:00,counter,marketdata.update.applied,1,"{""market"":""BTC-SYNTH""}"
2026-10-04T20:01:03.657649+00:00,counter,marketdata.update.applied,1,"{""market"":""BTC-SYNTH""}"
2026-10-04T20:01:03.657706+00:00,counter,marketdata.update.applied,1,"{""market"":""BTC-SYNTH""}"
2026-10-04T20:01:03.657766+00:00,counter,marketdata.update.applied,1,"{""market"":""BTC-SYNTH""}"
2026-10-04T20:01:03.657822+00:00,counter,marketdata.update.applied,1,"{""market"":""BTC-SYNTH""}"
2026-10-04T20:01:03.657884+00:00,counter,marketdata.update.applied,1,"{""market"":""BTC-SYNTH""}"
2026-10-04T20:01:03.657941+00:00,counter,marketdata.update.applied,1,"{""market"":""BTC-SYNTH""}"
2026-10-04T20:01:03.658001+00:00,counter,marketdata.update.applied,1,"{""market"":""BTC-SYNTH""}"
2026-10-04T20:01:03.658056+00:00,counter,marketdata.update.applied,1,"{""market"":""BTC-SYNTH""}"
2026-10-04T20:01:03.658117+00:00,counter,marketdata.update.applied,1,"{""market"":""BTC-SYNTH""}"
2026-10-04T20:01:03.658221+00:00,counter,marketdata.update.applied,1,"{""market"":""BTC-SYNTH""}"
2026-10-04T20:01:03.658305+00:00,counter,marketdata.update.applied,1,"{""market"":""BTC-SYNTH""}"
2026-10-04T20:01:03.658368+00:00,counter,marketdata.update.applied,1,"{""market"":""BTC-SYNTH""}"
2026-10-04T20:01:03.658432+00:00,counter,marketdata.update.applied,1,"{""market"":""BTC-SYNTH""}"
2026-10-04T20:01:03.658493+00:00,counter,marketdata.update.applied,1,"{""market"":""BTC-SYNTH""}"
2026-10-04T20:01:03.658554+00:00,counter,marketdata.update.applied,1,"{""market"":""BTC-SYNTH""}"
2026-10-04T20:01:03.658609+00:00,counter,marketdata.update.applied,1,"{""market"":""BTC-SYNTH""}"
2026-10-04T20:01:03.851011+00:00,gauge,pricing.slices.attempted,3.0,"{""market"":""BTC-SYNTH"",""producer"":""svi-jax""}"
2026-10-04T20:01:03.851101+00:00,gauge,pricing.slices.accepted,3.0,"{""market"":""BTC-SYNTH"",""producer"":""svi-jax""}"
2026-10-04T20:01:03.851173+00:00,gauge,pricing.rmse_vol_bp,41.017043130822074,"{""market"":""BTC-SYNTH"",""producer"":""svi-jax""}"
2026-10-04T20:01:03.851182+00:00,timing,pricing.cycle_ms,191.978,"{""market"":""BTC-SYNTH"",""producer"":""svi-jax""}"
2026-10-04T20:01:03.851393+00:00,counter,bus.published,1,"{""topic"":""surface.BTC-SYNTH.svi-jax""}"
2026-10-04T20:01:03.851421+00:00,counter,runner.handled,1,"{""subscriber"":""svi-jax@BTC-SYNTH""}"
2026-10-04T20:01:03.851496+00:00,counter,risk.surface.received,1,"{""market"":""BTC-SYNTH"",""producer"":""svi-jax"",""status"":""OK""}"
2026-10-04T20:01:03.851507+00:00,timing,risk.surface.snapshot_to_surface_ms,1178.5,"{""market"":""BTC-SYNTH"",""producer"":""svi-jax""}"
2026-10-04T20:01:03.851513+00:00,timing,risk.surface.delivery_lag_ms,0.513,"{""market"":""BTC-SYNTH"",""producer"":""svi-jax""}"
2026-10-04T20:01:03.851524+00:00,gauge,risk.surface_age_seconds,1.179021,"{""market"":""BTC-SYNTH"",""producer"":""svi-jax""}"
2026-10-04T20:01:03.851530+00:00,counter,risk.report.freshness,1,"{""decision"":""NORMAL"",""market"":""BTC-SYNTH"",""producer"":""svi-jax""}"
2026-10-04T20:01:03.851563+00:00,counter,runner.handled,1,"{""subscriber"":""risk-svi-jax@BTC-SYNTH""}"
2026-10-04T20:01:04.722820+00:00,counter,marketdata.snapshot.published,1,"{""market"":""BTC-SYNTH""}"
2026-10-04T20:01:04.722862+00:00,gauge,marketdata.clock_skew_seconds,-1.050685,"{""market"":""BTC-SYNTH""}"
2026-10-04T20:01:04.722875+00:00,gauge,marketdata.coverage_ratio,1.0,"{""market"":""BTC-SYNTH""}"
2026-10-04T20:01:04.722886+00:00,gauge,marketdata.max_age_seconds,1.148622,"{""market"":""BTC-SYNTH""}"
2026-10-04T20:01:04.722898+00:00,counter,pipeline.heartbeat.emitted,1,"{""market"":""BTC-SYNTH""}"
2026-10-04T20:01:04.722913+00:00,counter,bus.published,1,"{""topic"":""snapshot.BTC-SYNTH""}"
2026-10-04T20:01:04.723002+00:00,counter,marketdata.update.applied,1,"{""market"":""BTC-SYNTH""}"
2026-10-04T20:01:04.723030+00:00,counter,marketdata.update.applied,1,"{""market"":""BTC-SYNTH""}"
2026-10-04T20:01:04.723056+00:00,counter,marketdata.update.applied,1,"{""market"":""BTC-SYNTH""}"
2026-10-04T20:01:04.723079+00:00,counter,marketdata.update.applied,1,"{""market"":""BTC-SYNTH""}"
2026-10-04T20:01:04.723102+00:00,counter,marketdata.update.applied,1,"{""market"":""BTC-SYNTH""}"
2026-10-04T20:01:04.723180+00:00,counter,marketdata.update.applied,1,"{""market"":""BTC-SYNTH""}"
2026-10-04T20:01:04.723222+00:00,counter,marketdata.update.applied,1,"{""market"":""BTC-SYNTH""}"
2026-10-04T20:01:04.723237+00:00,counter,marketdata.update.applied,1,"{""market"":""BTC-SYNTH""}"
2026-10-04T20:01:04.723250+00:00,counter,marketdata.update.applied,1,"{""market"":""BTC-SYNTH""}"
2026-10-04T20:01:04.723260+00:00,counter,marketdata.update.applied,1,"{""market"":""BTC-SYNTH""}"
2026-10-04T20:01:04.723273+00:00,counter,marketdata.update.applied,1,"{""market"":""BTC-SYNTH""}"
2026-10-04T20:01:04.723282+00:00,counter,marketdata.update.applied,1,"{""market"":""BTC-SYNTH""}"
2026-10-04T20:01:04.723293+00:00,counter,marketdata.update.applied,1,"{""market"":""BTC-SYNTH""}"
2026-10-04T20:01:04.723313+00:00,counter,marketdata.update.applied,1,"{""market"":""BTC-SYNTH""}"
2026-10-04T20:01:04.723327+00:00,counter,marketdata.update.applied,1,"{""market"":""BTC-SYNTH""}"
2026-10-04T20:01:04.723337+00:00,counter,marketdata.update.applied,1,"{""market"":""BTC-SYNTH""}"
2026-10-04T20:01:04.723347+00:00,counter,marketdata.update.applied,1,"{""market"":""BTC-SYNTH""}"
2026-10-04T20:01:04.723357+00:00,counter,marketdata.update.applied,1,"{""market"":""BTC-SYNTH""}"
2026-10-04T20:01:04.723368+00:00,counter,marketdata.update.applied,1,"{""market"":""BTC-SYNTH""}"
2026-10-04T20:01:04.723377+00:00,counter,marketdata.update.applied,1,"{""market"":""BTC-SYNTH""}"
2026-10-04T20:01:04.723387+00:00,counter,marketdata.update.applied,1,"{""market"":""BTC-SYNTH""}"
2026-10-04T20:01:04.723397+00:00,counter,marketdata.update.applied,1,"{""market"":""BTC-SYNTH""}"
2026-10-04T20:01:04.723409+00:00,counter,marketdata.update.applied,1,"{""market"":""BTC-SYNTH""}"
2026-10-04T20:01:04.723419+00:00,counter,marketdata.update.applied,1,"{""market"":""BTC-SYNTH""}"
2026-10-04T20:01:04.723429+00:00,counter,marketdata.update.applied,1,"{""market"":""BTC-SYNTH""}"
2026-10-04T20:01:04.723439+00:00,counter,marketdata.update.applied,1,"{""market"":""BTC-SYNTH""}"
2026-10-04T20:01:04.723448+00:00,counter,marketdata.update.applied,1,"{""market"":""BTC-SYNTH""}"
2026-10-04T20:01:04.723457+00:00,counter,marketdata.update.applied,1,"{""market"":""BTC-SYNTH""}"
2026-10-04T20:01:04.723466+00:00,counter,marketdata.update.applied,1,"{""market"":""BTC-SYNTH""}"
2026-10-04T20:01:04.723474+00:00,counter,marketdata.update.applied,1,"{""market"":""BTC-SYNTH""}"
2026-10-04T20:01:04.723483+00:00,counter,marketdata.update.applied,1,"{""market"":""BTC-SYNTH""}"
2026-10-04T20:01:04.723491+00:00,counter,marketdata.update.applied,1,"{""market"":""BTC-SYNTH""}"
2026-10-04T20:01:04.723500+00:00,counter,marketdata.update.applied,1,"{""market"":""BTC-SYNTH""}"
2026-10-04T20:01:04.723508+00:00,counter,marketdata.update.applied,1,"{""market"":""BTC-SYNTH""}"
2026-10-04T20:01:04.723517+00:00,counter,marketdata.update.applied,1,"{""market"":""BTC-SYNTH""}"
2026-10-04T20:01:04.723525+00:00,counter,marketdata.update.applied,1,"{""market"":""BTC-SYNTH""}"
2026-10-04T20:01:04.723534+00:00,counter,marketdata.update.applied,1,"{""market"":""BTC-SYNTH""}"
2026-10-04T20:01:04.723542+00:00,counter,marketdata.update.applied,1,"{""market"":""BTC-SYNTH""}"
2026-10-04T20:01:04.723551+00:00,counter,marketdata.update.applied,1,"{""market"":""BTC-SYNTH""}"
2026-10-04T20:01:04.723559+00:00,counter,marketdata.update.applied,1,"{""market"":""BTC-SYNTH""}"
2026-10-04T20:01:04.723568+00:00,counter,marketdata.update.applied,1,"{""market"":""BTC-SYNTH""}"
2026-10-04T20:01:04.723576+00:00,counter,marketdata.update.applied,1,"{""market"":""BTC-SYNTH""}"
2026-10-04T20:01:04.723585+00:00,counter,marketdata.update.applied,1,"{""market"":""BTC-SYNTH""}"
2026-10-04T20:01:04.723592+00:00,counter,marketdata.update.applied,1,"{""market"":""BTC-SYNTH""}"
2026-10-04T20:01:04.723602+00:00,counter,marketdata.update.applied,1,"{""market"":""BTC-SYNTH""}"
2026-10-04T20:01:04.723610+00:00,counter,marketdata.update.applied,1,"{""market"":""BTC-SYNTH""}"
2026-10-04T20:01:04.723619+00:00,counter,marketdata.update.applied,1,"{""market"":""BTC-SYNTH""}"
2026-10-04T20:01:04.723627+00:00,counter,marketdata.update.applied,1,"{""market"":""BTC-SYNTH""}"
2026-10-04T20:01:04.723647+00:00,counter,marketdata.update.applied,1,"{""market"":""BTC-SYNTH""}"
2026-10-04T20:01:04.723656+00:00,counter,marketdata.update.applied,1,"{""market"":""BTC-SYNTH""}"
2026-10-04T20:01:04.723665+00:00,counter,marketdata.update.applied,1,"{""market"":""BTC-SYNTH""}"
2026-10-04T20:01:04.723674+00:00,counter,marketdata.update.applied,1,"{""market"":""BTC-SYNTH""}"
2026-10-04T20:01:04.723683+00:00,counter,marketdata.update.applied,1,"{""market"":""BTC-SYNTH""}"
2026-10-04T20:01:04.723692+00:00,counter,marketdata.update.applied,1,"{""market"":""BTC-SYNTH""}"
2026-10-04T20:01:04.723701+00:00,counter,marketdata.update.applied,1,"{""market"":""BTC-SYNTH""}"
2026-10-04T20:01:04.723710+00:00,counter,marketdata.update.applied,1,"{""market"":""BTC-SYNTH""}"
2026-10-04T20:01:04.723719+00:00,counter,marketdata.update.applied,1,"{""market"":""BTC-SYNTH""}"
2026-10-04T20:01:04.723727+00:00,counter,marketdata.update.applied,1,"{""market"":""BTC-SYNTH""}"
2026-10-04T20:01:04.723736+00:00,counter,marketdata.update.applied,1,"{""market"":""BTC-SYNTH""}"
2026-10-04T20:01:04.723745+00:00,counter,marketdata.update.applied,1,"{""market"":""BTC-SYNTH""}"
2026-10-04T20:01:04.723759+00:00,counter,marketdata.update.applied,1,"{""market"":""BTC-SYNTH""}"
2026-10-04T20:01:04.723771+00:00,counter,marketdata.update.applied,1,"{""market"":""BTC-SYNTH""}"
2026-10-04T20:01:04.723780+00:00,counter,marketdata.update.applied,1,"{""market"":""BTC-SYNTH""}"
2026-10-04T20:01:04.723789+00:00,counter,marketdata.update.applied,1,"{""market"":""BTC-SYNTH""}"
2026-10-04T20:01:04.723834+00:00,counter,marketdata.update.applied,1,"{""market"":""BTC-SYNTH""}"
2026-10-04T20:01:04.723844+00:00,counter,marketdata.update.applied,1,"{""market"":""BTC-SYNTH""}"
2026-10-04T20:01:04.877850+00:00,gauge,pricing.slices.attempted,3.0,"{""market"":""BTC-SYNTH"",""producer"":""svi-jax""}"
2026-10-04T20:01:04.877881+00:00,gauge,pricing.slices.accepted,3.0,"{""market"":""BTC-SYNTH"",""producer"":""svi-jax""}"
2026-10-04T20:01:04.877947+00:00,gauge,pricing.rmse_vol_bp,40.30484208475604,"{""market"":""BTC-SYNTH"",""producer"":""svi-jax""}"
2026-10-04T20:01:04.877956+00:00,timing,pricing.cycle_ms,153.797,"{""market"":""BTC-SYNTH"",""producer"":""svi-jax""}"
2026-10-04T20:01:04.878222+00:00,counter,bus.published,1,"{""topic"":""surface.BTC-SYNTH.svi-jax""}"
2026-10-04T20:01:04.878253+00:00,counter,runner.handled,1,"{""subscriber"":""svi-jax@BTC-SYNTH""}"
2026-10-04T20:01:04.878334+00:00,counter,risk.surface.received,1,"{""market"":""BTC-SYNTH"",""producer"":""svi-jax"",""status"":""OK""}"
2026-10-04T20:01:04.878347+00:00,timing,risk.surface.snapshot_to_surface_ms,1206.321,"{""market"":""BTC-SYNTH"",""producer"":""svi-jax""}"
2026-10-04T20:01:04.878354+00:00,timing,risk.surface.delivery_lag_ms,0.514,"{""market"":""BTC-SYNTH"",""producer"":""svi-jax""}"
2026-10-04T20:01:04.878365+00:00,gauge,risk.surface_age_seconds,1.206843,"{""market"":""BTC-SYNTH"",""producer"":""svi-jax""}"
2026-10-04T20:01:04.878371+00:00,counter,risk.report.freshness,1,"{""decision"":""NORMAL"",""market"":""BTC-SYNTH"",""producer"":""svi-jax""}"
2026-10-04T20:01:04.878405+00:00,counter,runner.handled,1,"{""subscriber"":""risk-svi-jax@BTC-SYNTH""}"
2026-10-04T20:01:05.796034+00:00,counter,marketdata.snapshot.published,1,"{""market"":""BTC-SYNTH""}"
2026-10-04T20:01:05.796065+00:00,gauge,marketdata.clock_skew_seconds,-1.123496,"{""market"":""BTC-SYNTH""}"
2026-10-04T20:01:05.796072+00:00,gauge,marketdata.coverage_ratio,0.9848484848484849,"{""market"":""BTC-SYNTH""}"
2026-10-04T20:01:05.796076+00:00,gauge,marketdata.max_age_seconds,1.22226,"{""market"":""BTC-SYNTH""}"
2026-10-04T20:01:05.796082+00:00,counter,pipeline.heartbeat.emitted,1,"{""market"":""BTC-SYNTH""}"
2026-10-04T20:01:05.796091+00:00,counter,bus.published,1,"{""topic"":""snapshot.BTC-SYNTH""}"
2026-10-04T20:01:05.796170+00:00,counter,marketdata.update.applied,1,"{""market"":""BTC-SYNTH""}"
2026-10-04T20:01:05.796187+00:00,counter,marketdata.update.applied,1,"{""market"":""BTC-SYNTH""}"
2026-10-04T20:01:05.796214+00:00,counter,marketdata.update.applied,1,"{""market"":""BTC-SYNTH""}"
2026-10-04T20:01:05.796228+00:00,counter,marketdata.update.applied,1,"{""market"":""BTC-SYNTH""}"
2026-10-04T20:01:05.796250+00:00,counter,marketdata.update.applied,1,"{""market"":""BTC-SYNTH""}"
2026-10-04T20:01:05.796261+00:00,counter,marketdata.update.applied,1,"{""market"":""BTC-SYNTH""}"
2026-10-04T20:01:05.796272+00:00,counter,marketdata.update.applied,1,"{""market"":""BTC-SYNTH""}"
2026-10-04T20:01:05.796281+00:00,counter,marketdata.update.applied,1,"{""market"":""BTC-SYNTH""}"
2026-10-04T20:01:05.796291+00:00,counter,marketdata.update.applied,1,"{""market"":""BTC-SYNTH""}"
2026-10-04T20:01:05.796301+00:00,counter,marketdata.update.applied,1,"{""market"":""BTC-SYNTH""}"
2026-10-04T20:01:05.796311+00:00,counter,marketdata.update.applied,1,"{""market"":""BTC-SYNTH""}"
2026-10-04T20:01:05.796320+00:00,counter,marketdata.update.applied,1,"{""market"":""BTC-SYNTH""}"
2026-10-04T20:01:05.796330+00:00,counter,marketdata.update.applied,1,"{""market"":""BTC-SYNTH""}"
2026-10-04T20:01:05.796339+00:00,counter,marketdata.update.applied,1,"{""market"":""BTC-SYNTH""}"
2026-10-04T20:01:05.796349+00:00,counter,marketdata.update.applied,1,"{""market"":""BTC-SYNTH""}"
2026-10-04T20:01:05.796358+00:00,counter,marketdata.update.applied,1,"{""market"":""BTC-SYNTH""}"
2026-10-04T20:01:05.796367+00:00,counter,marketdata.update.applied,1,"{""market"":""BTC-SYNTH""}"
2026-10-04T20:01:05.796396+00:00,counter,marketdata.update.applied,1,"{""market"":""BTC-SYNTH""}"
2026-10-04T20:01:05.796406+00:00,counter,marketdata.update.applied,1,"{""market"":""BTC-SYNTH""}"
2026-10-04T20:01:05.796414+00:00,counter,marketdata.update.applied,1,"{""market"":""BTC-SYNTH""}"
2026-10-04T20:01:05.796424+00:00,counter,marketdata.update.applied,1,"{""market"":""BTC-SYNTH""}"
2026-10-04T20:01:05.796432+00:00,counter,marketdata.update.applied,1,"{""market"":""BTC-SYNTH""}"
2026-10-04T20:01:05.796442+00:00,counter,marketdata.update.applied,1,"{""market"":""BTC-SYNTH""}"
2026-10-04T20:01:05.796450+00:00,counter,marketdata.update.applied,1,"{""market"":""BTC-SYNTH""}"
2026-10-04T20:01:05.796460+00:00,counter,marketdata.update.applied,1,"{""market"":""BTC-SYNTH""}"
2026-10-04T20:01:05.796468+00:00,counter,marketdata.update.applied,1,"{""market"":""BTC-SYNTH""}"
2026-10-04T20:01:05.796477+00:00,counter,marketdata.update.applied,1,"{""market"":""BTC-SYNTH""}"
2026-10-04T20:01:05.796485+00:00,counter,marketdata.update.applied,1,"{""market"":""BTC-SYNTH""}"
2026-10-04T20:01:05.796494+00:00,counter,marketdata.update.applied,1,"{""market"":""BTC-SYNTH""}"
2026-10-04T20:01:05.796503+00:00,counter,marketdata.update.applied,1,"{""market"":""BTC-SYNTH""}"
2026-10-04T20:01:05.796512+00:00,counter,marketdata.update.applied,1,"{""market"":""BTC-SYNTH""}"
2026-10-04T20:01:05.796521+00:00,counter,marketdata.update.applied,1,"{""market"":""BTC-SYNTH""}"
2026-10-04T20:01:05.796530+00:00,counter,marketdata.update.applied,1,"{""market"":""BTC-SYNTH""}"
2026-10-04T20:01:05.796538+00:00,counter,marketdata.update.applied,1,"{""market"":""BTC-SYNTH""}"
2026-10-04T20:01:05.796547+00:00,counter,marketdata.update.applied,1,"{""market"":""BTC-SYNTH""}"
2026-10-04T20:01:05.796555+00:00,counter,marketdata.update.applied,1,"{""market"":""BTC-SYNTH""}"
2026-10-04T20:01:05.796564+00:00,counter,marketdata.update.applied,1,"{""market"":""BTC-SYNTH""}"
2026-10-04T20:01:05.796572+00:00,counter,marketdata.update.applied,1,"{""market"":""BTC-SYNTH""}"
2026-10-04T20:01:05.796581+00:00,counter,marketdata.update.applied,1,"{""market"":""BTC-SYNTH""}"
2026-10-04T20:01:05.796588+00:00,counter,marketdata.update.applied,1,"{""market"":""BTC-SYNTH""}"
2026-10-04T20:01:05.796597+00:00,counter,marketdata.update.applied,1,"{""market"":""BTC-SYNTH""}"
2026-10-04T20:01:05.796605+00:00,counter,marketdata.update.applied,1,"{""market"":""BTC-SYNTH""}"
2026-10-04T20:01:05.796614+00:00,counter,marketdata.update.applied,1,"{""market"":""BTC-SYNTH""}"
2026-10-04T20:01:05.796623+00:00,counter,marketdata.update.applied,1,"{""market"":""BTC-SYNTH""}"
2026-10-04T20:01:05.796632+00:00,counter,marketdata.update.applied,1,"{""market"":""BTC-SYNTH""}"
2026-10-04T20:01:05.796641+00:00,counter,marketdata.update.applied,1,"{""market"":""BTC-SYNTH""}"
2026-10-04T20:01:05.796651+00:00,counter,marketdata.update.applied,1,"{""market"":""BTC-SYNTH""}"
2026-10-04T20:01:05.796660+00:00,counter,marketdata.update.applied,1,"{""market"":""BTC-SYNTH""}"
2026-10-04T20:01:05.796668+00:00,counter,marketdata.update.applied,1,"{""market"":""BTC-SYNTH""}"
2026-10-04T20:01:05.796677+00:00,counter,marketdata.update.applied,1,"{""market"":""BTC-SYNTH""}"
2026-10-04T20:01:05.796689+00:00,counter,marketdata.update.applied,1,"{""market"":""BTC-SYNTH""}"
2026-10-04T20:01:05.796698+00:00,counter,marketdata.update.applied,1,"{""market"":""BTC-SYNTH""}"
2026-10-04T20:01:05.796707+00:00,counter,marketdata.update.applied,1,"{""market"":""BTC-SYNTH""}"
2026-10-04T20:01:05.796715+00:00,counter,marketdata.update.applied,1,"{""market"":""BTC-SYNTH""}"
2026-10-04T20:01:05.796725+00:00,counter,marketdata.update.applied,1,"{""market"":""BTC-SYNTH""}"
2026-10-04T20:01:05.796733+00:00,counter,marketdata.update.applied,1,"{""market"":""BTC-SYNTH""}"
2026-10-04T20:01:05.796742+00:00,counter,marketdata.update.applied,1,"{""market"":""BTC-SYNTH""}"
2026-10-04T20:01:05.796751+00:00,counter,marketdata.update.applied,1,"{""market"":""BTC-SYNTH""}"
2026-10-04T20:01:05.796760+00:00,counter,marketdata.update.applied,1,"{""market"":""BTC-SYNTH""}"
2026-10-04T20:01:05.796769+00:00,counter,marketdata.update.applied,1,"{""market"":""BTC-SYNTH""}"
2026-10-04T20:01:05.796778+00:00,counter,marketdata.update.applied,1,"{""market"":""BTC-SYNTH""}"
2026-10-04T20:01:05.796839+00:00,counter,marketdata.update.applied,1,"{""market"":""BTC-SYNTH""}"
2026-10-04T20:01:05.796854+00:00,counter,marketdata.update.applied,1,"{""market"":""BTC-SYNTH""}"
2026-10-04T20:01:05.796887+00:00,counter,marketdata.update.applied,1,"{""market"":""BTC-SYNTH""}"
2026-10-04T20:01:05.796897+00:00,counter,marketdata.update.applied,1,"{""market"":""BTC-SYNTH""}"
2026-10-04T20:01:05.796907+00:00,counter,marketdata.update.applied,1,"{""market"":""BTC-SYNTH""}"
2026-10-04T20:01:05.981962+00:00,gauge,pricing.slices.attempted,3.0,"{""market"":""BTC-SYNTH"",""producer"":""svi-jax""}"
2026-10-04T20:01:05.981997+00:00,gauge,pricing.slices.accepted,3.0,"{""market"":""BTC-SYNTH"",""producer"":""svi-jax""}"
2026-10-04T20:01:05.982075+00:00,gauge,pricing.rmse_vol_bp,46.627621042580905,"{""market"":""BTC-SYNTH"",""producer"":""svi-jax""}"
2026-10-04T20:01:05.982085+00:00,timing,pricing.cycle_ms,184.725,"{""market"":""BTC-SYNTH"",""producer"":""svi-jax""}"
2026-10-04T20:01:05.982256+00:00,counter,bus.published,1,"{""topic"":""surface.BTC-SYNTH.svi-jax""}"
2026-10-04T20:01:05.982291+00:00,counter,runner.handled,1,"{""subscriber"":""svi-jax@BTC-SYNTH""}"
2026-10-04T20:01:05.982379+00:00,counter,risk.surface.received,1,"{""market"":""BTC-SYNTH"",""producer"":""svi-jax"",""status"":""OK""}"
2026-10-04T20:01:05.982393+00:00,timing,risk.surface.snapshot_to_surface_ms,1309.817,"{""market"":""BTC-SYNTH"",""producer"":""svi-jax""}"
2026-10-04T20:01:05.982401+00:00,timing,risk.surface.delivery_lag_ms,0.45,"{""market"":""BTC-SYNTH"",""producer"":""svi-jax""}"
2026-10-04T20:01:05.982414+00:00,gauge,risk.surface_age_seconds,1.310276,"{""market"":""BTC-SYNTH"",""producer"":""svi-jax""}"
2026-10-04T20:01:05.982419+00:00,counter,risk.report.freshness,1,"{""decision"":""NORMAL"",""market"":""BTC-SYNTH"",""producer"":""svi-jax""}"
2026-10-04T20:01:05.982454+00:00,counter,runner.handled,1,"{""subscriber"":""risk-svi-jax@BTC-SYNTH""}"
2026-10-04T20:01:06.802335+00:00,counter,marketdata.snapshot.published,1,"{""market"":""BTC-SYNTH""}"
2026-10-04T20:01:06.802457+00:00,gauge,marketdata.clock_skew_seconds,-1.127884,"{""market"":""BTC-SYNTH""}"
2026-10-04T20:01:06.802511+00:00,gauge,marketdata.coverage_ratio,0.9848484848484849,"{""market"":""BTC-SYNTH""}"
2026-10-04T20:01:06.802552+00:00,gauge,marketdata.max_age_seconds,1.225307,"{""market"":""BTC-SYNTH""}"
2026-10-04T20:01:06.802597+00:00,counter,pipeline.heartbeat.emitted,1,"{""market"":""BTC-SYNTH""}"
2026-10-04T20:01:06.802646+00:00,counter,bus.published,1,"{""topic"":""snapshot.BTC-SYNTH""}"
2026-10-04T20:01:06.802886+00:00,counter,marketdata.update.applied,1,"{""market"":""BTC-SYNTH""}"
2026-10-04T20:01:06.802980+00:00,counter,marketdata.update.applied,1,"{""market"":""BTC-SYNTH""}"
2026-10-04T20:01:06.803069+00:00,counter,marketdata.update.applied,1,"{""market"":""BTC-SYNTH""}"
2026-10-04T20:01:06.803142+00:00,counter,marketdata.update.applied,1,"{""market"":""BTC-SYNTH""}"
2026-10-04T20:01:06.803283+00:00,counter,marketdata.update.applied,1,"{""market"":""BTC-SYNTH""}"
2026-10-04T20:01:06.803384+00:00,counter,marketdata.update.applied,1,"{""market"":""BTC-SYNTH""}"
2026-10-04T20:01:06.803472+00:00,counter,marketdata.update.applied,1,"{""market"":""BTC-SYNTH""}"
2026-10-04T20:01:06.803579+00:00,counter,marketdata.update.applied,1,"{""market"":""BTC-SYNTH""}"
2026-10-04T20:01:06.803655+00:00,counter,marketdata.update.applied,1,"{""market"":""BTC-SYNTH""}"
2026-10-04T20:01:06.803722+00:00,counter,marketdata.update.applied,1,"{""market"":""BTC-SYNTH""}"
2026-10-04T20:01:06.803798+00:00,counter,marketdata.update.applied,1,"{""market"":""BTC-SYNTH""}"
2026-10-04T20:01:06.803865+00:00,counter,marketdata.update.applied,1,"{""market"":""BTC-SYNTH""}"
2026-10-04T20:01:06.803935+00:00,counter,marketdata.update.applied,1,"{""market"":""BTC-SYNTH""}"
2026-10-04T20:01:06.803999+00:00,counter,marketdata.update.applied,1,"{""market"":""BTC-SYNTH""}"
2026-10-04T20:01:06.804070+00:00,counter,marketdata.update.applied,1,"{""market"":""BTC-SYNTH""}"
2026-10-04T20:01:06.804133+00:00,counter,marketdata.update.applied,1,"{""market"":""BTC-SYNTH""}"
2026-10-04T20:01:06.804202+00:00,counter,marketdata.update.applied,1,"{""market"":""BTC-SYNTH""}"
2026-10-04T20:01:06.804266+00:00,counter,marketdata.update.applied,1,"{""market"":""BTC-SYNTH""}"
2026-10-04T20:01:06.804399+00:00,counter,marketdata.update.applied,1,"{""market"":""BTC-SYNTH""}"
2026-10-04T20:01:06.804515+00:00,counter,marketdata.update.applied,1,"{""market"":""BTC-SYNTH""}"
2026-10-04T20:01:06.804581+00:00,counter,marketdata.update.applied,1,"{""market"":""BTC-SYNTH""}"
2026-10-04T20:01:06.804636+00:00,counter,marketdata.update.applied,1,"{""market"":""BTC-SYNTH""}"
2026-10-04T20:01:06.804700+00:00,counter,marketdata.update.applied,1,"{""market"":""BTC-SYNTH""}"
2026-10-04T20:01:06.804754+00:00,counter,marketdata.update.applied,1,"{""market"":""BTC-SYNTH""}"
2026-10-04T20:01:06.804811+00:00,counter,marketdata.update.applied,1,"{""market"":""BTC-SYNTH""}"
2026-10-04T20:01:06.804864+00:00,counter,marketdata.update.applied,1,"{""market"":""BTC-SYNTH""}"
2026-10-04T20:01:06.804922+00:00,counter,marketdata.update.applied,1,"{""market"":""BTC-SYNTH""}"
2026-10-04T20:01:06.804974+00:00,counter,marketdata.update.applied,1,"{""market"":""BTC-SYNTH""}"
2026-10-04T20:01:06.805030+00:00,counter,marketdata.update.applied,1,"{""market"":""BTC-SYNTH""}"
2026-10-04T20:01:06.805083+00:00,counter,marketdata.update.applied,1,"{""market"":""BTC-SYNTH""}"
2026-10-04T20:01:06.805140+00:00,counter,marketdata.update.applied,1,"{""market"":""BTC-SYNTH""}"
2026-10-04T20:01:06.805192+00:00,counter,marketdata.update.applied,1,"{""market"":""BTC-SYNTH""}"
2026-10-04T20:01:06.805248+00:00,counter,marketdata.update.applied,1,"{""market"":""BTC-SYNTH""}"
2026-10-04T20:01:06.805302+00:00,counter,marketdata.update.applied,1,"{""market"":""BTC-SYNTH""}"
2026-10-04T20:01:06.805389+00:00,counter,marketdata.update.applied,1,"{""market"":""BTC-SYNTH""}"
2026-10-04T20:01:06.805475+00:00,counter,marketdata.update.applied,1,"{""market"":""BTC-SYNTH""}"
2026-10-04T20:01:06.805537+00:00,counter,marketdata.update.applied,1,"{""market"":""BTC-SYNTH""}"
2026-10-04T20:01:06.805586+00:00,counter,marketdata.update.applied,1,"{""market"":""BTC-SYNTH""}"
2026-10-04T20:01:06.805639+00:00,counter,marketdata.update.applied,1,"{""market"":""BTC-SYNTH""}"
2026-10-04T20:01:06.805686+00:00,counter,marketdata.update.applied,1,"{""market"":""BTC-SYNTH""}"
2026-10-04T20:01:06.805737+00:00,counter,marketdata.update.applied,1,"{""market"":""BTC-SYNTH""}"
2026-10-04T20:01:06.805783+00:00,counter,marketdata.update.applied,1,"{""market"":""BTC-SYNTH""}"
2026-10-04T20:01:06.805836+00:00,counter,marketdata.update.applied,1,"{""market"":""BTC-SYNTH""}"
2026-10-04T20:01:06.805882+00:00,counter,marketdata.update.applied,1,"{""market"":""BTC-SYNTH""}"
2026-10-04T20:01:06.805935+00:00,counter,marketdata.update.applied,1,"{""market"":""BTC-SYNTH""}"
2026-10-04T20:01:06.805982+00:00,counter,marketdata.update.applied,1,"{""market"":""BTC-SYNTH""}"
2026-10-04T20:01:06.806033+00:00,counter,marketdata.update.applied,1,"{""market"":""BTC-SYNTH""}"
2026-10-04T20:01:06.806075+00:00,counter,marketdata.update.applied,1,"{""market"":""BTC-SYNTH""}"
2026-10-04T20:01:06.806121+00:00,counter,marketdata.update.applied,1,"{""market"":""BTC-SYNTH""}"
2026-10-04T20:01:06.806163+00:00,counter,marketdata.update.applied,1,"{""market"":""BTC-SYNTH""}"
2026-10-04T20:01:06.806209+00:00,counter,marketdata.update.applied,1,"{""market"":""BTC-SYNTH""}"
2026-10-04T20:01:06.806250+00:00,counter,marketdata.update.applied,1,"{""market"":""BTC-SYNTH""}"
2026-10-04T20:01:06.806295+00:00,counter,marketdata.update.applied,1,"{""market"":""BTC-SYNTH""}"
2026-10-04T20:01:06.806336+00:00,counter,marketdata.update.applied,1,"{""market"":""BTC-SYNTH""}"
2026-10-04T20:01:06.806384+00:00,counter,marketdata.update.applied,1,"{""market"":""BTC-SYNTH""}"
2026-10-04T20:01:06.806450+00:00,counter,marketdata.update.applied,1,"{""market"":""BTC-SYNTH""}"
2026-10-04T20:01:06.806524+00:00,counter,marketdata.update.applied,1,"{""market"":""BTC-SYNTH""}"
2026-10-04T20:01:06.806573+00:00,counter,marketdata.update.applied,1,"{""market"":""BTC-SYNTH""}"
2026-10-04T20:01:06.806709+00:00,counter,marketdata.update.applied,1,"{""market"":""BTC-SYNTH""}"
2026-10-04T20:01:06.806756+00:00,counter,marketdata.update.applied,1,"{""market"":""BTC-SYNTH""}"
2026-10-04T20:01:06.806802+00:00,counter,marketdata.update.applied,1,"{""market"":""BTC-SYNTH""}"
2026-10-04T20:01:06.806845+00:00,counter,marketdata.update.applied,1,"{""market"":""BTC-SYNTH""}"
2026-10-04T20:01:06.806892+00:00,counter,marketdata.update.applied,1,"{""market"":""BTC-SYNTH""}"
2026-10-04T20:01:06.806933+00:00,counter,marketdata.update.applied,1,"{""market"":""BTC-SYNTH""}"
2026-10-04T20:01:06.806973+00:00,counter,marketdata.update.applied,1,"{""market"":""BTC-SYNTH""}"
2026-10-04T20:01:06.807009+00:00,counter,marketdata.update.applied,1,"{""market"":""BTC-SYNTH""}"
2026-10-04T20:01:07.615400+00:00,gauge,pricing.slices.attempted,3.0,"{""market"":""BTC-SYNTH"",""producer"":""svi-jax""}"
2026-10-04T20:01:07.615434+00:00,gauge,pricing.slices.accepted,3.0,"{""market"":""BTC-SYNTH"",""producer"":""svi-jax""}"
2026-10-04T20:01:07.615512+00:00,gauge,pricing.rmse_vol_bp,43.35889829735003,"{""market"":""BTC-SYNTH"",""producer"":""svi-jax""}"
2026-10-04T20:01:07.615522+00:00,timing,pricing.cycle_ms,808.174,"{""market"":""BTC-SYNTH"",""producer"":""svi-jax""}"
2026-10-04T20:01:07.615774+00:00,counter,bus.published,1,"{""topic"":""surface.BTC-SYNTH.svi-jax""}"
2026-10-04T20:01:07.615804+00:00,counter,runner.handled,1,"{""subscriber"":""svi-jax@BTC-SYNTH""}"
2026-10-04T20:01:07.615879+00:00,counter,risk.surface.received,1,"{""market"":""BTC-SYNTH"",""producer"":""svi-jax"",""status"":""OK""}"
2026-10-04T20:01:07.615891+00:00,timing,risk.surface.snapshot_to_surface_ms,1944.029,"{""market"":""BTC-SYNTH"",""producer"":""svi-jax""}"
2026-10-04T20:01:07.615898+00:00,timing,risk.surface.delivery_lag_ms,0.509,"{""market"":""BTC-SYNTH"",""producer"":""svi-jax""}"
2026-10-04T20:01:07.615910+00:00,gauge,risk.surface_age_seconds,1.944547,"{""market"":""BTC-SYNTH"",""producer"":""svi-jax""}"
2026-10-04T20:01:07.615916+00:00,counter,risk.report.freshness,1,"{""decision"":""NORMAL"",""market"":""BTC-SYNTH"",""producer"":""svi-jax""}"
2026-10-04T20:01:07.615950+00:00,counter,runner.handled,1,"{""subscriber"":""risk-svi-jax@BTC-SYNTH""}"
2026-10-04T20:01:07.815525+00:00,counter,marketdata.snapshot.published,1,"{""market"":""BTC-SYNTH""}"
2026-10-04T20:01:07.815624+00:00,gauge,marketdata.clock_skew_seconds,-1.144005,"{""market"":""BTC-SYNTH""}"
2026-10-04T20:01:07.815662+00:00,gauge,marketdata.coverage_ratio,0.9848484848484849,"{""market"":""BTC-SYNTH""}"
2026-10-04T20:01:07.815693+00:00,gauge,marketdata.max_age_seconds,1.240259,"{""market"":""BTC-SYNTH""}"
2026-10-04T20:01:07.815727+00:00,counter,pipeline.heartbeat.emitted,1,"{""market"":""BTC-SYNTH""}"
2026-10-04T20:01:07.815767+00:00,counter,bus.published,1,"{""topic"":""snapshot.BTC-SYNTH""}"
2026-10-04T20:01:07.815966+00:00,counter,marketdata.update.applied,1,"{""market"":""BTC-SYNTH""}"
2026-10-04T20:01:07.816041+00:00,counter,marketdata.update.applied,1,"{""market"":""BTC-SYNTH""}"
2026-10-04T20:01:07.816114+00:00,counter,marketdata.update.applied,1,"{""market"":""BTC-SYNTH""}"
2026-10-04T20:01:07.816173+00:00,counter,marketdata.update.applied,1,"{""market"":""BTC-SYNTH""}"
2026-10-04T20:01:07.816235+00:00,counter,marketdata.update.applied,1,"{""market"":""BTC-SYNTH""}"
2026-10-04T20:01:07.816291+00:00,counter,marketdata.update.applied,1,"{""market"":""BTC-SYNTH""}"
2026-10-04T20:01:07.816509+00:00,counter,marketdata.update.applied,1,"{""market"":""BTC-SYNTH""}"
2026-10-04T20:01:07.816590+00:00,counter,marketdata.update.applied,1,"{""market"":""BTC-SYNTH""}"
2026-10-04T20:01:07.816658+00:00,counter,marketdata.update.applied,1,"{""market"":""BTC-SYNTH""}"
2026-10-04T20:01:07.816716+00:00,counter,marketdata.update.applied,1,"{""market"":""BTC-SYNTH""}"
2026-10-04T20:01:07.816781+00:00,counter,marketdata.update.applied,1,"{""market"":""BTC-SYNTH""}"
2026-10-04T20:01:07.816839+00:00,counter,marketdata.update.applied,1,"{""market"":""BTC-SYNTH""}"
2026-10-04T20:01:07.816903+00:00,counter,marketdata.update.applied,1,"{""market"":""BTC-SYNTH""}"
2026-10-04T20:01:07.816960+00:00,counter,marketdata.update.applied,1,"{""market"":""BTC-SYNTH""}"
2026-10-04T20:01:07.817023+00:00,counter,marketdata.update.applied,1,"{""market"":""BTC-SYNTH""}"
2026-10-04T20:01:07.817082+00:00,counter,marketdata.update.applied,1,"{""market"":""BTC-SYNTH""}"
2026-10-04T20:01:07.817143+00:00,counter,marketdata.update.applied,1,"{""market"":""BTC-SYNTH""}"
2026-10-04T20:01:07.817203+00:00,counter,marketdata.update.applied,1,"{""market"":""BTC-SYNTH""}"
2026-10-04T20:01:07.817268+00:00,counter,marketdata.update.applied,1,"{""market"":""BTC-SYNTH""}"
2026-10-04T20:01:07.817328+00:00,counter,marketdata.update.applied,1,"{""market"":""BTC-SYNTH""}"
2026-10-04T20:01:07.817392+00:00,counter,marketdata.update.applied,1,"{""market"":""BTC-SYNTH""}"
2026-10-04T20:01:07.817482+00:00,counter,marketdata.update.applied,1,"{""market"":""BTC-SYNTH""}"
2026-10-04T20:01:07.817598+00:00,counter,marketdata.update.applied,1,"{""market"":""BTC-SYNTH""}"
2026-10-04T20:01:07.817667+00:00,counter,marketdata.update.applied,1,"{""market"":""BTC-SYNTH""}"
2026-10-04T20:01:07.817734+00:00,counter,marketdata.update.applied,1,"{""market"":""BTC-SYNTH""}"
2026-10-04T20:01:07.817795+00:00,counter,marketdata.update.applied,1,"{""market"":""BTC-SYNTH""}"
2026-10-04T20:01:07.817880+00:00,counter,marketdata.update.applied,1,"{""market"":""BTC-SYNTH""}"
2026-10-04T20:01:07.817943+00:00,counter,marketdata.update.applied,1,"{""market"":""BTC-SYNTH""}"
2026-10-04T20:01:07.818012+00:00,counter,marketdata.update.applied,1,"{""market"":""BTC-SYNTH""}"
2026-10-04T20:01:07.818077+00:00,counter,marketdata.update.applied,1,"{""market"":""BTC-SYNTH""}"
2026-10-04T20:01:07.818148+00:00,counter,marketdata.update.applied,1,"{""market"":""BTC-SYNTH""}"
2026-10-04T20:01:07.818213+00:00,counter,marketdata.update.applied,1,"{""market"":""BTC-SYNTH""}"
2026-10-04T20:01:07.818282+00:00,counter,marketdata.update.applied,1,"{""market"":""BTC-SYNTH""}"
2026-10-04T20:01:07.818346+00:00,counter,marketdata.update.applied,1,"{""market"":""BTC-SYNTH""}"
2026-10-04T20:01:07.818416+00:00,counter,marketdata.update.applied,1,"{""market"":""BTC-SYNTH""}"
2026-10-04T20:01:07.818479+00:00,counter,marketdata.update.applied,1,"{""market"":""BTC-SYNTH""}"
2026-10-04T20:01:07.818600+00:00,counter,marketdata.update.applied,1,"{""market"":""BTC-SYNTH""}"
2026-10-04T20:01:07.818701+00:00,counter,marketdata.update.applied,1,"{""market"":""BTC-SYNTH""}"
2026-10-04T20:01:07.818784+00:00,counter,marketdata.update.applied,1,"{""market"":""BTC-SYNTH""}"
2026-10-04T20:01:07.818852+00:00,counter,marketdata.update.applied,1,"{""market"":""BTC-SYNTH""}"
2026-10-04T20:01:07.818922+00:00,counter,marketdata.update.applied,1,"{""market"":""BTC-SYNTH""}"
2026-10-04T20:01:07.818987+00:00,counter,marketdata.update.applied,1,"{""market"":""BTC-SYNTH""}"
2026-10-04T20:01:07.819058+00:00,counter,marketdata.update.applied,1,"{""market"":""BTC-SYNTH""}"
2026-10-04T20:01:07.819122+00:00,counter,marketdata.update.applied,1,"{""market"":""BTC-SYNTH""}"
2026-10-04T20:01:07.819196+00:00,counter,marketdata.update.applied,1,"{""market"":""BTC-SYNTH""}"
2026-10-04T20:01:07.819261+00:00,counter,marketdata.update.applied,1,"{""market"":""BTC-SYNTH""}"
2026-10-04T20:01:07.819332+00:00,counter,marketdata.update.applied,1,"{""market"":""BTC-SYNTH""}"
2026-10-04T20:01:07.819396+00:00,counter,marketdata.update.applied,1,"{""market"":""BTC-SYNTH""}"
2026-10-04T20:01:07.819461+00:00,counter,marketdata.update.applied,1,"{""market"":""BTC-SYNTH""}"
2026-10-04T20:01:07.819519+00:00,counter,marketdata.update.applied,1,"{""market"":""BTC-SYNTH""}"
2026-10-04T20:01:07.819584+00:00,counter,marketdata.update.applied,1,"{""market"":""BTC-SYNTH""}"
2026-10-04T20:01:07.819700+00:00,counter,marketdata.update.applied,1,"{""market"":""BTC-SYNTH""}"
2026-10-04T20:01:07.819786+00:00,counter,marketdata.update.applied,1,"{""market"":""BTC-SYNTH""}"
2026-10-04T20:01:07.819851+00:00,counter,marketdata.update.applied,1,"{""market"":""BTC-SYNTH""}"
2026-10-04T20:01:07.819919+00:00,counter,marketdata.update.applied,1,"{""market"":""BTC-SYNTH""}"
2026-10-04T20:01:07.820094+00:00,counter,marketdata.update.applied,1,"{""market"":""BTC-SYNTH""}"
2026-10-04T20:01:07.820165+00:00,counter,marketdata.update.applied,1,"{""market"":""BTC-SYNTH""}"
2026-10-04T20:01:07.820227+00:00,counter,marketdata.update.applied,1,"{""market"":""BTC-SYNTH""}"
2026-10-04T20:01:07.820293+00:00,counter,marketdata.update.applied,1,"{""market"":""BTC-SYNTH""}"
2026-10-04T20:01:07.820353+00:00,counter,marketdata.update.applied,1,"{""market"":""BTC-SYNTH""}"
2026-10-04T20:01:07.820417+00:00,counter,marketdata.update.applied,1,"{""market"":""BTC-SYNTH""}"
2026-10-04T20:01:07.820499+00:00,counter,marketdata.update.applied,1,"{""market"":""BTC-SYNTH""}"
2026-10-04T20:01:07.820559+00:00,counter,marketdata.update.applied,1,"{""market"":""BTC-SYNTH""}"
2026-10-04T20:01:07.820613+00:00,counter,marketdata.update.applied,1,"{""market"":""BTC-SYNTH""}"
2026-10-04T20:01:07.820669+00:00,counter,marketdata.update.applied,1,"{""market"":""BTC-SYNTH""}"
2026-10-04T20:01:07.820771+00:00,counter,marketdata.update.applied,1,"{""market"":""BTC-SYNTH""}"
2026-10-04T20:01:08.021265+00:00,gauge,pricing.slices.attempted,3.0,"{""market"":""BTC-SYNTH"",""producer"":""svi-jax""}"
2026-10-04T20:01:08.021307+00:00,gauge,pricing.slices.accepted,3.0,"{""market"":""BTC-SYNTH"",""producer"":""svi-jax""}"
2026-10-04T20:01:08.021377+00:00,gauge,pricing.rmse_vol_bp,36.40058888161145,"{""market"":""BTC-SYNTH"",""producer"":""svi-jax""}"
2026-10-04T20:01:08.021386+00:00,timing,pricing.cycle_ms,200.107,"{""market"":""BTC-SYNTH"",""producer"":""svi-jax""}"
2026-10-04T20:01:08.021616+00:00,counter,bus.published,1,"{""topic"":""surface.BTC-SYNTH.svi-jax""}"
2026-10-04T20:01:08.021645+00:00,counter,runner.handled,1,"{""subscriber"":""svi-jax@BTC-SYNTH""}"
2026-10-04T20:01:08.021722+00:00,counter,risk.surface.received,1,"{""market"":""BTC-SYNTH"",""producer"":""svi-jax"",""status"":""OK""}"
2026-10-04T20:01:08.021735+00:00,timing,risk.surface.snapshot_to_surface_ms,1351.2150000000001,"{""market"":""BTC-SYNTH"",""producer"":""svi-jax""}"
2026-10-04T20:01:08.021742+00:00,timing,risk.surface.delivery_lag_ms,0.488,"{""market"":""BTC-SYNTH"",""producer"":""svi-jax""}"
2026-10-04T20:01:08.021753+00:00,gauge,risk.surface_age_seconds,1.351711,"{""market"":""BTC-SYNTH"",""producer"":""svi-jax""}"
2026-10-04T20:01:08.021759+00:00,counter,risk.report.freshness,1,"{""decision"":""NORMAL"",""market"":""BTC-SYNTH"",""producer"":""svi-jax""}"
2026-10-04T20:01:08.021792+00:00,counter,runner.handled,1,"{""subscriber"":""risk-svi-jax@BTC-SYNTH""}"
2026-10-04T20:01:08.847682+00:00,counter,marketdata.snapshot.published,1,"{""market"":""BTC-SYNTH""}"
2026-10-04T20:01:08.847778+00:00,gauge,marketdata.clock_skew_seconds,-1.176246,"{""market"":""BTC-SYNTH""}"
2026-10-04T20:01:08.847815+00:00,gauge,marketdata.coverage_ratio,1.0,"{""market"":""BTC-SYNTH""}"
2026-10-04T20:01:08.847843+00:00,gauge,marketdata.max_age_seconds,1.272955,"{""market"":""BTC-SYNTH""}"
2026-10-04T20:01:08.847878+00:00,counter,pipeline.heartbeat.emitted,1,"{""market"":""BTC-SYNTH""}"
2026-10-04T20:01:08.847918+00:00,counter,bus.published,1,"{""topic"":""snapshot.BTC-SYNTH""}"
2026-10-04T20:01:08.848125+00:00,counter,marketdata.update.applied,1,"{""market"":""BTC-SYNTH""}"
2026-10-04T20:01:08.848199+00:00,counter,marketdata.update.applied,1,"{""market"":""BTC-SYNTH""}"
2026-10-04T20:01:08.848322+00:00,counter,marketdata.update.applied,1,"{""market"":""BTC-SYNTH""}"
2026-10-04T20:01:08.848512+00:00,counter,marketdata.update.applied,1,"{""market"":""BTC-SYNTH""}"
2026-10-04T20:01:08.848590+00:00,counter,marketdata.update.applied,1,"{""market"":""BTC-SYNTH""}"
2026-10-04T20:01:08.848651+00:00,counter,marketdata.update.applied,1,"{""market"":""BTC-SYNTH""}"
2026-10-04T20:01:08.848714+00:00,counter,marketdata.update.applied,1,"{""market"":""BTC-SYNTH""}"
2026-10-04T20:01:08.848769+00:00,counter,marketdata.update.applied,1,"{""market"":""BTC-SYNTH""}"
2026-10-04T20:01:08.848827+00:00,counter,marketdata.update.applied,1,"{""market"":""BTC-SYNTH""}"
2026-10-04T20:01:08.848883+00:00,counter,marketdata.update.applied,1,"{""market"":""BTC-SYNTH""}"
2026-10-04T20:01:08.848943+00:00,counter,marketdata.update.applied,1,"{""market"":""BTC-SYNTH""}"
2026-10-04T20:01:08.848997+00:00,counter,marketdata.update.applied,1,"{""market"":""BTC-SYNTH""}"
2026-10-04T20:01:08.849057+00:00,counter,marketdata.update.applied,1,"{""market"":""BTC-SYNTH""}"
2026-10-04T20:01:08.849111+00:00,counter,marketdata.update.applied,1,"{""market"":""BTC-SYNTH""}"
2026-10-04T20:01:08.849169+00:00,counter,marketdata.update.applied,1,"{""market"":""BTC-SYNTH""}"
2026-10-04T20:01:08.849222+00:00,counter,marketdata.update.applied,1,"{""market"":""BTC-SYNTH""}"
2026-10-04T20:01:08.849278+00:00,counter,marketdata.update.applied,1,"{""market"":""BTC-SYNTH""}"
2026-10-04T20:01:08.849380+00:00,counter,marketdata.update.applied,1,"{""market"":""BTC-SYNTH""}"
2026-10-04T20:01:08.849459+00:00,counter,marketdata.update.applied,1,"{""market"":""BTC-SYNTH""}"
2026-10-04T20:01:08.849519+00:00,counter,marketdata.update.applied,1,"{""market"":""BTC-SYNTH""}"
2026-10-04T20:01:08.849577+00:00,counter,marketdata.update.applied,1,"{""market"":""BTC-SYNTH""}"
2026-10-04T20:01:08.849631+00:00,counter,marketdata.update.applied,1,"{""market"":""BTC-SYNTH""}"
2026-10-04T20:01:08.849693+00:00,counter,marketdata.update.applied,1,"{""market"":""BTC-SYNTH""}"
2026-10-04T20:01:08.849747+00:00,counter,marketdata.update.applied,1,"{""market"":""BTC-SYNTH""}"
2026-10-04T20:01:08.849831+00:00,counter,marketdata.update.applied,1,"{""market"":""BTC-SYNTH""}"
2026-10-04T20:01:08.849887+00:00,counter,marketdata.update.applied,1,"{""market"":""BTC-SYNTH""}"
2026-10-04T20:01:08.849944+00:00,counter,marketdata.update.applied,1,"{""market"":""BTC-SYNTH""}"
2026-10-04T20:01:08.849995+00:00,counter,marketdata.update.applied,1,"{""market"":""BTC-SYNTH""}"
2026-10-04T20:01:08.850047+00:00,counter,marketdata.update.applied,1,"{""market"":""BTC-SYNTH""}"
2026-10-04T20:01:08.850096+00:00,counter,marketdata.update.applied,1,"{""market"":""BTC-SYNTH""}"
2026-10-04T20:01:08.850151+00:00,counter,marketdata.update.applied,1,"{""market"":""BTC-SYNTH""}"
2026-10-04T20:01:08.850200+00:00,counter,marketdata.update.applied,1,"{""market"":""BTC-SYNTH""}"
2026-10-04T20:01:08.850253+00:00,counter,marketdata.update.applied,1,"{""market"":""BTC-SYNTH""}"
2026-10-04T20:01:08.850302+00:00,counter,marketdata.update.applied,1,"{""market"":""BTC-SYNTH""}"
2026-10-04T20:01:08.850355+00:00,counter,marketdata.update.applied,1,"{""market"":""BTC-SYNTH""}"
2026-10-04T20:01:08.850448+00:00,counter,marketdata.update.applied,1,"{""market"":""BTC-SYNTH""}"
2026-10-04T20:01:08.850524+00:00,counter,marketdata.update.applied,1,"{""market"":""BTC-SYNTH""}"
2026-10-04T20:01:08.850580+00:00,counter,marketdata.update.applied,1,"{""market"":""BTC-SYNTH""}"
2026-10-04T20:01:08.850636+00:00,counter,marketdata.update.applied,1,"{""market"":""BTC-SYNTH""}"
2026-10-04T20:01:08.850686+00:00,counter,marketdata.update.applied,1,"{""market"":""BTC-SYNTH""}"
2026-10-04T20:01:08.850740+00:00,counter,marketdata.update.applied,1,"{""market"":""BTC-SYNTH""}"
2026-10-04T20:01:08.850791+00:00,counter,marketdata.update.applied,1,"{""market"":""BTC-SYNTH""}"
2026-10-04T20:01:08.850845+00:00,counter,marketdata.update.applied,1,"{""market"":""BTC-SYNTH""}"
2026-10-04T20:01:08.850892+00:00,counter,marketdata.update.applied,1,"{""market"":""BTC-SYNTH""}"
2026-10-04T20:01:08.850946+00:00,counter,marketdata.update.applied,1,"{""market"":""BTC-SYNTH""}"
2026-10-04T20:01:08.851011+00:00,counter,marketdata.update.applied,1,"{""market"":""BTC-SYNTH""}"
2026-10-04T20:01:08.851064+00:00,counter,marketdata.update.applied,1,"{""market"":""BTC-SYNTH""}"
2026-10-04T20:01:08.851110+00:00,counter,marketdata.update.applied,1,"{""market"":""BTC-SYNTH""}"
2026-10-04T20:01:08.851162+00:00,counter,marketdata.update.applied,1,"{""market"":""BTC-SYNTH""}"
2026-10-04T20:01:08.851227+00:00,counter,marketdata.update.applied,1,"{""market"":""BTC-SYNTH""}"
2026-10-04T20:01:08.851280+00:00,counter,marketdata.update.applied,1,"{""market"":""BTC-SYNTH""}"
2026-10-04T20:01:08.851326+00:00,counter,marketdata.update.applied,1,"{""market"":""BTC-SYNTH""}"
2026-10-04T20:01:08.851458+00:00,counter,marketdata.update.applied,1,"{""market"":""BTC-SYNTH""}"
2026-10-04T20:01:08.851754+00:00,counter,marketdata.update.applied,1,"{""market"":""BTC-SYNTH""}"
2026-10-04T20:01:08.851857+00:00,counter,marketdata.update.applied,1,"{""market"":""BTC-SYNTH""}"
2026-10-04T20:01:08.851919+00:00,counter,marketdata.update.applied,1,"{""market"":""BTC-SYNTH""}"
2026-10-04T20:01:08.851980+00:00,counter,marketdata.update.applied,1,"{""market"":""BTC-SYNTH""}"
2026-10-04T20:01:08.852030+00:00,counter,marketdata.update.applied,1,"{""market"":""BTC-SYNTH""}"
2026-10-04T20:01:08.852083+00:00,counter,marketdata.update.applied,1,"{""market"":""BTC-SYNTH""}"
2026-10-04T20:01:08.852130+00:00,counter,marketdata.update.applied,1,"{""market"":""BTC-SYNTH""}"
2026-10-04T20:01:08.852180+00:00,counter,marketdata.update.applied,1,"{""market"":""BTC-SYNTH""}"
2026-10-04T20:01:08.852286+00:00,counter,marketdata.update.applied,1,"{""market"":""BTC-SYNTH""}"
2026-10-04T20:01:08.852370+00:00,counter,marketdata.update.applied,1,"{""market"":""BTC-SYNTH""}"
2026-10-04T20:01:08.852424+00:00,counter,marketdata.update.applied,1,"{""market"":""BTC-SYNTH""}"
2026-10-04T20:01:08.852475+00:00,counter,marketdata.update.applied,1,"{""market"":""BTC-SYNTH""}"
2026-10-04T20:01:08.852548+00:00,counter,marketdata.update.applied,1,"{""market"":""BTC-SYNTH""}"
2026-10-04T20:01:09.032619+00:00,gauge,pricing.slices.attempted,3.0,"{""market"":""BTC-SYNTH"",""producer"":""svi-jax""}"
2026-10-04T20:01:09.032661+00:00,gauge,pricing.slices.accepted,3.0,"{""market"":""BTC-SYNTH"",""producer"":""svi-jax""}"
2026-10-04T20:01:09.032748+00:00,gauge,pricing.rmse_vol_bp,32.19484347924679,"{""market"":""BTC-SYNTH"",""producer"":""svi-jax""}"
2026-10-04T20:01:09.032761+00:00,timing,pricing.cycle_ms,179.69899999999998,"{""market"":""BTC-SYNTH"",""producer"":""svi-jax""}"
2026-10-04T20:01:09.032938+00:00,counter,bus.published,1,"{""topic"":""surface.BTC-SYNTH.svi-jax""}"
2026-10-04T20:01:09.032977+00:00,counter,runner.handled,1,"{""subscriber"":""svi-jax@BTC-SYNTH""}"
2026-10-04T20:01:09.033074+00:00,counter,risk.surface.received,1,"{""market"":""BTC-SYNTH"",""producer"":""svi-jax"",""status"":""OK""}"
2026-10-04T20:01:09.033088+00:00,timing,risk.surface.snapshot_to_surface_ms,1362.9389999999999,"{""market"":""BTC-SYNTH"",""producer"":""svi-jax""}"
2026-10-04T20:01:09.033097+00:00,timing,risk.surface.delivery_lag_ms,0.494,"{""market"":""BTC-SYNTH"",""producer"":""svi-jax""}"
2026-10-04T20:01:09.033110+00:00,gauge,risk.surface_age_seconds,1.363444,"{""market"":""BTC-SYNTH"",""producer"":""svi-jax""}"
2026-10-04T20:01:09.033116+00:00,counter,risk.report.freshness,1,"{""decision"":""NORMAL"",""market"":""BTC-SYNTH"",""producer"":""svi-jax""}"
2026-10-04T20:01:09.033167+00:00,counter,runner.handled,1,"{""subscriber"":""risk-svi-jax@BTC-SYNTH""}"
2026-10-04T20:01:09.919453+00:00,counter,marketdata.snapshot.published,1,"{""market"":""BTC-SYNTH""}"
2026-10-04T20:01:09.919571+00:00,gauge,marketdata.clock_skew_seconds,-1.246843,"{""market"":""BTC-SYNTH""}"
2026-10-04T20:01:09.919620+00:00,gauge,marketdata.coverage_ratio,1.0,"{""market"":""BTC-SYNTH""}"
2026-10-04T20:01:09.919660+00:00,gauge,marketdata.max_age_seconds,3601.261941,"{""market"":""BTC-SYNTH""}"
2026-10-04T20:01:09.919754+00:00,counter,pipeline.heartbeat.emitted,1,"{""market"":""BTC-SYNTH""}"
2026-10-04T20:01:09.919837+00:00,counter,bus.published,1,"{""topic"":""snapshot.BTC-SYNTH""}"
2026-10-04T20:01:09.920104+00:00,counter,marketdata.update.applied,1,"{""market"":""BTC-SYNTH""}"
2026-10-04T20:01:09.920211+00:00,counter,marketdata.update.applied,1,"{""market"":""BTC-SYNTH""}"
2026-10-04T20:01:09.920308+00:00,counter,marketdata.update.applied,1,"{""market"":""BTC-SYNTH""}"
2026-10-04T20:01:09.920520+00:00,counter,marketdata.update.applied,1,"{""market"":""BTC-SYNTH""}"
2026-10-04T20:01:09.920657+00:00,counter,marketdata.update.applied,1,"{""market"":""BTC-SYNTH""}"
2026-10-04T20:01:09.920745+00:00,counter,marketdata.update.applied,1,"{""market"":""BTC-SYNTH""}"
2026-10-04T20:01:09.920910+00:00,counter,marketdata.update.applied,1,"{""market"":""BTC-SYNTH""}"
2026-10-04T20:01:09.921009+00:00,counter,marketdata.update.applied,1,"{""market"":""BTC-SYNTH""}"
2026-10-04T20:01:09.921093+00:00,counter,marketdata.update.applied,1,"{""market"":""BTC-SYNTH""}"
2026-10-04T20:01:09.921167+00:00,counter,marketdata.update.applied,1,"{""market"":""BTC-SYNTH""}"
2026-10-04T20:01:09.921248+00:00,counter,marketdata.update.applied,1,"{""market"":""BTC-SYNTH""}"
2026-10-04T20:01:09.921323+00:00,counter,marketdata.update.applied,1,"{""market"":""BTC-SYNTH""}"
2026-10-04T20:01:09.921438+00:00,counter,marketdata.update.applied,1,"{""market"":""BTC-SYNTH""}"
2026-10-04T20:01:09.921557+00:00,counter,marketdata.update.applied,1,"{""market"":""BTC-SYNTH""}"
2026-10-04T20:01:09.921647+00:00,counter,marketdata.update.applied,1,"{""market"":""BTC-SYNTH""}"
2026-10-04T20:01:09.921721+00:00,counter,marketdata.update.applied,1,"{""market"":""BTC-SYNTH""}"
2026-10-04T20:01:09.921798+00:00,counter,marketdata.update.applied,1,"{""market"":""BTC-SYNTH""}"
2026-10-04T20:01:09.921903+00:00,counter,marketdata.update.applied,1,"{""market"":""BTC-SYNTH""}"
2026-10-04T20:01:09.922020+00:00,counter,marketdata.update.applied,1,"{""market"":""BTC-SYNTH""}"
2026-10-04T20:01:09.922095+00:00,counter,marketdata.update.applied,1,"{""market"":""BTC-SYNTH""}"
2026-10-04T20:01:09.922168+00:00,counter,marketdata.update.applied,1,"{""market"":""BTC-SYNTH""}"
2026-10-04T20:01:09.922235+00:00,counter,marketdata.update.applied,1,"{""market"":""BTC-SYNTH""}"
2026-10-04T20:01:09.922313+00:00,counter,marketdata.update.applied,1,"{""market"":""BTC-SYNTH""}"
2026-10-04T20:01:09.922380+00:00,counter,marketdata.update.applied,1,"{""market"":""BTC-SYNTH""}"
2026-10-04T20:01:09.922451+00:00,counter,marketdata.update.applied,1,"{""market"":""BTC-SYNTH""}"
2026-10-04T20:01:09.922516+00:00,counter,marketdata.update.applied,1,"{""market"":""BTC-SYNTH""}"
2026-10-04T20:01:09.922591+00:00,counter,marketdata.update.applied,1,"{""market"":""BTC-SYNTH""}"
2026-10-04T20:01:09.922655+00:00,counter,marketdata.update.applied,1,"{""market"":""BTC-SYNTH""}"
2026-10-04T20:01:09.922724+00:00,counter,marketdata.update.applied,1,"{""market"":""BTC-SYNTH""}"
2026-10-04T20:01:09.922788+00:00,counter,marketdata.update.applied,1,"{""market"":""BTC-SYNTH""}"
2026-10-04T20:01:09.922859+00:00,counter,marketdata.update.applied,1,"{""market"":""BTC-SYNTH""}"
2026-10-04T20:01:09.922923+00:00,counter,marketdata.update.applied,1,"{""market"":""BTC-SYNTH""}"
2026-10-04T20:01:09.923057+00:00,counter,marketdata.update.applied,1,"{""market"":""BTC-SYNTH""}"
2026-10-04T20:01:09.923144+00:00,counter,marketdata.update.applied,1,"{""market"":""BTC-SYNTH""}"
2026-10-04T20:01:09.923220+00:00,counter,marketdata.update.applied,1,"{""market"":""BTC-SYNTH""}"
2026-10-04T20:01:09.923281+00:00,counter,marketdata.update.applied,1,"{""market"":""BTC-SYNTH""}"
2026-10-04T20:01:09.923347+00:00,counter,marketdata.update.applied,1,"{""market"":""BTC-SYNTH""}"
2026-10-04T20:01:09.923408+00:00,counter,marketdata.update.applied,1,"{""market"":""BTC-SYNTH""}"
2026-10-04T20:01:09.923475+00:00,counter,marketdata.update.applied,1,"{""market"":""BTC-SYNTH""}"
2026-10-04T20:01:09.923535+00:00,counter,marketdata.update.applied,1,"{""market"":""BTC-SYNTH""}"
2026-10-04T20:01:09.923601+00:00,counter,marketdata.update.applied,1,"{""market"":""BTC-SYNTH""}"
2026-10-04T20:01:09.923660+00:00,counter,marketdata.update.applied,1,"{""market"":""BTC-SYNTH""}"
2026-10-04T20:01:09.923726+00:00,counter,marketdata.update.applied,1,"{""market"":""BTC-SYNTH""}"
2026-10-04T20:01:09.923786+00:00,counter,marketdata.update.applied,1,"{""market"":""BTC-SYNTH""}"
2026-10-04T20:01:09.923853+00:00,counter,marketdata.update.applied,1,"{""market"":""BTC-SYNTH""}"
2026-10-04T20:01:09.923917+00:00,counter,marketdata.update.applied,1,"{""market"":""BTC-SYNTH""}"
2026-10-04T20:01:09.923983+00:00,counter,marketdata.update.applied,1,"{""market"":""BTC-SYNTH""}"
2026-10-04T20:01:09.924094+00:00,counter,marketdata.update.applied,1,"{""market"":""BTC-SYNTH""}"
2026-10-04T20:01:09.924175+00:00,counter,marketdata.update.applied,1,"{""market"":""BTC-SYNTH""}"
2026-10-04T20:01:09.924329+00:00,counter,marketdata.update.applied,1,"{""market"":""BTC-SYNTH""}"
2026-10-04T20:01:09.924401+00:00,counter,marketdata.update.applied,1,"{""market"":""BTC-SYNTH""}"
2026-10-04T20:01:09.924487+00:00,counter,marketdata.update.applied,1,"{""market"":""BTC-SYNTH""}"
2026-10-04T20:01:09.924554+00:00,counter,marketdata.update.applied,1,"{""market"":""BTC-SYNTH""}"
2026-10-04T20:01:09.924611+00:00,counter,marketdata.update.applied,1,"{""market"":""BTC-SYNTH""}"
2026-10-04T20:01:09.924674+00:00,counter,marketdata.update.applied,1,"{""market"":""BTC-SYNTH""}"
2026-10-04T20:01:09.924731+00:00,counter,marketdata.update.applied,1,"{""market"":""BTC-SYNTH""}"
2026-10-04T20:01:09.924790+00:00,counter,marketdata.update.applied,1,"{""market"":""BTC-SYNTH""}"
2026-10-04T20:01:09.924846+00:00,counter,marketdata.update.applied,1,"{""market"":""BTC-SYNTH""}"
2026-10-04T20:01:09.924907+00:00,counter,marketdata.update.applied,1,"{""market"":""BTC-SYNTH""}"
2026-10-04T20:01:09.924963+00:00,counter,marketdata.update.applied,1,"{""market"":""BTC-SYNTH""}"
2026-10-04T20:01:09.925023+00:00,counter,marketdata.update.applied,1,"{""market"":""BTC-SYNTH""}"
2026-10-04T20:01:09.925078+00:00,counter,marketdata.update.applied,1,"{""market"":""BTC-SYNTH""}"
2026-10-04T20:01:09.925308+00:00,counter,marketdata.update.applied,1,"{""market"":""BTC-SYNTH""}"
2026-10-04T20:01:09.925385+00:00,counter,marketdata.update.applied,1,"{""market"":""BTC-SYNTH""}"
2026-10-04T20:01:09.925451+00:00,counter,marketdata.update.applied,1,"{""market"":""BTC-SYNTH""}"
2026-10-04T20:01:09.925508+00:00,counter,marketdata.update.applied,1,"{""market"":""BTC-SYNTH""}"
2026-10-04T20:01:10.141468+00:00,gauge,pricing.slices.attempted,3.0,"{""market"":""BTC-SYNTH"",""producer"":""svi-jax""}"
2026-10-04T20:01:10.141520+00:00,gauge,pricing.slices.accepted,3.0,"{""market"":""BTC-SYNTH"",""producer"":""svi-jax""}"
2026-10-04T20:01:10.141591+00:00,gauge,pricing.rmse_vol_bp,22.909624426445237,"{""market"":""BTC-SYNTH"",""producer"":""svi-jax""}"
2026-10-04T20:01:10.141599+00:00,timing,pricing.cycle_ms,215.224,"{""market"":""BTC-SYNTH"",""producer"":""svi-jax""}"
2026-10-04T20:01:10.141807+00:00,counter,bus.published,1,"{""topic"":""surface.BTC-SYNTH.svi-jax""}"
2026-10-04T20:01:10.141840+00:00,counter,runner.handled,1,"{""subscriber"":""svi-jax@BTC-SYNTH""}"
2026-10-04T20:01:10.141922+00:00,counter,risk.surface.received,1,"{""market"":""BTC-SYNTH"",""producer"":""svi-jax"",""status"":""OK""}"
2026-10-04T20:01:10.141934+00:00,timing,risk.surface.snapshot_to_surface_ms,1470.894,"{""market"":""BTC-SYNTH"",""producer"":""svi-jax""}"
2026-10-04T20:01:10.141942+00:00,timing,risk.surface.delivery_lag_ms,0.48500000000000004,"{""market"":""BTC-SYNTH"",""producer"":""svi-jax""}"
2026-10-04T20:01:10.141953+00:00,gauge,risk.surface_age_seconds,1.471388,"{""market"":""BTC-SYNTH"",""producer"":""svi-jax""}"
2026-10-04T20:01:10.141959+00:00,counter,risk.report.freshness,1,"{""decision"":""NORMAL"",""market"":""BTC-SYNTH"",""producer"":""svi-jax""}"
2026-10-04T20:01:10.141994+00:00,counter,runner.handled,1,"{""subscriber"":""risk-svi-jax@BTC-SYNTH""}"
2026-10-04T20:01:10.963772+00:00,counter,marketdata.snapshot.published,1,"{""market"":""BTC-SYNTH""}"
2026-10-04T20:01:10.963804+00:00,gauge,marketdata.clock_skew_seconds,-1.290649,"{""market"":""BTC-SYNTH""}"
2026-10-04T20:01:10.963811+00:00,gauge,marketdata.coverage_ratio,1.0,"{""market"":""BTC-SYNTH""}"
2026-10-04T20:01:10.963816+00:00,gauge,marketdata.max_age_seconds,1.388908,"{""market"":""BTC-SYNTH""}"
2026-10-04T20:01:10.963823+00:00,counter,pipeline.heartbeat.emitted,1,"{""market"":""BTC-SYNTH""}"
2026-10-04T20:01:10.963833+00:00,counter,bus.published,1,"{""topic"":""snapshot.BTC-SYNTH""}"
2026-10-04T20:01:10.963918+00:00,counter,marketdata.update.applied,1,"{""market"":""BTC-SYNTH""}"
2026-10-04T20:01:10.963933+00:00,counter,marketdata.update.applied,1,"{""market"":""BTC-SYNTH""}"
2026-10-04T20:01:10.963946+00:00,counter,marketdata.update.applied,1,"{""market"":""BTC-SYNTH""}"
2026-10-04T20:01:10.963956+00:00,counter,marketdata.update.applied,1,"{""market"":""BTC-SYNTH""}"
2026-10-04T20:01:10.963968+00:00,counter,marketdata.update.applied,1,"{""market"":""BTC-SYNTH""}"
2026-10-04T20:01:10.963977+00:00,counter,marketdata.update.applied,1,"{""market"":""BTC-SYNTH""}"
2026-10-04T20:01:10.963987+00:00,counter,marketdata.update.applied,1,"{""market"":""BTC-SYNTH""}"
2026-10-04T20:01:10.963995+00:00,counter,marketdata.update.applied,1,"{""market"":""BTC-SYNTH""}"
2026-10-04T20:01:10.964006+00:00,counter,marketdata.update.applied,1,"{""market"":""BTC-SYNTH""}"
2026-10-04T20:01:10.964015+00:00,counter,marketdata.update.applied,1,"{""market"":""BTC-SYNTH""}"
2026-10-04T20:01:10.964026+00:00,counter,marketdata.update.applied,1,"{""market"":""BTC-SYNTH""}"
2026-10-04T20:01:10.964035+00:00,counter,marketdata.update.applied,1,"{""market"":""BTC-SYNTH""}"
2026-10-04T20:01:10.964046+00:00,counter,marketdata.update.applied,1,"{""market"":""BTC-SYNTH""}"
2026-10-04T20:01:10.964056+00:00,counter,marketdata.update.applied,1,"{""market"":""BTC-SYNTH""}"
2026-10-04T20:01:10.964069+00:00,counter,marketdata.update.applied,1,"{""market"":""BTC-SYNTH""}"
2026-10-04T20:01:10.964079+00:00,counter,marketdata.update.applied,1,"{""market"":""BTC-SYNTH""}"
2026-10-04T20:01:10.964090+00:00,counter,marketdata.update.applied,1,"{""market"":""BTC-SYNTH""}"
2026-10-04T20:01:10.964100+00:00,counter,marketdata.update.applied,1,"{""market"":""BTC-SYNTH""}"
2026-10-04T20:01:10.964110+00:00,counter,marketdata.update.applied,1,"{""market"":""BTC-SYNTH""}"
2026-10-04T20:01:10.964120+00:00,counter,marketdata.update.applied,1,"{""market"":""BTC-SYNTH""}"
2026-10-04T20:01:10.964131+00:00,counter,marketdata.update.applied,1,"{""market"":""BTC-SYNTH""}"
2026-10-04T20:01:10.964140+00:00,counter,marketdata.update.applied,1,"{""market"":""BTC-SYNTH""}"
2026-10-04T20:01:10.964151+00:00,counter,marketdata.update.applied,1,"{""market"":""BTC-SYNTH""}"
2026-10-04T20:01:10.964160+00:00,counter,marketdata.update.applied,1,"{""market"":""BTC-SYNTH""}"
2026-10-04T20:01:10.964172+00:00,counter,marketdata.update.applied,1,"{""market"":""BTC-SYNTH""}"
2026-10-04T20:01:10.964181+00:00,counter,marketdata.update.applied,1,"{""market"":""BTC-SYNTH""}"
2026-10-04T20:01:10.964191+00:00,counter,marketdata.update.applied,1,"{""market"":""BTC-SYNTH""}"
2026-10-04T20:01:10.964199+00:00,counter,marketdata.update.applied,1,"{""market"":""BTC-SYNTH""}"
2026-10-04T20:01:10.964208+00:00,counter,marketdata.update.applied,1,"{""market"":""BTC-SYNTH""}"
2026-10-04T20:01:10.964216+00:00,counter,marketdata.update.applied,1,"{""market"":""BTC-SYNTH""}"
2026-10-04T20:01:10.964235+00:00,counter,marketdata.update.applied,1,"{""market"":""BTC-SYNTH""}"
2026-10-04T20:01:10.964245+00:00,counter,marketdata.update.applied,1,"{""market"":""BTC-SYNTH""}"
2026-10-04T20:01:10.964253+00:00,counter,marketdata.update.applied,1,"{""market"":""BTC-SYNTH""}"
2026-10-04T20:01:10.964262+00:00,counter,marketdata.update.applied,1,"{""market"":""BTC-SYNTH""}"
2026-10-04T20:01:10.964272+00:00,counter,marketdata.update.applied,1,"{""market"":""BTC-SYNTH""}"
2026-10-04T20:01:10.964281+00:00,counter,marketdata.update.applied,1,"{""market"":""BTC-SYNTH""}"
2026-10-04T20:01:10.964321+00:00,counter,marketdata.update.applied,1,"{""market"":""BTC-SYNTH""}"
2026-10-04T20:01:10.964336+00:00,counter,marketdata.update.applied,1,"{""market"":""BTC-SYNTH""}"
2026-10-04T20:01:10.964348+00:00,counter,marketdata.update.applied,1,"{""market"":""BTC-SYNTH""}"
2026-10-04T20:01:10.964369+00:00,counter,marketdata.update.applied,1,"{""market"":""BTC-SYNTH""}"
2026-10-04T20:01:10.964383+00:00,counter,marketdata.update.applied,1,"{""market"":""BTC-SYNTH""}"
2026-10-04T20:01:10.964393+00:00,counter,marketdata.update.applied,1,"{""market"":""BTC-SYNTH""}"
2026-10-04T20:01:10.964405+00:00,counter,marketdata.update.applied,1,"{""market"":""BTC-SYNTH""}"
2026-10-04T20:01:10.964414+00:00,counter,marketdata.update.applied,1,"{""market"":""BTC-SYNTH""}"
2026-10-04T20:01:10.964424+00:00,counter,marketdata.update.applied,1,"{""market"":""BTC-SYNTH""}"
2026-10-04T20:01:10.964433+00:00,counter,marketdata.update.applied,1,"{""market"":""BTC-SYNTH""}"
2026-10-04T20:01:10.964479+00:00,counter,marketdata.update.applied,1,"{""market"":""BTC-SYNTH""}"
2026-10-04T20:01:10.964488+00:00,counter,marketdata.update.applied,1,"{""market"":""BTC-SYNTH""}"
2026-10-04T20:01:10.964499+00:00,counter,marketdata.update.applied,1,"{""market"":""BTC-SYNTH""}"
2026-10-04T20:01:10.964508+00:00,counter,marketdata.update.applied,1,"{""market"":""BTC-SYNTH""}"
2026-10-04T20:01:10.964518+00:00,counter,marketdata.update.applied,1,"{""market"":""BTC-SYNTH""}"
2026-10-04T20:01:10.964528+00:00,counter,marketdata.update.applied,1,"{""market"":""BTC-SYNTH""}"
2026-10-04T20:01:10.964537+00:00,counter,marketdata.update.applied,1,"{""market"":""BTC-SYNTH""}"
2026-10-04T20:01:10.964545+00:00,counter,marketdata.update.applied,1,"{""market"":""BTC-SYNTH""}"
2026-10-04T20:01:10.964555+00:00,counter,marketdata.update.applied,1,"{""market"":""BTC-SYNTH""}"
2026-10-04T20:01:10.964564+00:00,counter,marketdata.update.applied,1,"{""market"":""BTC-SYNTH""}"
2026-10-04T20:01:10.964575+00:00,counter,marketdata.update.applied,1,"{""market"":""BTC-SYNTH""}"
2026-10-04T20:01:10.964583+00:00,counter,marketdata.update.applied,1,"{""market"":""BTC-SYNTH""}"
2026-10-04T20:01:10.964593+00:00,counter,marketdata.update.applied,1,"{""market"":""BTC-SYNTH""}"
2026-10-04T20:01:10.964601+00:00,counter,marketdata.update.applied,1,"{""market"":""BTC-SYNTH""}"
2026-10-04T20:01:10.964610+00:00,counter,marketdata.update.applied,1,"{""market"":""BTC-SYNTH""}"
2026-10-04T20:01:10.964618+00:00,counter,marketdata.update.applied,1,"{""market"":""BTC-SYNTH""}"
2026-10-04T20:01:10.964628+00:00,counter,marketdata.update.applied,1,"{""market"":""BTC-SYNTH""}"
2026-10-04T20:01:10.964636+00:00,counter,marketdata.update.applied,1,"{""market"":""BTC-SYNTH""}"
2026-10-04T20:01:10.964645+00:00,counter,marketdata.update.applied,1,"{""market"":""BTC-SYNTH""}"
2026-10-04T20:01:10.964653+00:00,counter,marketdata.update.applied,1,"{""market"":""BTC-SYNTH""}"
2026-10-04T20:01:11.507087+00:00,gauge,pricing.slices.attempted,3.0,"{""market"":""BTC-SYNTH"",""producer"":""svi-jax""}"
2026-10-04T20:01:11.507125+00:00,gauge,pricing.slices.accepted,3.0,"{""market"":""BTC-SYNTH"",""producer"":""svi-jax""}"
2026-10-04T20:01:11.507208+00:00,gauge,pricing.rmse_vol_bp,48.4793141836819,"{""market"":""BTC-SYNTH"",""producer"":""svi-jax""}"
2026-10-04T20:01:11.507219+00:00,timing,pricing.cycle_ms,542.296,"{""market"":""BTC-SYNTH"",""producer"":""svi-jax""}"
2026-10-04T20:01:11.507391+00:00,counter,bus.published,1,"{""topic"":""surface.BTC-SYNTH.svi-jax""}"
2026-10-04T20:01:11.507430+00:00,counter,runner.handled,1,"{""subscriber"":""svi-jax@BTC-SYNTH""}"
2026-10-04T20:01:11.507517+00:00,counter,risk.surface.received,1,"{""market"":""BTC-SYNTH"",""producer"":""svi-jax"",""status"":""OK""}"
2026-10-04T20:01:11.507530+00:00,timing,risk.surface.snapshot_to_surface_ms,1834.4,"{""market"":""BTC-SYNTH"",""producer"":""svi-jax""}"
2026-10-04T20:01:11.507538+00:00,timing,risk.surface.delivery_lag_ms,0.46,"{""market"":""BTC-SYNTH"",""producer"":""svi-jax""}"
2026-10-04T20:01:11.507550+00:00,gauge,risk.surface_age_seconds,1.834869,"{""market"":""BTC-SYNTH"",""producer"":""svi-jax""}"
2026-10-04T20:01:11.507556+00:00,counter,risk.report.freshness,1,"{""decision"":""NORMAL"",""market"":""BTC-SYNTH"",""producer"":""svi-jax""}"
2026-10-04T20:01:11.507591+00:00,counter,runner.handled,1,"{""subscriber"":""risk-svi-jax@BTC-SYNTH""}"
2026-10-04T20:01:11.967602+00:00,counter,marketdata.snapshot.published,1,"{""market"":""BTC-SYNTH""}"
2026-10-04T20:01:11.967680+00:00,gauge,marketdata.clock_skew_seconds,-1.295784,"{""market"":""BTC-SYNTH""}"
2026-10-04T20:01:11.967710+00:00,gauge,marketdata.coverage_ratio,0.9848484848484849,"{""market"":""BTC-SYNTH""}"
2026-10-04T20:01:11.967734+00:00,gauge,marketdata.max_age_seconds,1.392884,"{""market"":""BTC-SYNTH""}"
2026-10-04T20:01:11.967760+00:00,counter,pipeline.heartbeat.emitted,1,"{""market"":""BTC-SYNTH""}"
2026-10-04T20:01:11.967792+00:00,counter,bus.published,1,"{""topic"":""snapshot.BTC-SYNTH""}"
2026-10-04T20:01:11.967962+00:00,counter,marketdata.update.applied,1,"{""market"":""BTC-SYNTH""}"
2026-10-04T20:01:11.968022+00:00,counter,marketdata.update.applied,1,"{""market"":""BTC-SYNTH""}"
2026-10-04T20:01:11.968076+00:00,counter,marketdata.update.applied,1,"{""market"":""BTC-SYNTH""}"
2026-10-04T20:01:11.968122+00:00,counter,marketdata.update.applied,1,"{""market"":""BTC-SYNTH""}"
2026-10-04T20:01:11.968170+00:00,counter,marketdata.update.applied,1,"{""market"":""BTC-SYNTH""}"
2026-10-04T20:01:11.968212+00:00,counter,marketdata.update.applied,1,"{""market"":""BTC-SYNTH""}"
2026-10-04T20:01:11.968261+00:00,counter,marketdata.update.applied,1,"{""market"":""BTC-SYNTH""}"
2026-10-04T20:01:11.968305+00:00,counter,marketdata.update.applied,1,"{""market"":""BTC-SYNTH""}"
2026-10-04T20:01:11.968487+00:00,counter,marketdata.update.applied,1,"{""market"":""BTC-SYNTH""}"
2026-10-04T20:01:11.968545+00:00,counter,marketdata.update.applied,1,"{""market"":""BTC-SYNTH""}"
2026-10-04T20:01:11.968598+00:00,counter,marketdata.update.applied,1,"{""market"":""BTC-SYNTH""}"
2026-10-04T20:01:11.968642+00:00,counter,marketdata.update.applied,1,"{""market"":""BTC-SYNTH""}"
2026-10-04T20:01:11.968693+00:00,counter,marketdata.update.applied,1,"{""market"":""BTC-SYNTH""}"
2026-10-04T20:01:11.968734+00:00,counter,marketdata.update.applied,1,"{""market"":""BTC-SYNTH""}"
2026-10-04T20:01:11.968782+00:00,counter,marketdata.update.applied,1,"{""market"":""BTC-SYNTH""}"
2026-10-04T20:01:11.968825+00:00,counter,marketdata.update.applied,1,"{""market"":""BTC-SYNTH""}"
2026-10-04T20:01:11.968869+00:00,counter,marketdata.update.applied,1,"{""market"":""BTC-SYNTH""}"
2026-10-04T20:01:11.968911+00:00,counter,marketdata.update.applied,1,"{""market"":""BTC-SYNTH""}"
2026-10-04T20:01:11.968957+00:00,counter,marketdata.update.applied,1,"{""market"":""BTC-SYNTH""}"
2026-10-04T20:01:11.968999+00:00,counter,marketdata.update.applied,1,"{""market"":""BTC-SYNTH""}"
2026-10-04T20:01:11.969042+00:00,counter,marketdata.update.applied,1,"{""market"":""BTC-SYNTH""}"
2026-10-04T20:01:11.969083+00:00,counter,marketdata.update.applied,1,"{""market"":""BTC-SYNTH""}"
2026-10-04T20:01:11.969131+00:00,counter,marketdata.update.applied,1,"{""market"":""BTC-SYNTH""}"
2026-10-04T20:01:11.969172+00:00,counter,marketdata.update.applied,1,"{""market"":""BTC-SYNTH""}"
2026-10-04T20:01:11.969215+00:00,counter,marketdata.update.applied,1,"{""market"":""BTC-SYNTH""}"
2026-10-04T20:01:11.969256+00:00,counter,marketdata.update.applied,1,"{""market"":""BTC-SYNTH""}"
2026-10-04T20:01:11.969302+00:00,counter,marketdata.update.applied,1,"{""market"":""BTC-SYNTH""}"
2026-10-04T20:01:11.969344+00:00,counter,marketdata.update.applied,1,"{""market"":""BTC-SYNTH""}"
2026-10-04T20:01:11.969387+00:00,counter,marketdata.update.applied,1,"{""market"":""BTC-SYNTH""}"
2026-10-04T20:01:11.969457+00:00,counter,marketdata.update.applied,1,"{""market"":""BTC-SYNTH""}"
2026-10-04T20:01:11.969530+00:00,counter,marketdata.update.applied,1,"{""market"":""BTC-SYNTH""}"
2026-10-04T20:01:11.969572+00:00,counter,marketdata.update.applied,1,"{""market"":""BTC-SYNTH""}"
2026-10-04T20:01:11.969615+00:00,counter,marketdata.update.applied,1,"{""market"":""BTC-SYNTH""}"
2026-10-04T20:01:11.969654+00:00,counter,marketdata.update.applied,1,"{""market"":""BTC-SYNTH""}"
2026-10-04T20:01:11.969696+00:00,counter,marketdata.update.applied,1,"{""market"":""BTC-SYNTH""}"
2026-10-04T20:01:11.969737+00:00,counter,marketdata.update.applied,1,"{""market"":""BTC-SYNTH""}"
2026-10-04T20:01:11.969777+00:00,counter,marketdata.update.applied,1,"{""market"":""BTC-SYNTH""}"
2026-10-04T20:01:11.969816+00:00,counter,marketdata.update.applied,1,"{""market"":""BTC-SYNTH""}"
2026-10-04T20:01:11.969858+00:00,counter,marketdata.update.applied,1,"{""market"":""BTC-SYNTH""}"
2026-10-04T20:01:11.969898+00:00,counter,marketdata.update.applied,1,"{""market"":""BTC-SYNTH""}"
2026-10-04T20:01:11.969938+00:00,counter,marketdata.update.applied,1,"{""market"":""BTC-SYNTH""}"
2026-10-04T20:01:11.969975+00:00,counter,marketdata.update.applied,1,"{""market"":""BTC-SYNTH""}"
2026-10-04T20:01:11.970016+00:00,counter,marketdata.update.applied,1,"{""market"":""BTC-SYNTH""}"
2026-10-04T20:01:11.970216+00:00,counter,marketdata.update.applied,1,"{""market"":""BTC-SYNTH""}"
2026-10-04T20:01:11.970276+00:00,counter,marketdata.update.applied,1,"{""market"":""BTC-SYNTH""}"
2026-10-04T20:01:11.970317+00:00,counter,marketdata.update.applied,1,"{""market"":""BTC-SYNTH""}"
2026-10-04T20:01:11.970381+00:00,counter,marketdata.update.applied,1,"{""market"":""BTC-SYNTH""}"
2026-10-04T20:01:11.970420+00:00,counter,marketdata.update.applied,1,"{""market"":""BTC-SYNTH""}"
2026-10-04T20:01:11.970461+00:00,counter,marketdata.update.applied,1,"{""market"":""BTC-SYNTH""}"
2026-10-04T20:01:11.970497+00:00,counter,marketdata.update.applied,1,"{""market"":""BTC-SYNTH""}"
2026-10-04T20:01:11.970574+00:00,counter,marketdata.update.applied,1,"{""market"":""BTC-SYNTH""}"
2026-10-04T20:01:11.970626+00:00,counter,marketdata.update.applied,1,"{""market"":""BTC-SYNTH""}"
2026-10-04T20:01:11.970671+00:00,counter,marketdata.update.applied,1,"{""market"":""BTC-SYNTH""}"
2026-10-04T20:01:11.970709+00:00,counter,marketdata.update.applied,1,"{""market"":""BTC-SYNTH""}"
2026-10-04T20:01:11.970751+00:00,counter,marketdata.update.applied,1,"{""market"":""BTC-SYNTH""}"
2026-10-04T20:01:11.970790+00:00,counter,marketdata.update.applied,1,"{""market"":""BTC-SYNTH""}"
2026-10-04T20:01:11.970844+00:00,counter,marketdata.update.applied,1,"{""market"":""BTC-SYNTH""}"
2026-10-04T20:01:11.970882+00:00,counter,marketdata.update.applied,1,"{""market"":""BTC-SYNTH""}"
2026-10-04T20:01:11.970923+00:00,counter,marketdata.update.applied,1,"{""market"":""BTC-SYNTH""}"
2026-10-04T20:01:11.970961+00:00,counter,marketdata.update.applied,1,"{""market"":""BTC-SYNTH""}"
2026-10-04T20:01:11.971001+00:00,counter,marketdata.update.applied,1,"{""market"":""BTC-SYNTH""}"
2026-10-04T20:01:11.971038+00:00,counter,marketdata.update.applied,1,"{""market"":""BTC-SYNTH""}"
2026-10-04T20:01:11.971078+00:00,counter,marketdata.update.applied,1,"{""market"":""BTC-SYNTH""}"
2026-10-04T20:01:11.971115+00:00,counter,marketdata.update.applied,1,"{""market"":""BTC-SYNTH""}"
2026-10-04T20:01:11.971154+00:00,counter,marketdata.update.applied,1,"{""market"":""BTC-SYNTH""}"
2026-10-04T20:01:11.971190+00:00,counter,marketdata.update.applied,1,"{""market"":""BTC-SYNTH""}"
2026-10-04T20:01:12.166996+00:00,gauge,pricing.slices.attempted,3.0,"{""market"":""BTC-SYNTH"",""producer"":""svi-jax""}"
2026-10-04T20:01:12.167033+00:00,gauge,pricing.slices.accepted,3.0,"{""market"":""BTC-SYNTH"",""producer"":""svi-jax""}"
2026-10-04T20:01:12.167125+00:00,gauge,pricing.rmse_vol_bp,50.476440012912164,"{""market"":""BTC-SYNTH"",""producer"":""svi-jax""}"
2026-10-04T20:01:12.167137+00:00,timing,pricing.cycle_ms,195.54399999999998,"{""market"":""BTC-SYNTH"",""producer"":""svi-jax""}"
2026-10-04T20:01:12.167316+00:00,counter,bus.published,1,"{""topic"":""surface.BTC-SYNTH.svi-jax""}"
2026-10-04T20:01:12.167353+00:00,counter,runner.handled,1,"{""subscriber"":""svi-jax@BTC-SYNTH""}"
2026-10-04T20:01:12.167436+00:00,counter,risk.surface.received,1,"{""market"":""BTC-SYNTH"",""producer"":""svi-jax"",""status"":""OK""}"
2026-10-04T20:01:12.167447+00:00,timing,risk.surface.snapshot_to_surface_ms,1496.65,"{""market"":""BTC-SYNTH"",""producer"":""svi-jax""}"
2026-10-04T20:01:12.167455+00:00,timing,risk.surface.delivery_lag_ms,0.47,"{""market"":""BTC-SYNTH"",""producer"":""svi-jax""}"
2026-10-04T20:01:12.167472+00:00,gauge,risk.surface_age_seconds,1.497129,"{""market"":""BTC-SYNTH"",""producer"":""svi-jax""}"
2026-10-04T20:01:12.167478+00:00,counter,risk.report.freshness,1,"{""decision"":""NORMAL"",""market"":""BTC-SYNTH"",""producer"":""svi-jax""}"
2026-10-04T20:01:12.167511+00:00,counter,runner.handled,1,"{""subscriber"":""risk-svi-jax@BTC-SYNTH""}"
2026-10-04T20:01:13.014270+00:00,counter,marketdata.snapshot.published,1,"{""market"":""BTC-SYNTH""}"
2026-10-04T20:01:13.014342+00:00,gauge,marketdata.clock_skew_seconds,-1.342129,"{""market"":""BTC-SYNTH""}"
2026-10-04T20:01:13.014363+00:00,gauge,marketdata.coverage_ratio,1.0,"{""market"":""BTC-SYNTH""}"
2026-10-04T20:01:13.014377+00:00,gauge,marketdata.max_age_seconds,1.439792,"{""market"":""BTC-SYNTH""}"
2026-10-04T20:01:13.014397+00:00,counter,pipeline.heartbeat.emitted,1,"{""market"":""BTC-SYNTH""}"
2026-10-04T20:01:13.014419+00:00,counter,bus.published,1,"{""topic"":""snapshot.BTC-SYNTH""}"
2026-10-04T20:01:13.014590+00:00,counter,marketdata.update.applied,1,"{""market"":""BTC-SYNTH""}"
2026-10-04T20:01:13.014629+00:00,counter,marketdata.update.applied,1,"{""market"":""BTC-SYNTH""}"
2026-10-04T20:01:13.014664+00:00,counter,marketdata.update.applied,1,"{""market"":""BTC-SYNTH""}"
2026-10-04T20:01:13.014690+00:00,counter,marketdata.update.applied,1,"{""market"":""BTC-SYNTH""}"
2026-10-04T20:01:13.014718+00:00,counter,marketdata.update.applied,1,"{""market"":""BTC-SYNTH""}"
2026-10-04T20:01:13.014743+00:00,counter,marketdata.update.applied,1,"{""market"":""BTC-SYNTH""}"
2026-10-04T20:01:13.014770+00:00,counter,marketdata.update.applied,1,"{""market"":""BTC-SYNTH""}"
2026-10-04T20:01:13.014794+00:00,counter,marketdata.update.applied,1,"{""market"":""BTC-SYNTH""}"
2026-10-04T20:01:13.014822+00:00,counter,marketdata.update.applied,1,"{""market"":""BTC-SYNTH""}"
2026-10-04T20:01:13.014847+00:00,counter,marketdata.update.applied,1,"{""market"":""BTC-SYNTH""}"
2026-10-04T20:01:13.014872+00:00,counter,marketdata.update.applied,1,"{""market"":""BTC-SYNTH""}"
2026-10-04T20:01:13.014895+00:00,counter,marketdata.update.applied,1,"{""market"":""BTC-SYNTH""}"
2026-10-04T20:01:13.014921+00:00,counter,marketdata.update.applied,1,"{""market"":""BTC-SYNTH""}"
2026-10-04T20:01:13.014944+00:00,counter,marketdata.update.applied,1,"{""market"":""BTC-SYNTH""}"
2026-10-04T20:01:13.014970+00:00,counter,marketdata.update.applied,1,"{""market"":""BTC-SYNTH""}"
2026-10-04T20:01:13.014996+00:00,counter,marketdata.update.applied,1,"{""market"":""BTC-SYNTH""}"
2026-10-04T20:01:13.015022+00:00,counter,marketdata.update.applied,1,"{""market"":""BTC-SYNTH""}"
2026-10-04T20:01:13.015075+00:00,counter,marketdata.update.applied,1,"{""market"":""BTC-SYNTH""}"
2026-10-04T20:01:13.015120+00:00,counter,marketdata.update.applied,1,"{""market"":""BTC-SYNTH""}"
2026-10-04T20:01:13.015149+00:00,counter,marketdata.update.applied,1,"{""market"":""BTC-SYNTH""}"
2026-10-04T20:01:13.015177+00:00,counter,marketdata.update.applied,1,"{""market"":""BTC-SYNTH""}"
2026-10-04T20:01:13.015203+00:00,counter,marketdata.update.applied,1,"{""market"":""BTC-SYNTH""}"
2026-10-04T20:01:13.015232+00:00,counter,marketdata.update.applied,1,"{""market"":""BTC-SYNTH""}"
2026-10-04T20:01:13.015257+00:00,counter,marketdata.update.applied,1,"{""market"":""BTC-SYNTH""}"
2026-10-04T20:01:13.015285+00:00,counter,marketdata.update.applied,1,"{""market"":""BTC-SYNTH""}"
2026-10-04T20:01:13.015309+00:00,counter,marketdata.update.applied,1,"{""market"":""BTC-SYNTH""}"
2026-10-04T20:01:13.015335+00:00,counter,marketdata.update.applied,1,"{""market"":""BTC-SYNTH""}"
2026-10-04T20:01:13.015357+00:00,counter,marketdata.update.applied,1,"{""market"":""BTC-SYNTH""}"
2026-10-04T20:01:13.015381+00:00,counter,marketdata.update.applied,1,"{""market"":""BTC-SYNTH""}"
2026-10-04T20:01:13.015403+00:00,counter,marketdata.update.applied,1,"{""market"":""BTC-SYNTH""}"
2026-10-04T20:01:13.015427+00:00,counter,marketdata.update.applied,1,"{""market"":""BTC-SYNTH""}"
2026-10-04T20:01:13.015448+00:00,counter,marketdata.update.applied,1,"{""market"":""BTC-SYNTH""}"
2026-10-04T20:01:13.015471+00:00,counter,marketdata.update.applied,1,"{""market"":""BTC-SYNTH""}"
2026-10-04T20:01:13.015493+00:00,counter,marketdata.update.applied,1,"{""market"":""BTC-SYNTH""}"
2026-10-04T20:01:13.015516+00:00,counter,marketdata.update.applied,1,"{""market"":""BTC-SYNTH""}"
2026-10-04T20:01:13.015537+00:00,counter,marketdata.update.applied,1,"{""market"":""BTC-SYNTH""}"
2026-10-04T20:01:13.015560+00:00,counter,marketdata.update.applied,1,"{""market"":""BTC-SYNTH""}"
2026-10-04T20:01:13.015580+00:00,counter,marketdata.update.applied,1,"{""market"":""BTC-SYNTH""}"
2026-10-04T20:01:13.015603+00:00,counter,marketdata.update.applied,1,"{""market"":""BTC-SYNTH""}"
2026-10-04T20:01:13.015624+00:00,counter,marketdata.update.applied,1,"{""market"":""BTC-SYNTH""}"
2026-10-04T20:01:13.015726+00:00,counter,marketdata.update.applied,1,"{""market"":""BTC-SYNTH""}"
2026-10-04T20:01:13.015755+00:00,counter,marketdata.update.applied,1,"{""market"":""BTC-SYNTH""}"
2026-10-04T20:01:13.015780+00:00,counter,marketdata.update.applied,1,"{""market"":""BTC-SYNTH""}"
2026-10-04T20:01:13.015802+00:00,counter,marketdata.update.applied,1,"{""market"":""BTC-SYNTH""}"
2026-10-04T20:01:13.015828+00:00,counter,marketdata.update.applied,1,"{""market"":""BTC-SYNTH""}"
2026-10-04T20:01:13.015866+00:00,counter,marketdata.update.applied,1,"{""market"":""BTC-SYNTH""}"
2026-10-04T20:01:13.015892+00:00,counter,marketdata.update.applied,1,"{""market"":""BTC-SYNTH""}"
2026-10-04T20:01:13.015911+00:00,counter,marketdata.update.applied,1,"{""market"":""BTC-SYNTH""}"
2026-10-04T20:01:13.015931+00:00,counter,marketdata.update.applied,1,"{""market"":""BTC-SYNTH""}"
2026-10-04T20:01:13.015951+00:00,counter,marketdata.update.applied,1,"{""market"":""BTC-SYNTH""}"
2026-10-04T20:01:13.015975+00:00,counter,marketdata.update.applied,1,"{""market"":""BTC-SYNTH""}"
2026-10-04T20:01:13.015995+00:00,counter,marketdata.update.applied,1,"{""market"":""BTC-SYNTH""}"
2026-10-04T20:01:13.016025+00:00,counter,marketdata.update.applied,1,"{""market"":""BTC-SYNTH""}"
2026-10-04T20:01:13.016046+00:00,counter,marketdata.update.applied,1,"{""market"":""BTC-SYNTH""}"
2026-10-04T20:01:13.016070+00:00,counter,marketdata.update.applied,1,"{""market"":""BTC-SYNTH""}"
2026-10-04T20:01:13.016089+00:00,counter,marketdata.update.applied,1,"{""market"":""BTC-SYNTH""}"
2026-10-04T20:01:13.016109+00:00,counter,marketdata.update.applied,1,"{""market"":""BTC-SYNTH""}"
2026-10-04T20:01:13.016145+00:00,counter,marketdata.update.applied,1,"{""market"":""BTC-SYNTH""}"
2026-10-04T20:01:13.016182+00:00,counter,marketdata.update.applied,1,"{""market"":""BTC-SYNTH""}"
2026-10-04T20:01:13.016206+00:00,counter,marketdata.update.applied,1,"{""market"":""BTC-SYNTH""}"
2026-10-04T20:01:13.016228+00:00,counter,marketdata.update.applied,1,"{""market"":""BTC-SYNTH""}"
2026-10-04T20:01:13.016248+00:00,counter,marketdata.update.applied,1,"{""market"":""BTC-SYNTH""}"
2026-10-04T20:01:13.016270+00:00,counter,marketdata.update.applied,1,"{""market"":""BTC-SYNTH""}"
2026-10-04T20:01:13.016289+00:00,counter,marketdata.update.applied,1,"{""market"":""BTC-SYNTH""}"
2026-10-04T20:01:13.016310+00:00,counter,marketdata.update.applied,1,"{""market"":""BTC-SYNTH""}"
2026-10-04T20:01:13.016329+00:00,counter,marketdata.update.applied,1,"{""market"":""BTC-SYNTH""}"
2026-10-04T20:01:13.178924+00:00,gauge,pricing.slices.attempted,3.0,"{""market"":""BTC-SYNTH"",""producer"":""svi-jax""}"
2026-10-04T20:01:13.178958+00:00,gauge,pricing.slices.accepted,3.0,"{""market"":""BTC-SYNTH"",""producer"":""svi-jax""}"
2026-10-04T20:01:13.179025+00:00,gauge,pricing.rmse_vol_bp,40.204785469149,"{""market"":""BTC-SYNTH"",""producer"":""svi-jax""}"
2026-10-04T20:01:13.179034+00:00,timing,pricing.cycle_ms,162.214,"{""market"":""BTC-SYNTH"",""producer"":""svi-jax""}"
2026-10-04T20:01:13.179242+00:00,counter,bus.published,1,"{""topic"":""surface.BTC-SYNTH.svi-jax""}"
2026-10-04T20:01:13.179276+00:00,counter,runner.handled,1,"{""subscriber"":""svi-jax@BTC-SYNTH""}"
2026-10-04T20:01:13.179360+00:00,counter,risk.surface.received,1,"{""market"":""BTC-SYNTH"",""producer"":""svi-jax"",""status"":""OK""}"
2026-10-04T20:01:13.179372+00:00,timing,risk.surface.snapshot_to_surface_ms,1508.041,"{""market"":""BTC-SYNTH"",""producer"":""svi-jax""}"
2026-10-04T20:01:13.179380+00:00,timing,risk.surface.delivery_lag_ms,0.467,"{""market"":""BTC-SYNTH"",""producer"":""svi-jax""}"
2026-10-04T20:01:13.179400+00:00,gauge,risk.surface_age_seconds,1.508523,"{""market"":""BTC-SYNTH"",""producer"":""svi-jax""}"
2026-10-04T20:01:13.179409+00:00,counter,risk.report.freshness,1,"{""decision"":""NORMAL"",""market"":""BTC-SYNTH"",""producer"":""svi-jax""}"
2026-10-04T20:01:13.179447+00:00,counter,runner.handled,1,"{""subscriber"":""risk-svi-jax@BTC-SYNTH""}"
2026-10-04T20:01:14.087344+00:00,counter,marketdata.snapshot.published,1,"{""market"":""BTC-SYNTH""}"
2026-10-04T20:01:14.087379+00:00,gauge,marketdata.clock_skew_seconds,-1.415543,"{""market"":""BTC-SYNTH""}"
2026-10-04T20:01:14.087386+00:00,gauge,marketdata.coverage_ratio,0.9848484848484849,"{""market"":""BTC-SYNTH""}"
2026-10-04T20:01:14.087391+00:00,gauge,marketdata.max_age_seconds,1.513932,"{""market"":""BTC-SYNTH""}"
2026-10-04T20:01:14.087397+00:00,counter,pipeline.heartbeat.emitted,1,"{""market"":""BTC-SYNTH""}"
2026-10-04T20:01:14.087407+00:00,counter,bus.published,1,"{""topic"":""snapshot.BTC-SYNTH""}"
2026-10-04T20:01:14.087488+00:00,counter,marketdata.update.applied,1,"{""market"":""BTC-SYNTH""}"
2026-10-04T20:01:14.087502+00:00,counter,marketdata.update.applied,1,"{""market"":""BTC-SYNTH""}"
2026-10-04T20:01:14.087514+00:00,counter,marketdata.update.applied,1,"{""market"":""BTC-SYNTH""}"
2026-10-04T20:01:14.087523+00:00,counter,marketdata.update.applied,1,"{""market"":""BTC-SYNTH""}"
2026-10-04T20:01:14.087533+00:00,counter,marketdata.update.applied,1,"{""market"":""BTC-SYNTH""}"
2026-10-04T20:01:14.087541+00:00,counter,marketdata.update.applied,1,"{""market"":""BTC-SYNTH""}"
2026-10-04T20:01:14.087551+00:00,counter,marketdata.update.applied,1,"{""market"":""BTC-SYNTH""}"
2026-10-04T20:01:14.087560+00:00,counter,marketdata.update.applied,1,"{""market"":""BTC-SYNTH""}"
2026-10-04T20:01:14.087569+00:00,counter,marketdata.update.applied,1,"{""market"":""BTC-SYNTH""}"
2026-10-04T20:01:14.087577+00:00,counter,marketdata.update.applied,1,"{""market"":""BTC-SYNTH""}"
2026-10-04T20:01:14.087587+00:00,counter,marketdata.update.applied,1,"{""market"":""BTC-SYNTH""}"
2026-10-04T20:01:14.087595+00:00,counter,marketdata.update.applied,1,"{""market"":""BTC-SYNTH""}"
2026-10-04T20:01:14.087604+00:00,counter,marketdata.update.applied,1,"{""market"":""BTC-SYNTH""}"
2026-10-04T20:01:14.087612+00:00,counter,marketdata.update.applied,1,"{""market"":""BTC-SYNTH""}"
2026-10-04T20:01:14.087622+00:00,counter,marketdata.update.applied,1,"{""market"":""BTC-SYNTH""}"
2026-10-04T20:01:14.087631+00:00,counter,marketdata.update.applied,1,"{""market"":""BTC-SYNTH""}"
2026-10-04T20:01:14.087642+00:00,counter,marketdata.update.applied,1,"{""market"":""BTC-SYNTH""}"
2026-10-04T20:01:14.087660+00:00,counter,marketdata.update.applied,1,"{""market"":""BTC-SYNTH""}"
2026-10-04T20:01:14.087671+00:00,counter,marketdata.update.applied,1,"{""market"":""BTC-SYNTH""}"
2026-10-04T20:01:14.087680+00:00,counter,marketdata.update.applied,1,"{""market"":""BTC-SYNTH""}"
2026-10-04T20:01:14.087689+00:00,counter,marketdata.update.applied,1,"{""market"":""BTC-SYNTH""}"
2026-10-04T20:01:14.087698+00:00,counter,marketdata.update.applied,1,"{""market"":""BTC-SYNTH""}"
2026-10-04T20:01:14.087711+00:00,counter,marketdata.update.applied,1,"{""market"":""BTC-SYNTH""}"
2026-10-04T20:01:14.087719+00:00,counter,marketdata.update.applied,1,"{""market"":""BTC-SYNTH""}"
2026-10-04T20:01:14.087729+00:00,counter,marketdata.update.applied,1,"{""market"":""BTC-SYNTH""}"
2026-10-04T20:01:14.087737+00:00,counter,marketdata.update.applied,1,"{""market"":""BTC-SYNTH""}"
2026-10-04T20:01:14.087746+00:00,counter,marketdata.update.applied,1,"{""market"":""BTC-SYNTH""}"
2026-10-04T20:01:14.087755+00:00,counter,marketdata.update.applied,1,"{""market"":""BTC-SYNTH""}"
2026-10-04T20:01:14.087765+00:00,counter,marketdata.update.applied,1,"{""market"":""BTC-SYNTH""}"
2026-10-04T20:01:14.087773+00:00,counter,marketdata.update.applied,1,"{""market"":""BTC-SYNTH""}"
2026-10-04T20:01:14.087782+00:00,counter,marketdata.update.applied,1,"{""market"":""BTC-SYNTH""}"
2026-10-04T20:01:14.087791+00:00,counter,marketdata.update.applied,1,"{""market"":""BTC-SYNTH""}"
2026-10-04T20:01:14.087799+00:00,counter,marketdata.update.applied,1,"{""market"":""BTC-SYNTH""}"
2026-10-04T20:01:14.087809+00:00,counter,marketdata.update.applied,1,"{""market"":""BTC-SYNTH""}"
2026-10-04T20:01:14.087818+00:00,counter,marketdata.update.applied,1,"{""market"":""BTC-SYNTH""}"
2026-10-04T20:01:14.087827+00:00,counter,marketdata.update.applied,1,"{""market"":""BTC-SYNTH""}"
2026-10-04T20:01:14.087836+00:00,counter,marketdata.update.applied,1,"{""market"":""BTC-SYNTH""}"
2026-10-04T20:01:14.087895+00:00,counter,marketdata.update.applied,1,"{""market"":""BTC-SYNTH""}"
2026-10-04T20:01:14.087908+00:00,counter,marketdata.update.applied,1,"{""market"":""BTC-SYNTH""}"
2026-10-04T20:01:14.087918+00:00,counter,marketdata.update.applied,1,"{""market"":""BTC-SYNTH""}"
2026-10-04T20:01:14.087927+00:00,counter,marketdata.update.applied,1,"{""market"":""BTC-SYNTH""}"
2026-10-04T20:01:14.087936+00:00,counter,marketdata.update.applied,1,"{""market"":""BTC-SYNTH""}"
2026-10-04T20:01:14.087946+00:00,counter,marketdata.update.applied,1,"{""market"":""BTC-SYNTH""}"
2026-10-04T20:01:14.087956+00:00,counter,marketdata.update.applied,1,"{""market"":""BTC-SYNTH""}"
2026-10-04T20:01:14.087965+00:00,counter,marketdata.update.applied,1,"{""market"":""BTC-SYNTH""}"
2026-10-04T20:01:14.087974+00:00,counter,marketdata.update.applied,1,"{""market"":""BTC-SYNTH""}"
2026-10-04T20:01:14.087982+00:00,counter,marketdata.update.applied,1,"{""market"":""BTC-SYNTH""}"
2026-10-04T20:01:14.087991+00:00,counter,marketdata.update.applied,1,"{""market"":""BTC-SYNTH""}"
2026-10-04T20:01:14.088000+00:00,counter,marketdata.update.applied,1,"{""market"":""BTC-SYNTH""}"
2026-10-04T20:01:14.088009+00:00,counter,marketdata.update.applied,1,"{""market"":""BTC-SYNTH""}"
2026-10-04T20:01:14.088017+00:00,counter,marketdata.update.applied,1,"{""market"":""BTC-SYNTH""}"
2026-10-04T20:01:14.088025+00:00,counter,marketdata.update.applied,1,"{""market"":""BTC-SYNTH""}"
2026-10-04T20:01:14.088034+00:00,counter,marketdata.update.applied,1,"{""market"":""BTC-SYNTH""}"
2026-10-04T20:01:14.088042+00:00,counter,marketdata.update.applied,1,"{""market"":""BTC-SYNTH""}"
2026-10-04T20:01:14.088052+00:00,counter,marketdata.update.applied,1,"{""market"":""BTC-SYNTH""}"
2026-10-04T20:01:14.088061+00:00,counter,marketdata.update.applied,1,"{""market"":""BTC-SYNTH""}"
2026-10-04T20:01:14.088070+00:00,counter,marketdata.update.applied,1,"{""market"":""BTC-SYNTH""}"
2026-10-04T20:01:14.088078+00:00,counter,marketdata.update.applied,1,"{""market"":""BTC-SYNTH""}"
2026-10-04T20:01:14.088087+00:00,counter,marketdata.update.applied,1,"{""market"":""BTC-SYNTH""}"
2026-10-04T20:01:14.088095+00:00,counter,marketdata.update.applied,1,"{""market"":""BTC-SYNTH""}"
2026-10-04T20:01:14.088104+00:00,counter,marketdata.update.applied,1,"{""market"":""BTC-SYNTH""}"
2026-10-04T20:01:14.088112+00:00,counter,marketdata.update.applied,1,"{""market"":""BTC-SYNTH""}"
2026-10-04T20:01:14.088121+00:00,counter,marketdata.update.applied,1,"{""market"":""BTC-SYNTH""}"
2026-10-04T20:01:14.088130+00:00,counter,marketdata.update.applied,1,"{""market"":""BTC-SYNTH""}"
2026-10-04T20:01:14.088138+00:00,counter,marketdata.update.applied,1,"{""market"":""BTC-SYNTH""}"
2026-10-04T20:01:14.088147+00:00,counter,marketdata.update.applied,1,"{""market"":""BTC-SYNTH""}"
2026-10-04T20:01:14.108371+00:00,gauge,pricing.slices.attempted,3.0,"{""market"":""BTC-SYNTH"",""producer"":""svi-jax""}"
2026-10-04T20:01:14.108396+00:00,gauge,pricing.slices.accepted,3.0,"{""market"":""BTC-SYNTH"",""producer"":""svi-jax""}"
2026-10-04T20:01:14.108472+00:00,gauge,pricing.rmse_vol_bp,38.28437958848683,"{""market"":""BTC-SYNTH"",""producer"":""svi-jax""}"
2026-10-04T20:01:14.108482+00:00,timing,pricing.cycle_ms,19.954,"{""market"":""BTC-SYNTH"",""producer"":""svi-jax""}"
2026-10-04T20:01:14.108643+00:00,counter,bus.published,1,"{""topic"":""surface.BTC-SYNTH.svi-jax""}"
2026-10-04T20:01:14.108662+00:00,counter,runner.handled,1,"{""subscriber"":""svi-jax@BTC-SYNTH""}"
2026-10-04T20:01:14.108736+00:00,counter,risk.surface.received,1,"{""market"":""BTC-SYNTH"",""producer"":""svi-jax"",""status"":""OK""}"
2026-10-04T20:01:14.108746+00:00,timing,risk.surface.snapshot_to_surface_ms,1437.01,"{""market"":""BTC-SYNTH"",""producer"":""svi-jax""}"
2026-10-04T20:01:14.108753+00:00,timing,risk.surface.delivery_lag_ms,0.389,"{""market"":""BTC-SYNTH"",""producer"":""svi-jax""}"
2026-10-04T20:01:14.108764+00:00,gauge,risk.surface_age_seconds,1.437408,"{""market"":""BTC-SYNTH"",""producer"":""svi-jax""}"
2026-10-04T20:01:14.108771+00:00,counter,risk.report.freshness,1,"{""decision"":""NORMAL"",""market"":""BTC-SYNTH"",""producer"":""svi-jax""}"
2026-10-04T20:01:14.108802+00:00,counter,runner.handled,1,"{""subscriber"":""risk-svi-jax@BTC-SYNTH""}"
2026-10-04T20:01:15.118037+00:00,counter,marketdata.snapshot.published,1,"{""market"":""BTC-SYNTH""}"
2026-10-04T20:01:15.118202+00:00,gauge,marketdata.clock_skew_seconds,-1.443955,"{""market"":""BTC-SYNTH""}"
2026-10-04T20:01:15.118248+00:00,gauge,marketdata.coverage_ratio,1.0,"{""market"":""BTC-SYNTH""}"
2026-10-04T20:01:15.118278+00:00,gauge,marketdata.max_age_seconds,1.543127,"{""market"":""BTC-SYNTH""}"
2026-10-04T20:01:15.118310+00:00,counter,pipeline.heartbeat.emitted,1,"{""market"":""BTC-SYNTH""}"
2026-10-04T20:01:15.118348+00:00,counter,bus.published,1,"{""topic"":""snapshot.BTC-SYNTH""}"
2026-10-04T20:01:15.118549+00:00,counter,marketdata.update.applied,1,"{""market"":""BTC-SYNTH""}"
2026-10-04T20:01:15.118622+00:00,counter,marketdata.update.applied,1,"{""market"":""BTC-SYNTH""}"
2026-10-04T20:01:15.118732+00:00,counter,marketdata.update.applied,1,"{""market"":""BTC-SYNTH""}"
2026-10-04T20:01:15.118811+00:00,counter,marketdata.update.applied,1,"{""market"":""BTC-SYNTH""}"
2026-10-04T20:01:15.118876+00:00,counter,marketdata.update.applied,1,"{""market"":""BTC-SYNTH""}"
2026-10-04T20:01:15.118931+00:00,counter,marketdata.update.applied,1,"{""market"":""BTC-SYNTH""}"
2026-10-04T20:01:15.119070+00:00,counter,marketdata.update.applied,1,"{""market"":""BTC-SYNTH""}"
2026-10-04T20:01:15.119233+00:00,counter,marketdata.update.applied,1,"{""market"":""BTC-SYNTH""}"
2026-10-04T20:01:15.119319+00:00,counter,marketdata.update.applied,1,"{""market"":""BTC-SYNTH""}"
2026-10-04T20:01:15.119377+00:00,counter,marketdata.update.applied,1,"{""market"":""BTC-SYNTH""}"
2026-10-04T20:01:15.119439+00:00,counter,marketdata.update.applied,1,"{""market"":""BTC-SYNTH""}"
2026-10-04T20:01:15.119494+00:00,counter,marketdata.update.applied,1,"{""market"":""BTC-SYNTH""}"
2026-10-04T20:01:15.119552+00:00,counter,marketdata.update.applied,1,"{""market"":""BTC-SYNTH""}"
2026-10-04T20:01:15.119606+00:00,counter,marketdata.update.applied,1,"{""market"":""BTC-SYNTH""}"
2026-10-04T20:01:15.119664+00:00,counter,marketdata.update.applied,1,"{""market"":""BTC-SYNTH""}"
2026-10-04T20:01:15.119718+00:00,counter,marketdata.update.applied,1,"{""market"":""BTC-SYNTH""}"
2026-10-04T20:01:15.119774+00:00,counter,marketdata.update.applied,1,"{""market"":""BTC-SYNTH""}"
2026-10-04T20:01:15.119827+00:00,counter,marketdata.update.applied,1,"{""market"":""BTC-SYNTH""}"
2026-10-04T20:01:15.119888+00:00,counter,marketdata.update.applied,1,"{""market"":""BTC-SYNTH""}"
2026-10-04T20:01:15.119944+00:00,counter,marketdata.update.applied,1,"{""market"":""BTC-SYNTH""}"
2026-10-04T20:01:15.120034+00:00,counter,marketdata.update.applied,1,"{""market"":""BTC-SYNTH""}"
2026-10-04T20:01:15.120090+00:00,counter,marketdata.update.applied,1,"{""market"":""BTC-SYNTH""}"
2026-10-04T20:01:15.120147+00:00,counter,marketdata.update.applied,1,"{""market"":""BTC-SYNTH""}"
2026-10-04T20:01:15.120253+00:00,counter,marketdata.update.applied,1,"{""market"":""BTC-SYNTH""}"
2026-10-04T20:01:15.120356+00:00,counter,marketdata.update.applied,1,"{""market"":""BTC-SYNTH""}"
2026-10-04T20:01:15.120406+00:00,counter,marketdata.update.applied,1,"{""market"":""BTC-SYNTH""}"
2026-10-04T20:01:15.120575+00:00,counter,marketdata.update.applied,1,"{""market"":""BTC-SYNTH""}"
2026-10-04T20:01:15.120668+00:00,counter,marketdata.update.applied,1,"{""market"":""BTC-SYNTH""}"
2026-10-04T20:01:15.120725+00:00,counter,marketdata.update.applied,1,"{""market"":""BTC-SYNTH""}"
2026-10-04T20:01:15.120773+00:00,counter,marketdata.update.applied,1,"{""market"":""BTC-SYNTH""}"
2026-10-04T20:01:15.120829+00:00,counter,marketdata.update.applied,1,"{""market"":""BTC-SYNTH""}"
2026-10-04T20:01:15.120875+00:00,counter,marketdata.update.applied,1,"{""market"":""BTC-SYNTH""}"
2026-10-04T20:01:15.120924+00:00,counter,marketdata.update.applied,1,"{""market"":""BTC-SYNTH""}"
2026-10-04T20:01:15.120970+00:00,counter,marketdata.update.applied,1,"{""market"":""BTC-SYNTH""}"
2026-10-04T20:01:15.121137+00:00,counter,marketdata.update.applied,1,"{""market"":""BTC-SYNTH""}"
2026-10-04T20:01:15.121192+00:00,counter,marketdata.update.applied,1,"{""market"":""BTC-SYNTH""}"
2026-10-04T20:01:15.121242+00:00,counter,marketdata.update.applied,1,"{""market"":""BTC-SYNTH""}"
2026-10-04T20:01:15.121288+00:00,counter,marketdata.update.applied,1,"{""market"":""BTC-SYNTH""}"
2026-10-04T20:01:15.121339+00:00,counter,marketdata.update.applied,1,"{""market"":""BTC-SYNTH""}"
2026-10-04T20:01:15.121435+00:00,counter,marketdata.update.applied,1,"{""market"":""BTC-SYNTH""}"
2026-10-04T20:01:15.121495+00:00,counter,marketdata.update.applied,1,"{""market"":""BTC-SYNTH""}"
2026-10-04T20:01:15.121546+00:00,counter,marketdata.update.applied,1,"{""market"":""BTC-SYNTH""}"
2026-10-04T20:01:15.121598+00:00,counter,marketdata.update.applied,1,"{""market"":""BTC-SYNTH""}"
2026-10-04T20:01:15.121644+00:00,counter,marketdata.update.applied,1,"{""market"":""BTC-SYNTH""}"
2026-10-04T20:01:15.121696+00:00,counter,marketdata.update.applied,1,"{""market"":""BTC-SYNTH""}"
2026-10-04T20:01:15.121731+00:00,counter,marketdata.update.applied,1,"{""market"":""BTC-SYNTH""}"
2026-10-04T20:01:15.121767+00:00,counter,marketdata.update.applied,1,"{""market"":""BTC-SYNTH""}"
2026-10-04T20:01:15.121799+00:00,counter,marketdata.update.applied,1,"{""market"":""BTC-SYNTH""}"
2026-10-04T20:01:15.121834+00:00,counter,marketdata.update.applied,1,"{""market"":""BTC-SYNTH""}"
2026-10-04T20:01:15.121866+00:00,counter,marketdata.update.applied,1,"{""market"":""BTC-SYNTH""}"
2026-10-04T20:01:15.121902+00:00,counter,marketdata.update.applied,1,"{""market"":""BTC-SYNTH""}"
2026-10-04T20:01:15.121934+00:00,counter,marketdata.update.applied,1,"{""market"":""BTC-SYNTH""}"
2026-10-04T20:01:15.121968+00:00,counter,marketdata.update.applied,1,"{""market"":""BTC-SYNTH""}"
2026-10-04T20:01:15.122000+00:00,counter,marketdata.update.applied,1,"{""market"":""BTC-SYNTH""}"
2026-10-04T20:01:15.122035+00:00,counter,marketdata.update.applied,1,"{""market"":""BTC-SYNTH""}"
2026-10-04T20:01:15.122068+00:00,counter,marketdata.update.applied,1,"{""market"":""BTC-SYNTH""}"
2026-10-04T20:01:15.122102+00:00,counter,marketdata.update.applied,1,"{""market"":""BTC-SYNTH""}"
2026-10-04T20:01:15.122134+00:00,counter,marketdata.update.applied,1,"{""market"":""BTC-SYNTH""}"
2026-10-04T20:01:15.122169+00:00,counter,marketdata.update.applied,1,"{""market"":""BTC-SYNTH""}"
2026-10-04T20:01:15.122198+00:00,counter,marketdata.update.applied,1,"{""market"":""BTC-SYNTH""}"
2026-10-04T20:01:15.122228+00:00,counter,marketdata.update.applied,1,"{""market"":""BTC-SYNTH""}"
2026-10-04T20:01:15.122256+00:00,counter,marketdata.update.applied,1,"{""market"":""BTC-SYNTH""}"
2026-10-04T20:01:15.122288+00:00,counter,marketdata.update.applied,1,"{""market"":""BTC-SYNTH""}"
2026-10-04T20:01:15.122316+00:00,counter,marketdata.update.applied,1,"{""market"":""BTC-SYNTH""}"
2026-10-04T20:01:15.122346+00:00,counter,marketdata.update.applied,1,"{""market"":""BTC-SYNTH""}"
2026-10-04T20:01:15.122374+00:00,counter,marketdata.update.applied,1,"{""market"":""BTC-SYNTH""}"
2026-10-04T20:01:15.526749+00:00,gauge,pricing.slices.attempted,3.0,"{""market"":""BTC-SYNTH"",""producer"":""svi-jax""}"
2026-10-04T20:01:15.526786+00:00,gauge,pricing.slices.accepted,3.0,"{""market"":""BTC-SYNTH"",""producer"":""svi-jax""}"
2026-10-04T20:01:15.526860+00:00,gauge,pricing.rmse_vol_bp,46.819462048921714,"{""market"":""BTC-SYNTH"",""producer"":""svi-jax""}"
2026-10-04T20:01:15.526869+00:00,timing,pricing.cycle_ms,404.15299999999996,"{""market"":""BTC-SYNTH"",""producer"":""svi-jax""}"
2026-10-04T20:01:15.527105+00:00,counter,bus.published,1,"{""topic"":""surface.BTC-SYNTH.svi-jax""}"
2026-10-04T20:01:15.527137+00:00,counter,runner.handled,1,"{""subscriber"":""svi-jax@BTC-SYNTH""}"
2026-10-04T20:01:15.527227+00:00,counter,risk.surface.received,1,"{""market"":""BTC-SYNTH"",""producer"":""svi-jax"",""status"":""OK""}"
2026-10-04T20:01:15.527240+00:00,timing,risk.surface.snapshot_to_surface_ms,1854.29,"{""market"":""BTC-SYNTH"",""producer"":""svi-jax""}"
2026-10-04T20:01:15.527248+00:00,timing,risk.surface.delivery_lag_ms,0.51,"{""market"":""BTC-SYNTH"",""producer"":""svi-jax""}"
2026-10-04T20:01:15.527271+00:00,gauge,risk.surface_age_seconds,1.85481,"{""market"":""BTC-SYNTH"",""producer"":""svi-jax""}"
2026-10-04T20:01:15.527277+00:00,counter,risk.report.freshness,1,"{""decision"":""NORMAL"",""market"":""BTC-SYNTH"",""producer"":""svi-jax""}"
2026-10-04T20:01:15.527313+00:00,counter,runner.handled,1,"{""subscriber"":""risk-svi-jax@BTC-SYNTH""}"
2026-10-04T20:01:16.159009+00:00,counter,marketdata.snapshot.published,1,"{""market"":""BTC-SYNTH""}"
2026-10-04T20:01:16.159119+00:00,gauge,marketdata.clock_skew_seconds,-1.484432,"{""market"":""BTC-SYNTH""}"
2026-10-04T20:01:16.159155+00:00,gauge,marketdata.coverage_ratio,1.0,"{""market"":""BTC-SYNTH""}"
2026-10-04T20:01:16.159179+00:00,gauge,marketdata.max_age_seconds,3601.565363,"{""market"":""BTC-SYNTH""}"
2026-10-04T20:01:16.159212+00:00,counter,pipeline.heartbeat.emitted,1,"{""market"":""BTC-SYNTH""}"
2026-10-04T20:01:16.159250+00:00,counter,bus.published,1,"{""topic"":""snapshot.BTC-SYNTH""}"
2026-10-04T20:01:16.159504+00:00,counter,marketdata.update.applied,1,"{""market"":""BTC-SYNTH""}"
2026-10-04T20:01:16.159596+00:00,counter,marketdata.update.applied,1,"{""market"":""BTC-SYNTH""}"
2026-10-04T20:01:16.159663+00:00,counter,marketdata.update.applied,1,"{""market"":""BTC-SYNTH""}"
2026-10-04T20:01:16.159716+00:00,counter,marketdata.update.applied,1,"{""market"":""BTC-SYNTH""}"
2026-10-04T20:01:16.159769+00:00,counter,marketdata.update.applied,1,"{""market"":""BTC-SYNTH""}"
2026-10-04T20:01:16.159813+00:00,counter,marketdata.update.applied,1,"{""market"":""BTC-SYNTH""}"
2026-10-04T20:01:16.159862+00:00,counter,marketdata.update.applied,1,"{""market"":""BTC-SYNTH""}"
2026-10-04T20:01:16.159909+00:00,counter,marketdata.update.applied,1,"{""market"":""BTC-SYNTH""}"
2026-10-04T20:01:16.159956+00:00,counter,marketdata.update.applied,1,"{""market"":""BTC-SYNTH""}"
2026-10-04T20:01:16.160002+00:00,counter,marketdata.update.applied,1,"{""market"":""BTC-SYNTH""}"
2026-10-04T20:01:16.160049+00:00,counter,marketdata.update.applied,1,"{""market"":""BTC-SYNTH""}"
2026-10-04T20:01:16.160105+00:00,counter,marketdata.update.applied,1,"{""market"":""BTC-SYNTH""}"
2026-10-04T20:01:16.160155+00:00,counter,marketdata.update.applied,1,"{""market"":""BTC-SYNTH""}"
2026-10-04T20:01:16.160200+00:00,counter,marketdata.update.applied,1,"{""market"":""BTC-SYNTH""}"
2026-10-04T20:01:16.160247+00:00,counter,marketdata.update.applied,1,"{""market"":""BTC-SYNTH""}"
2026-10-04T20:01:16.160292+00:00,counter,marketdata.update.applied,1,"{""market"":""BTC-SYNTH""}"
2026-10-04T20:01:16.160340+00:00,counter,marketdata.update.applied,1,"{""market"":""BTC-SYNTH""}"
2026-10-04T20:01:16.160386+00:00,counter,marketdata.update.applied,1,"{""market"":""BTC-SYNTH""}"
2026-10-04T20:01:16.160541+00:00,counter,marketdata.update.applied,1,"{""market"":""BTC-SYNTH""}"
2026-10-04T20:01:16.160644+00:00,counter,marketdata.update.applied,1,"{""market"":""BTC-SYNTH""}"
2026-10-04T20:01:16.160711+00:00,counter,marketdata.update.applied,1,"{""market"":""BTC-SYNTH""}"
2026-10-04T20:01:16.160754+00:00,counter,marketdata.update.applied,1,"{""market"":""BTC-SYNTH""}"
2026-10-04T20:01:16.160804+00:00,counter,marketdata.update.applied,1,"{""market"":""BTC-SYNTH""}"
2026-10-04T20:01:16.160843+00:00,counter,marketdata.update.applied,1,"{""market"":""BTC-SYNTH""}"
2026-10-04T20:01:16.160885+00:00,counter,marketdata.update.applied,1,"{""market"":""BTC-SYNTH""}"
2026-10-04T20:01:16.160926+00:00,counter,marketdata.update.applied,1,"{""market"":""BTC-SYNTH""}"
2026-10-04T20:01:16.160969+00:00,counter,marketdata.update.applied,1,"{""market"":""BTC-SYNTH""}"
2026-10-04T20:01:16.161011+00:00,counter,marketdata.update.applied,1,"{""market"":""BTC-SYNTH""}"
2026-10-04T20:01:16.161054+00:00,counter,marketdata.update.applied,1,"{""market"":""BTC-SYNTH""}"
2026-10-04T20:01:16.161094+00:00,counter,marketdata.update.applied,1,"{""market"":""BTC-SYNTH""}"
2026-10-04T20:01:16.161136+00:00,counter,marketdata.update.applied,1,"{""market"":""BTC-SYNTH""}"
2026-10-04T20:01:16.161303+00:00,counter,marketdata.update.applied,1,"{""market"":""BTC-SYNTH""}"
2026-10-04T20:01:16.161350+00:00,counter,marketdata.update.applied,1,"{""market"":""BTC-SYNTH""}"
2026-10-04T20:01:16.161388+00:00,counter,marketdata.update.applied,1,"{""market"":""BTC-SYNTH""}"
2026-10-04T20:01:16.161431+00:00,counter,marketdata.update.applied,1,"{""market"":""BTC-SYNTH""}"
2026-10-04T20:01:16.161470+00:00,counter,marketdata.update.applied,1,"{""market"":""BTC-SYNTH""}"
2026-10-04T20:01:16.161513+00:00,counter,marketdata.update.applied,1,"{""market"":""BTC-SYNTH""}"
2026-10-04T20:01:16.161552+00:00,counter,marketdata.update.applied,1,"{""market"":""BTC-SYNTH""}"
2026-10-04T20:01:16.161591+00:00,counter,marketdata.update.applied,1,"{""market"":""BTC-SYNTH""}"
2026-10-04T20:01:16.161623+00:00,counter,marketdata.update.applied,1,"{""market"":""BTC-SYNTH""}"
2026-10-04T20:01:16.161704+00:00,counter,marketdata.update.applied,1,"{""market"":""BTC-SYNTH""}"
2026-10-04T20:01:16.161745+00:00,counter,marketdata.update.applied,1,"{""market"":""BTC-SYNTH""}"
2026-10-04T20:01:16.161785+00:00,counter,marketdata.update.applied,1,"{""market"":""BTC-SYNTH""}"
2026-10-04T20:01:16.161820+00:00,counter,marketdata.update.applied,1,"{""market"":""BTC-SYNTH""}"
2026-10-04T20:01:16.161861+00:00,counter,marketdata.update.applied,1,"{""market"":""BTC-SYNTH""}"
2026-10-04T20:01:16.161893+00:00,counter,marketdata.update.applied,1,"{""market"":""BTC-SYNTH""}"
2026-10-04T20:01:16.161930+00:00,counter,marketdata.update.applied,1,"{""market"":""BTC-SYNTH""}"
2026-10-04T20:01:16.161962+00:00,counter,marketdata.update.applied,1,"{""market"":""BTC-SYNTH""}"
2026-10-04T20:01:16.161998+00:00,counter,marketdata.update.applied,1,"{""market"":""BTC-SYNTH""}"
2026-10-04T20:01:16.162029+00:00,counter,marketdata.update.applied,1,"{""market"":""BTC-SYNTH""}"
2026-10-04T20:01:16.162063+00:00,counter,marketdata.update.applied,1,"{""market"":""BTC-SYNTH""}"
2026-10-04T20:01:16.162095+00:00,counter,marketdata.update.applied,1,"{""market"":""BTC-SYNTH""}"
2026-10-04T20:01:16.162129+00:00,counter,marketdata.update.applied,1,"{""market"":""BTC-SYNTH""}"
2026-10-04T20:01:16.162163+00:00,counter,marketdata.update.applied,1,"{""market"":""BTC-SYNTH""}"
2026-10-04T20:01:16.162201+00:00,counter,marketdata.update.applied,1,"{""market"":""BTC-SYNTH""}"
2026-10-04T20:01:16.162234+00:00,counter,marketdata.update.applied,1,"{""market"":""BTC-SYNTH""}"
2026-10-04T20:01:16.162270+00:00,counter,marketdata.update.applied,1,"{""market"":""BTC-SYNTH""}"
2026-10-04T20:01:16.162302+00:00,counter,marketdata.update.applied,1,"{""market"":""BTC-SYNTH""}"
2026-10-04T20:01:16.162340+00:00,counter,marketdata.update.applied,1,"{""market"":""BTC-SYNTH""}"
2026-10-04T20:01:16.162374+00:00,counter,marketdata.update.applied,1,"{""market"":""BTC-SYNTH""}"
2026-10-04T20:01:16.162410+00:00,counter,marketdata.update.applied,1,"{""market"":""BTC-SYNTH""}"
2026-10-04T20:01:16.162442+00:00,counter,marketdata.update.applied,1,"{""market"":""BTC-SYNTH""}"
2026-10-04T20:01:16.162477+00:00,counter,marketdata.update.applied,1,"{""market"":""BTC-SYNTH""}"
2026-10-04T20:01:16.162508+00:00,counter,marketdata.update.applied,1,"{""market"":""BTC-SYNTH""}"
2026-10-04T20:01:16.162542+00:00,counter,marketdata.update.applied,1,"{""market"":""BTC-SYNTH""}"
2026-10-04T20:01:16.162573+00:00,counter,marketdata.update.applied,1,"{""market"":""BTC-SYNTH""}"
2026-10-04T20:01:17.161044+00:00,counter,marketdata.snapshot.published,1,"{""market"":""BTC-SYNTH""}"
2026-10-04T20:01:17.161093+00:00,gauge,marketdata.clock_skew_seconds,-1.488004,"{""market"":""BTC-SYNTH""}"
2026-10-04T20:01:17.161106+00:00,gauge,marketdata.coverage_ratio,1.0,"{""market"":""BTC-SYNTH""}"
2026-10-04T20:01:17.161114+00:00,gauge,marketdata.max_age_seconds,1.586321,"{""market"":""BTC-SYNTH""}"
2026-10-04T20:01:17.161124+00:00,counter,pipeline.heartbeat.emitted,1,"{""market"":""BTC-SYNTH""}"
2026-10-04T20:01:17.161135+00:00,counter,bus.published,1,"{""topic"":""snapshot.BTC-SYNTH""}"
2026-10-04T20:01:17.163534+00:00,counter,marketdata.update.applied,1,"{""market"":""BTC-SYNTH""}"
2026-10-04T20:01:17.163578+00:00,counter,marketdata.update.applied,1,"{""market"":""BTC-SYNTH""}"
2026-10-04T20:01:17.163601+00:00,counter,marketdata.update.applied,1,"{""market"":""BTC-SYNTH""}"
2026-10-04T20:01:17.163617+00:00,counter,marketdata.update.applied,1,"{""market"":""BTC-SYNTH""}"
2026-10-04T20:01:17.163632+00:00,counter,marketdata.update.applied,1,"{""market"":""BTC-SYNTH""}"
2026-10-04T20:01:17.163645+00:00,counter,marketdata.update.applied,1,"{""market"":""BTC-SYNTH""}"
2026-10-04T20:01:17.163660+00:00,counter,marketdata.update.applied,1,"{""market"":""BTC-SYNTH""}"
2026-10-04T20:01:17.163672+00:00,counter,marketdata.update.applied,1,"{""market"":""BTC-SYNTH""}"
2026-10-04T20:01:17.163686+00:00,counter,marketdata.update.applied,1,"{""market"":""BTC-SYNTH""}"
2026-10-04T20:01:17.163699+00:00,counter,marketdata.update.applied,1,"{""market"":""BTC-SYNTH""}"
2026-10-04T20:01:17.163712+00:00,counter,marketdata.update.applied,1,"{""market"":""BTC-SYNTH""}"
2026-10-04T20:01:17.163725+00:00,counter,marketdata.update.applied,1,"{""market"":""BTC-SYNTH""}"
2026-10-04T20:01:17.163739+00:00,counter,marketdata.update.applied,1,"{""market"":""BTC-SYNTH""}"
2026-10-04T20:01:17.163752+00:00,counter,marketdata.update.applied,1,"{""market"":""BTC-SYNTH""}"
2026-10-04T20:01:17.163766+00:00,counter,marketdata.update.applied,1,"{""market"":""BTC-SYNTH""}"
2026-10-04T20:01:17.163779+00:00,counter,marketdata.update.applied,1,"{""market"":""BTC-SYNTH""}"
2026-10-04T20:01:17.163791+00:00,counter,marketdata.update.applied,1,"{""market"":""BTC-SYNTH""}"
2026-10-04T20:01:17.163803+00:00,counter,marketdata.update.applied,1,"{""market"":""BTC-SYNTH""}"
2026-10-04T20:01:17.163817+00:00,counter,marketdata.update.applied,1,"{""market"":""BTC-SYNTH""}"
2026-10-04T20:01:17.163830+00:00,counter,marketdata.update.applied,1,"{""market"":""BTC-SYNTH""}"
2026-10-04T20:01:17.163845+00:00,counter,marketdata.update.applied,1,"{""market"":""BTC-SYNTH""}"
2026-10-04T20:01:17.163858+00:00,counter,marketdata.update.applied,1,"{""market"":""BTC-SYNTH""}"
2026-10-04T20:01:17.163873+00:00,counter,marketdata.update.applied,1,"{""market"":""BTC-SYNTH""}"
2026-10-04T20:01:17.163885+00:00,counter,marketdata.update.applied,1,"{""market"":""BTC-SYNTH""}"
2026-10-04T20:01:17.163898+00:00,counter,marketdata.update.applied,1,"{""market"":""BTC-SYNTH""}"
2026-10-04T20:01:17.163909+00:00,counter,marketdata.update.applied,1,"{""market"":""BTC-SYNTH""}"
2026-10-04T20:01:17.163922+00:00,counter,marketdata.update.applied,1,"{""market"":""BTC-SYNTH""}"
2026-10-04T20:01:17.163934+00:00,counter,marketdata.update.applied,1,"{""market"":""BTC-SYNTH""}"
2026-10-04T20:01:17.163948+00:00,counter,marketdata.update.applied,1,"{""market"":""BTC-SYNTH""}"
2026-10-04T20:01:17.163960+00:00,counter,marketdata.update.applied,1,"{""market"":""BTC-SYNTH""}"
2026-10-04T20:01:17.163973+00:00,counter,marketdata.update.applied,1,"{""market"":""BTC-SYNTH""}"
2026-10-04T20:01:17.163985+00:00,counter,marketdata.update.applied,1,"{""market"":""BTC-SYNTH""}"
2026-10-04T20:01:17.163997+00:00,counter,marketdata.update.applied,1,"{""market"":""BTC-SYNTH""}"
2026-10-04T20:01:17.164008+00:00,counter,marketdata.update.applied,1,"{""market"":""BTC-SYNTH""}"
2026-10-04T20:01:17.164021+00:00,counter,marketdata.update.applied,1,"{""market"":""BTC-SYNTH""}"
2026-10-04T20:01:17.164033+00:00,counter,marketdata.update.applied,1,"{""market"":""BTC-SYNTH""}"
2026-10-04T20:01:17.164047+00:00,counter,marketdata.update.applied,1,"{""market"":""BTC-SYNTH""}"
2026-10-04T20:01:17.164058+00:00,counter,marketdata.update.applied,1,"{""market"":""BTC-SYNTH""}"
2026-10-04T20:01:17.164070+00:00,counter,marketdata.update.applied,1,"{""market"":""BTC-SYNTH""}"
2026-10-04T20:01:17.164083+00:00,counter,marketdata.update.applied,1,"{""market"":""BTC-SYNTH""}"
2026-10-04T20:01:17.164095+00:00,counter,marketdata.update.applied,1,"{""market"":""BTC-SYNTH""}"
2026-10-04T20:01:17.164108+00:00,counter,marketdata.update.applied,1,"{""market"":""BTC-SYNTH""}"
2026-10-04T20:01:17.164121+00:00,counter,marketdata.update.applied,1,"{""market"":""BTC-SYNTH""}"
2026-10-04T20:01:17.164198+00:00,counter,marketdata.update.applied,1,"{""market"":""BTC-SYNTH""}"
2026-10-04T20:01:17.164238+00:00,counter,marketdata.update.applied,1,"{""market"":""BTC-SYNTH""}"
2026-10-04T20:01:17.164251+00:00,counter,marketdata.update.applied,1,"{""market"":""BTC-SYNTH""}"
2026-10-04T20:01:17.164265+00:00,counter,marketdata.update.applied,1,"{""market"":""BTC-SYNTH""}"
2026-10-04T20:01:17.164277+00:00,counter,marketdata.update.applied,1,"{""market"":""BTC-SYNTH""}"
2026-10-04T20:01:17.164290+00:00,counter,marketdata.update.applied,1,"{""market"":""BTC-SYNTH""}"
2026-10-04T20:01:17.164302+00:00,counter,marketdata.update.applied,1,"{""market"":""BTC-SYNTH""}"
2026-10-04T20:01:17.164315+00:00,counter,marketdata.update.applied,1,"{""market"":""BTC-SYNTH""}"
2026-10-04T20:01:17.164327+00:00,counter,marketdata.update.applied,1,"{""market"":""BTC-SYNTH""}"
2026-10-04T20:01:17.164352+00:00,counter,marketdata.update.applied,1,"{""market"":""BTC-SYNTH""}"
2026-10-04T20:01:17.164371+00:00,counter,marketdata.update.applied,1,"{""market"":""BTC-SYNTH""}"
2026-10-04T20:01:17.164387+00:00,counter,marketdata.update.applied,1,"{""market"":""BTC-SYNTH""}"
2026-10-04T20:01:17.164400+00:00,counter,marketdata.update.applied,1,"{""market"":""BTC-SYNTH""}"
2026-10-04T20:01:17.164414+00:00,counter,marketdata.update.applied,1,"{""market"":""BTC-SYNTH""}"
2026-10-04T20:01:17.164426+00:00,counter,marketdata.update.applied,1,"{""market"":""BTC-SYNTH""}"
2026-10-04T20:01:17.164440+00:00,counter,marketdata.update.applied,1,"{""market"":""BTC-SYNTH""}"
2026-10-04T20:01:17.164468+00:00,counter,marketdata.update.applied,1,"{""market"":""BTC-SYNTH""}"
2026-10-04T20:01:17.164489+00:00,counter,marketdata.update.applied,1,"{""market"":""BTC-SYNTH""}"
2026-10-04T20:01:17.164503+00:00,counter,marketdata.update.applied,1,"{""market"":""BTC-SYNTH""}"
2026-10-04T20:01:17.164518+00:00,counter,marketdata.update.applied,1,"{""market"":""BTC-SYNTH""}"
2026-10-04T20:01:17.164530+00:00,counter,marketdata.update.applied,1,"{""market"":""BTC-SYNTH""}"
2026-10-04T20:01:17.164543+00:00,counter,marketdata.update.applied,1,"{""market"":""BTC-SYNTH""}"
2026-10-04T20:01:17.164555+00:00,counter,marketdata.update.applied,1,"{""market"":""BTC-SYNTH""}"
2026-10-04T20:01:17.296327+00:00,gauge,pricing.slices.attempted,3.0,"{""market"":""BTC-SYNTH"",""producer"":""svi-jax""}"
2026-10-04T20:01:17.296365+00:00,gauge,pricing.slices.accepted,3.0,"{""market"":""BTC-SYNTH"",""producer"":""svi-jax""}"
2026-10-04T20:01:17.296486+00:00,gauge,pricing.rmse_vol_bp,26.28038420413249,"{""market"":""BTC-SYNTH"",""producer"":""svi-jax""}"
2026-10-04T20:01:17.296501+00:00,timing,pricing.cycle_ms,1133.342,"{""market"":""BTC-SYNTH"",""producer"":""svi-jax""}"
2026-10-04T20:01:17.296697+00:00,counter,bus.published,1,"{""topic"":""surface.BTC-SYNTH.svi-jax""}"
2026-10-04T20:01:17.296737+00:00,counter,runner.handled,1,"{""subscriber"":""svi-jax@BTC-SYNTH""}"
2026-10-04T20:01:17.296897+00:00,counter,risk.surface.received,1,"{""market"":""BTC-SYNTH"",""producer"":""svi-jax"",""status"":""OK""}"
2026-10-04T20:01:17.296916+00:00,timing,risk.surface.snapshot_to_surface_ms,2623.835,"{""market"":""BTC-SYNTH"",""producer"":""svi-jax""}"
2026-10-04T20:01:17.296926+00:00,timing,risk.surface.delivery_lag_ms,0.608,"{""market"":""BTC-SYNTH"",""producer"":""svi-jax""}"
2026-10-04T20:01:17.296940+00:00,gauge,risk.surface_age_seconds,2.624454,"{""market"":""BTC-SYNTH"",""producer"":""svi-jax""}"
2026-10-04T20:01:17.296947+00:00,counter,risk.report.freshness,1,"{""decision"":""NORMAL"",""market"":""BTC-SYNTH"",""producer"":""svi-jax""}"
2026-10-04T20:01:17.296990+00:00,counter,runner.handled,1,"{""subscriber"":""risk-svi-jax@BTC-SYNTH""}"
2026-10-04T20:01:17.500740+00:00,gauge,pricing.slices.attempted,3.0,"{""market"":""BTC-SYNTH"",""producer"":""svi-jax""}"
2026-10-04T20:01:17.500779+00:00,gauge,pricing.slices.accepted,3.0,"{""market"":""BTC-SYNTH"",""producer"":""svi-jax""}"
2026-10-04T20:01:17.500867+00:00,gauge,pricing.rmse_vol_bp,29.502377332462807,"{""market"":""BTC-SYNTH"",""producer"":""svi-jax""}"
2026-10-04T20:01:17.500879+00:00,timing,pricing.cycle_ms,203.71,"{""market"":""BTC-SYNTH"",""producer"":""svi-jax""}"
2026-10-04T20:01:17.501049+00:00,counter,bus.published,1,"{""topic"":""surface.BTC-SYNTH.svi-jax""}"
2026-10-04T20:01:17.501086+00:00,counter,runner.handled,1,"{""subscriber"":""svi-jax@BTC-SYNTH""}"
2026-10-04T20:01:17.501197+00:00,counter,risk.surface.received,1,"{""market"":""BTC-SYNTH"",""producer"":""svi-jax"",""status"":""OK""}"
2026-10-04T20:01:17.501212+00:00,timing,risk.surface.snapshot_to_surface_ms,1828.189,"{""market"":""BTC-SYNTH"",""producer"":""svi-jax""}"
2026-10-04T20:01:17.501220+00:00,timing,risk.surface.delivery_lag_ms,0.49200000000000005,"{""market"":""BTC-SYNTH"",""producer"":""svi-jax""}"
2026-10-04T20:01:17.501232+00:00,gauge,risk.surface_age_seconds,1.82869,"{""market"":""BTC-SYNTH"",""producer"":""svi-jax""}"
2026-10-04T20:01:17.501238+00:00,counter,risk.report.freshness,1,"{""decision"":""NORMAL"",""market"":""BTC-SYNTH"",""producer"":""svi-jax""}"
2026-10-04T20:01:17.501272+00:00,counter,runner.handled,1,"{""subscriber"":""risk-svi-jax@BTC-SYNTH""}"
2026-10-04T20:01:18.218680+00:00,counter,marketdata.snapshot.published,1,"{""market"":""BTC-SYNTH""}"
2026-10-04T20:01:18.218764+00:00,gauge,marketdata.clock_skew_seconds,-1.548249,"{""market"":""BTC-SYNTH""}"
2026-10-04T20:01:18.218787+00:00,gauge,marketdata.coverage_ratio,1.0,"{""market"":""BTC-SYNTH""}"
2026-10-04T20:01:18.218802+00:00,gauge,marketdata.max_age_seconds,1.643657,"{""market"":""BTC-SYNTH""}"
2026-10-04T20:01:18.218822+00:00,counter,pipeline.heartbeat.emitted,1,"{""market"":""BTC-SYNTH""}"
2026-10-04T20:01:18.218845+00:00,counter,bus.published,1,"{""topic"":""snapshot.BTC-SYNTH""}"
2026-10-04T20:01:18.219004+00:00,counter,marketdata.update.applied,1,"{""market"":""BTC-SYNTH""}"
2026-10-04T20:01:18.219053+00:00,counter,marketdata.update.applied,1,"{""market"":""BTC-SYNTH""}"
2026-10-04T20:01:18.219092+00:00,counter,marketdata.update.applied,1,"{""market"":""BTC-SYNTH""}"
2026-10-04T20:01:18.219123+00:00,counter,marketdata.update.applied,1,"{""market"":""BTC-SYNTH""}"
2026-10-04T20:01:18.219155+00:00,counter,marketdata.update.applied,1,"{""market"":""BTC-SYNTH""}"
2026-10-04T20:01:18.219208+00:00,counter,marketdata.update.applied,1,"{""market"":""BTC-SYNTH""}"
2026-10-04T20:01:18.219262+00:00,counter,marketdata.update.applied,1,"{""market"":""BTC-SYNTH""}"
2026-10-04T20:01:18.219295+00:00,counter,marketdata.update.applied,1,"{""market"":""BTC-SYNTH""}"
2026-10-04T20:01:18.219328+00:00,counter,marketdata.update.applied,1,"{""market"":""BTC-SYNTH""}"
2026-10-04T20:01:18.219356+00:00,counter,marketdata.update.applied,1,"{""market"":""BTC-SYNTH""}"
2026-10-04T20:01:18.219388+00:00,counter,marketdata.update.applied,1,"{""market"":""BTC-SYNTH""}"
2026-10-04T20:01:18.219417+00:00,counter,marketdata.update.applied,1,"{""market"":""BTC-SYNTH""}"
2026-10-04T20:01:18.219450+00:00,counter,marketdata.update.applied,1,"{""market"":""BTC-SYNTH""}"
2026-10-04T20:01:18.219476+00:00,counter,marketdata.update.applied,1,"{""market"":""BTC-SYNTH""}"
2026-10-04T20:01:18.219506+00:00,counter,marketdata.update.applied,1,"{""market"":""BTC-SYNTH""}"
2026-10-04T20:01:18.219535+00:00,counter,marketdata.update.applied,1,"{""market"":""BTC-SYNTH""}"
2026-10-04T20:01:18.219563+00:00,counter,marketdata.update.applied,1,"{""market"":""BTC-SYNTH""}"
2026-10-04T20:01:18.219593+00:00,counter,marketdata.update.applied,1,"{""market"":""BTC-SYNTH""}"
2026-10-04T20:01:18.219621+00:00,counter,marketdata.update.applied,1,"{""market"":""BTC-SYNTH""}"
2026-10-04T20:01:18.219649+00:00,counter,marketdata.update.applied,1,"{""market"":""BTC-SYNTH""}"
2026-10-04T20:01:18.219677+00:00,counter,marketdata.update.applied,1,"{""market"":""BTC-SYNTH""}"
2026-10-04T20:01:18.219705+00:00,counter,marketdata.update.applied,1,"{""market"":""BTC-SYNTH""}"
2026-10-04T20:01:18.219734+00:00,counter,marketdata.update.applied,1,"{""market"":""BTC-SYNTH""}"
2026-10-04T20:01:18.219759+00:00,counter,marketdata.update.applied,1,"{""market"":""BTC-SYNTH""}"
2026-10-04T20:01:18.219789+00:00,counter,marketdata.update.applied,1,"{""market"":""BTC-SYNTH""}"
2026-10-04T20:01:18.219940+00:00,counter,marketdata.update.applied,1,"{""market"":""BTC-SYNTH""}"
2026-10-04T20:01:18.219980+00:00,counter,marketdata.update.applied,1,"{""market"":""BTC-SYNTH""}"
2026-10-04T20:01:18.220006+00:00,counter,marketdata.update.applied,1,"{""market"":""BTC-SYNTH""}"
2026-10-04T20:01:18.220034+00:00,counter,marketdata.update.applied,1,"{""market"":""BTC-SYNTH""}"
2026-10-04T20:01:18.220059+00:00,counter,marketdata.update.applied,1,"{""market"":""BTC-SYNTH""}"
2026-10-04T20:01:18.220086+00:00,counter,marketdata.update.applied,1,"{""market"":""BTC-SYNTH""}"
2026-10-04T20:01:18.220109+00:00,counter,marketdata.update.applied,1,"{""market"":""BTC-SYNTH""}"
2026-10-04T20:01:18.220133+00:00,counter,marketdata.update.applied,1,"{""market"":""BTC-SYNTH""}"
2026-10-04T20:01:18.220155+00:00,counter,marketdata.update.applied,1,"{""market"":""BTC-SYNTH""}"
2026-10-04T20:01:18.220180+00:00,counter,marketdata.update.applied,1,"{""market"":""BTC-SYNTH""}"
2026-10-04T20:01:18.220203+00:00,counter,marketdata.update.applied,1,"{""market"":""BTC-SYNTH""}"
2026-10-04T20:01:18.220228+00:00,counter,marketdata.update.applied,1,"{""market"":""BTC-SYNTH""}"
2026-10-04T20:01:18.220247+00:00,counter,marketdata.update.applied,1,"{""market"":""BTC-SYNTH""}"
2026-10-04T20:01:18.220271+00:00,counter,marketdata.update.applied,1,"{""market"":""BTC-SYNTH""}"
2026-10-04T20:01:18.220310+00:00,counter,marketdata.update.applied,1,"{""market"":""BTC-SYNTH""}"
2026-10-04T20:01:18.220349+00:00,counter,marketdata.update.applied,1,"{""market"":""BTC-SYNTH""}"
2026-10-04T20:01:18.220452+00:00,counter,marketdata.update.applied,1,"{""market"":""BTC-SYNTH""}"
2026-10-04T20:01:18.220495+00:00,counter,marketdata.update.applied,1,"{""market"":""BTC-SYNTH""}"
2026-10-04T20:01:18.220522+00:00,counter,marketdata.update.applied,1,"{""market"":""BTC-SYNTH""}"
2026-10-04T20:01:18.220551+00:00,counter,marketdata.update.applied,1,"{""market"":""BTC-SYNTH""}"
2026-10-04T20:01:18.220574+00:00,counter,marketdata.update.applied,1,"{""market"":""BTC-SYNTH""}"
2026-10-04T20:01:18.220597+00:00,counter,marketdata.update.applied,1,"{""market"":""BTC-SYNTH""}"
2026-10-04T20:01:18.220619+00:00,counter,marketdata.update.applied,1,"{""market"":""BTC-SYNTH""}"
2026-10-04T20:01:18.220641+00:00,counter,marketdata.update.applied,1,"{""market"":""BTC-SYNTH""}"
2026-10-04T20:01:18.220661+00:00,counter,marketdata.update.applied,1,"{""market"":""BTC-SYNTH""}"
2026-10-04T20:01:18.220683+00:00,counter,marketdata.update.applied,1,"{""market"":""BTC-SYNTH""}"
2026-10-04T20:01:18.220702+00:00,counter,marketdata.update.applied,1,"{""market"":""BTC-SYNTH""}"
2026-10-04T20:01:18.220725+00:00,counter,marketdata.update.applied,1,"{""market"":""BTC-SYNTH""}"
2026-10-04T20:01:18.220747+00:00,counter,marketdata.update.applied,1,"{""market"":""BTC-SYNTH""}"
2026-10-04T20:01:18.220770+00:00,counter,marketdata.update.applied,1,"{""market"":""BTC-SYNTH""}"
2026-10-04T20:01:18.220789+00:00,counter,marketdata.update.applied,1,"{""market"":""BTC-SYNTH""}"
2026-10-04T20:01:18.220810+00:00,counter,marketdata.update.applied,1,"{""market"":""BTC-SYNTH""}"
2026-10-04T20:01:18.220830+00:00,counter,marketdata.update.applied,1,"{""market"":""BTC-SYNTH""}"
2026-10-04T20:01:18.220853+00:00,counter,marketdata.update.applied,1,"{""market"":""BTC-SYNTH""}"
2026-10-04T20:01:18.220887+00:00,counter,marketdata.update.applied,1,"{""market"":""BTC-SYNTH""}"
2026-10-04T20:01:18.220911+00:00,counter,marketdata.update.applied,1,"{""market"":""BTC-SYNTH""}"
2026-10-04T20:01:18.220930+00:00,counter,marketdata.update.applied,1,"{""market"":""BTC-SYNTH""}"
2026-10-04T20:01:18.220953+00:00,counter,marketdata.update.applied,1,"{""market"":""BTC-SYNTH""}"
2026-10-04T20:01:18.220974+00:00,counter,marketdata.update.applied,1,"{""market"":""BTC-SYNTH""}"
2026-10-04T20:01:18.220995+00:00,counter,marketdata.update.applied,1,"{""market"":""BTC-SYNTH""}"
2026-10-04T20:01:18.221015+00:00,counter,marketdata.update.applied,1,"{""market"":""BTC-SYNTH""}"
2026-10-04T20:01:18.795197+00:00,gauge,pricing.slices.attempted,3.0,"{""market"":""BTC-SYNTH"",""producer"":""svi-jax""}"
2026-10-04T20:01:18.795233+00:00,gauge,pricing.slices.accepted,3.0,"{""market"":""BTC-SYNTH"",""producer"":""svi-jax""}"
2026-10-04T20:01:18.795305+00:00,gauge,pricing.rmse_vol_bp,35.67821687415752,"{""market"":""BTC-SYNTH"",""producer"":""svi-jax""}"
2026-10-04T20:01:18.795314+00:00,timing,pricing.cycle_ms,573.954,"{""market"":""BTC-SYNTH"",""producer"":""svi-jax""}"
2026-10-04T20:01:18.795564+00:00,counter,bus.published,1,"{""topic"":""surface.BTC-SYNTH.svi-jax""}"
2026-10-04T20:01:18.795594+00:00,counter,runner.handled,1,"{""subscriber"":""svi-jax@BTC-SYNTH""}"
2026-10-04T20:01:18.795683+00:00,counter,risk.surface.received,1,"{""market"":""BTC-SYNTH"",""producer"":""svi-jax"",""status"":""OK""}"
2026-10-04T20:01:18.795697+00:00,timing,risk.surface.snapshot_to_surface_ms,2125.9049999999997,"{""market"":""BTC-SYNTH"",""producer"":""svi-jax""}"
2026-10-04T20:01:18.795704+00:00,timing,risk.surface.delivery_lag_ms,0.524,"{""market"":""BTC-SYNTH"",""producer"":""svi-jax""}"
2026-10-04T20:01:18.795717+00:00,gauge,risk.surface_age_seconds,2.126439,"{""market"":""BTC-SYNTH"",""producer"":""svi-jax""}"
2026-10-04T20:01:18.795723+00:00,counter,risk.report.freshness,1,"{""decision"":""NORMAL"",""market"":""BTC-SYNTH"",""producer"":""svi-jax""}"
2026-10-04T20:01:18.795760+00:00,counter,runner.handled,1,"{""subscriber"":""risk-svi-jax@BTC-SYNTH""}"
2026-10-04T20:01:19.246864+00:00,counter,marketdata.snapshot.published,1,"{""market"":""BTC-SYNTH""}"
2026-10-04T20:01:19.246986+00:00,gauge,marketdata.clock_skew_seconds,-1.57243,"{""market"":""BTC-SYNTH""}"
2026-10-04T20:01:19.247082+00:00,gauge,marketdata.coverage_ratio,0.9848484848484849,"{""market"":""BTC-SYNTH""}"
2026-10-04T20:01:19.247151+00:00,gauge,marketdata.max_age_seconds,1.670657,"{""market"":""BTC-SYNTH""}"
2026-10-04T20:01:19.247206+00:00,counter,pipeline.heartbeat.emitted,1,"{""market"":""BTC-SYNTH""}"
2026-10-04T20:01:19.247315+00:00,counter,bus.published,1,"{""topic"":""snapshot.BTC-SYNTH""}"
2026-10-04T20:01:19.247598+00:00,counter,marketdata.update.applied,1,"{""market"":""BTC-SYNTH""}"
2026-10-04T20:01:19.247705+00:00,counter,marketdata.update.applied,1,"{""market"":""BTC-SYNTH""}"
2026-10-04T20:01:19.247797+00:00,counter,marketdata.update.applied,1,"{""market"":""BTC-SYNTH""}"
2026-10-04T20:01:19.247873+00:00,counter,marketdata.update.applied,1,"{""market"":""BTC-SYNTH""}"
2026-10-04T20:01:19.247953+00:00,counter,marketdata.update.applied,1,"{""market"":""BTC-SYNTH""}"
2026-10-04T20:01:19.248028+00:00,counter,marketdata.update.applied,1,"{""market"":""BTC-SYNTH""}"
2026-10-04T20:01:19.248108+00:00,counter,marketdata.update.applied,1,"{""market"":""BTC-SYNTH""}"
2026-10-04T20:01:19.248243+00:00,counter,marketdata.update.applied,1,"{""market"":""BTC-SYNTH""}"
2026-10-04T20:01:19.248347+00:00,counter,marketdata.update.applied,1,"{""market"":""BTC-SYNTH""}"
2026-10-04T20:01:19.248427+00:00,counter,marketdata.update.applied,1,"{""market"":""BTC-SYNTH""}"
2026-10-04T20:01:19.248640+00:00,counter,marketdata.update.applied,1,"{""market"":""BTC-SYNTH""}"
2026-10-04T20:01:19.248729+00:00,counter,marketdata.update.applied,1,"{""market"":""BTC-SYNTH""}"
2026-10-04T20:01:19.248807+00:00,counter,marketdata.update.applied,1,"{""market"":""BTC-SYNTH""}"
2026-10-04T20:01:19.248874+00:00,counter,marketdata.update.applied,1,"{""market"":""BTC-SYNTH""}"
2026-10-04T20:01:19.248947+00:00,counter,marketdata.update.applied,1,"{""market"":""BTC-SYNTH""}"
2026-10-04T20:01:19.249013+00:00,counter,marketdata.update.applied,1,"{""market"":""BTC-SYNTH""}"
2026-10-04T20:01:19.249083+00:00,counter,marketdata.update.applied,1,"{""market"":""BTC-SYNTH""}"
2026-10-04T20:01:19.249147+00:00,counter,marketdata.update.applied,1,"{""market"":""BTC-SYNTH""}"
2026-10-04T20:01:19.249222+00:00,counter,marketdata.update.applied,1,"{""market"":""BTC-SYNTH""}"
2026-10-04T20:01:19.249346+00:00,counter,marketdata.update.applied,1,"{""market"":""BTC-SYNTH""}"
2026-10-04T20:01:19.249440+00:00,counter,marketdata.update.applied,1,"{""market"":""BTC-SYNTH""}"
2026-10-04T20:01:19.249512+00:00,counter,marketdata.update.applied,1,"{""market"":""BTC-SYNTH""}"
2026-10-04T20:01:19.249756+00:00,counter,marketdata.update.applied,1,"{""market"":""BTC-SYNTH""}"
2026-10-04T20:01:19.249836+00:00,counter,marketdata.update.applied,1,"{""market"":""BTC-SYNTH""}"
2026-10-04T20:01:19.249899+00:00,counter,marketdata.update.applied,1,"{""market"":""BTC-SYNTH""}"
2026-10-04T20:01:19.249953+00:00,counter,marketdata.update.applied,1,"{""market"":""BTC-SYNTH""}"
2026-10-04T20:01:19.250013+00:00,counter,marketdata.update.applied,1,"{""market"":""BTC-SYNTH""}"
2026-10-04T20:01:19.250065+00:00,counter,marketdata.update.applied,1,"{""market"":""BTC-SYNTH""}"
2026-10-04T20:01:19.250121+00:00,counter,marketdata.update.applied,1,"{""market"":""BTC-SYNTH""}"
2026-10-04T20:01:19.250204+00:00,counter,marketdata.update.applied,1,"{""market"":""BTC-SYNTH""}"
2026-10-04T20:01:19.250265+00:00,counter,marketdata.update.applied,1,"{""market"":""BTC-SYNTH""}"
2026-10-04T20:01:19.250352+00:00,counter,marketdata.update.applied,1,"{""market"":""BTC-SYNTH""}"
2026-10-04T20:01:19.250444+00:00,counter,marketdata.update.applied,1,"{""market"":""BTC-SYNTH""}"
2026-10-04T20:01:19.250504+00:00,counter,marketdata.update.applied,1,"{""market"":""BTC-SYNTH""}"
2026-10-04T20:01:19.250564+00:00,counter,marketdata.update.applied,1,"{""market"":""BTC-SYNTH""}"
2026-10-04T20:01:19.250618+00:00,counter,marketdata.update.applied,1,"{""market"":""BTC-SYNTH""}"
2026-10-04T20:01:19.250675+00:00,counter,marketdata.update.applied,1,"{""market"":""BTC-SYNTH""}"
2026-10-04T20:01:19.250723+00:00,counter,marketdata.update.applied,1,"{""market"":""BTC-SYNTH""}"
2026-10-04T20:01:19.250775+00:00,counter,marketdata.update.applied,1,"{""market"":""BTC-SYNTH""}"
2026-10-04T20:01:19.250821+00:00,counter,marketdata.update.applied,1,"{""market"":""BTC-SYNTH""}"
2026-10-04T20:01:19.250871+00:00,counter,marketdata.update.applied,1,"{""market"":""BTC-SYNTH""}"
2026-10-04T20:01:19.250918+00:00,counter,marketdata.update.applied,1,"{""market"":""BTC-SYNTH""}"
2026-10-04T20:01:19.250969+00:00,counter,marketdata.update.applied,1,"{""market"":""BTC-SYNTH""}"
2026-10-04T20:01:19.251015+00:00,counter,marketdata.update.applied,1,"{""market"":""BTC-SYNTH""}"
2026-10-04T20:01:19.251067+00:00,counter,marketdata.update.applied,1,"{""market"":""BTC-SYNTH""}"
2026-10-04T20:01:19.251113+00:00,counter,marketdata.update.applied,1,"{""market"":""BTC-SYNTH""}"
2026-10-04T20:01:19.251163+00:00,counter,marketdata.update.applied,1,"{""market"":""BTC-SYNTH""}"
2026-10-04T20:01:19.251206+00:00,counter,marketdata.update.applied,1,"{""market"":""BTC-SYNTH""}"
2026-10-04T20:01:19.251253+00:00,counter,marketdata.update.applied,1,"{""market"":""BTC-SYNTH""}"
2026-10-04T20:01:19.251296+00:00,counter,marketdata.update.applied,1,"{""market"":""BTC-SYNTH""}"
2026-10-04T20:01:19.251343+00:00,counter,marketdata.update.applied,1,"{""market"":""BTC-SYNTH""}"
2026-10-04T20:01:19.251387+00:00,counter,marketdata.update.applied,1,"{""market"":""BTC-SYNTH""}"
2026-10-04T20:01:19.251482+00:00,counter,marketdata.update.applied,1,"{""market"":""BTC-SYNTH""}"
2026-10-04T20:01:19.251548+00:00,counter,marketdata.update.applied,1,"{""market"":""BTC-SYNTH""}"
2026-10-04T20:01:19.251600+00:00,counter,marketdata.update.applied,1,"{""market"":""BTC-SYNTH""}"
2026-10-04T20:01:19.251647+00:00,counter,marketdata.update.applied,1,"{""market"":""BTC-SYNTH""}"
2026-10-04T20:01:19.251695+00:00,counter,marketdata.update.applied,1,"{""market"":""BTC-SYNTH""}"
2026-10-04T20:01:19.251739+00:00,counter,marketdata.update.applied,1,"{""market"":""BTC-SYNTH""}"
2026-10-04T20:01:19.251787+00:00,counter,marketdata.update.applied,1,"{""market"":""BTC-SYNTH""}"
2026-10-04T20:01:19.251830+00:00,counter,marketdata.update.applied,1,"{""market"":""BTC-SYNTH""}"
2026-10-04T20:01:19.251878+00:00,counter,marketdata.update.applied,1,"{""market"":""BTC-SYNTH""}"
2026-10-04T20:01:19.251922+00:00,counter,marketdata.update.applied,1,"{""market"":""BTC-SYNTH""}"
2026-10-04T20:01:19.251971+00:00,counter,marketdata.update.applied,1,"{""market"":""BTC-SYNTH""}"
2026-10-04T20:01:19.252016+00:00,counter,marketdata.update.applied,1,"{""market"":""BTC-SYNTH""}"
2026-10-04T20:01:19.252063+00:00,counter,marketdata.update.applied,1,"{""market"":""BTC-SYNTH""}"
2026-10-04T20:01:19.252108+00:00,counter,marketdata.update.applied,1,"{""market"":""BTC-SYNTH""}"
2026-10-04T20:01:19.507546+00:00,gauge,pricing.slices.attempted,3.0,"{""market"":""BTC-SYNTH"",""producer"":""svi-jax""}"
2026-10-04T20:01:19.507587+00:00,gauge,pricing.slices.accepted,3.0,"{""market"":""BTC-SYNTH"",""producer"":""svi-jax""}"
2026-10-04T20:01:19.507657+00:00,gauge,pricing.rmse_vol_bp,38.1455911191641,"{""market"":""BTC-SYNTH"",""producer"":""svi-jax""}"
2026-10-04T20:01:19.507667+00:00,timing,pricing.cycle_ms,255.18200000000002,"{""market"":""BTC-SYNTH"",""producer"":""svi-jax""}"
2026-10-04T20:01:19.507918+00:00,counter,bus.published,1,"{""topic"":""surface.BTC-SYNTH.svi-jax""}"
2026-10-04T20:01:19.507947+00:00,counter,runner.handled,1,"{""subscriber"":""svi-jax@BTC-SYNTH""}"
2026-10-04T20:01:19.508024+00:00,counter,risk.surface.received,1,"{""market"":""BTC-SYNTH"",""producer"":""svi-jax"",""status"":""OK""}"
2026-10-04T20:01:19.508035+00:00,timing,risk.surface.snapshot_to_surface_ms,1835.408,"{""market"":""BTC-SYNTH"",""producer"":""svi-jax""}"
2026-10-04T20:01:19.508043+00:00,timing,risk.surface.delivery_lag_ms,0.508,"{""market"":""BTC-SYNTH"",""producer"":""svi-jax""}"
2026-10-04T20:01:19.508055+00:00,gauge,risk.surface_age_seconds,1.835925,"{""market"":""BTC-SYNTH"",""producer"":""svi-jax""}"
2026-10-04T20:01:19.508060+00:00,counter,risk.report.freshness,1,"{""decision"":""NORMAL"",""market"":""BTC-SYNTH"",""producer"":""svi-jax""}"
2026-10-04T20:01:19.508093+00:00,counter,runner.handled,1,"{""subscriber"":""risk-svi-jax@BTC-SYNTH""}"
2026-10-04T20:01:20.283809+00:00,counter,marketdata.snapshot.published,1,"{""market"":""BTC-SYNTH""}"
2026-10-04T20:01:20.283935+00:00,gauge,marketdata.clock_skew_seconds,-1.609333,"{""market"":""BTC-SYNTH""}"
2026-10-04T20:01:20.283991+00:00,gauge,marketdata.coverage_ratio,1.0,"{""market"":""BTC-SYNTH""}"
2026-10-04T20:01:20.284033+00:00,gauge,marketdata.max_age_seconds,1.708175,"{""market"":""BTC-SYNTH""}"
2026-10-04T20:01:20.284082+00:00,counter,pipeline.heartbeat.emitted,1,"{""market"":""BTC-SYNTH""}"
2026-10-04T20:01:20.284132+00:00,counter,bus.published,1,"{""topic"":""snapshot.BTC-SYNTH""}"
2026-10-04T20:01:20.284598+00:00,counter,marketdata.update.applied,1,"{""market"":""BTC-SYNTH""}"
2026-10-04T20:01:20.284730+00:00,counter,marketdata.update.applied,1,"{""market"":""BTC-SYNTH""}"
2026-10-04T20:01:20.284835+00:00,counter,marketdata.update.applied,1,"{""market"":""BTC-SYNTH""}"
2026-10-04T20:01:20.284922+00:00,counter,marketdata.update.applied,1,"{""market"":""BTC-SYNTH""}"
2026-10-04T20:01:20.285010+00:00,counter,marketdata.update.applied,1,"{""market"":""BTC-SYNTH""}"
2026-10-04T20:01:20.285092+00:00,counter,marketdata.update.applied,1,"{""market"":""BTC-SYNTH""}"
2026-10-04T20:01:20.285181+00:00,counter,marketdata.update.applied,1,"{""market"":""BTC-SYNTH""}"
2026-10-04T20:01:20.285321+00:00,counter,marketdata.update.applied,1,"{""market"":""BTC-SYNTH""}"
2026-10-04T20:01:20.285433+00:00,counter,marketdata.update.applied,1,"{""market"":""BTC-SYNTH""}"
2026-10-04T20:01:20.285514+00:00,counter,marketdata.update.applied,1,"{""market"":""BTC-SYNTH""}"
2026-10-04T20:01:20.285597+00:00,counter,marketdata.update.applied,1,"{""market"":""BTC-SYNTH""}"
2026-10-04T20:01:20.285670+00:00,counter,marketdata.update.applied,1,"{""market"":""BTC-SYNTH""}"
2026-10-04T20:01:20.285748+00:00,counter,marketdata.update.applied,1,"{""market"":""BTC-SYNTH""}"
2026-10-04T20:01:20.285819+00:00,counter,marketdata.update.applied,1,"{""market"":""BTC-SYNTH""}"
2026-10-04T20:01:20.285897+00:00,counter,marketdata.update.applied,1,"{""market"":""BTC-SYNTH""}"
2026-10-04T20:01:20.285974+00:00,counter,marketdata.update.applied,1,"{""market"":""BTC-SYNTH""}"
2026-10-04T20:01:20.286051+00:00,counter,marketdata.update.applied,1,"{""market"":""BTC-SYNTH""}"
2026-10-04T20:01:20.286121+00:00,counter,marketdata.update.applied,1,"{""market"":""BTC-SYNTH""}"
2026-10-04T20:01:20.286199+00:00,counter,marketdata.update.applied,1,"{""market"":""BTC-SYNTH""}"
2026-10-04T20:01:20.286487+00:00,counter,marketdata.update.applied,1,"{""market"":""BTC-SYNTH""}"
2026-10-04T20:01:20.286597+00:00,counter,marketdata.update.applied,1,"{""market"":""BTC-SYNTH""}"
2026-10-04T20:01:20.286676+00:00,counter,marketdata.update.applied,1,"{""market"":""BTC-SYNTH""}"
2026-10-04T20:01:20.286828+00:00,counter,marketdata.update.applied,1,"{""market"":""BTC-SYNTH""}"
2026-10-04T20:01:20.286915+00:00,counter,marketdata.update.applied,1,"{""market"":""BTC-SYNTH""}"
2026-10-04T20:01:20.286991+00:00,counter,marketdata.update.applied,1,"{""market"":""BTC-SYNTH""}"
2026-10-04T20:01:20.287058+00:00,counter,marketdata.update.applied,1,"{""market"":""BTC-SYNTH""}"
2026-10-04T20:01:20.287132+00:00,counter,marketdata.update.applied,1,"{""market"":""BTC-SYNTH""}"
2026-10-04T20:01:20.287199+00:00,counter,marketdata.update.applied,1,"{""market"":""BTC-SYNTH""}"
2026-10-04T20:01:20.287271+00:00,counter,marketdata.update.applied,1,"{""market"":""BTC-SYNTH""}"
2026-10-04T20:01:20.287337+00:00,counter,marketdata.update.applied,1,"{""market"":""BTC-SYNTH""}"
2026-10-04T20:01:20.287447+00:00,counter,marketdata.update.applied,1,"{""market"":""BTC-SYNTH""}"
2026-10-04T20:01:20.287555+00:00,counter,marketdata.update.applied,1,"{""market"":""BTC-SYNTH""}"
2026-10-04T20:01:20.287638+00:00,counter,marketdata.update.applied,1,"{""market"":""BTC-SYNTH""}"
2026-10-04T20:01:20.287700+00:00,counter,marketdata.update.applied,1,"{""market"":""BTC-SYNTH""}"
2026-10-04T20:01:20.287771+00:00,counter,marketdata.update.applied,1,"{""market"":""BTC-SYNTH""}"
2026-10-04T20:01:20.287833+00:00,counter,marketdata.update.applied,1,"{""market"":""BTC-SYNTH""}"
2026-10-04T20:01:20.287899+00:00,counter,marketdata.update.applied,1,"{""market"":""BTC-SYNTH""}"
2026-10-04T20:01:20.287960+00:00,counter,marketdata.update.applied,1,"{""market"":""BTC-SYNTH""}"
2026-10-04T20:01:20.288027+00:00,counter,marketdata.update.applied,1,"{""market"":""BTC-SYNTH""}"
2026-10-04T20:01:20.288087+00:00,counter,marketdata.update.applied,1,"{""market"":""BTC-SYNTH""}"
2026-10-04T20:01:20.288150+00:00,counter,marketdata.update.applied,1,"{""market"":""BTC-SYNTH""}"
2026-10-04T20:01:20.288210+00:00,counter,marketdata.update.applied,1,"{""market"":""BTC-SYNTH""}"
2026-10-04T20:01:20.288276+00:00,counter,marketdata.update.applied,1,"{""market"":""BTC-SYNTH""}"
2026-10-04T20:01:20.288336+00:00,counter,marketdata.update.applied,1,"{""market"":""BTC-SYNTH""}"
2026-10-04T20:01:20.288405+00:00,counter,marketdata.update.applied,1,"{""market"":""BTC-SYNTH""}"
2026-10-04T20:01:20.288545+00:00,counter,marketdata.update.applied,1,"{""market"":""BTC-SYNTH""}"
2026-10-04T20:01:20.288627+00:00,counter,marketdata.update.applied,1,"{""market"":""BTC-SYNTH""}"
2026-10-04T20:01:20.288683+00:00,counter,marketdata.update.applied,1,"{""market"":""BTC-SYNTH""}"
2026-10-04T20:01:20.288739+00:00,counter,marketdata.update.applied,1,"{""market"":""BTC-SYNTH""}"
2026-10-04T20:01:20.288789+00:00,counter,marketdata.update.applied,1,"{""market"":""BTC-SYNTH""}"
2026-10-04T20:01:20.288878+00:00,counter,marketdata.update.applied,1,"{""market"":""BTC-SYNTH""}"
2026-10-04T20:01:20.288933+00:00,counter,marketdata.update.applied,1,"{""market"":""BTC-SYNTH""}"
2026-10-04T20:01:20.288988+00:00,counter,marketdata.update.applied,1,"{""market"":""BTC-SYNTH""}"
2026-10-04T20:01:20.289038+00:00,counter,marketdata.update.applied,1,"{""market"":""BTC-SYNTH""}"
2026-10-04T20:01:20.289093+00:00,counter,marketdata.update.applied,1,"{""market"":""BTC-SYNTH""}"
2026-10-04T20:01:20.289142+00:00,counter,marketdata.update.applied,1,"{""market"":""BTC-SYNTH""}"
2026-10-04T20:01:20.289195+00:00,counter,marketdata.update.applied,1,"{""market"":""BTC-SYNTH""}"
2026-10-04T20:01:20.289245+00:00,counter,marketdata.update.applied,1,"{""market"":""BTC-SYNTH""}"
2026-10-04T20:01:20.289299+00:00,counter,marketdata.update.applied,1,"{""market"":""BTC-SYNTH""}"
2026-10-04T20:01:20.289348+00:00,counter,marketdata.update.applied,1,"{""market"":""BTC-SYNTH""}"
2026-10-04T20:01:20.289402+00:00,counter,marketdata.update.applied,1,"{""market"":""BTC-SYNTH""}"
2026-10-04T20:01:20.289451+00:00,counter,marketdata.update.applied,1,"{""market"":""BTC-SYNTH""}"
2026-10-04T20:01:20.289505+00:00,counter,marketdata.update.applied,1,"{""market"":""BTC-SYNTH""}"
2026-10-04T20:01:20.289554+00:00,counter,marketdata.update.applied,1,"{""market"":""BTC-SYNTH""}"
2026-10-04T20:01:20.289662+00:00,counter,marketdata.update.applied,1,"{""market"":""BTC-SYNTH""}"
2026-10-04T20:01:20.289724+00:00,counter,marketdata.update.applied,1,"{""market"":""BTC-SYNTH""}"
2026-10-04T20:01:20.619511+00:00,gauge,pricing.slices.attempted,3.0,"{""market"":""BTC-SYNTH"",""producer"":""svi-jax""}"
2026-10-04T20:01:20.619551+00:00,gauge,pricing.slices.accepted,3.0,"{""market"":""BTC-SYNTH"",""producer"":""svi-jax""}"
2026-10-04T20:01:20.619620+00:00,gauge,pricing.rmse_vol_bp,31.7138557785096,"{""market"":""BTC-SYNTH"",""producer"":""svi-jax""}"
2026-10-04T20:01:20.619630+00:00,timing,pricing.cycle_ms,329.18399999999997,"{""market"":""BTC-SYNTH"",""producer"":""svi-jax""}"
2026-10-04T20:01:20.619874+00:00,counter,bus.published,1,"{""topic"":""surface.BTC-SYNTH.svi-jax""}"
2026-10-04T20:01:20.619905+00:00,counter,runner.handled,1,"{""subscriber"":""svi-jax@BTC-SYNTH""}"
2026-10-04T20:01:20.619984+00:00,counter,risk.surface.received,1,"{""market"":""BTC-SYNTH"",""producer"":""svi-jax"",""status"":""OK""}"
2026-10-04T20:01:20.619996+00:00,timing,risk.surface.snapshot_to_surface_ms,1947.5439999999999,"{""market"":""BTC-SYNTH"",""producer"":""svi-jax""}"
2026-10-04T20:01:20.620004+00:00,timing,risk.surface.delivery_lag_ms,0.502,"{""market"":""BTC-SYNTH"",""producer"":""svi-jax""}"
2026-10-04T20:01:20.620015+00:00,gauge,risk.surface_age_seconds,1.948055,"{""market"":""BTC-SYNTH"",""producer"":""svi-jax""}"
2026-10-04T20:01:20.620020+00:00,counter,risk.report.freshness,1,"{""decision"":""NORMAL"",""market"":""BTC-SYNTH"",""producer"":""svi-jax""}"
2026-10-04T20:01:20.620054+00:00,counter,runner.handled,1,"{""subscriber"":""risk-svi-jax@BTC-SYNTH""}"
