ts,kind,name,value,tags
2026-10-04T20:00:42.656259+00:00,counter,marketdata.composition.changed,1,"{""market"":""BTC-SYNTH""}"
2026-10-04T20:00:42.656476+00:00,counter,bus.published,1,"{""topic"":""composition.BTC-SYNTH""}"
2026-10-04T20:00:42.656578+00:00,counter,marketdata.update.applied,1,"{""market"":""BTC-SYNTH""}"
2026-10-04T20:00:42.656754+00:00,counter,marketdata.snapshot.published,1,"{""market"":""BTC-SYNTH""}"
2026-10-04T20:00:42.656769+00:00,gauge,marketdata.clock_skew_seconds,-0.010006,"{""market"":""BTC-SYNTH""}"
2026-10-04T20:00:42.656777+00:00,gauge,marketdata.coverage_ratio,0.015151515151515152,"{""market"":""BTC-SYNTH""}"
2026-10-04T20:00:42.656783+00:00,gauge,marketdata.max_age_seconds,0.010006,"{""market"":""BTC-SYNTH""}"
2026-10-04T20:00:42.656788+00:00,counter,marketdata.snapshot.degraded,1,"{""market"":""BTC-SYNTH""}"
2026-10-04T20:00:42.656800+00:00,counter,bus.published,1,"{""topic"":""snapshot.BTC-SYNTH""}"
2026-10-04T20:00:42.656841+00:00,counter,marketdata.update.applied,1,"{""market"":""BTC-SYNTH""}"
2026-10-04T20:00:42.656881+00:00,counter,marketdata.update.applied,1,"{""market"":""BTC-SYNTH""}"
2026-10-04T20:00:42.656902+00:00,counter,marketdata.update.applied,1,"{""market"":""BTC-SYNTH""}"
2026-10-04T20:00:42.656922+00:00,counter,marketdata.update.applied,1,"{""market"":""BTC-SYNTH""}"
2026-10-04T20:00:42.656938+00:00,counter,marketdata.update.applied,1,"{""market"":""BTC-SYNTH""}"
2026-10-04T20:00:42.656969+00:00,counter,marketdata.update.applied,1,"{""market"":""BTC-SYNTH""}"
2026-10-04T20:00:42.656983+00:00,counter,marketdata.update.applied,1,"{""market"":""BTC-SYNTH""}"
2026-10-04T20:00:42.656999+00:00,counter,marketdata.update.applied,1,"{""market"":""BTC-SYNTH""}"
2026-10-04T20:00:42.657011+00:00,counter,marketdata.update.applied,1,"{""market"":""BTC-SYNTH""}"
2026-10-04T20:00:42.657031+00:00,counter,marketdata.update.applied,1,"{""market"":""BTC-SYNTH""}"
2026-10-04T20:00:42.657041+00:00,counter,marketdata.update.applied,1,"{""market"":""BTC-SYNTH""}"
2026-10-04T20:00:42.657052+00:00,counter,marketdata.update.applied,1,"{""market"":""BTC-SYNTH""}"
2026-10-04T20:00:42.657062+00:00,counter,marketdata.update.applied,1,"{""market"":""BTC-SYNTH""}"
2026-10-04T20:00:42.657074+00:00,counter,marketdata.update.applied,1,"{""market"":""BTC-SYNTH""}"
2026-10-04T20:00:42.657084+00:00,counter,marketdata.update.applied,1,"{""market"":""BTC-SYNTH""}"
2026-10-04T20:00:42.657104+00:00,counter,marketdata.update.applied,1,"{""market"":""BTC-SYNTH""}"
2026-10-04T20:00:42.657123+00:00,counter,marketdata.update.applied,1,"{""market"":""BTC-SYNTH""}"
2026-10-04T20:00:42.657139+00:00,counter,marketdata.update.applied,1,"{""market"":""BTC-SYNTH""}"
2026-10-04T20:00:42.657149+00:00,counter,marketdata.update.applied,1,"{""market"":""BTC-SYNTH""}"
2026-10-04T20:00:42.657160+00:00,counter,marketdata.update.applied,1,"{""market"":""BTC-SYNTH""}"
2026-10-04T20:00:42.657171+00:00,counter,marketdata.update.applied,1,"{""market"":""BTC-SYNTH""}"
2026-10-04T20:00:42.657186+00:00,counter,marketdata.update.applied,1,"{""market"":""BTC-SYNTH""}"
2026-10-04T20:00:42.657210+00:00,counter,marketdata.update.applied,1,"{""market"":""BTC-SYNTH""}"
2026-10-04T20:00:42.657229+00:00,counter,marketdata.update.applied,1,"{""market"":""BTC-SYNTH""}"
2026-10-04T20:00:42.657253+00:00,counter,marketdata.update.applied,1,"{""market"":""BTC-SYNTH""}"
2026-10-04T20:00:42.657267+00:00,counter,marketdata.update.applied,1,"{""market"":""BTC-SYNTH""}"
2026-10-04T20:00:42.657281+00:00,counter,marketdata.update.applied,1,"{""market"":""BTC-SYNTH""}"
2026-10-04T20:00:42.657292+00:00,counter,marketdata.update.applied,1,"{""market"":""BTC-SYNTH""}"
2026-10-04T20:00:42.657303+00:00,counter,marketdata.update.applied,1,"{""market"":""BTC-SYNTH""}"
2026-10-04T20:00:42.657315+00:00,counter,marketdata.update.applied,1,"{""market"":""BTC-SYNTH""}"
2026-10-04T20:00:42.657334+00:00,counter,marketdata.update.applied,1,"{""market"":""BTC-SYNTH""}"
2026-10-04T20:00:42.657349+00:00,counter,marketdata.update.applied,1,"{""market"":""BTC-SYNTH""}"
2026-10-04T20:00:42.657365+00:00,counter,marketdata.update.applied,1,"{""market"":""BTC-SYNTH""}"
2026-10-04T20:00:42.657382+00:00,counter,marketdata.update.applied,1,"{""market"":""BTC-SYNTH""}"
2026-10-04T20:00:42.657403+00:00,counter,marketdata.update.applied,1,"{""market"":""BTC-SYNTH""}"
2026-10-04T20:00:42.657419+00:00,counter,marketdata.update.applied,1,"{""market"":""BTC-SYNTH""}"
2026-10-04T20:00:42.657429+00:00,counter,marketdata.update.applied,1,"{""market"":""BTC-SYNTH""}"
2026-10-04T20:00:42.657441+00:00,counter,marketdata.update.applied,1,"{""market"":""BTC-SYNTH""}"
2026-10-04T20:00:42.657451+00:00,counter,marketdata.update.applied,1,"{""market"":""BTC-SYNTH""}"
2026-10-04T20:00:42.657461+00:00,counter,marketdata.update.applied,1,"{""market"":""BTC-SYNTH""}"
2026-10-04T20:00:42.657471+00:00,counter,marketdata.update.applied,1,"{""market"":""BTC-SYNTH""}"
2026-10-04T20:00:42.657495+00:00,counter,marketdata.update.applied,1,"{""market"":""BTC-SYNTH""}"
2026-10-04T20:00:42.657507+00:00,counter,marketdata.update.applied,1,"{""market"":""BTC-SYNTH""}"
2026-10-04T20:00:42.657521+00:00,counter,marketdata.update.applied,1,"{""market"":""BTC-SYNTH""}"
2026-10-04T20:00:42.657532+00:00,counter,marketdata.update.applied,1,"{""market"":""BTC-SYNTH""}"
2026-10-04T20:00:42.657545+00:00,counter,marketdata.update.applied,1,"{""market"":""BTC-SYNTH""}"
2026-10-04T20:00:42.657557+00:00,counter,marketdata.update.applied,1,"{""market"":""BTC-SYNTH""}"
2026-10-04T20:00:42.657568+00:00,counter,marketdata.update.applied,1,"{""market"":""BTC-SYNTH""}"
2026-10-04T20:00:42.657596+00:00,counter,marketdata.update.applied,1,"{""market"":""BTC-SYNTH""}"
2026-10-04T20:00:42.657609+00:00,counter,marketdata.update.applied,1,"{""market"":""BTC-SYNTH""}"
2026-10-04T20:00:42.657619+00:00,counter,marketdata.update.applied,1,"{""market"":""BTC-SYNTH""}"
2026-10-04T20:00:42.657631+00:00,counter,marketdata.update.applied,1,"{""market"":""BTC-SYNTH""}"
2026-10-04T20:00:42.657642+00:00,counter,marketdata.update.applied,1,"{""market"":""BTC-SYNTH""}"
2026-10-04T20:00:42.657654+00:00,counter,marketdata.update.applied,1,"{""market"":""BTC-SYNTH""}"
2026-10-04T20:00:42.657665+00:00,counter,marketdata.update.applied,1,"{""market"":""BTC-SYNTH""}"
2026-10-04T20:00:42.657684+00:00,counter,marketdata.update.applied,1,"{""market"":""BTC-SYNTH""}"
2026-10-04T20:00:42.657695+00:00,counter,marketdata.update.applied,1,"{""market"":""BTC-SYNTH""}"
2026-10-04T20:00:42.657707+00:00,counter,marketdata.update.applied,1,"{""market"":""BTC-SYNTH""}"
2026-10-04T20:00:42.657717+00:00,counter,marketdata.update.applied,1,"{""market"":""BTC-SYNTH""}"
2026-10-04T20:00:42.657729+00:00,counter,marketdata.update.applied,1,"{""market"":""BTC-SYNTH""}"
2026-10-04T20:00:42.657739+00:00,counter,marketdata.update.applied,1,"{""market"":""BTC-SYNTH""}"
2026-10-04T20:00:42.657752+00:00,counter,marketdata.update.applied,1,"{""market"":""BTC-SYNTH""}"
2026-10-04T20:00:42.657774+00:00,counter,marketdata.update.applied,1,"{""market"":""BTC-SYNTH""}"
2026-10-04T20:00:42.657786+00:00,counter,marketdata.update.applied,1,"{""market"":""BTC-SYNTH""}"
2026-10-04T20:00:42.657797+00:00,counter,marketdata.update.applied,1,"{""market"":""BTC-SYNTH""}"
2026-10-04T20:00:42.660542+00:00,gauge,pricing.slices.attempted,1.0,"{""market"":""BTC-SYNTH"",""producer"":""svi-scipy""}"
2026-10-04T20:00:42.660560+00:00,gauge,pricing.slices.accepted,1.0,"{""market"":""BTC-SYNTH"",""producer"":""svi-scipy""}"
2026-10-04T20:00:42.660623+00:00,gauge,pricing.rmse_vol_bp,0.0,"{""market"":""BTC-SYNTH"",""producer"":""svi-scipy""}"
2026-10-04T20:00:42.660632+00:00,timing,pricing.cycle_ms,2.161,"{""market"":""BTC-SYNTH"",""producer"":""svi-scipy""}"
2026-10-04T20:00:42.660796+00:00,counter,bus.published,1,"{""topic"":""surface.BTC-SYNTH.svi-scipy""}"
2026-10-04T20:00:42.660824+00:00,counter,runner.handled,1,"{""subscriber"":""svi-scipy@BTC-SYNTH""}"
2026-10-04T20:00:42.660881+00:00,counter,risk.surface.received,1,"{""market"":""BTC-SYNTH"",""producer"":""svi-scipy"",""status"":""DEGRADED""}"
2026-10-04T20:00:42.660894+00:00,timing,risk.surface.snapshot_to_surface_ms,13.949,"{""market"":""BTC-SYNTH"",""producer"":""svi-scipy""}"
2026-10-04T20:00:42.660964+00:00,timing,risk.surface.delivery_lag_ms,0.42700000000000005,"{""market"":""BTC-SYNTH"",""producer"":""svi-scipy""}"
2026-10-04T20:00:42.660984+00:00,gauge,risk.surface_age_seconds,0.014391,"{""market"":""BTC-SYNTH"",""producer"":""svi-scipy""}"
2026-10-04T20:00:42.660991+00:00,counter,risk.report.freshness,1,"{""decision"":""NORMAL"",""market"":""BTC-SYNTH"",""producer"":""svi-scipy""}"
2026-10-04T20:00:42.661038+00:00,counter,runner.handled,1,"{""subscriber"":""risk-svi-scipy@BTC-SYNTH""}"
2026-10-04T20:00:43.686190+00:00,counter,marketdata.update.applied,1,"{""market"":""BTC-SYNTH""}"
2026-10-04T20:00:43.688060+00:00,counter,marketdata.snapshot.published,1,"{""market"":""BTC-SYNTH""}"
2026-10-04T20:00:43.688131+00:00,gauge,marketdata.clock_skew_seconds,-0.040098,"{""market"":""BTC-SYNTH""}"
2026-10-04T20:00:43.688170+00:00,gauge,marketdata.coverage_ratio,0.9848484848484849,"{""market"":""BTC-SYNTH""}"
2026-10-04T20:00:43.688201+00:00,gauge,marketdata.max_age_seconds,3601.022639,"{""market"":""BTC-SYNTH""}"
2026-10-04T20:00:43.688259+00:00,counter,bus.published,1,"{""topic"":""snapshot.BTC-SYNTH""}"
2026-10-04T20:00:43.688359+00:00,counter,marketdata.update.applied,1,"{""market"":""BTC-SYNTH""}"
2026-10-04T20:00:43.688447+00:00,counter,marketdata.update.applied,1,"{""market"":""BTC-SYNTH""}"
2026-10-04T20:00:43.688516+00:00,counter,marketdata.update.applied,1,"{""market"":""BTC-SYNTH""}"
2026-10-04T20:00:43.688635+00:00,counter,marketdata.update.applied,1,"{""market"":""BTC-SYNTH""}"
2026-10-04T20:00:43.688731+00:00,counter,marketdata.update.applied,1,"{""market"":""BTC-SYNTH""}"
2026-10-04T20:00:43.688807+00:00,counter,marketdata.update.applied,1,"{""market"":""BTC-SYNTH""}"
2026-10-04T20:00:43.688867+00:00,counter,marketdata.update.applied,1,"{""market"":""BTC-SYNTH""}"
2026-10-04T20:00:43.688931+00:00,counter,marketdata.update.applied,1,"{""market"":""BTC-SYNTH""}"
2026-10-04T20:00:43.688990+00:00,counter,marketdata.update.applied,1,"{""market"":""BTC-SYNTH""}"
2026-10-04T20:00:43.689055+00:00,counter,marketdata.update.applied,1,"{""market"":""BTC-SYNTH""}"
2026-10-04T20:00:43.689112+00:00,counter,marketdata.update.applied,1,"{""market"":""BTC-SYNTH""}"
2026-10-04T20:00:43.689174+00:00,counter,marketdata.update.applied,1,"{""market"":""BTC-SYNTH""}"
2026-10-04T20:00:43.689259+00:00,counter,marketdata.update.applied,1,"{""market"":""BTC-SYNTH""}"
2026-10-04T20:00:43.689321+00:00,counter,marketdata.update.applied,1,"{""market"":""BTC-SYNTH""}"
2026-10-04T20:00:43.689378+00:00,counter,marketdata.update.applied,1,"{""market"":""BTC-SYNTH""}"
2026-10-04T20:00:43.689439+00:00,counter,marketdata.update.applied,1,"{""market"":""BTC-SYNTH""}"
2026-10-04T20:00:43.689495+00:00,counter,marketdata.update.applied,1,"{""market"":""BTC-SYNTH""}"
2026-10-04T20:00:43.689557+00:00,counter,marketdata.update.applied,1,"{""market"":""BTC-SYNTH""}"
2026-10-04T20:00:43.689648+00:00,counter,marketdata.update.applied,1,"{""market"":""BTC-SYNTH""}"
2026-10-04T20:00:43.689788+00:00,counter,marketdata.update.applied,1,"{""market"":""BTC-SYNTH""}"
2026-10-04T20:00:43.689863+00:00,counter,marketdata.update.applied,1,"{""market"":""BTC-SYNTH""}"
2026-10-04T20:00:43.689936+00:00,counter,marketdata.update.applied,1,"{""market"":""BTC-SYNTH""}"
2026-10-04T20:00:43.689993+00:00,counter,marketdata.update.applied,1,"{""market"":""BTC-SYNTH""}"
2026-10-04T20:00:43.690051+00:00,counter,marketdata.update.applied,1,"{""market"":""BTC-SYNTH""}"
2026-10-04T20:00:43.690104+00:00,counter,marketdata.update.applied,1,"{""market"":""BTC-SYNTH""}"
2026-10-04T20:00:43.690161+00:00,counter,marketdata.update.applied,1,"{""market"":""BTC-SYNTH""}"
2026-10-04T20:00:43.690213+00:00,counter,marketdata.update.applied,1,"{""market"":""BTC-SYNTH""}"
2026-10-04T20:00:43.690385+00:00,counter,marketdata.update.applied,1,"{""market"":""BTC-SYNTH""}"
2026-10-04T20:00:43.690459+00:00,counter,marketdata.update.applied,1,"{""market"":""BTC-SYNTH""}"
2026-10-04T20:00:43.690525+00:00,counter,marketdata.update.applied,1,"{""market"":""BTC-SYNTH""}"
2026-10-04T20:00:43.690579+00:00,counter,marketdata.update.applied,1,"{""market"":""BTC-SYNTH""}"
2026-10-04T20:00:43.690649+00:00,counter,marketdata.update.applied,1,"{""market"":""BTC-SYNTH""}"
2026-10-04T20:00:43.690702+00:00,counter,marketdata.update.applied,1,"{""market"":""BTC-SYNTH""}"
2026-10-04T20:00:43.690814+00:00,counter,marketdata.update.applied,1,"{""market"":""BTC-SYNTH""}"
2026-10-04T20:00:43.690896+00:00,counter,marketdata.update.applied,1,"{""market"":""BTC-SYNTH""}"
2026-10-04T20:00:43.690961+00:00,counter,marketdata.update.applied,1,"{""market"":""BTC-SYNTH""}"
2026-10-04T20:00:43.691016+00:00,counter,marketdata.update.applied,1,"{""market"":""BTC-SYNTH""}"
2026-10-04T20:00:43.691077+00:00,counter,marketdata.update.applied,1,"{""market"":""BTC-SYNTH""}"
2026-10-04T20:00:43.691133+00:00,counter,marketdata.update.applied,1,"{""market"":""BTC-SYNTH""}"
2026-10-04T20:00:43.691190+00:00,counter,marketdata.update.applied,1,"{""market"":""BTC-SYNTH""}"
2026-10-04T20:00:43.691244+00:00,counter,marketdata.update.applied,1,"{""market"":""BTC-SYNTH""}"
2026-10-04T20:00:43.691302+00:00,counter,marketdata.update.applied,1,"{""market"":""BTC-SYNTH""}"
2026-10-04T20:00:43.691356+00:00,counter,marketdata.update.applied,1,"{""market"":""BTC-SYNTH""}"
2026-10-04T20:00:43.691418+00:00,counter,marketdata.update.applied,1,"{""market"":""BTC-SYNTH""}"
2026-10-04T20:00:43.691471+00:00,counter,marketdata.update.applied,1,"{""market"":""BTC-SYNTH""}"
2026-10-04T20:00:43.691530+00:00,counter,marketdata.update.applied,1,"{""market"":""BTC-SYNTH""}"
2026-10-04T20:00:43.691581+00:00,counter,marketdata.update.applied,1,"{""market"":""BTC-SYNTH""}"
2026-10-04T20:00:43.691637+00:00,counter,marketdata.update.applied,1,"{""market"":""BTC-SYNTH""}"
2026-10-04T20:00:43.691690+00:00,counter,marketdata.update.applied,1,"{""market"":""BTC-SYNTH""}"
2026-10-04T20:00:43.691744+00:00,counter,marketdata.update.applied,1,"{""market"":""BTC-SYNTH""}"
2026-10-04T20:00:43.691789+00:00,counter,marketdata.update.applied,1,"{""market"":""BTC-SYNTH""}"
2026-10-04T20:00:43.691836+00:00,counter,marketdata.update.applied,1,"{""market"":""BTC-SYNTH""}"
2026-10-04T20:00:43.691940+00:00,counter,marketdata.update.applied,1,"{""market"":""BTC-SYNTH""}"
2026-10-04T20:00:43.691998+00:00,counter,marketdata.update.applied,1,"{""market"":""BTC-SYNTH""}"
2026-10-04T20:00:43.692045+00:00,counter,marketdata.update.applied,1,"{""market"":""BTC-SYNTH""}"
2026-10-04T20:00:43.692094+00:00,counter,marketdata.update.applied,1,"{""market"":""BTC-SYNTH""}"
2026-10-04T20:00:43.692139+00:00,counter,marketdata.update.applied,1,"{""market"":""BTC-SYNTH""}"
2026-10-04T20:00:43.692189+00:00,counter,marketdata.update.applied,1,"{""market"":""BTC-SYNTH""}"
2026-10-04T20:00:43.692234+00:00,counter,marketdata.update.applied,1,"{""market"":""BTC-SYNTH""}"
2026-10-04T20:00:43.692277+00:00,counter,marketdata.update.applied,1,"{""market"":""BTC-SYNTH""}"
2026-10-04T20:00:43.692317+00:00,counter,marketdata.update.applied,1,"{""market"":""BTC-SYNTH""}"
2026-10-04T20:00:43.692361+00:00,counter,marketdata.update.applied,1,"{""market"":""BTC-SYNTH""}"
2026-10-04T20:00:43.692400+00:00,counter,marketdata.update.applied,1,"{""market"":""BTC-SYNTH""}"
2026-10-04T20:00:43.692447+00:00,counter,marketdata.update.applied,1,"{""market"":""BTC-SYNTH""}"
2026-10-04T20:00:43.692486+00:00,counter,marketdata.update.applied,1,"{""market"":""BTC-SYNTH""}"
2026-10-04T20:00:43.748973+00:00,gauge,pricing.slices.attempted,3.0,"{""market"":""BTC-SYNTH"",""producer"":""svi-scipy""}"
2026-10-04T20:00:43.748996+00:00,gauge,pricing.slices.accepted,3.0,"{""market"":""BTC-SYNTH"",""producer"":""svi-scipy""}"
2026-10-04T20:00:43.749072+00:00,gauge,pricing.rmse_vol_bp,37.59278871535566,"{""market"":""BTC-SYNTH"",""producer"":""svi-scipy""}"
2026-10-04T20:00:43.749082+00:00,timing,pricing.cycle_ms,56.131,"{""market"":""BTC-SYNTH"",""producer"":""svi-scipy""}"
2026-10-04T20:00:43.749337+00:00,counter,bus.published,1,"{""topic"":""surface.BTC-SYNTH.svi-scipy""}"
2026-10-04T20:00:43.749363+00:00,counter,runner.handled,1,"{""subscriber"":""svi-scipy@BTC-SYNTH""}"
2026-10-04T20:00:43.749498+00:00,counter,risk.surface.received,1,"{""market"":""BTC-SYNTH"",""producer"":""svi-scipy"",""status"":""OK""}"
2026-10-04T20:00:43.749512+00:00,timing,risk.surface.snapshot_to_surface_ms,102.76299999999999,"{""market"":""BTC-SYNTH"",""producer"":""svi-scipy""}"
2026-10-04T20:00:43.749520+00:00,timing,risk.surface.delivery_lag_ms,0.5559999999999999,"{""market"":""BTC-SYNTH"",""producer"":""svi-scipy""}"
2026-10-04T20:00:43.749538+00:00,gauge,risk.surface_age_seconds,0.10333,"{""market"":""BTC-SYNTH"",""producer"":""svi-scipy""}"
2026-10-04T20:00:43.749545+00:00,counter,risk.report.freshness,1,"{""decision"":""NORMAL"",""market"":""BTC-SYNTH"",""producer"":""svi-scipy""}"
2026-10-04T20:00:43.749592+00:00,counter,runner.handled,1,"{""subscriber"":""risk-svi-scipy@BTC-SYNTH""}"
2026-10-04T20:00:44.763230+00:00,counter,marketdata.snapshot.published,1,"{""market"":""BTC-SYNTH""}"
2026-10-04T20:00:44.763346+00:00,gauge,marketdata.clock_skew_seconds,-1.05781,"{""market"":""BTC-SYNTH""}"
2026-10-04T20:00:44.763392+00:00,gauge,marketdata.coverage_ratio,1.0,"{""market"":""BTC-SYNTH""}"
2026-10-04T20:00:44.763429+00:00,gauge,marketdata.max_age_seconds,1.154513,"{""market"":""BTC-SYNTH""}"
2026-10-04T20:00:44.763476+00:00,counter,pipeline.heartbeat.emitted,1,"{""market"":""BTC-SYNTH""}"
2026-10-04T20:00:44.763526+00:00,counter,bus.published,1,"{""topic"":""snapshot.BTC-SYNTH""}"
2026-10-04T20:00:44.763770+00:00,counter,marketdata.update.applied,1,"{""market"":""BTC-SYNTH""}"
2026-10-04T20:00:44.763867+00:00,counter,marketdata.update.applied,1,"{""market"":""BTC-SYNTH""}"
2026-10-04T20:00:44.763959+00:00,counter,marketdata.update.applied,1,"{""market"":""BTC-SYNTH""}"
2026-10-04T20:00:44.764035+00:00,counter,marketdata.update.applied,1,"{""market"":""BTC-SYNTH""}"
2026-10-04T20:00:44.764161+00:00,counter,marketdata.update.applied,1,"{""market"":""BTC-SYNTH""}"
2026-10-04T20:00:44.764272+00:00,counter,marketdata.update.applied,1,"{""market"":""BTC-SYNTH""}"
2026-10-04T20:00:44.764357+00:00,counter,marketdata.update.applied,1,"{""market"":""BTC-SYNTH""}"
2026-10-04T20:00:44.764429+00:00,counter,marketdata.update.applied,1,"{""market"":""BTC-SYNTH""}"
2026-10-04T20:00:44.764502+00:00,counter,marketdata.update.applied,1,"{""market"":""BTC-SYNTH""}"
2026-10-04T20:00:44.764568+00:00,counter,marketdata.update.applied,1,"{""market"":""BTC-SYNTH""}"
2026-10-04T20:00:44.764644+00:00,counter,marketdata.update.applied,1,"{""market"":""BTC-SYNTH""}"
2026-10-04T20:00:44.764709+00:00,counter,marketdata.update.applied,1,"{""market"":""BTC-SYNTH""}"
2026-10-04T20:00:44.764778+00:00,counter,marketdata.update.applied,1,"{""market"":""BTC-SYNTH""}"
2026-10-04T20:00:44.764843+00:00,counter,marketdata.update.applied,1,"{""market"":""BTC-SYNTH""}"
2026-10-04T20:00:44.764963+00:00,counter,marketdata.update.applied,1,"{""market"":""BTC-SYNTH""}"
2026-10-04T20:00:44.765058+00:00,counter,marketdata.update.applied,1,"{""market"":""BTC-SYNTH""}"
2026-10-04T20:00:44.765135+00:00,counter,marketdata.update.applied,1,"{""market"":""BTC-SYNTH""}"
2026-10-04T20:00:44.765247+00:00,counter,marketdata.update.applied,1,"{""market"":""BTC-SYNTH""}"
2026-10-04T20:00:44.765342+00:00,counter,marketdata.update.applied,1,"{""market"":""BTC-SYNTH""}"
2026-10-04T20:00:44.765412+00:00,counter,marketdata.update.applied,1,"{""market"":""BTC-SYNTH""}"
2026-10-04T20:00:44.765480+00:00,counter,marketdata.update.applied,1,"{""market"":""BTC-SYNTH""}"
2026-10-04T20:00:44.765543+00:00,counter,marketdata.update.applied,1,"{""market"":""BTC-SYNTH""}"
2026-10-04T20:00:44.765616+00:00,counter,marketdata.update.applied,1,"{""market"":""BTC-SYNTH""}"
2026-10-04T20:00:44.765677+00:00,counter,marketdata.update.applied,1,"{""market"":""BTC-SYNTH""}"
2026-10-04T20:00:44.765742+00:00,counter,marketdata.update.applied,1,"{""market"":""BTC-SYNTH""}"
2026-10-04T20:00:44.765802+00:00,counter,marketdata.update.applied,1,"{""market"":""BTC-SYNTH""}"
2026-10-04T20:00:44.765868+00:00,counter,marketdata.update.applied,1,"{""market"":""BTC-SYNTH""}"
2026-10-04T20:00:44.765928+00:00,counter,marketdata.update.applied,1,"{""market"":""BTC-SYNTH""}"
2026-10-04T20:00:44.766029+00:00,counter,marketdata.update.applied,1,"{""market"":""BTC-SYNTH""}"
2026-10-04T20:00:44.766092+00:00,counter,marketdata.update.applied,1,"{""market"":""BTC-SYNTH""}"
2026-10-04T20:00:44.766159+00:00,counter,marketdata.update.applied,1,"{""market"":""BTC-SYNTH""}"
2026-10-04T20:00:44.766219+00:00,counter,marketdata.update.applied,1,"{""market"":""BTC-SYNTH""}"
2026-10-04T20:00:44.766360+00:00,counter,marketdata.update.applied,1,"{""market"":""BTC-SYNTH""}"
2026-10-04T20:00:44.766430+00:00,counter,marketdata.update.applied,1,"{""market"":""BTC-SYNTH""}"
2026-10-04T20:00:44.766495+00:00,counter,marketdata.update.applied,1,"{""market"":""BTC-SYNTH""}"
2026-10-04T20:00:44.766550+00:00,counter,marketdata.update.applied,1,"{""market"":""BTC-SYNTH""}"
2026-10-04T20:00:44.766608+00:00,counter,marketdata.update.applied,1,"{""market"":""BTC-SYNTH""}"
2026-10-04T20:00:44.766662+00:00,counter,marketdata.update.applied,1,"{""market"":""BTC-SYNTH""}"
2026-10-04T20:00:44.766720+00:00,counter,marketdata.update.applied,1,"{""market"":""BTC-SYNTH""}"
2026-10-04T20:00:44.766772+00:00,counter,marketdata.update.applied,1,"{""market"":""BTC-SYNTH""}"
2026-10-04T20:00:44.766829+00:00,counter,marketdata.update.applied,1,"{""market"":""BTC-SYNTH""}"
2026-10-04T20:00:44.766883+00:00,counter,marketdata.update.applied,1,"{""market"":""BTC-SYNTH""}"
2026-10-04T20:00:44.766941+00:00,counter,marketdata.update.applied,1,"{""market"":""BTC-SYNTH""}"
2026-10-04T20:00:44.766993+00:00,counter,marketdata.update.applied,1,"{""market"":""BTC-SYNTH""}"
2026-10-04T20:00:44.767054+00:00,counter,marketdata.update.applied,1,"{""market"":""BTC-SYNTH""}"
2026-10-04T20:00:44.767106+00:00,counter,marketdata.update.applied,1,"{""market"":""BTC-SYNTH""}"
2026-10-04T20:00:44.767166+00:00,counter,marketdata.update.applied,1,"{""market"":""BTC-SYNTH""}"
2026-10-04T20:00:44.767220+00:00,counter,marketdata.update.applied,1,"{""market"":""BTC-SYNTH""}"
2026-10-04T20:00:44.767277+00:00,counter,marketdata.update.applied,1,"{""market"":""BTC-SYNTH""}"
2026-10-04T20:00:44.767330+00:00,counter,marketdata.update.applied,1,"{""market"":""BTC-SYNTH""}"
2026-10-04T20:00:44.767388+00:00,counter,marketdata.update.applied,1,"{""market"":""BTC-SYNTH""}"
2026-10-04T20:00:44.767487+00:00,counter,marketdata.update.applied,1,"{""market"":""BTC-SYNTH""}"
2026-10-04T20:00:44.767565+00:00,counter,marketdata.update.applied,1,"{""market"":""BTC-SYNTH""}"
2026-10-04T20:00:44.767622+00:00,counter,marketdata.update.applied,1,"{""market"":""BTC-SYNTH""}"
2026-10-04T20:00:44.767675+00:00,counter,marketdata.update.applied,1,"{""market"":""BTC-SYNTH""}"
2026-10-04T20:00:44.767741+00:00,counter,marketdata.update.applied,1,"{""market"":""BTC-SYNTH""}"
2026-10-04T20:00:44.767803+00:00,counter,marketdata.update.applied,1,"{""market"":""BTC-SYNTH""}"
2026-10-04T20:00:44.767850+00:00,counter,marketdata.update.applied,1,"{""market"":""BTC-SYNTH""}"
2026-10-04T20:00:44.767901+00:00,counter,marketdata.update.applied,1,"{""market"":""BTC-SYNTH""}"
2026-10-04T20:00:44.767946+00:00,counter,marketdata.update.applied,1,"{""market"":""BTC-SYNTH""}"
2026-10-04T20:00:44.767993+00:00,counter,marketdata.update.applied,1,"{""market"":""BTC-SYNTH""}"
2026-10-04T20:00:44.768037+00:00,counter,marketdata.update.applied,1,"{""market"":""BTC-SYNTH""}"
2026-10-04T20:00:44.768084+00:00,counter,marketdata.update.applied,1,"{""market"":""BTC-SYNTH""}"
2026-10-04T20:00:44.768128+00:00,counter,marketdata.update.applied,1,"{""market"":""BTC-SYNTH""}"
2026-10-04T20:00:44.768174+00:00,counter,marketdata.update.applied,1,"{""market"":""BTC-SYNTH""}"
2026-10-04T20:00:44.768216+00:00,counter,marketdata.update.applied,1,"{""market"":""BTC-SYNTH""}"
2026-10-04T20:00:44.822239+00:00,gauge,pricing.slices.attempted,3.0,"{""market"":""BTC-SYNTH"",""producer"":""svi-scipy""}"
2026-10-04T20:00:44.822270+00:00,gauge,pricing.slices.accepted,3.0,"{""market"":""BTC-SYNTH"",""producer"":""svi-scipy""}"
2026-10-04T20:00:44.822335+00:00,gauge,pricing.rmse_vol_bp,41.522096501799666,"{""market"":""BTC-SYNTH"",""producer"":""svi-scipy""}"
2026-10-04T20:00:44.822377+00:00,timing,pricing.cycle_ms,53.773,"{""market"":""BTC-SYNTH"",""producer"":""svi-scipy""}"
2026-10-04T20:00:44.822512+00:00,counter,bus.published,1,"{""topic"":""surface.BTC-SYNTH.svi-scipy""}"
2026-10-04T20:00:44.822539+00:00,counter,runner.handled,1,"{""subscriber"":""svi-scipy@BTC-SYNTH""}"
2026-10-04T20:00:44.822618+00:00,counter,risk.surface.received,1,"{""market"":""BTC-SYNTH"",""producer"":""svi-scipy"",""status"":""OK""}"
2026-10-04T20:00:44.822632+00:00,timing,risk.surface.snapshot_to_surface_ms,1118.885,"{""market"":""BTC-SYNTH"",""producer"":""svi-scipy""}"
2026-10-04T20:00:44.822639+00:00,timing,risk.surface.delivery_lag_ms,0.42700000000000005,"{""market"":""BTC-SYNTH"",""producer"":""svi-scipy""}"
2026-10-04T20:00:44.822650+00:00,gauge,risk.surface_age_seconds,1.11932,"{""market"":""BTC-SYNTH"",""producer"":""svi-scipy""}"
2026-10-04T20:00:44.822656+00:00,counter,risk.report.freshness,1,"{""decision"":""NORMAL"",""market"":""BTC-SYNTH"",""producer"":""svi-scipy""}"
2026-10-04T20:00:44.822690+00:00,counter,runner.handled,1,"{""subscriber"":""risk-svi-scipy@BTC-SYNTH""}"
2026-10-04T20:00:45.819711+00:00,counter,marketdata.snapshot.published,1,"{""market"":""BTC-SYNTH""}"
2026-10-04T20:00:45.819813+00:00,gauge,marketdata.clock_skew_seconds,-1.112467,"{""market"":""BTC-SYNTH""}"
2026-10-04T20:00:45.819851+00:00,gauge,marketdata.coverage_ratio,0.9848484848484849,"{""market"":""BTC-SYNTH""}"
2026-10-04T20:00:45.819881+00:00,gauge,marketdata.max_age_seconds,1.211915,"{""market"":""BTC-SYNTH""}"
2026-10-04T20:00:45.819920+00:00,counter,pipeline.heartbeat.emitted,1,"{""market"":""BTC-SYNTH""}"
2026-10-04T20:00:45.819961+00:00,counter,bus.published,1,"{""topic"":""snapshot.BTC-SYNTH""}"
2026-10-04T20:00:45.820167+00:00,counter,marketdata.update.applied,1,"{""market"":""BTC-SYNTH""}"
2026-10-04T20:00:45.820241+00:00,counter,marketdata.update.applied,1,"{""market"":""BTC-SYNTH""}"
2026-10-04T20:00:45.820310+00:00,counter,marketdata.update.applied,1,"{""market"":""BTC-SYNTH""}"
2026-10-04T20:00:45.820369+00:00,counter,marketdata.update.applied,1,"{""market"":""BTC-SYNTH""}"
2026-10-04T20:00:45.820430+00:00,counter,marketdata.update.applied,1,"{""market"":""BTC-SYNTH""}"
2026-10-04T20:00:45.820535+00:00,counter,marketdata.update.applied,1,"{""market"":""BTC-SYNTH""}"
2026-10-04T20:00:45.820618+00:00,counter,marketdata.update.applied,1,"{""market"":""BTC-SYNTH""}"
2026-10-04T20:00:45.820677+00:00,counter,marketdata.update.applied,1,"{""market"":""BTC-SYNTH""}"
2026-10-04T20:00:45.820739+00:00,counter,marketdata.update.applied,1,"{""market"":""BTC-SYNTH""}"
2026-10-04T20:00:45.820794+00:00,counter,marketdata.update.applied,1,"{""market"":""BTC-SYNTH""}"
2026-10-04T20:00:45.820856+00:00,counter,marketdata.update.applied,1,"{""market"":""BTC-SYNTH""}"
2026-10-04T20:00:45.820910+00:00,counter,marketdata.update.applied,1,"{""market"":""BTC-SYNTH""}"
2026-10-04T20:00:45.820968+00:00,counter,marketdata.update.applied,1,"{""market"":""BTC-SYNTH""}"
2026-10-04T20:00:45.821020+00:00,counter,marketdata.update.applied,1,"{""market"":""BTC-SYNTH""}"
2026-10-04T20:00:45.821078+00:00,counter,marketdata.update.applied,1,"{""market"":""BTC-SYNTH""}"
2026-10-04T20:00:45.821131+00:00,counter,marketdata.update.applied,1,"{""market"":""BTC-SYNTH""}"
2026-10-04T20:00:45.821188+00:00,counter,marketdata.update.applied,1,"{""market"":""BTC-SYNTH""}"
2026-10-04T20:00:45.821238+00:00,counter,marketdata.update.applied,1,"{""market"":""BTC-SYNTH""}"
2026-10-04T20:00:45.821293+00:00,counter,marketdata.update.applied,1,"{""market"":""BTC-SYNTH""}"
2026-10-04T20:00:45.821343+00:00,counter,marketdata.update.applied,1,"{""market"":""BTC-SYNTH""}"
2026-10-04T20:00:45.821397+00:00,counter,marketdata.update.applied,1,"{""market"":""BTC-SYNTH""}"
2026-10-04T20:00:45.821447+00:00,counter,marketdata.update.applied,1,"{""market"":""BTC-SYNTH""}"
2026-10-04T20:00:45.821506+00:00,counter,marketdata.update.applied,1,"{""market"":""BTC-SYNTH""}"
2026-10-04T20:00:45.821603+00:00,counter,marketdata.update.applied,1,"{""market"":""BTC-SYNTH""}"
2026-10-04T20:00:45.821675+00:00,counter,marketdata.update.applied,1,"{""market"":""BTC-SYNTH""}"
2026-10-04T20:00:45.821729+00:00,counter,marketdata.update.applied,1,"{""market"":""BTC-SYNTH""}"
2026-10-04T20:00:45.821786+00:00,counter,marketdata.update.applied,1,"{""market"":""BTC-SYNTH""}"
2026-10-04T20:00:45.821836+00:00,counter,marketdata.update.applied,1,"{""market"":""BTC-SYNTH""}"
2026-10-04T20:00:45.821889+00:00,counter,marketdata.update.applied,1,"{""market"":""BTC-SYNTH""}"
2026-10-04T20:00:45.821939+00:00,counter,marketdata.update.applied,1,"{""market"":""BTC-SYNTH""}"
2026-10-04T20:00:45.821993+00:00,counter,marketdata.update.applied,1,"{""market"":""BTC-SYNTH""}"
2026-10-04T20:00:45.822043+00:00,counter,marketdata.update.applied,1,"{""market"":""BTC-SYNTH""}"
2026-10-04T20:00:45.822093+00:00,counter,marketdata.update.applied,1,"{""market"":""BTC-SYNTH""}"
2026-10-04T20:00:45.822139+00:00,counter,marketdata.update.applied,1,"{""market"":""BTC-SYNTH""}"
2026-10-04T20:00:45.822191+00:00,counter,marketdata.update.applied,1,"{""market"":""BTC-SYNTH""}"
2026-10-04T20:00:45.822236+00:00,counter,marketdata.update.applied,1,"{""market"":""BTC-SYNTH""}"
2026-10-04T20:00:45.822384+00:00,counter,marketdata.update.applied,1,"{""market"":""BTC-SYNTH""}"
2026-10-04T20:00:45.822440+00:00,counter,marketdata.update.applied,1,"{""market"":""BTC-SYNTH""}"
2026-10-04T20:00:45.822495+00:00,counter,marketdata.update.applied,1,"{""market"":""BTC-SYNTH""}"
2026-10-04T20:00:45.822543+00:00,counter,marketdata.update.applied,1,"{""market"":""BTC-SYNTH""}"
2026-10-04T20:00:45.822595+00:00,counter,marketdata.update.applied,1,"{""market"":""BTC-SYNTH""}"
2026-10-04T20:00:45.822686+00:00,counter,marketdata.update.applied,1,"{""market"":""BTC-SYNTH""}"
2026-10-04T20:00:45.822755+00:00,counter,marketdata.update.applied,1,"{""market"":""BTC-SYNTH""}"
2026-10-04T20:00:45.822810+00:00,counter,marketdata.update.applied,1,"{""market"":""BTC-SYNTH""}"
2026-10-04T20:00:45.822865+00:00,counter,marketdata.update.applied,1,"{""market"":""BTC-SYNTH""}"
2026-10-04T20:00:45.822913+00:00,counter,marketdata.update.applied,1,"{""market"":""BTC-SYNTH""}"
2026-10-04T20:00:45.822966+00:00,counter,marketdata.update.applied,1,"{""market"":""BTC-SYNTH""}"
2026-10-04T20:00:45.823013+00:00,counter,marketdata.update.applied,1,"{""market"":""BTC-SYNTH""}"
2026-10-04T20:00:45.823065+00:00,counter,marketdata.update.applied,1,"{""market"":""BTC-SYNTH""}"
2026-10-04T20:00:45.823113+00:00,counter,marketdata.update.applied,1,"{""market"":""BTC-SYNTH""}"
2026-10-04T20:00:45.823166+00:00,counter,marketdata.update.applied,1,"{""market"":""BTC-SYNTH""}"
2026-10-04T20:00:45.823214+00:00,counter,marketdata.update.applied,1,"{""market"":""BTC-SYNTH""}"
2026-10-04T20:00:45.823264+00:00,counter,marketdata.update.applied,1,"{""market"":""BTC-SYNTH""}"
2026-10-04T20:00:45.823311+00:00,counter,marketdata.update.applied,1,"{""market"":""BTC-SYNTH""}"
2026-10-04T20:00:45.823361+00:00,counter,marketdata.update.applied,1,"{""market"":""BTC-SYNTH""}"
2026-10-04T20:00:45.823406+00:00,counter,marketdata.update.applied,1,"{""market"":""BTC-SYNTH""}"
2026-10-04T20:00:45.823453+00:00,counter,marketdata.update.applied,1,"{""market"":""BTC-SYNTH""}"
2026-10-04T20:00:45.823497+00:00,counter,marketdata.update.applied,1,"{""market"":""BTC-SYNTH""}"
2026-10-04T20:00:45.823546+00:00,counter,marketdata.update.applied,1,"{""market"":""BTC-SYNTH""}"
2026-10-04T20:00:45.823589+00:00,counter,marketdata.update.applied,1,"{""market"":""BTC-SYNTH""}"
2026-10-04T20:00:45.823637+00:00,counter,marketdata.update.applied,1,"{""market"":""BTC-SYNTH""}"
2026-10-04T20:00:45.823681+00:00,counter,marketdata.update.applied,1,"{""market"":""BTC-SYNTH""}"
2026-10-04T20:00:45.823783+00:00,counter,marketdata.update.applied,1,"{""market"":""BTC-SYNTH""}"
2026-10-04T20:00:45.823838+00:00,counter,marketdata.update.applied,1,"{""market"":""BTC-SYNTH""}"
2026-10-04T20:00:45.823890+00:00,counter,marketdata.update.applied,1,"{""market"":""BTC-SYNTH""}"
2026-10-04T20:00:45.823935+00:00,counter,marketdata.update.applied,1,"{""market"":""BTC-SYNTH""}"
2026-10-04T20:00:45.932731+00:00,gauge,pricing.slices.attempted,3.0,"{""market"":""BTC-SYNTH"",""producer"":""svi-scipy""}"
2026-10-04T20:00:45.932755+00:00,gauge,pricing.slices.accepted,3.0,"{""market"":""BTC-SYNTH"",""producer"":""svi-scipy""}"
2026-10-04T20:00:45.932825+00:00,gauge,pricing.rmse_vol_bp,40.6847489017165,"{""market"":""BTC-SYNTH"",""producer"":""svi-scipy""}"
2026-10-04T20:00:45.932833+00:00,timing,pricing.cycle_ms,108.444,"{""market"":""BTC-SYNTH"",""producer"":""svi-scipy""}"
2026-10-04T20:00:45.933091+00:00,counter,bus.published,1,"{""topic"":""surface.BTC-SYNTH.svi-scipy""}"
2026-10-04T20:00:45.933131+00:00,counter,runner.handled,1,"{""subscriber"":""svi-scipy@BTC-SYNTH""}"
2026-10-04T20:00:45.933257+00:00,counter,risk.surface.received,1,"{""market"":""BTC-SYNTH"",""producer"":""svi-scipy"",""status"":""OK""}"
2026-10-04T20:00:45.933279+00:00,timing,risk.surface.snapshot_to_surface_ms,1227.06,"{""market"":""BTC-SYNTH"",""producer"":""svi-scipy""}"
2026-10-04T20:00:45.933294+00:00,timing,risk.surface.delivery_lag_ms,0.5670000000000001,"{""market"":""BTC-SYNTH"",""producer"":""svi-scipy""}"
2026-10-04T20:00:45.933316+00:00,gauge,risk.surface_age_seconds,1.227645,"{""market"":""BTC-SYNTH"",""producer"":""svi-scipy""}"
2026-10-04T20:00:45.933328+00:00,counter,risk.report.freshness,1,"{""decision"":""NORMAL"",""market"":""BTC-SYNTH"",""producer"":""svi-scipy""}"
2026-10-04T20:00:45.933706+00:00,counter,runner.handled,1,"{""subscriber"":""risk-svi-scipy@BTC-SYNTH""}"
2026-10-04T20:00:46.826137+00:00,counter,marketdata.snapshot.published,1,"{""market"":""BTC-SYNTH""}"
2026-10-04T20:00:46.826186+00:00,gauge,marketdata.clock_skew_seconds,-1.12086,"{""market"":""BTC-SYNTH""}"
2026-10-04T20:00:46.826198+00:00,gauge,marketdata.coverage_ratio,1.0,"{""market"":""BTC-SYNTH""}"
2026-10-04T20:00:46.826205+00:00,gauge,marketdata.max_age_seconds,1.218797,"{""market"":""BTC-SYNTH""}"
2026-10-04T20:00:46.826215+00:00,counter,pipeline.heartbeat.emitted,1,"{""market"":""BTC-SYNTH""}"
2026-10-04T20:00:46.826227+00:00,counter,bus.published,1,"{""topic"":""snapshot.BTC-SYNTH""}"
2026-10-04T20:00:46.826308+00:00,counter,marketdata.update.applied,1,"{""market"":""BTC-SYNTH""}"
2026-10-04T20:00:46.826331+00:00,counter,marketdata.update.applied,1,"{""market"":""BTC-SYNTH""}"
2026-10-04T20:00:46.826351+00:00,counter,marketdata.update.applied,1,"{""market"":""BTC-SYNTH""}"
2026-10-04T20:00:46.826366+00:00,counter,marketdata.update.applied,1,"{""market"":""BTC-SYNTH""}"
2026-10-04T20:00:46.826382+00:00,counter,marketdata.update.applied,1,"{""market"":""BTC-SYNTH""}"
2026-10-04T20:00:46.826397+00:00,counter,marketdata.update.applied,1,"{""market"":""BTC-SYNTH""}"
2026-10-04T20:00:46.826412+00:00,counter,marketdata.update.applied,1,"{""market"":""BTC-SYNTH""}"
2026-10-04T20:00:46.826426+00:00,counter,marketdata.update.applied,1,"{""market"":""BTC-SYNTH""}"
2026-10-04T20:00:46.826441+00:00,counter,marketdata.update.applied,1,"{""market"":""BTC-SYNTH""}"
2026-10-04T20:00:46.826456+00:00,counter,marketdata.update.applied,1,"{""market"":""BTC-SYNTH""}"
2026-10-04T20:00:46.826471+00:00,counter,marketdata.update.applied,1,"{""market"":""BTC-SYNTH""}"
2026-10-04T20:00:46.826485+00:00,counter,marketdata.update.applied,1,"{""market"":""BTC-SYNTH""}"
2026-10-04T20:00:46.826500+00:00,counter,marketdata.update.applied,1,"{""market"":""BTC-SYNTH""}"
2026-10-04T20:00:46.826513+00:00,counter,marketdata.update.applied,1,"{""market"":""BTC-SYNTH""}"
2026-10-04T20:00:46.826529+00:00,counter,marketdata.update.applied,1,"{""market"":""BTC-SYNTH""}"
2026-10-04T20:00:46.826543+00:00,counter,marketdata.update.applied,1,"{""market"":""BTC-SYNTH""}"
2026-10-04T20:00:46.826558+00:00,counter,marketdata.update.applied,1,"{""market"":""BTC-SYNTH""}"
2026-10-04T20:00:46.826572+00:00,counter,marketdata.update.applied,1,"{""market"":""BTC-SYNTH""}"
2026-10-04T20:00:46.826587+00:00,counter,marketdata.update.applied,1,"{""market"":""BTC-SYNTH""}"
2026-10-04T20:00:46.826600+00:00,counter,marketdata.update.applied,1,"{""market"":""BTC-SYNTH""}"
2026-10-04T20:00:46.826616+00:00,counter,marketdata.update.applied,1,"{""market"":""BTC-SYNTH""}"
2026-10-04T20:00:46.826630+00:00,counter,marketdata.update.applied,1,"{""market"":""BTC-SYNTH""}"
2026-10-04T20:00:46.826648+00:00,counter,marketdata.update.applied,1,"{""market"":""BTC-SYNTH""}"
2026-10-04T20:00:46.826662+00:00,counter,marketdata.update.applied,1,"{""market"":""BTC-SYNTH""}"
2026-10-04T20:00:46.826676+00:00,counter,marketdata.update.applied,1,"{""market"":""BTC-SYNTH""}"
2026-10-04T20:00:46.826689+00:00,counter,marketdata.update.applied,1,"{""market"":""BTC-SYNTH""}"
2026-10-04T20:00:46.826704+00:00,counter,marketdata.update.applied,1,"{""market"":""BTC-SYNTH""}"
2026-10-04T20:00:46.826718+00:00,counter,marketdata.update.applied,1,"{""market"":""BTC-SYNTH""}"
2026-10-04T20:00:46.826733+00:00,counter,marketdata.update.applied,1,"{""market"":""BTC-SYNTH""}"
2026-10-04T20:00:46.826746+00:00,counter,marketdata.update.applied,1,"{""market"":""BTC-SYNTH""}"
2026-10-04T20:00:46.826761+00:00,counter,marketdata.update.applied,1,"{""market"":""BTC-SYNTH""}"
2026-10-04T20:00:46.826774+00:00,counter,marketdata.update.applied,1,"{""market"":""BTC-SYNTH""}"
2026-10-04T20:00:46.826789+00:00,counter,marketdata.update.applied,1,"{""market"":""BTC-SYNTH""}"
2026-10-04T20:00:46.826802+00:00,counter,marketdata.update.applied,1,"{""market"":""BTC-SYNTH""}"
2026-10-04T20:00:46.826816+00:00,counter,marketdata.update.applied,1,"{""market"":""BTC-SYNTH""}"
2026-10-04T20:00:46.826831+00:00,counter,marketdata.update.applied,1,"{""market"":""BTC-SYNTH""}"
2026-10-04T20:00:46.826845+00:00,counter,marketdata.update.applied,1,"{""market"":""BTC-SYNTH""}"
2026-10-04T20:00:46.826858+00:00,counter,marketdata.update.applied,1,"{""market"":""BTC-SYNTH""}"
2026-10-04T20:00:46.826873+00:00,counter,marketdata.update.applied,1,"{""market"":""BTC-SYNTH""}"
2026-10-04T20:00:46.826887+00:00,counter,marketdata.update.applied,1,"{""market"":""BTC-SYNTH""}"
2026-10-04T20:00:46.826902+00:00,counter,marketdata.update.applied,1,"{""market"":""BTC-SYNTH""}"
2026-10-04T20:00:46.826916+00:00,counter,marketdata.update.applied,1,"{""market"":""BTC-SYNTH""}"
2026-10-04T20:00:46.826931+00:00,counter,marketdata.update.applied,1,"{""market"":""BTC-SYNTH""}"
2026-10-04T20:00:46.826944+00:00,counter,marketdata.update.applied,1,"{""market"":""BTC-SYNTH""}"
2026-10-04T20:00:46.826959+00:00,counter,marketdata.update.applied,1,"{""market"":""BTC-SYNTH""}"
2026-10-04T20:00:46.826973+00:00,counter,marketdata.update.applied,1,"{""market"":""BTC-SYNTH""}"
2026-10-04T20:00:46.826987+00:00,counter,marketdata.update.applied,1,"{""market"":""BTC-SYNTH""}"
2026-10-04T20:00:46.827001+00:00,counter,marketdata.update.applied,1,"{""market"":""BTC-SYNTH""}"
2026-10-04T20:00:46.827029+00:00,counter,marketdata.update.applied,1,"{""market"":""BTC-SYNTH""}"
2026-10-04T20:00:46.827045+00:00,counter,marketdata.update.applied,1,"{""market"":""BTC-SYNTH""}"
2026-10-04T20:00:46.827061+00:00,counter,marketdata.update.applied,1,"{""market"":""BTC-SYNTH""}"
2026-10-04T20:00:46.827074+00:00,counter,marketdata.update.applied,1,"{""market"":""BTC-SYNTH""}"
2026-10-04T20:00:46.827090+00:00,counter,marketdata.update.applied,1,"{""market"":""BTC-SYNTH""}"
2026-10-04T20:00:46.827102+00:00,counter,marketdata.update.applied,1,"{""market"":""BTC-SYNTH""}"
2026-10-04T20:00:46.827115+00:00,counter,marketdata.update.applied,1,"{""market"":""BTC-SYNTH""}"
2026-10-04T20:00:46.827126+00:00,counter,marketdata.update.applied,1,"{""market"":""BTC-SYNTH""}"
2026-10-04T20:00:46.827138+00:00,counter,marketdata.update.applied,1,"{""market"":""BTC-SYNTH""}"
2026-10-04T20:00:46.827150+00:00,counter,marketdata.update.applied,1,"{""market"":""BTC-SYNTH""}"
2026-10-04T20:00:46.827163+00:00,counter,marketdata.update.applied,1,"{""market"":""BTC-SYNTH""}"
2026-10-04T20:00:46.827176+00:00,counter,marketdata.update.applied,1,"{""market"":""BTC-SYNTH""}"
2026-10-04T20:00:46.827194+00:00,counter,marketdata.update.applied,1,"{""market"":""BTC-SYNTH""}"
2026-10-04T20:00:46.827206+00:00,counter,marketdata.update.applied,1,"{""market"":""BTC-SYNTH""}"
2026-10-04T20:00:46.827219+00:00,counter,marketdata.update.applied,1,"{""market"":""BTC-SYNTH""}"
2026-10-04T20:00:46.827286+00:00,counter,marketdata.update.applied,1,"{""market"":""BTC-SYNTH""}"
2026-10-04T20:00:46.827306+00:00,counter,marketdata.update.applied,1,"{""market"":""BTC-SYNTH""}"
2026-10-04T20:00:46.827320+00:00,counter,marketdata.update.applied,1,"{""market"":""BTC-SYNTH""}"
2026-10-04T20:00:46.888871+00:00,gauge,pricing.slices.attempted,3.0,"{""market"":""BTC-SYNTH"",""producer"":""svi-scipy""}"
2026-10-04T20:00:46.888897+00:00,gauge,pricing.slices.accepted,3.0,"{""market"":""BTC-SYNTH"",""producer"":""svi-scipy""}"
2026-10-04T20:00:46.888962+00:00,gauge,pricing.rmse_vol_bp,40.25826179938265,"{""market"":""BTC-SYNTH"",""producer"":""svi-scipy""}"
2026-10-04T20:00:46.888972+00:00,timing,pricing.cycle_ms,61.441,"{""market"":""BTC-SYNTH"",""producer"":""svi-scipy""}"
2026-10-04T20:00:46.889176+00:00,counter,bus.published,1,"{""topic"":""surface.BTC-SYNTH.svi-scipy""}"
2026-10-04T20:00:46.889208+00:00,counter,runner.handled,1,"{""subscriber"":""svi-scipy@BTC-SYNTH""}"
2026-10-04T20:00:46.889297+00:00,counter,risk.surface.received,1,"{""market"":""BTC-SYNTH"",""producer"":""svi-scipy"",""status"":""OK""}"
2026-10-04T20:00:46.889310+00:00,timing,risk.surface.snapshot_to_surface_ms,1184.181,"{""market"":""BTC-SYNTH"",""producer"":""svi-scipy""}"
2026-10-04T20:00:46.889318+00:00,timing,risk.surface.delivery_lag_ms,0.45399999999999996,"{""market"":""BTC-SYNTH"",""producer"":""svi-scipy""}"
2026-10-04T20:00:46.889330+00:00,gauge,risk.surface_age_seconds,1.184644,"{""market"":""BTC-SYNTH"",""producer"":""svi-scipy""}"
2026-10-04T20:00:46.889337+00:00,counter,risk.report.freshness,1,"{""decision"":""NORMAL"",""market"":""BTC-SYNTH"",""producer"":""svi-scipy""}"
2026-10-04T20:00:46.889374+00:00,counter,runner.handled,1,"{""subscriber"":""risk-svi-scipy@BTC-SYNTH""}"
2026-10-04T20:00:47.907237+00:00,counter,marketdata.snapshot.published,1,"{""market"":""BTC-SYNTH""}"
2026-10-04T20:00:47.907283+00:00,gauge,marketdata.clock_skew_seconds,-1.201134,"{""market"":""BTC-SYNTH""}"
2026-10-04T20:00:47.907300+00:00,gauge,marketdata.coverage_ratio,0.9848484848484849,"{""market"":""BTC-SYNTH""}"
2026-10-04T20:00:47.907313+00:00,gauge,marketdata.max_age_seconds,1.299898,"{""market"":""BTC-SYNTH""}"
2026-10-04T20:00:47.907328+00:00,counter,pipeline.heartbeat.emitted,1,"{""market"":""BTC-SYNTH""}"
2026-10-04T20:00:47.907346+00:00,counter,bus.published,1,"{""topic"":""snapshot.BTC-SYNTH""}"
2026-10-04T20:00:47.907463+00:00,counter,marketdata.update.applied,1,"{""market"":""BTC-SYNTH""}"
2026-10-04T20:00:47.907507+00:00,counter,marketdata.update.applied,1,"{""market"":""BTC-SYNTH""}"
2026-10-04T20:00:47.907540+00:00,counter,marketdata.update.applied,1,"{""market"":""BTC-SYNTH""}"
2026-10-04T20:00:47.907566+00:00,counter,marketdata.update.applied,1,"{""market"":""BTC-SYNTH""}"
2026-10-04T20:00:47.907610+00:00,counter,marketdata.update.applied,1,"{""market"":""BTC-SYNTH""}"
2026-10-04T20:00:47.907636+00:00,counter,marketdata.update.applied,1,"{""market"":""BTC-SYNTH""}"
2026-10-04T20:00:47.907663+00:00,counter,marketdata.update.applied,1,"{""market"":""BTC-SYNTH""}"
2026-10-04T20:00:47.907687+00:00,counter,marketdata.update.applied,1,"{""market"":""BTC-SYNTH""}"
2026-10-04T20:00:47.907712+00:00,counter,marketdata.update.applied,1,"{""market"":""BTC-SYNTH""}"
2026-10-04T20:00:47.907736+00:00,counter,marketdata.update.applied,1,"{""market"":""BTC-SYNTH""}"
2026-10-04T20:00:47.907762+00:00,counter,marketdata.update.applied,1,"{""market"":""BTC-SYNTH""}"
2026-10-04T20:00:47.907786+00:00,counter,marketdata.update.applied,1,"{""market"":""BTC-SYNTH""}"
2026-10-04T20:00:47.907811+00:00,counter,marketdata.update.applied,1,"{""market"":""BTC-SYNTH""}"
2026-10-04T20:00:47.907847+00:00,counter,marketdata.update.applied,1,"{""market"":""BTC-SYNTH""}"
2026-10-04T20:00:47.907931+00:00,counter,marketdata.update.applied,1,"{""market"":""BTC-SYNTH""}"
2026-10-04T20:00:47.907959+00:00,counter,marketdata.update.applied,1,"{""market"":""BTC-SYNTH""}"
2026-10-04T20:00:47.907986+00:00,counter,marketdata.update.applied,1,"{""market"":""BTC-SYNTH""}"
2026-10-04T20:00:47.908212+00:00,counter,marketdata.update.applied,1,"{""market"":""BTC-SYNTH""}"
2026-10-04T20:00:47.908274+00:00,counter,marketdata.update.applied,1,"{""market"":""BTC-SYNTH""}"
2026-10-04T20:00:47.908304+00:00,counter,marketdata.update.applied,1,"{""market"":""BTC-SYNTH""}"
2026-10-04T20:00:47.908333+00:00,counter,marketdata.update.applied,1,"{""market"":""BTC-SYNTH""}"
2026-10-04T20:00:47.908355+00:00,counter,marketdata.update.applied,1,"{""market"":""BTC-SYNTH""}"
2026-10-04T20:00:47.908381+00:00,counter,marketdata.update.applied,1,"{""market"":""BTC-SYNTH""}"
2026-10-04T20:00:47.908404+00:00,counter,marketdata.update.applied,1,"{""market"":""BTC-SYNTH""}"
2026-10-04T20:00:47.908427+00:00,counter,marketdata.update.applied,1,"{""market"":""BTC-SYNTH""}"
2026-10-04T20:00:47.908448+00:00,counter,marketdata.update.applied,1,"{""market"":""BTC-SYNTH""}"
2026-10-04T20:00:47.908471+00:00,counter,marketdata.update.applied,1,"{""market"":""BTC-SYNTH""}"
2026-10-04T20:00:47.908492+00:00,counter,marketdata.update.applied,1,"{""market"":""BTC-SYNTH""}"
2026-10-04T20:00:47.908515+00:00,counter,marketdata.update.applied,1,"{""market"":""BTC-SYNTH""}"
2026-10-04T20:00:47.908535+00:00,counter,marketdata.update.applied,1,"{""market"":""BTC-SYNTH""}"
2026-10-04T20:00:47.908558+00:00,counter,marketdata.update.applied,1,"{""market"":""BTC-SYNTH""}"
2026-10-04T20:00:47.908578+00:00,counter,marketdata.update.applied,1,"{""market"":""BTC-SYNTH""}"
2026-10-04T20:00:47.908601+00:00,counter,marketdata.update.applied,1,"{""market"":""BTC-SYNTH""}"
2026-10-04T20:00:47.908621+00:00,counter,marketdata.update.applied,1,"{""market"":""BTC-SYNTH""}"
2026-10-04T20:00:47.908644+00:00,counter,marketdata.update.applied,1,"{""market"":""BTC-SYNTH""}"
2026-10-04T20:00:47.908664+00:00,counter,marketdata.update.applied,1,"{""market"":""BTC-SYNTH""}"
2026-10-04T20:00:47.908686+00:00,counter,marketdata.update.applied,1,"{""market"":""BTC-SYNTH""}"
2026-10-04T20:00:47.908707+00:00,counter,marketdata.update.applied,1,"{""market"":""BTC-SYNTH""}"
2026-10-04T20:00:47.908729+00:00,counter,marketdata.update.applied,1,"{""market"":""BTC-SYNTH""}"
2026-10-04T20:00:47.908750+00:00,counter,marketdata.update.applied,1,"{""market"":""BTC-SYNTH""}"
2026-10-04T20:00:47.908771+00:00,counter,marketdata.update.applied,1,"{""market"":""BTC-SYNTH""}"
2026-10-04T20:00:47.908792+00:00,counter,marketdata.update.applied,1,"{""market"":""BTC-SYNTH""}"
2026-10-04T20:00:47.908814+00:00,counter,marketdata.update.applied,1,"{""market"":""BTC-SYNTH""}"
2026-10-04T20:00:47.908834+00:00,counter,marketdata.update.applied,1,"{""market"":""BTC-SYNTH""}"
2026-10-04T20:00:47.908859+00:00,counter,marketdata.update.applied,1,"{""market"":""BTC-SYNTH""}"
2026-10-04T20:00:47.908879+00:00,counter,marketdata.update.applied,1,"{""market"":""BTC-SYNTH""}"
2026-10-04T20:00:47.908902+00:00,counter,marketdata.update.applied,1,"{""market"":""BTC-SYNTH""}"
2026-10-04T20:00:47.908922+00:00,counter,marketdata.update.applied,1,"{""market"":""BTC-SYNTH""}"
2026-10-04T20:00:47.908944+00:00,counter,marketdata.update.applied,1,"{""market"":""BTC-SYNTH""}"
2026-10-04T20:00:47.909115+00:00,counter,marketdata.update.applied,1,"{""market"":""BTC-SYNTH""}"
2026-10-04T20:00:47.909213+00:00,counter,marketdata.update.applied,1,"{""market"":""BTC-SYNTH""}"
2026-10-04T20:00:47.909227+00:00,counter,marketdata.update.applied,1,"{""market"":""BTC-SYNTH""}"
2026-10-04T20:00:47.909239+00:00,counter,marketdata.update.applied,1,"{""market"":""BTC-SYNTH""}"
2026-10-04T20:00:47.909248+00:00,counter,marketdata.update.applied,1,"{""market"":""BTC-SYNTH""}"
2026-10-04T20:00:47.909259+00:00,counter,marketdata.update.applied,1,"{""market"":""BTC-SYNTH""}"
2026-10-04T20:00:47.909268+00:00,counter,marketdata.update.applied,1,"{""market"":""BTC-SYNTH""}"
2026-10-04T20:00:47.909279+00:00,counter,marketdata.update.applied,1,"{""market"":""BTC-SYNTH""}"
2026-10-04T20:00:47.909288+00:00,counter,marketdata.update.applied,1,"{""market"":""BTC-SYNTH""}"
2026-10-04T20:00:47.909298+00:00,counter,marketdata.update.applied,1,"{""market"":""BTC-SYNTH""}"
2026-10-04T20:00:47.909355+00:00,counter,marketdata.update.applied,1,"{""market"":""BTC-SYNTH""}"
2026-10-04T20:00:47.909367+00:00,counter,marketdata.update.applied,1,"{""market"":""BTC-SYNTH""}"
2026-10-04T20:00:47.909376+00:00,counter,marketdata.update.applied,1,"{""market"":""BTC-SYNTH""}"
2026-10-04T20:00:47.909386+00:00,counter,marketdata.update.applied,1,"{""market"":""BTC-SYNTH""}"
2026-10-04T20:00:47.909395+00:00,counter,marketdata.update.applied,1,"{""market"":""BTC-SYNTH""}"
2026-10-04T20:00:47.909404+00:00,counter,marketdata.update.applied,1,"{""market"":""BTC-SYNTH""}"
2026-10-04T20:00:47.909413+00:00,counter,marketdata.update.applied,1,"{""market"":""BTC-SYNTH""}"
2026-10-04T20:00:48.095731+00:00,gauge,pricing.slices.attempted,3.0,"{""market"":""BTC-SYNTH"",""producer"":""svi-scipy""}"
2026-10-04T20:00:48.095765+00:00,gauge,pricing.slices.accepted,3.0,"{""market"":""BTC-SYNTH"",""producer"":""svi-scipy""}"
2026-10-04T20:00:48.095842+00:00,gauge,pricing.rmse_vol_bp,46.59519536928027,"{""market"":""BTC-SYNTH"",""producer"":""svi-scipy""}"
2026-10-04T20:00:48.095851+00:00,timing,pricing.cycle_ms,186.091,"{""market"":""BTC-SYNTH"",""producer"":""svi-scipy""}"
2026-10-04T20:00:48.096092+00:00,counter,bus.published,1,"{""topic"":""surface.BTC-SYNTH.svi-scipy""}"
2026-10-04T20:00:48.096127+00:00,counter,runner.handled,1,"{""subscriber"":""svi-scipy@BTC-SYNTH""}"
2026-10-04T20:00:48.096218+00:00,counter,risk.surface.received,1,"{""market"":""BTC-SYNTH"",""producer"":""svi-scipy"",""status"":""OK""}"
2026-10-04T20:00:48.096231+00:00,timing,risk.surface.snapshot_to_surface_ms,1390.4209999999998,"{""market"":""BTC-SYNTH"",""producer"":""svi-scipy""}"
2026-10-04T20:00:48.096239+00:00,timing,risk.surface.delivery_lag_ms,0.5199999999999999,"{""market"":""BTC-SYNTH"",""producer"":""svi-scipy""}"
2026-10-04T20:00:48.096253+00:00,gauge,risk.surface_age_seconds,1.390951,"{""market"":""BTC-SYNTH"",""producer"":""svi-scipy""}"
2026-10-04T20:00:48.096261+00:00,counter,risk.report.freshness,1,"{""decision"":""NORMAL"",""market"":""BTC-SYNTH"",""producer"":""svi-scipy""}"
2026-10-04T20:00:48.096302+00:00,counter,runner.handled,1,"{""subscriber"":""risk-svi-scipy@BTC-SYNTH""}"
2026-10-04T20:00:48.912210+00:00,counter,marketdata.snapshot.published,1,"{""market"":""BTC-SYNTH""}"
2026-10-04T20:00:48.912267+00:00,gauge,marketdata.clock_skew_seconds,-1.206783,"{""market"":""BTC-SYNTH""}"
2026-10-04T20:00:48.912288+00:00,gauge,marketdata.coverage_ratio,0.9848484848484849,"{""market"":""BTC-SYNTH""}"
2026-10-04T20:00:48.912305+00:00,gauge,marketdata.max_age_seconds,1.304206,"{""market"":""BTC-SYNTH""}"
2026-10-04T20:00:48.912324+00:00,counter,pipeline.heartbeat.emitted,1,"{""market"":""BTC-SYNTH""}"
2026-10-04T20:00:48.912346+00:00,counter,bus.published,1,"{""topic"":""snapshot.BTC-SYNTH""}"
2026-10-04T20:00:48.912466+00:00,counter,marketdata.update.applied,1,"{""market"":""BTC-SYNTH""}"
2026-10-04T20:00:48.912509+00:00,counter,marketdata.update.applied,1,"{""market"":""BTC-SYNTH""}"
2026-10-04T20:00:48.912553+00:00,counter,marketdata.update.applied,1,"{""market"":""BTC-SYNTH""}"
2026-10-04T20:00:48.912630+00:00,counter,marketdata.update.applied,1,"{""market"":""BTC-SYNTH""}"
2026-10-04T20:00:48.912674+00:00,counter,marketdata.update.applied,1,"{""market"":""BTC-SYNTH""}"
2026-10-04T20:00:48.912739+00:00,counter,marketdata.update.applied,1,"{""market"":""BTC-SYNTH""}"
2026-10-04T20:00:48.912788+00:00,counter,marketdata.update.applied,1,"{""market"":""BTC-SYNTH""}"
2026-10-04T20:00:48.912846+00:00,counter,marketdata.update.applied,1,"{""market"":""BTC-SYNTH""}"
2026-10-04T20:00:48.912887+00:00,counter,marketdata.update.applied,1,"{""market"":""BTC-SYNTH""}"
2026-10-04T20:00:48.912921+00:00,counter,marketdata.update.applied,1,"{""market"":""BTC-SYNTH""}"
2026-10-04T20:00:48.912959+00:00,counter,marketdata.update.applied,1,"{""market"":""BTC-SYNTH""}"
2026-10-04T20:00:48.912995+00:00,counter,marketdata.update.applied,1,"{""market"":""BTC-SYNTH""}"
2026-10-04T20:00:48.913033+00:00,counter,marketdata.update.applied,1,"{""market"":""BTC-SYNTH""}"
2026-10-04T20:00:48.913069+00:00,counter,marketdata.update.applied,1,"{""market"":""BTC-SYNTH""}"
2026-10-04T20:00:48.913107+00:00,counter,marketdata.update.applied,1,"{""market"":""BTC-SYNTH""}"
2026-10-04T20:00:48.913142+00:00,counter,marketdata.update.applied,1,"{""market"":""BTC-SYNTH""}"
2026-10-04T20:00:48.913180+00:00,counter,marketdata.update.applied,1,"{""market"":""BTC-SYNTH""}"
2026-10-04T20:00:48.913216+00:00,counter,marketdata.update.applied,1,"{""market"":""BTC-SYNTH""}"
2026-10-04T20:00:48.913255+00:00,counter,marketdata.update.applied,1,"{""market"":""BTC-SYNTH""}"
2026-10-04T20:00:48.913290+00:00,counter,marketdata.update.applied,1,"{""market"":""BTC-SYNTH""}"
2026-10-04T20:00:48.913328+00:00,counter,marketdata.update.applied,1,"{""market"":""BTC-SYNTH""}"
2026-10-04T20:00:48.913363+00:00,counter,marketdata.update.applied,1,"{""market"":""BTC-SYNTH""}"
2026-10-04T20:00:48.913404+00:00,counter,marketdata.update.applied,1,"{""market"":""BTC-SYNTH""}"
2026-10-04T20:00:48.913439+00:00,counter,marketdata.update.applied,1,"{""market"":""BTC-SYNTH""}"
2026-10-04T20:00:48.913476+00:00,counter,marketdata.update.applied,1,"{""market"":""BTC-SYNTH""}"
2026-10-04T20:00:48.913510+00:00,counter,marketdata.update.applied,1,"{""market"":""BTC-SYNTH""}"
2026-10-04T20:00:48.913548+00:00,counter,marketdata.update.applied,1,"{""market"":""BTC-SYNTH""}"
2026-10-04T20:00:48.913583+00:00,counter,marketdata.update.applied,1,"{""market"":""BTC-SYNTH""}"
2026-10-04T20:00:48.913620+00:00,counter,marketdata.update.applied,1,"{""market"":""BTC-SYNTH""}"
2026-10-04T20:00:48.913684+00:00,counter,marketdata.update.applied,1,"{""market"":""BTC-SYNTH""}"
2026-10-04T20:00:48.913737+00:00,counter,marketdata.update.applied,1,"{""market"":""BTC-SYNTH""}"
2026-10-04T20:00:48.913776+00:00,counter,marketdata.update.applied,1,"{""market"":""BTC-SYNTH""}"
2026-10-04T20:00:48.913815+00:00,counter,marketdata.update.applied,1,"{""market"":""BTC-SYNTH""}"
2026-10-04T20:00:48.913852+00:00,counter,marketdata.update.applied,1,"{""market"":""BTC-SYNTH""}"
2026-10-04T20:00:48.913891+00:00,counter,marketdata.update.applied,1,"{""market"":""BTC-SYNTH""}"
2026-10-04T20:00:48.913927+00:00,counter,marketdata.update.applied,1,"{""market"":""BTC-SYNTH""}"
2026-10-04T20:00:48.913966+00:00,counter,marketdata.update.applied,1,"{""market"":""BTC-SYNTH""}"
2026-10-04T20:00:48.914002+00:00,counter,marketdata.update.applied,1,"{""market"":""BTC-SYNTH""}"
2026-10-04T20:00:48.914042+00:00,counter,marketdata.update.applied,1,"{""market"":""BTC-SYNTH""}"
2026-10-04T20:00:48.914078+00:00,counter,marketdata.update.applied,1,"{""market"":""BTC-SYNTH""}"
2026-10-04T20:00:48.914118+00:00,counter,marketdata.update.applied,1,"{""market"":""BTC-SYNTH""}"
2026-10-04T20:00:48.914225+00:00,counter,marketdata.update.applied,1,"{""market"":""BTC-SYNTH""}"
2026-10-04T20:00:48.914282+00:00,counter,marketdata.update.applied,1,"{""market"":""BTC-SYNTH""}"
2026-10-04T20:00:48.914323+00:00,counter,marketdata.update.applied,1,"{""market"":""BTC-SYNTH""}"
2026-10-04T20:00:48.914367+00:00,counter,marketdata.update.applied,1,"{""market"":""BTC-SYNTH""}"
2026-10-04T20:00:48.914405+00:00,counter,marketdata.update.applied,1,"{""market"":""BTC-SYNTH""}"
2026-10-04T20:00:48.914448+00:00,counter,marketdata.update.applied,1,"{""market"":""BTC-SYNTH""}"
2026-10-04T20:00:48.914486+00:00,counter,marketdata.update.applied,1,"{""market"":""BTC-SYNTH""}"
2026-10-04T20:00:48.914526+00:00,counter,marketdata.update.applied,1,"{""market"":""BTC-SYNTH""}"
2026-10-04T20:00:48.914562+00:00,counter,marketdata.update.applied,1,"{""market"":""BTC-SYNTH""}"
2026-10-04T20:00:48.914602+00:00,counter,marketdata.update.applied,1,"{""market"":""BTC-SYNTH""}"
2026-10-04T20:00:48.914639+00:00,counter,marketdata.update.applied,1,"{""market"":""BTC-SYNTH""}"
2026-10-04T20:00:48.914679+00:00,counter,marketdata.update.applied,1,"{""market"":""BTC-SYNTH""}"
2026-10-04T20:00:48.914715+00:00,counter,marketdata.update.applied,1,"{""market"":""BTC-SYNTH""}"
2026-10-04T20:00:48.914754+00:00,counter,marketdata.update.applied,1,"{""market"":""BTC-SYNTH""}"
2026-10-04T20:00:48.914914+00:00,counter,marketdata.update.applied,1,"{""market"":""BTC-SYNTH""}"
2026-10-04T20:00:48.914969+00:00,counter,marketdata.update.applied,1,"{""market"":""BTC-SYNTH""}"
2026-10-04T20:00:48.915011+00:00,counter,marketdata.update.applied,1,"{""market"":""BTC-SYNTH""}"
2026-10-04T20:00:48.915057+00:00,counter,marketdata.update.applied,1,"{""market"":""BTC-SYNTH""}"
2026-10-04T20:00:48.915097+00:00,counter,marketdata.update.applied,1,"{""market"":""BTC-SYNTH""}"
2026-10-04T20:00:48.915141+00:00,counter,marketdata.update.applied,1,"{""market"":""BTC-SYNTH""}"
2026-10-04T20:00:48.915181+00:00,counter,marketdata.update.applied,1,"{""market"":""BTC-SYNTH""}"
2026-10-04T20:00:48.915226+00:00,counter,marketdata.update.applied,1,"{""market"":""BTC-SYNTH""}"
2026-10-04T20:00:48.915266+00:00,counter,marketdata.update.applied,1,"{""market"":""BTC-SYNTH""}"
2026-10-04T20:00:48.915309+00:00,counter,marketdata.update.applied,1,"{""market"":""BTC-SYNTH""}"
2026-10-04T20:00:48.915349+00:00,counter,marketdata.update.applied,1,"{""market"":""BTC-SYNTH""}"
2026-10-04T20:00:49.558982+00:00,gauge,pricing.slices.attempted,3.0,"{""market"":""BTC-SYNTH"",""producer"":""svi-scipy""}"
2026-10-04T20:00:49.559018+00:00,gauge,pricing.slices.accepted,2.0,"{""market"":""BTC-SYNTH"",""producer"":""svi-scipy""}"
2026-10-04T20:00:49.559027+00:00,counter,pricing.slice.not_converged,1,"{""market"":""BTC-SYNTH"",""producer"":""svi-scipy""}"
2026-10-04T20:00:49.559103+00:00,gauge,pricing.rmse_vol_bp,31.34548908383123,"{""market"":""BTC-SYNTH"",""producer"":""svi-scipy""}"
2026-10-04T20:00:49.559113+00:00,timing,pricing.cycle_ms,643.35,"{""market"":""BTC-SYNTH"",""producer"":""svi-scipy""}"
2026-10-04T20:00:49.559292+00:00,counter,bus.published,1,"{""topic"":""surface.BTC-SYNTH.svi-scipy""}"
2026-10-04T20:00:49.559328+00:00,counter,runner.handled,1,"{""subscriber"":""svi-scipy@BTC-SYNTH""}"
2026-10-04T20:00:49.559404+00:00,counter,risk.surface.received,1,"{""market"":""BTC-SYNTH"",""producer"":""svi-scipy"",""status"":""DEGRADED""}"
2026-10-04T20:00:49.559417+00:00,timing,risk.surface.snapshot_to_surface_ms,1854.448,"{""market"":""BTC-SYNTH"",""producer"":""svi-scipy""}"
2026-10-04T20:00:49.559425+00:00,timing,risk.surface.delivery_lag_ms,0.45199999999999996,"{""market"":""BTC-SYNTH"",""producer"":""svi-scipy""}"
2026-10-04T20:00:49.559438+00:00,gauge,risk.surface_age_seconds,1.85491,"{""market"":""BTC-SYNTH"",""producer"":""svi-scipy""}"
2026-10-04T20:00:49.559444+00:00,counter,risk.report.freshness,1,"{""decision"":""NORMAL"",""market"":""BTC-SYNTH"",""producer"":""svi-scipy""}"
2026-10-04T20:00:49.559478+00:00,counter,runner.handled,1,"{""subscriber"":""risk-svi-scipy@BTC-SYNTH""}"
2026-10-04T20:00:49.917474+00:00,counter,marketdata.snapshot.published,1,"{""market"":""BTC-SYNTH""}"
2026-10-04T20:00:49.917596+00:00,gauge,marketdata.clock_skew_seconds,-1.211906,"{""market"":""BTC-SYNTH""}"
2026-10-04T20:00:49.917645+00:00,gauge,marketdata.coverage_ratio,0.9848484848484849,"{""market"":""BTC-SYNTH""}"
2026-10-04T20:00:49.917735+00:00,gauge,marketdata.max_age_seconds,1.30816,"{""market"":""BTC-SYNTH""}"
2026-10-04T20:00:49.917796+00:00,counter,pipeline.heartbeat.emitted,1,"{""market"":""BTC-SYNTH""}"
2026-10-04T20:00:49.917851+00:00,counter,bus.published,1,"{""topic"":""snapshot.BTC-SYNTH""}"
2026-10-04T20:00:49.918635+00:00,counter,marketdata.update.applied,1,"{""market"":""BTC-SYNTH""}"
2026-10-04T20:00:49.918788+00:00,counter,marketdata.update.applied,1,"{""market"":""BTC-SYNTH""}"
2026-10-04T20:00:49.918923+00:00,counter,marketdata.update.applied,1,"{""market"":""BTC-SYNTH""}"
2026-10-04T20:00:49.919007+00:00,counter,marketdata.update.applied,1,"{""market"":""BTC-SYNTH""}"
2026-10-04T20:00:49.919091+00:00,counter,marketdata.update.applied,1,"{""market"":""BTC-SYNTH""}"
2026-10-04T20:00:49.919164+00:00,counter,marketdata.update.applied,1,"{""market"":""BTC-SYNTH""}"
2026-10-04T20:00:49.919354+00:00,counter,marketdata.update.applied,1,"{""market"":""BTC-SYNTH""}"
2026-10-04T20:00:49.919433+00:00,counter,marketdata.update.applied,1,"{""market"":""BTC-SYNTH""}"
2026-10-04T20:00:49.919508+00:00,counter,marketdata.update.applied,1,"{""market"":""BTC-SYNTH""}"
2026-10-04T20:00:49.919576+00:00,counter,marketdata.update.applied,1,"{""market"":""BTC-SYNTH""}"
2026-10-04T20:00:49.919650+00:00,counter,marketdata.update.applied,1,"{""market"":""BTC-SYNTH""}"
2026-10-04T20:00:49.919717+00:00,counter,marketdata.update.applied,1,"{""market"":""BTC-SYNTH""}"
2026-10-04T20:00:49.919790+00:00,counter,marketdata.update.applied,1,"{""market"":""BTC-SYNTH""}"
2026-10-04T20:00:49.919915+00:00,counter,marketdata.update.applied,1,"{""market"":""BTC-SYNTH""}"
2026-10-04T20:00:49.920011+00:00,counter,marketdata.update.applied,1,"{""market"":""BTC-SYNTH""}"
2026-10-04T20:00:49.920085+00:00,counter,marketdata.update.applied,1,"{""market"":""BTC-SYNTH""}"
2026-10-04T20:00:49.920154+00:00,counter,marketdata.update.applied,1,"{""market"":""BTC-SYNTH""}"
2026-10-04T20:00:49.920215+00:00,counter,marketdata.update.applied,1,"{""market"":""BTC-SYNTH""}"
2026-10-04T20:00:49.920283+00:00,counter,marketdata.update.applied,1,"{""market"":""BTC-SYNTH""}"
2026-10-04T20:00:49.920344+00:00,counter,marketdata.update.applied,1,"{""market"":""BTC-SYNTH""}"
2026-10-04T20:00:49.920411+00:00,counter,marketdata.update.applied,1,"{""market"":""BTC-SYNTH""}"
2026-10-04T20:00:49.920472+00:00,counter,marketdata.update.applied,1,"{""market"":""BTC-SYNTH""}"
2026-10-04T20:00:49.920544+00:00,counter,marketdata.update.applied,1,"{""market"":""BTC-SYNTH""}"
2026-10-04T20:00:49.920604+00:00,counter,marketdata.update.applied,1,"{""market"":""BTC-SYNTH""}"
2026-10-04T20:00:49.920668+00:00,counter,marketdata.update.applied,1,"{""market"":""BTC-SYNTH""}"
2026-10-04T20:00:49.920728+00:00,counter,marketdata.update.applied,1,"{""market"":""BTC-SYNTH""}"
2026-10-04T20:00:49.920814+00:00,counter,marketdata.update.applied,1,"{""market"":""BTC-SYNTH""}"
2026-10-04T20:00:49.920875+00:00,counter,marketdata.update.applied,1,"{""market"":""BTC-SYNTH""}"
2026-10-04T20:00:49.920937+00:00,counter,marketdata.update.applied,1,"{""market"":""BTC-SYNTH""}"
2026-10-04T20:00:49.921042+00:00,counter,marketdata.update.applied,1,"{""market"":""BTC-SYNTH""}"
2026-10-04T20:00:49.921127+00:00,counter,marketdata.update.applied,1,"{""market"":""BTC-SYNTH""}"
2026-10-04T20:00:49.921189+00:00,counter,marketdata.update.applied,1,"{""market"":""BTC-SYNTH""}"
2026-10-04T20:00:49.921252+00:00,counter,marketdata.update.applied,1,"{""market"":""BTC-SYNTH""}"
2026-10-04T20:00:49.921310+00:00,counter,marketdata.update.applied,1,"{""market"":""BTC-SYNTH""}"
2026-10-04T20:00:49.921372+00:00,counter,marketdata.update.applied,1,"{""market"":""BTC-SYNTH""}"
2026-10-04T20:00:49.921430+00:00,counter,marketdata.update.applied,1,"{""market"":""BTC-SYNTH""}"
2026-10-04T20:00:49.921491+00:00,counter,marketdata.update.applied,1,"{""market"":""BTC-SYNTH""}"
2026-10-04T20:00:49.921548+00:00,counter,marketdata.update.applied,1,"{""market"":""BTC-SYNTH""}"
2026-10-04T20:00:49.921610+00:00,counter,marketdata.update.applied,1,"{""market"":""BTC-SYNTH""}"
2026-10-04T20:00:49.921994+00:00,counter,marketdata.update.applied,1,"{""market"":""BTC-SYNTH""}"
2026-10-04T20:00:49.922116+00:00,counter,marketdata.update.applied,1,"{""market"":""BTC-SYNTH""}"
2026-10-04T20:00:49.922191+00:00,counter,marketdata.update.applied,1,"{""market"":""BTC-SYNTH""}"
2026-10-04T20:00:49.922279+00:00,counter,marketdata.update.applied,1,"{""market"":""BTC-SYNTH""}"
2026-10-04T20:00:49.922336+00:00,counter,marketdata.update.applied,1,"{""market"":""BTC-SYNTH""}"
2026-10-04T20:00:49.922398+00:00,counter,marketdata.update.applied,1,"{""market"":""BTC-SYNTH""}"
2026-10-04T20:00:49.922451+00:00,counter,marketdata.update.applied,1,"{""market"":""BTC-SYNTH""}"
2026-10-04T20:00:49.922510+00:00,counter,marketdata.update.applied,1,"{""market"":""BTC-SYNTH""}"
2026-10-04T20:00:49.922567+00:00,counter,marketdata.update.applied,1,"{""market"":""BTC-SYNTH""}"
2026-10-04T20:00:49.922625+00:00,counter,marketdata.update.applied,1,"{""market"":""BTC-SYNTH""}"
2026-10-04T20:00:49.922678+00:00,counter,marketdata.update.applied,1,"{""market"":""BTC-SYNTH""}"
2026-10-04T20:00:49.927242+00:00,counter,marketdata.update.applied,1,"{""market"":""BTC-SYNTH""}"
2026-10-04T20:00:49.927347+00:00,counter,marketdata.update.applied,1,"{""market"":""BTC-SYNTH""}"
2026-10-04T20:00:49.927409+00:00,counter,marketdata.update.applied,1,"{""market"":""BTC-SYNTH""}"
2026-10-04T20:00:49.927458+00:00,counter,marketdata.update.applied,1,"{""market"":""BTC-SYNTH""}"
2026-10-04T20:00:49.927541+00:00,counter,marketdata.update.applied,1,"{""market"":""BTC-SYNTH""}"
2026-10-04T20:00:49.927614+00:00,counter,marketdata.update.applied,1,"{""market"":""BTC-SYNTH""}"
2026-10-04T20:00:49.927669+00:00,counter,marketdata.update.applied,1,"{""market"":""BTC-SYNTH""}"
2026-10-04T20:00:49.927714+00:00,counter,marketdata.update.applied,1,"{""market"":""BTC-SYNTH""}"
2026-10-04T20:00:49.927763+00:00,counter,marketdata.update.applied,1,"{""market"":""BTC-SYNTH""}"
2026-10-04T20:00:49.927807+00:00,counter,marketdata.update.applied,1,"{""market"":""BTC-SYNTH""}"
2026-10-04T20:00:49.927855+00:00,counter,marketdata.update.applied,1,"{""market"":""BTC-SYNTH""}"
2026-10-04T20:00:49.927899+00:00,counter,marketdata.update.applied,1,"{""market"":""BTC-SYNTH""}"
2026-10-04T20:00:49.927946+00:00,counter,marketdata.update.applied,1,"{""market"":""BTC-SYNTH""}"
2026-10-04T20:00:49.927990+00:00,counter,marketdata.update.applied,1,"{""market"":""BTC-SYNTH""}"
2026-10-04T20:00:49.928035+00:00,counter,marketdata.update.applied,1,"{""market"":""BTC-SYNTH""}"
2026-10-04T20:00:49.928076+00:00,counter,marketdata.update.applied,1,"{""market"":""BTC-SYNTH""}"
2026-10-04T20:00:50.087517+00:00,gauge,pricing.slices.attempted,3.0,"{""market"":""BTC-SYNTH"",""producer"":""svi-scipy""}"
2026-10-04T20:00:50.087554+00:00,gauge,pricing.slices.accepted,3.0,"{""market"":""BTC-SYNTH"",""producer"":""svi-scipy""}"
2026-10-04T20:00:50.087638+00:00,gauge,pricing.rmse_vol_bp,36.31431356123005,"{""market"":""BTC-SYNTH"",""producer"":""svi-scipy""}"
2026-10-04T20:00:50.087647+00:00,timing,pricing.cycle_ms,164.584,"{""market"":""BTC-SYNTH"",""producer"":""svi-scipy""}"
2026-10-04T20:00:50.088199+00:00,counter,bus.published,1,"{""topic"":""surface.BTC-SYNTH.svi-scipy""}"
2026-10-04T20:00:50.088238+00:00,counter,runner.handled,1,"{""subscriber"":""svi-scipy@BTC-SYNTH""}"
2026-10-04T20:00:50.088334+00:00,counter,risk.surface.received,1,"{""market"":""BTC-SYNTH"",""producer"":""svi-scipy"",""status"":""OK""}"
2026-10-04T20:00:50.088347+00:00,timing,risk.surface.snapshot_to_surface_ms,1384.302,"{""market"":""BTC-SYNTH"",""producer"":""svi-scipy""}"
2026-10-04T20:00:50.088355+00:00,timing,risk.surface.delivery_lag_ms,0.8490000000000001,"{""market"":""BTC-SYNTH"",""producer"":""svi-scipy""}"
2026-10-04T20:00:50.088369+00:00,gauge,risk.surface_age_seconds,1.385161,"{""market"":""BTC-SYNTH"",""producer"":""svi-scipy""}"
2026-10-04T20:00:50.088375+00:00,counter,risk.report.freshness,1,"{""decision"":""NORMAL"",""market"":""BTC-SYNTH"",""producer"":""svi-scipy""}"
2026-10-04T20:00:50.088424+00:00,counter,runner.handled,1,"{""subscriber"":""risk-svi-scipy@BTC-SYNTH""}"
2026-10-04T20:00:50.981495+00:00,counter,marketdata.snapshot.published,1,"{""market"":""BTC-SYNTH""}"
2026-10-04T20:00:50.981584+00:00,gauge,marketdata.clock_skew_seconds,-1.277144,"{""market"":""BTC-SYNTH""}"
2026-10-04T20:00:50.981615+00:00,gauge,marketdata.coverage_ratio,1.0,"{""market"":""BTC-SYNTH""}"
2026-10-04T20:00:50.981639+00:00,gauge,marketdata.max_age_seconds,1.373853,"{""market"":""BTC-SYNTH""}"
2026-10-04T20:00:50.981670+00:00,counter,pipeline.heartbeat.emitted,1,"{""market"":""BTC-SYNTH""}"
2026-10-04T20:00:50.981704+00:00,counter,bus.published,1,"{""topic"":""snapshot.BTC-SYNTH""}"
2026-10-04T20:00:50.981999+00:00,counter,marketdata.update.applied,1,"{""market"":""BTC-SYNTH""}"
2026-10-04T20:00:50.982091+00:00,counter,marketdata.update.applied,1,"{""market"":""BTC-SYNTH""}"
2026-10-04T20:00:50.982159+00:00,counter,marketdata.update.applied,1,"{""market"":""BTC-SYNTH""}"
2026-10-04T20:00:50.982215+00:00,counter,marketdata.update.applied,1,"{""market"":""BTC-SYNTH""}"
2026-10-04T20:00:50.982311+00:00,counter,marketdata.update.applied,1,"{""market"":""BTC-SYNTH""}"
2026-10-04T20:00:50.982374+00:00,counter,marketdata.update.applied,1,"{""market"":""BTC-SYNTH""}"
2026-10-04T20:00:50.982428+00:00,counter,marketdata.update.applied,1,"{""market"":""BTC-SYNTH""}"
2026-10-04T20:00:50.982474+00:00,counter,marketdata.update.applied,1,"{""market"":""BTC-SYNTH""}"
2026-10-04T20:00:50.982521+00:00,counter,marketdata.update.applied,1,"{""market"":""BTC-SYNTH""}"
2026-10-04T20:00:50.982565+00:00,counter,marketdata.update.applied,1,"{""market"":""BTC-SYNTH""}"
2026-10-04T20:00:50.982614+00:00,counter,marketdata.update.applied,1,"{""market"":""BTC-SYNTH""}"
2026-10-04T20:00:50.982657+00:00,counter,marketdata.update.applied,1,"{""market"":""BTC-SYNTH""}"
2026-10-04T20:00:50.982703+00:00,counter,marketdata.update.applied,1,"{""market"":""BTC-SYNTH""}"
2026-10-04T20:00:50.982785+00:00,counter,marketdata.update.applied,1,"{""market"":""BTC-SYNTH""}"
2026-10-04T20:00:50.982852+00:00,counter,marketdata.update.applied,1,"{""market"":""BTC-SYNTH""}"
2026-10-04T20:00:50.982901+00:00,counter,marketdata.update.applied,1,"{""market"":""BTC-SYNTH""}"
2026-10-04T20:00:50.982949+00:00,counter,marketdata.update.applied,1,"{""market"":""BTC-SYNTH""}"
2026-10-04T20:00:50.982994+00:00,counter,marketdata.update.applied,1,"{""market"":""BTC-SYNTH""}"
2026-10-04T20:00:50.983042+00:00,counter,marketdata.update.applied,1,"{""market"":""BTC-SYNTH""}"
2026-10-04T20:00:50.983087+00:00,counter,marketdata.update.applied,1,"{""market"":""BTC-SYNTH""}"
2026-10-04T20:00:50.983132+00:00,counter,marketdata.update.applied,1,"{""market"":""BTC-SYNTH""}"
2026-10-04T20:00:50.983170+00:00,counter,marketdata.update.applied,1,"{""market"":""BTC-SYNTH""}"
2026-10-04T20:00:50.983213+00:00,counter,marketdata.update.applied,1,"{""market"":""BTC-SYNTH""}"
2026-10-04T20:00:50.983251+00:00,counter,marketdata.update.applied,1,"{""market"":""BTC-SYNTH""}"
2026-10-04T20:00:50.983313+00:00,counter,marketdata.update.applied,1,"{""market"":""BTC-SYNTH""}"
2026-10-04T20:00:50.983353+00:00,counter,marketdata.update.applied,1,"{""market"":""BTC-SYNTH""}"
2026-10-04T20:00:50.983393+00:00,counter,marketdata.update.applied,1,"{""market"":""BTC-SYNTH""}"
2026-10-04T20:00:50.983430+00:00,counter,marketdata.update.applied,1,"{""market"":""BTC-SYNTH""}"
2026-10-04T20:00:50.983469+00:00,counter,marketdata.update.applied,1,"{""market"":""BTC-SYNTH""}"
2026-10-04T20:00:50.983505+00:00,counter,marketdata.update.applied,1,"{""market"":""BTC-SYNTH""}"
2026-10-04T20:00:50.983546+00:00,counter,marketdata.update.applied,1,"{""market"":""BTC-SYNTH""}"
2026-10-04T20:00:50.983583+00:00,counter,marketdata.update.applied,1,"{""market"":""BTC-SYNTH""}"
2026-10-04T20:00:50.983622+00:00,counter,marketdata.update.applied,1,"{""market"":""BTC-SYNTH""}"
2026-10-04T20:00:50.983658+00:00,counter,marketdata.update.applied,1,"{""market"":""BTC-SYNTH""}"
2026-10-04T20:00:50.983698+00:00,counter,marketdata.update.applied,1,"{""market"":""BTC-SYNTH""}"
2026-10-04T20:00:50.983736+00:00,counter,marketdata.update.applied,1,"{""market"":""BTC-SYNTH""}"
2026-10-04T20:00:50.983814+00:00,counter,marketdata.update.applied,1,"{""market"":""BTC-SYNTH""}"
2026-10-04T20:00:50.983864+00:00,counter,marketdata.update.applied,1,"{""market"":""BTC-SYNTH""}"
2026-10-04T20:00:50.983910+00:00,counter,marketdata.update.applied,1,"{""market"":""BTC-SYNTH""}"
2026-10-04T20:00:50.983949+00:00,counter,marketdata.update.applied,1,"{""market"":""BTC-SYNTH""}"
2026-10-04T20:00:50.983989+00:00,counter,marketdata.update.applied,1,"{""market"":""BTC-SYNTH""}"
2026-10-04T20:00:50.984027+00:00,counter,marketdata.update.applied,1,"{""market"":""BTC-SYNTH""}"
2026-10-04T20:00:50.984068+00:00,counter,marketdata.update.applied,1,"{""market"":""BTC-SYNTH""}"
2026-10-04T20:00:50.984104+00:00,counter,marketdata.update.applied,1,"{""market"":""BTC-SYNTH""}"
2026-10-04T20:00:50.984143+00:00,counter,marketdata.update.applied,1,"{""market"":""BTC-SYNTH""}"
2026-10-04T20:00:50.984186+00:00,counter,marketdata.update.applied,1,"{""market"":""BTC-SYNTH""}"
2026-10-04T20:00:50.984223+00:00,counter,marketdata.update.applied,1,"{""market"":""BTC-SYNTH""}"
2026-10-04T20:00:50.984330+00:00,counter,marketdata.update.applied,1,"{""market"":""BTC-SYNTH""}"
2026-10-04T20:00:50.984369+00:00,counter,marketdata.update.applied,1,"{""market"":""BTC-SYNTH""}"
2026-10-04T20:00:50.984418+00:00,counter,marketdata.update.applied,1,"{""market"":""BTC-SYNTH""}"
2026-10-04T20:00:50.984456+00:00,counter,marketdata.update.applied,1,"{""market"":""BTC-SYNTH""}"
2026-10-04T20:00:50.984490+00:00,counter,marketdata.update.applied,1,"{""market"":""BTC-SYNTH""}"
2026-10-04T20:00:50.984525+00:00,counter,marketdata.update.applied,1,"{""market"":""BTC-SYNTH""}"
2026-10-04T20:00:50.984557+00:00,counter,marketdata.update.applied,1,"{""market"":""BTC-SYNTH""}"
2026-10-04T20:00:50.984593+00:00,counter,marketdata.update.applied,1,"{""market"":""BTC-SYNTH""}"
2026-10-04T20:00:50.984625+00:00,counter,marketdata.update.applied,1,"{""market"":""BTC-SYNTH""}"
2026-10-04T20:00:50.984660+00:00,counter,marketdata.update.applied,1,"{""market"":""BTC-SYNTH""}"
2026-10-04T20:00:50.984692+00:00,counter,marketdata.update.applied,1,"{""market"":""BTC-SYNTH""}"
2026-10-04T20:00:50.984727+00:00,counter,marketdata.update.applied,1,"{""market"":""BTC-SYNTH""}"
2026-10-04T20:00:50.984759+00:00,counter,marketdata.update.applied,1,"{""market"":""BTC-SYNTH""}"
2026-10-04T20:00:50.984792+00:00,counter,marketdata.update.applied,1,"{""market"":""BTC-SYNTH""}"
2026-10-04T20:00:50.984827+00:00,counter,marketdata.update.applied,1,"{""market"":""BTC-SYNTH""}"
2026-10-04T20:00:50.984857+00:00,counter,marketdata.update.applied,1,"{""market"":""BTC-SYNTH""}"
2026-10-04T20:00:50.984909+00:00,counter,marketdata.update.applied,1,"{""market"":""BTC-SYNTH""}"
2026-10-04T20:00:50.984951+00:00,counter,marketdata.update.applied,1,"{""market"":""BTC-SYNTH""}"
2026-10-04T20:00:50.984984+00:00,counter,marketdata.update.applied,1,"{""market"":""BTC-SYNTH""}"
2026-10-04T20:00:51.059880+00:00,gauge,pricing.slices.attempted,3.0,"{""market"":""BTC-SYNTH"",""producer"":""svi-scipy""}"
2026-10-04T20:00:51.059914+00:00,gauge,pricing.slices.accepted,3.0,"{""market"":""BTC-SYNTH"",""producer"":""svi-scipy""}"
2026-10-04T20:00:51.059975+00:00,gauge,pricing.rmse_vol_bp,33.39615582740418,"{""market"":""BTC-SYNTH"",""producer"":""svi-scipy""}"
2026-10-04T20:00:51.059984+00:00,timing,pricing.cycle_ms,74.69800000000001,"{""market"":""BTC-SYNTH"",""producer"":""svi-scipy""}"
2026-10-04T20:00:51.060299+00:00,counter,bus.published,1,"{""topic"":""surface.BTC-SYNTH.svi-scipy""}"
2026-10-04T20:00:51.060335+00:00,counter,runner.handled,1,"{""subscriber"":""svi-scipy@BTC-SYNTH""}"
2026-10-04T20:00:51.060445+00:00,counter,risk.surface.received,1,"{""market"":""BTC-SYNTH"",""producer"":""svi-scipy"",""status"":""OK""}"
2026-10-04T20:00:51.060464+00:00,timing,risk.surface.snapshot_to_surface_ms,1357.045,"{""market"":""BTC-SYNTH"",""producer"":""svi-scipy""}"
2026-10-04T20:00:51.060478+00:00,timing,risk.surface.delivery_lag_ms,0.6040000000000001,"{""market"":""BTC-SYNTH"",""producer"":""svi-scipy""}"
2026-10-04T20:00:51.060497+00:00,gauge,risk.surface_age_seconds,1.357664,"{""market"":""BTC-SYNTH"",""producer"":""svi-scipy""}"
2026-10-04T20:00:51.060507+00:00,counter,risk.report.freshness,1,"{""decision"":""NORMAL"",""market"":""BTC-SYNTH"",""producer"":""svi-scipy""}"
2026-10-04T20:00:51.060557+00:00,counter,runner.handled,1,"{""subscriber"":""risk-svi-scipy@BTC-SYNTH""}"
2026-10-04T20:00:51.985067+00:00,counter,marketdata.snapshot.published,1,"{""market"":""BTC-SYNTH""}"
2026-10-04T20:00:51.985139+00:00,gauge,marketdata.clock_skew_seconds,-1.280178,"{""market"":""BTC-SYNTH""}"
2026-10-04T20:00:51.985164+00:00,gauge,marketdata.coverage_ratio,1.0,"{""market"":""BTC-SYNTH""}"
2026-10-04T20:00:51.985186+00:00,gauge,marketdata.max_age_seconds,3601.295276,"{""market"":""BTC-SYNTH""}"
2026-10-04T20:00:51.985210+00:00,counter,pipeline.heartbeat.emitted,1,"{""market"":""BTC-SYNTH""}"
2026-10-04T20:00:51.985240+00:00,counter,bus.published,1,"{""topic"":""snapshot.BTC-SYNTH""}"
2026-10-04T20:00:51.985560+00:00,counter,marketdata.update.applied,1,"{""market"":""BTC-SYNTH""}"
2026-10-04T20:00:51.985624+00:00,counter,marketdata.update.applied,1,"{""market"":""BTC-SYNTH""}"
2026-10-04T20:00:51.985680+00:00,counter,marketdata.update.applied,1,"{""market"":""BTC-SYNTH""}"
2026-10-04T20:00:51.985726+00:00,counter,marketdata.update.applied,1,"{""market"":""BTC-SYNTH""}"
2026-10-04T20:00:51.985814+00:00,counter,marketdata.update.applied,1,"{""market"":""BTC-SYNTH""}"
2026-10-04T20:00:51.985869+00:00,counter,marketdata.update.applied,1,"{""market"":""BTC-SYNTH""}"
2026-10-04T20:00:51.986007+00:00,counter,marketdata.update.applied,1,"{""market"":""BTC-SYNTH""}"
2026-10-04T20:00:51.986077+00:00,counter,marketdata.update.applied,1,"{""market"":""BTC-SYNTH""}"
2026-10-04T20:00:51.986134+00:00,counter,marketdata.update.applied,1,"{""market"":""BTC-SYNTH""}"
2026-10-04T20:00:51.986182+00:00,counter,marketdata.update.applied,1,"{""market"":""BTC-SYNTH""}"
2026-10-04T20:00:51.986236+00:00,counter,marketdata.update.applied,1,"{""market"":""BTC-SYNTH""}"
2026-10-04T20:00:51.986283+00:00,counter,marketdata.update.applied,1,"{""market"":""BTC-SYNTH""}"
2026-10-04T20:00:51.986334+00:00,counter,marketdata.update.applied,1,"{""market"":""BTC-SYNTH""}"
2026-10-04T20:00:51.986380+00:00,counter,marketdata.update.applied,1,"{""market"":""BTC-SYNTH""}"
2026-10-04T20:00:51.986433+00:00,counter,marketdata.update.applied,1,"{""market"":""BTC-SYNTH""}"
2026-10-04T20:00:51.986479+00:00,counter,marketdata.update.applied,1,"{""market"":""BTC-SYNTH""}"
2026-10-04T20:00:51.986529+00:00,counter,marketdata.update.applied,1,"{""market"":""BTC-SYNTH""}"
2026-10-04T20:00:51.986575+00:00,counter,marketdata.update.applied,1,"{""market"":""BTC-SYNTH""}"
2026-10-04T20:00:51.986625+00:00,counter,marketdata.update.applied,1,"{""market"":""BTC-SYNTH""}"
2026-10-04T20:00:51.986671+00:00,counter,marketdata.update.applied,1,"{""market"":""BTC-SYNTH""}"
2026-10-04T20:00:51.986720+00:00,counter,marketdata.update.applied,1,"{""market"":""BTC-SYNTH""}"
2026-10-04T20:00:51.986807+00:00,counter,marketdata.update.applied,1,"{""market"":""BTC-SYNTH""}"
2026-10-04T20:00:51.986883+00:00,counter,marketdata.update.applied,1,"{""market"":""BTC-SYNTH""}"
2026-10-04T20:00:51.986938+00:00,counter,marketdata.update.applied,1,"{""market"":""BTC-SYNTH""}"
2026-10-04T20:00:51.986994+00:00,counter,marketdata.update.applied,1,"{""market"":""BTC-SYNTH""}"
2026-10-04T20:00:51.987046+00:00,counter,marketdata.update.applied,1,"{""market"":""BTC-SYNTH""}"
2026-10-04T20:00:51.987104+00:00,counter,marketdata.update.applied,1,"{""market"":""BTC-SYNTH""}"
2026-10-04T20:00:51.987153+00:00,counter,marketdata.update.applied,1,"{""market"":""BTC-SYNTH""}"
2026-10-04T20:00:51.987206+00:00,counter,marketdata.update.applied,1,"{""market"":""BTC-SYNTH""}"
2026-10-04T20:00:51.987302+00:00,counter,marketdata.update.applied,1,"{""market"":""BTC-SYNTH""}"
2026-10-04T20:00:51.987372+00:00,counter,marketdata.update.applied,1,"{""market"":""BTC-SYNTH""}"
2026-10-04T20:00:51.987426+00:00,counter,marketdata.update.applied,1,"{""market"":""BTC-SYNTH""}"
2026-10-04T20:00:51.987480+00:00,counter,marketdata.update.applied,1,"{""market"":""BTC-SYNTH""}"
2026-10-04T20:00:51.987531+00:00,counter,marketdata.update.applied,1,"{""market"":""BTC-SYNTH""}"
2026-10-04T20:00:51.987585+00:00,counter,marketdata.update.applied,1,"{""market"":""BTC-SYNTH""}"
2026-10-04T20:00:51.987634+00:00,counter,marketdata.update.applied,1,"{""market"":""BTC-SYNTH""}"
2026-10-04T20:00:51.987686+00:00,counter,marketdata.update.applied,1,"{""market"":""BTC-SYNTH""}"
2026-10-04T20:00:51.987734+00:00,counter,marketdata.update.applied,1,"{""market"":""BTC-SYNTH""}"
2026-10-04T20:00:51.987848+00:00,counter,marketdata.update.applied,1,"{""market"":""BTC-SYNTH""}"
2026-10-04T20:00:51.987905+00:00,counter,marketdata.update.applied,1,"{""market"":""BTC-SYNTH""}"
2026-10-04T20:00:51.987964+00:00,counter,marketdata.update.applied,1,"{""market"":""BTC-SYNTH""}"
2026-10-04T20:00:51.988014+00:00,counter,marketdata.update.applied,1,"{""market"":""BTC-SYNTH""}"
2026-10-04T20:00:51.988065+00:00,counter,marketdata.update.applied,1,"{""market"":""BTC-SYNTH""}"
2026-10-04T20:00:51.988241+00:00,counter,marketdata.update.applied,1,"{""market"":""BTC-SYNTH""}"
2026-10-04T20:00:51.988306+00:00,counter,marketdata.update.applied,1,"{""market"":""BTC-SYNTH""}"
2026-10-04T20:00:51.988354+00:00,counter,marketdata.update.applied,1,"{""market"":""BTC-SYNTH""}"
2026-10-04T20:00:51.988404+00:00,counter,marketdata.update.applied,1,"{""market"":""BTC-SYNTH""}"
2026-10-04T20:00:51.988448+00:00,counter,marketdata.update.applied,1,"{""market"":""BTC-SYNTH""}"
2026-10-04T20:00:51.988495+00:00,counter,marketdata.update.applied,1,"{""market"":""BTC-SYNTH""}"
2026-10-04T20:00:51.988539+00:00,counter,marketdata.update.applied,1,"{""market"":""BTC-SYNTH""}"
2026-10-04T20:00:51.988588+00:00,counter,marketdata.update.applied,1,"{""market"":""BTC-SYNTH""}"
2026-10-04T20:00:51.988632+00:00,counter,marketdata.update.applied,1,"{""market"":""BTC-SYNTH""}"
2026-10-04T20:00:51.988679+00:00,counter,marketdata.update.applied,1,"{""market"":""BTC-SYNTH""}"
2026-10-04T20:00:51.988722+00:00,counter,marketdata.update.applied,1,"{""market"":""BTC-SYNTH""}"
2026-10-04T20:00:51.988811+00:00,counter,marketdata.update.applied,1,"{""market"":""BTC-SYNTH""}"
2026-10-04T20:00:51.988863+00:00,counter,marketdata.update.applied,1,"{""market"":""BTC-SYNTH""}"
2026-10-04T20:00:51.988909+00:00,counter,marketdata.update.applied,1,"{""market"":""BTC-SYNTH""}"
2026-10-04T20:00:51.988949+00:00,counter,marketdata.update.applied,1,"{""market"":""BTC-SYNTH""}"
2026-10-04T20:00:51.988993+00:00,counter,marketdata.update.applied,1,"{""market"":""BTC-SYNTH""}"
2026-10-04T20:00:51.989032+00:00,counter,marketdata.update.applied,1,"{""market"":""BTC-SYNTH""}"
2026-10-04T20:00:51.989074+00:00,counter,marketdata.update.applied,1,"{""market"":""BTC-SYNTH""}"
2026-10-04T20:00:51.989113+00:00,counter,marketdata.update.applied,1,"{""market"":""BTC-SYNTH""}"
2026-10-04T20:00:51.989155+00:00,counter,marketdata.update.applied,1,"{""market"":""BTC-SYNTH""}"
2026-10-04T20:00:51.989195+00:00,counter,marketdata.update.applied,1,"{""market"":""BTC-SYNTH""}"
2026-10-04T20:00:51.989236+00:00,counter,marketdata.update.applied,1,"{""market"":""BTC-SYNTH""}"
2026-10-04T20:00:51.989275+00:00,counter,marketdata.update.applied,1,"{""market"":""BTC-SYNTH""}"
2026-10-04T20:00:52.030915+00:00,gauge,pricing.slices.attempted,3.0,"{""market"":""BTC-SYNTH"",""producer"":""svi-scipy""}"
2026-10-04T20:00:52.030942+00:00,gauge,pricing.slices.accepted,3.0,"{""market"":""BTC-SYNTH"",""producer"":""svi-scipy""}"
2026-10-04T20:00:52.031010+00:00,gauge,pricing.rmse_vol_bp,25.358013033351895,"{""market"":""BTC-SYNTH"",""producer"":""svi-scipy""}"
2026-10-04T20:00:52.031019+00:00,timing,pricing.cycle_ms,41.488,"{""market"":""BTC-SYNTH"",""producer"":""svi-scipy""}"
2026-10-04T20:00:52.031322+00:00,counter,bus.published,1,"{""topic"":""surface.BTC-SYNTH.svi-scipy""}"
2026-10-04T20:00:52.031357+00:00,counter,runner.handled,1,"{""subscriber"":""svi-scipy@BTC-SYNTH""}"
2026-10-04T20:00:52.031471+00:00,counter,risk.surface.received,1,"{""market"":""BTC-SYNTH"",""producer"":""svi-scipy"",""status"":""OK""}"
2026-10-04T20:00:52.031489+00:00,timing,risk.surface.snapshot_to_surface_ms,1327.181,"{""market"":""BTC-SYNTH"",""producer"":""svi-scipy""}"
2026-10-04T20:00:52.031502+00:00,timing,risk.surface.delivery_lag_ms,0.593,"{""market"":""BTC-SYNTH"",""producer"":""svi-scipy""}"
2026-10-04T20:00:52.031523+00:00,gauge,risk.surface_age_seconds,1.32779,"{""market"":""BTC-SYNTH"",""producer"":""svi-scipy""}"
2026-10-04T20:00:52.031534+00:00,counter,risk.report.freshness,1,"{""decision"":""NORMAL"",""market"":""BTC-SYNTH"",""producer"":""svi-scipy""}"
2026-10-04T20:00:52.031589+00:00,counter,runner.handled,1,"{""subscriber"":""risk-svi-scipy@BTC-SYNTH""}"
2026-10-04T20:00:52.989586+00:00,counter,marketdata.snapshot.published,1,"{""market"":""BTC-SYNTH""}"
2026-10-04T20:00:52.989705+00:00,gauge,marketdata.clock_skew_seconds,-1.282169,"{""market"":""BTC-SYNTH""}"
2026-10-04T20:00:52.989740+00:00,gauge,marketdata.coverage_ratio,1.0,"{""market"":""BTC-SYNTH""}"
2026-10-04T20:00:52.989769+00:00,gauge,marketdata.max_age_seconds,1.380428,"{""market"":""BTC-SYNTH""}"
2026-10-04T20:00:52.989800+00:00,counter,pipeline.heartbeat.emitted,1,"{""market"":""BTC-SYNTH""}"
2026-10-04T20:00:52.989835+00:00,counter,bus.published,1,"{""topic"":""snapshot.BTC-SYNTH""}"
2026-10-04T20:00:52.990299+00:00,counter,marketdata.update.applied,1,"{""market"":""BTC-SYNTH""}"
2026-10-04T20:00:52.990378+00:00,counter,marketdata.update.applied,1,"{""market"":""BTC-SYNTH""}"
2026-10-04T20:00:52.990498+00:00,counter,marketdata.update.applied,1,"{""market"":""BTC-SYNTH""}"
2026-10-04T20:00:52.990610+00:00,counter,marketdata.update.applied,1,"{""market"":""BTC-SYNTH""}"
2026-10-04T20:00:52.990690+00:00,counter,marketdata.update.applied,1,"{""market"":""BTC-SYNTH""}"
2026-10-04T20:00:52.990745+00:00,counter,marketdata.update.applied,1,"{""market"":""BTC-SYNTH""}"
2026-10-04T20:00:52.990797+00:00,counter,marketdata.update.applied,1,"{""market"":""BTC-SYNTH""}"
2026-10-04T20:00:52.990843+00:00,counter,marketdata.update.applied,1,"{""market"":""BTC-SYNTH""}"
2026-10-04T20:00:52.990894+00:00,counter,marketdata.update.applied,1,"{""market"":""BTC-SYNTH""}"
2026-10-04T20:00:52.990939+00:00,counter,marketdata.update.applied,1,"{""market"":""BTC-SYNTH""}"
2026-10-04T20:00:52.990989+00:00,counter,marketdata.update.applied,1,"{""market"":""BTC-SYNTH""}"
2026-10-04T20:00:52.991033+00:00,counter,marketdata.update.applied,1,"{""market"":""BTC-SYNTH""}"
2026-10-04T20:00:52.991081+00:00,counter,marketdata.update.applied,1,"{""market"":""BTC-SYNTH""}"
2026-10-04T20:00:52.991126+00:00,counter,marketdata.update.applied,1,"{""market"":""BTC-SYNTH""}"
2026-10-04T20:00:52.991174+00:00,counter,marketdata.update.applied,1,"{""market"":""BTC-SYNTH""}"
2026-10-04T20:00:52.991218+00:00,counter,marketdata.update.applied,1,"{""market"":""BTC-SYNTH""}"
2026-10-04T20:00:52.991265+00:00,counter,marketdata.update.applied,1,"{""market"":""BTC-SYNTH""}"
2026-10-04T20:00:52.991310+00:00,counter,marketdata.update.applied,1,"{""market"":""BTC-SYNTH""}"
2026-10-04T20:00:52.991358+00:00,counter,marketdata.update.applied,1,"{""market"":""BTC-SYNTH""}"
2026-10-04T20:00:52.991401+00:00,counter,marketdata.update.applied,1,"{""market"":""BTC-SYNTH""}"
2026-10-04T20:00:52.991446+00:00,counter,marketdata.update.applied,1,"{""market"":""BTC-SYNTH""}"
2026-10-04T20:00:52.991488+00:00,counter,marketdata.update.applied,1,"{""market"":""BTC-SYNTH""}"
2026-10-04T20:00:52.991540+00:00,counter,marketdata.update.applied,1,"{""market"":""BTC-SYNTH""}"
2026-10-04T20:00:52.991583+00:00,counter,marketdata.update.applied,1,"{""market"":""BTC-SYNTH""}"
2026-10-04T20:00:52.991626+00:00,counter,marketdata.update.applied,1,"{""market"":""BTC-SYNTH""}"
2026-10-04T20:00:52.991705+00:00,counter,marketdata.update.applied,1,"{""market"":""BTC-SYNTH""}"
2026-10-04T20:00:52.991756+00:00,counter,marketdata.update.applied,1,"{""market"":""BTC-SYNTH""}"
2026-10-04T20:00:52.991797+00:00,counter,marketdata.update.applied,1,"{""market"":""BTC-SYNTH""}"
2026-10-04T20:00:52.991839+00:00,counter,marketdata.update.applied,1,"{""market"":""BTC-SYNTH""}"
2026-10-04T20:00:52.991878+00:00,counter,marketdata.update.applied,1,"{""market"":""BTC-SYNTH""}"
2026-10-04T20:00:52.991945+00:00,counter,marketdata.update.applied,1,"{""market"":""BTC-SYNTH""}"
2026-10-04T20:00:52.992022+00:00,counter,marketdata.update.applied,1,"{""market"":""BTC-SYNTH""}"
2026-10-04T20:00:52.992073+00:00,counter,marketdata.update.applied,1,"{""market"":""BTC-SYNTH""}"
2026-10-04T20:00:52.992114+00:00,counter,marketdata.update.applied,1,"{""market"":""BTC-SYNTH""}"
2026-10-04T20:00:52.992157+00:00,counter,marketdata.update.applied,1,"{""market"":""BTC-SYNTH""}"
2026-10-04T20:00:52.992195+00:00,counter,marketdata.update.applied,1,"{""market"":""BTC-SYNTH""}"
2026-10-04T20:00:52.992237+00:00,counter,marketdata.update.applied,1,"{""market"":""BTC-SYNTH""}"
2026-10-04T20:00:52.992274+00:00,counter,marketdata.update.applied,1,"{""market"":""BTC-SYNTH""}"
2026-10-04T20:00:52.992315+00:00,counter,marketdata.update.applied,1,"{""market"":""BTC-SYNTH""}"
2026-10-04T20:00:52.992352+00:00,counter,marketdata.update.applied,1,"{""market"":""BTC-SYNTH""}"
2026-10-04T20:00:52.997763+00:00,counter,marketdata.update.applied,1,"{""market"":""BTC-SYNTH""}"
2026-10-04T20:00:52.997810+00:00,counter,marketdata.update.applied,1,"{""market"":""BTC-SYNTH""}"
2026-10-04T20:00:52.997844+00:00,counter,marketdata.update.applied,1,"{""market"":""BTC-SYNTH""}"
2026-10-04T20:00:52.997871+00:00,counter,marketdata.update.applied,1,"{""market"":""BTC-SYNTH""}"
2026-10-04T20:00:52.997900+00:00,counter,marketdata.update.applied,1,"{""market"":""BTC-SYNTH""}"
2026-10-04T20:00:52.997982+00:00,counter,marketdata.update.applied,1,"{""market"":""BTC-SYNTH""}"
2026-10-04T20:00:52.998019+00:00,counter,marketdata.update.applied,1,"{""market"":""BTC-SYNTH""}"
2026-10-04T20:00:52.998044+00:00,counter,marketdata.update.applied,1,"{""market"":""BTC-SYNTH""}"
2026-10-04T20:00:52.998070+00:00,counter,marketdata.update.applied,1,"{""market"":""BTC-SYNTH""}"
2026-10-04T20:00:52.998094+00:00,counter,marketdata.update.applied,1,"{""market"":""BTC-SYNTH""}"
2026-10-04T20:00:52.998120+00:00,counter,marketdata.update.applied,1,"{""market"":""BTC-SYNTH""}"
2026-10-04T20:00:52.998144+00:00,counter,marketdata.update.applied,1,"{""market"":""BTC-SYNTH""}"
2026-10-04T20:00:52.998169+00:00,counter,marketdata.update.applied,1,"{""market"":""BTC-SYNTH""}"
2026-10-04T20:00:52.998192+00:00,counter,marketdata.update.applied,1,"{""market"":""BTC-SYNTH""}"
2026-10-04T20:00:52.998217+00:00,counter,marketdata.update.applied,1,"{""market"":""BTC-SYNTH""}"
2026-10-04T20:00:52.998240+00:00,counter,marketdata.update.applied,1,"{""market"":""BTC-SYNTH""}"
2026-10-04T20:00:52.998264+00:00,counter,marketdata.update.applied,1,"{""market"":""BTC-SYNTH""}"
2026-10-04T20:00:52.998287+00:00,counter,marketdata.update.applied,1,"{""market"":""BTC-SYNTH""}"
2026-10-04T20:00:52.998311+00:00,counter,marketdata.update.applied,1,"{""market"":""BTC-SYNTH""}"
2026-10-04T20:00:52.998333+00:00,counter,marketdata.update.applied,1,"{""market"":""BTC-SYNTH""}"
2026-10-04T20:00:52.998357+00:00,counter,marketdata.update.applied,1,"{""market"":""BTC-SYNTH""}"
2026-10-04T20:00:52.998379+00:00,counter,marketdata.update.applied,1,"{""market"":""BTC-SYNTH""}"
2026-10-04T20:00:52.998403+00:00,counter,marketdata.update.applied,1,"{""market"":""BTC-SYNTH""}"
2026-10-04T20:00:52.998425+00:00,counter,marketdata.update.applied,1,"{""market"":""BTC-SYNTH""}"
2026-10-04T20:00:52.998449+00:00,counter,marketdata.update.applied,1,"{""market"":""BTC-SYNTH""}"
2026-10-04T20:00:52.998471+00:00,counter,marketdata.update.applied,1,"{""market"":""BTC-SYNTH""}"
2026-10-04T20:00:53.030538+00:00,gauge,pricing.slices.attempted,3.0,"{""market"":""BTC-SYNTH"",""producer"":""svi-scipy""}"
2026-10-04T20:00:53.030557+00:00,gauge,pricing.slices.accepted,3.0,"{""market"":""BTC-SYNTH"",""producer"":""svi-scipy""}"
2026-10-04T20:00:53.030616+00:00,gauge,pricing.rmse_vol_bp,48.68047476846651,"{""market"":""BTC-SYNTH"",""producer"":""svi-scipy""}"
2026-10-04T20:00:53.030623+00:00,timing,pricing.cycle_ms,38.036,"{""market"":""BTC-SYNTH"",""producer"":""svi-scipy""}"
2026-10-04T20:00:53.030871+00:00,counter,bus.published,1,"{""topic"":""surface.BTC-SYNTH.svi-scipy""}"
2026-10-04T20:00:53.030904+00:00,counter,runner.handled,1,"{""subscriber"":""svi-scipy@BTC-SYNTH""}"
2026-10-04T20:00:53.031010+00:00,counter,risk.surface.received,1,"{""market"":""BTC-SYNTH"",""producer"":""svi-scipy"",""status"":""OK""}"
2026-10-04T20:00:53.031029+00:00,timing,risk.surface.snapshot_to_surface_ms,1324.691,"{""market"":""BTC-SYNTH"",""producer"":""svi-scipy""}"
2026-10-04T20:00:53.031043+00:00,timing,risk.surface.delivery_lag_ms,0.509,"{""market"":""BTC-SYNTH"",""producer"":""svi-scipy""}"
2026-10-04T20:00:53.031061+00:00,gauge,risk.surface_age_seconds,1.325215,"{""market"":""BTC-SYNTH"",""producer"":""svi-scipy""}"
2026-10-04T20:00:53.031072+00:00,counter,risk.report.freshness,1,"{""decision"":""NORMAL"",""market"":""BTC-SYNTH"",""producer"":""svi-scipy""}"
2026-10-04T20:00:53.031118+00:00,counter,runner.handled,1,"{""subscriber"":""risk-svi-scipy@BTC-SYNTH""}"
2026-10-04T20:00:53.993527+00:00,counter,marketdata.snapshot.published,1,"{""market"":""BTC-SYNTH""}"
2026-10-04T20:00:53.993592+00:00,gauge,marketdata.clock_skew_seconds,-1.289074,"{""market"":""BTC-SYNTH""}"
2026-10-04T20:00:53.993610+00:00,gauge,marketdata.coverage_ratio,0.9848484848484849,"{""market"":""BTC-SYNTH""}"
2026-10-04T20:00:53.993622+00:00,gauge,marketdata.max_age_seconds,1.386174,"{""market"":""BTC-SYNTH""}"
2026-10-04T20:00:53.993639+00:00,counter,pipeline.heartbeat.emitted,1,"{""market"":""BTC-SYNTH""}"
2026-10-04T20:00:53.993658+00:00,counter,bus.published,1,"{""topic"":""snapshot.BTC-SYNTH""}"
2026-10-04T20:00:53.999664+00:00,counter,marketdata.update.applied,1,"{""market"":""BTC-SYNTH""}"
2026-10-04T20:00:53.999735+00:00,counter,marketdata.update.applied,1,"{""market"":""BTC-SYNTH""}"
2026-10-04T20:00:53.999778+00:00,counter,marketdata.update.applied,1,"{""market"":""BTC-SYNTH""}"
2026-10-04T20:00:53.999804+00:00,counter,marketdata.update.applied,1,"{""market"":""BTC-SYNTH""}"
2026-10-04T20:00:53.999829+00:00,counter,marketdata.update.applied,1,"{""market"":""BTC-SYNTH""}"
2026-10-04T20:00:53.999850+00:00,counter,marketdata.update.applied,1,"{""market"":""BTC-SYNTH""}"
2026-10-04T20:00:53.999873+00:00,counter,marketdata.update.applied,1,"{""market"":""BTC-SYNTH""}"
2026-10-04T20:00:53.999893+00:00,counter,marketdata.update.applied,1,"{""market"":""BTC-SYNTH""}"
2026-10-04T20:00:53.999915+00:00,counter,marketdata.update.applied,1,"{""market"":""BTC-SYNTH""}"
2026-10-04T20:00:53.999936+00:00,counter,marketdata.update.applied,1,"{""market"":""BTC-SYNTH""}"
2026-10-04T20:00:53.999946+00:00,counter,marketdata.update.applied,1,"{""market"":""BTC-SYNTH""}"
2026-10-04T20:00:53.999954+00:00,counter,marketdata.update.applied,1,"{""market"":""BTC-SYNTH""}"
2026-10-04T20:00:53.999963+00:00,counter,marketdata.update.applied,1,"{""market"":""BTC-SYNTH""}"
2026-10-04T20:00:53.999971+00:00,counter,marketdata.update.applied,1,"{""market"":""BTC-SYNTH""}"
2026-10-04T20:00:53.999979+00:00,counter,marketdata.update.applied,1,"{""market"":""BTC-SYNTH""}"
2026-10-04T20:00:53.999987+00:00,counter,marketdata.update.applied,1,"{""market"":""BTC-SYNTH""}"
2026-10-04T20:00:53.999996+00:00,counter,marketdata.update.applied,1,"{""market"":""BTC-SYNTH""}"
2026-10-04T20:00:54.000003+00:00,counter,marketdata.update.applied,1,"{""market"":""BTC-SYNTH""}"
2026-10-04T20:00:54.000013+00:00,counter,marketdata.update.applied,1,"{""market"":""BTC-SYNTH""}"
2026-10-04T20:00:54.000021+00:00,counter,marketdata.update.applied,1,"{""market"":""BTC-SYNTH""}"
2026-10-04T20:00:54.000030+00:00,counter,marketdata.update.applied,1,"{""market"":""BTC-SYNTH""}"
2026-10-04T20:00:54.000039+00:00,counter,marketdata.update.applied,1,"{""market"":""BTC-SYNTH""}"
2026-10-04T20:00:54.000049+00:00,counter,marketdata.update.applied,1,"{""market"":""BTC-SYNTH""}"
2026-10-04T20:00:54.000057+00:00,counter,marketdata.update.applied,1,"{""market"":""BTC-SYNTH""}"
2026-10-04T20:00:54.000066+00:00,counter,marketdata.update.applied,1,"{""market"":""BTC-SYNTH""}"
2026-10-04T20:00:54.000074+00:00,counter,marketdata.update.applied,1,"{""market"":""BTC-SYNTH""}"
2026-10-04T20:00:54.000083+00:00,counter,marketdata.update.applied,1,"{""market"":""BTC-SYNTH""}"
2026-10-04T20:00:54.000092+00:00,counter,marketdata.update.applied,1,"{""market"":""BTC-SYNTH""}"
2026-10-04T20:00:54.000101+00:00,counter,marketdata.update.applied,1,"{""market"":""BTC-SYNTH""}"
2026-10-04T20:00:54.000109+00:00,counter,marketdata.update.applied,1,"{""market"":""BTC-SYNTH""}"
2026-10-04T20:00:54.000118+00:00,counter,marketdata.update.applied,1,"{""market"":""BTC-SYNTH""}"
2026-10-04T20:00:54.000126+00:00,counter,marketdata.update.applied,1,"{""market"":""BTC-SYNTH""}"
2026-10-04T20:00:54.000135+00:00,counter,marketdata.update.applied,1,"{""market"":""BTC-SYNTH""}"
2026-10-04T20:00:54.000144+00:00,counter,marketdata.update.applied,1,"{""market"":""BTC-SYNTH""}"
2026-10-04T20:00:54.000153+00:00,counter,marketdata.update.applied,1,"{""market"":""BTC-SYNTH""}"
2026-10-04T20:00:54.000161+00:00,counter,marketdata.update.applied,1,"{""market"":""BTC-SYNTH""}"
2026-10-04T20:00:54.000169+00:00,counter,marketdata.update.applied,1,"{""market"":""BTC-SYNTH""}"
2026-10-04T20:00:54.000218+00:00,counter,marketdata.update.applied,1,"{""market"":""BTC-SYNTH""}"
2026-10-04T20:00:54.000230+00:00,counter,marketdata.update.applied,1,"{""market"":""BTC-SYNTH""}"
2026-10-04T20:00:54.000240+00:00,counter,marketdata.update.applied,1,"{""market"":""BTC-SYNTH""}"
2026-10-04T20:00:54.000249+00:00,counter,marketdata.update.applied,1,"{""market"":""BTC-SYNTH""}"
2026-10-04T20:00:54.000258+00:00,counter,marketdata.update.applied,1,"{""market"":""BTC-SYNTH""}"
2026-10-04T20:00:54.000267+00:00,counter,marketdata.update.applied,1,"{""market"":""BTC-SYNTH""}"
2026-10-04T20:00:54.000275+00:00,counter,marketdata.update.applied,1,"{""market"":""BTC-SYNTH""}"
2026-10-04T20:00:54.000286+00:00,counter,marketdata.update.applied,1,"{""market"":""BTC-SYNTH""}"
2026-10-04T20:00:54.000293+00:00,counter,marketdata.update.applied,1,"{""market"":""BTC-SYNTH""}"
2026-10-04T20:00:54.000311+00:00,counter,marketdata.update.applied,1,"{""market"":""BTC-SYNTH""}"
2026-10-04T20:00:54.000320+00:00,counter,marketdata.update.applied,1,"{""market"":""BTC-SYNTH""}"
2026-10-04T20:00:54.000329+00:00,counter,marketdata.update.applied,1,"{""market"":""BTC-SYNTH""}"
2026-10-04T20:00:54.000337+00:00,counter,marketdata.update.applied,1,"{""market"":""BTC-SYNTH""}"
2026-10-04T20:00:54.000347+00:00,counter,marketdata.update.applied,1,"{""market"":""BTC-SYNTH""}"
2026-10-04T20:00:54.000355+00:00,counter,marketdata.update.applied,1,"{""market"":""BTC-SYNTH""}"
2026-10-04T20:00:54.000363+00:00,counter,marketdata.update.applied,1,"{""market"":""BTC-SYNTH""}"
2026-10-04T20:00:54.000371+00:00,counter,marketdata.update.applied,1,"{""market"":""BTC-SYNTH""}"
2026-10-04T20:00:54.000381+00:00,counter,marketdata.update.applied,1,"{""market"":""BTC-SYNTH""}"
2026-10-04T20:00:54.000389+00:00,counter,marketdata.update.applied,1,"{""market"":""BTC-SYNTH""}"
2026-10-04T20:00:54.000400+00:00,counter,marketdata.update.applied,1,"{""market"":""BTC-SYNTH""}"
2026-10-04T20:00:54.000407+00:00,counter,marketdata.update.applied,1,"{""market"":""BTC-SYNTH""}"
2026-10-04T20:00:54.000416+00:00,counter,marketdata.update.applied,1,"{""market"":""BTC-SYNTH""}"
2026-10-04T20:00:54.000424+00:00,counter,marketdata.update.applied,1,"{""market"":""BTC-SYNTH""}"
2026-10-04T20:00:54.000432+00:00,counter,marketdata.update.applied,1,"{""market"":""BTC-SYNTH""}"
2026-10-04T20:00:54.000440+00:00,counter,marketdata.update.applied,1,"{""market"":""BTC-SYNTH""}"
2026-10-04T20:00:54.000449+00:00,counter,marketdata.update.applied,1,"{""market"":""BTC-SYNTH""}"
2026-10-04T20:00:54.000457+00:00,counter,marketdata.update.applied,1,"{""market"":""BTC-SYNTH""}"
2026-10-04T20:00:54.000466+00:00,counter,marketdata.update.applied,1,"{""market"":""BTC-SYNTH""}"
2026-10-04T20:00:54.000473+00:00,counter,marketdata.update.applied,1,"{""market"":""BTC-SYNTH""}"
2026-10-04T20:00:54.087982+00:00,gauge,pricing.slices.attempted,3.0,"{""market"":""BTC-SYNTH"",""producer"":""svi-scipy""}"
2026-10-04T20:00:54.088005+00:00,gauge,pricing.slices.accepted,3.0,"{""market"":""BTC-SYNTH"",""producer"":""svi-scipy""}"
2026-10-04T20:00:54.088071+00:00,gauge,pricing.rmse_vol_bp,50.47263904403286,"{""market"":""BTC-SYNTH"",""producer"":""svi-scipy""}"
2026-10-04T20:00:54.088079+00:00,timing,pricing.cycle_ms,93.902,"{""market"":""BTC-SYNTH"",""producer"":""svi-scipy""}"
2026-10-04T20:00:54.088314+00:00,counter,bus.published,1,"{""topic"":""surface.BTC-SYNTH.svi-scipy""}"
2026-10-04T20:00:54.088343+00:00,counter,runner.handled,1,"{""subscriber"":""svi-scipy@BTC-SYNTH""}"
2026-10-04T20:00:54.088423+00:00,counter,risk.surface.received,1,"{""market"":""BTC-SYNTH"",""producer"":""svi-scipy"",""status"":""OK""}"
2026-10-04T20:00:54.088434+00:00,timing,risk.surface.snapshot_to_surface_ms,1384.476,"{""market"":""BTC-SYNTH"",""producer"":""svi-scipy""}"
2026-10-04T20:00:54.088441+00:00,timing,risk.surface.delivery_lag_ms,0.46599999999999997,"{""market"":""BTC-SYNTH"",""producer"":""svi-scipy""}"
2026-10-04T20:00:54.088453+00:00,gauge,risk.surface_age_seconds,1.384951,"{""market"":""BTC-SYNTH"",""producer"":""svi-scipy""}"
2026-10-04T20:00:54.088459+00:00,counter,risk.report.freshness,1,"{""decision"":""NORMAL"",""market"":""BTC-SYNTH"",""producer"":""svi-scipy""}"
2026-10-04T20:00:54.088496+00:00,counter,runner.handled,1,"{""subscriber"":""risk-svi-scipy@BTC-SYNTH""}"
2026-10-04T20:00:54.997724+00:00,counter,marketdata.snapshot.published,1,"{""market"":""BTC-SYNTH""}"
2026-10-04T20:00:54.997826+00:00,gauge,marketdata.clock_skew_seconds,-1.291796,"{""market"":""BTC-SYNTH""}"
2026-10-04T20:00:54.997862+00:00,gauge,marketdata.coverage_ratio,1.0,"{""market"":""BTC-SYNTH""}"
2026-10-04T20:00:54.997890+00:00,gauge,marketdata.max_age_seconds,1.389459,"{""market"":""BTC-SYNTH""}"
2026-10-04T20:00:54.997980+00:00,counter,pipeline.heartbeat.emitted,1,"{""market"":""BTC-SYNTH""}"
2026-10-04T20:00:54.998029+00:00,counter,bus.published,1,"{""topic"":""snapshot.BTC-SYNTH""}"
2026-10-04T20:00:55.003069+00:00,counter,marketdata.update.applied,1,"{""market"":""BTC-SYNTH""}"
2026-10-04T20:00:55.003148+00:00,counter,marketdata.update.applied,1,"{""market"":""BTC-SYNTH""}"
2026-10-04T20:00:55.003194+00:00,counter,marketdata.update.applied,1,"{""market"":""BTC-SYNTH""}"
2026-10-04T20:00:55.003228+00:00,counter,marketdata.update.applied,1,"{""market"":""BTC-SYNTH""}"
2026-10-04T20:00:55.003260+00:00,counter,marketdata.update.applied,1,"{""market"":""BTC-SYNTH""}"
2026-10-04T20:00:55.003289+00:00,counter,marketdata.update.applied,1,"{""market"":""BTC-SYNTH""}"
2026-10-04T20:00:55.003321+00:00,counter,marketdata.update.applied,1,"{""market"":""BTC-SYNTH""}"
2026-10-04T20:00:55.003348+00:00,counter,marketdata.update.applied,1,"{""market"":""BTC-SYNTH""}"
2026-10-04T20:00:55.003377+00:00,counter,marketdata.update.applied,1,"{""market"":""BTC-SYNTH""}"
2026-10-04T20:00:55.003405+00:00,counter,marketdata.update.applied,1,"{""market"":""BTC-SYNTH""}"
2026-10-04T20:00:55.003435+00:00,counter,marketdata.update.applied,1,"{""market"":""BTC-SYNTH""}"
2026-10-04T20:00:55.003462+00:00,counter,marketdata.update.applied,1,"{""market"":""BTC-SYNTH""}"
2026-10-04T20:00:55.003491+00:00,counter,marketdata.update.applied,1,"{""market"":""BTC-SYNTH""}"
2026-10-04T20:00:55.003518+00:00,counter,marketdata.update.applied,1,"{""market"":""BTC-SYNTH""}"
2026-10-04T20:00:55.003548+00:00,counter,marketdata.update.applied,1,"{""market"":""BTC-SYNTH""}"
2026-10-04T20:00:55.003574+00:00,counter,marketdata.update.applied,1,"{""market"":""BTC-SYNTH""}"
2026-10-04T20:00:55.003603+00:00,counter,marketdata.update.applied,1,"{""market"":""BTC-SYNTH""}"
2026-10-04T20:00:55.003629+00:00,counter,marketdata.update.applied,1,"{""market"":""BTC-SYNTH""}"
2026-10-04T20:00:55.003660+00:00,counter,marketdata.update.applied,1,"{""market"":""BTC-SYNTH""}"
2026-10-04T20:00:55.003687+00:00,counter,marketdata.update.applied,1,"{""market"":""BTC-SYNTH""}"
2026-10-04T20:00:55.003715+00:00,counter,marketdata.update.applied,1,"{""market"":""BTC-SYNTH""}"
2026-10-04T20:00:55.003740+00:00,counter,marketdata.update.applied,1,"{""market"":""BTC-SYNTH""}"
2026-10-04T20:00:55.003771+00:00,counter,marketdata.update.applied,1,"{""market"":""BTC-SYNTH""}"
2026-10-04T20:00:55.003797+00:00,counter,marketdata.update.applied,1,"{""market"":""BTC-SYNTH""}"
2026-10-04T20:00:55.003825+00:00,counter,marketdata.update.applied,1,"{""market"":""BTC-SYNTH""}"
2026-10-04T20:00:55.003851+00:00,counter,marketdata.update.applied,1,"{""market"":""BTC-SYNTH""}"
2026-10-04T20:00:55.003879+00:00,counter,marketdata.update.applied,1,"{""market"":""BTC-SYNTH""}"
2026-10-04T20:00:55.003904+00:00,counter,marketdata.update.applied,1,"{""market"":""BTC-SYNTH""}"
2026-10-04T20:00:55.003931+00:00,counter,marketdata.update.applied,1,"{""market"":""BTC-SYNTH""}"
2026-10-04T20:00:55.003957+00:00,counter,marketdata.update.applied,1,"{""market"":""BTC-SYNTH""}"
2026-10-04T20:00:55.003987+00:00,counter,marketdata.update.applied,1,"{""market"":""BTC-SYNTH""}"
2026-10-04T20:00:55.004012+00:00,counter,marketdata.update.applied,1,"{""market"":""BTC-SYNTH""}"
2026-10-04T20:00:55.004039+00:00,counter,marketdata.update.applied,1,"{""market"":""BTC-SYNTH""}"
2026-10-04T20:00:55.004064+00:00,counter,marketdata.update.applied,1,"{""market"":""BTC-SYNTH""}"
2026-10-04T20:00:55.004178+00:00,counter,marketdata.update.applied,1,"{""market"":""BTC-SYNTH""}"
2026-10-04T20:00:55.004213+00:00,counter,marketdata.update.applied,1,"{""market"":""BTC-SYNTH""}"
2026-10-04T20:00:55.004243+00:00,counter,marketdata.update.applied,1,"{""market"":""BTC-SYNTH""}"
2026-10-04T20:00:55.004270+00:00,counter,marketdata.update.applied,1,"{""market"":""BTC-SYNTH""}"
2026-10-04T20:00:55.004299+00:00,counter,marketdata.update.applied,1,"{""market"":""BTC-SYNTH""}"
2026-10-04T20:00:55.004326+00:00,counter,marketdata.update.applied,1,"{""market"":""BTC-SYNTH""}"
2026-10-04T20:00:55.004353+00:00,counter,marketdata.update.applied,1,"{""market"":""BTC-SYNTH""}"
2026-10-04T20:00:55.004380+00:00,counter,marketdata.update.applied,1,"{""market"":""BTC-SYNTH""}"
2026-10-04T20:00:55.004408+00:00,counter,marketdata.update.applied,1,"{""market"":""BTC-SYNTH""}"
2026-10-04T20:00:55.004435+00:00,counter,marketdata.update.applied,1,"{""market"":""BTC-SYNTH""}"
2026-10-04T20:00:55.004466+00:00,counter,marketdata.update.applied,1,"{""market"":""BTC-SYNTH""}"
2026-10-04T20:00:55.004510+00:00,counter,marketdata.update.applied,1,"{""market"":""BTC-SYNTH""}"
2026-10-04T20:00:55.004542+00:00,counter,marketdata.update.applied,1,"{""market"":""BTC-SYNTH""}"
2026-10-04T20:00:55.004570+00:00,counter,marketdata.update.applied,1,"{""market"":""BTC-SYNTH""}"
2026-10-04T20:00:55.004599+00:00,counter,marketdata.update.applied,1,"{""market"":""BTC-SYNTH""}"
2026-10-04T20:00:55.004628+00:00,counter,marketdata.update.applied,1,"{""market"":""BTC-SYNTH""}"
2026-10-04T20:00:55.004658+00:00,counter,marketdata.update.applied,1,"{""market"":""BTC-SYNTH""}"
2026-10-04T20:00:55.004686+00:00,counter,marketdata.update.applied,1,"{""market"":""BTC-SYNTH""}"
2026-10-04T20:00:55.004724+00:00,counter,marketdata.update.applied,1,"{""market"":""BTC-SYNTH""}"
2026-10-04T20:00:55.004752+00:00,counter,marketdata.update.applied,1,"{""market"":""BTC-SYNTH""}"
2026-10-04T20:00:55.004783+00:00,counter,marketdata.update.applied,1,"{""market"":""BTC-SYNTH""}"
2026-10-04T20:00:55.004811+00:00,counter,marketdata.update.applied,1,"{""market"":""BTC-SYNTH""}"
2026-10-04T20:00:55.004841+00:00,counter,marketdata.update.applied,1,"{""market"":""BTC-SYNTH""}"
2026-10-04T20:00:55.004870+00:00,counter,marketdata.update.applied,1,"{""market"":""BTC-SYNTH""}"
2026-10-04T20:00:55.004901+00:00,counter,marketdata.update.applied,1,"{""market"":""BTC-SYNTH""}"
2026-10-04T20:00:55.004929+00:00,counter,marketdata.update.applied,1,"{""market"":""BTC-SYNTH""}"
2026-10-04T20:00:55.004960+00:00,counter,marketdata.update.applied,1,"{""market"":""BTC-SYNTH""}"
2026-10-04T20:00:55.004988+00:00,counter,marketdata.update.applied,1,"{""market"":""BTC-SYNTH""}"
2026-10-04T20:00:55.005019+00:00,counter,marketdata.update.applied,1,"{""market"":""BTC-SYNTH""}"
2026-10-04T20:00:55.005048+00:00,counter,marketdata.update.applied,1,"{""market"":""BTC-SYNTH""}"
2026-10-04T20:00:55.005078+00:00,counter,marketdata.update.applied,1,"{""market"":""BTC-SYNTH""}"
2026-10-04T20:00:55.005132+00:00,counter,marketdata.update.applied,1,"{""market"":""BTC-SYNTH""}"
2026-10-04T20:00:55.127415+00:00,gauge,pricing.slices.attempted,3.0,"{""market"":""BTC-SYNTH"",""producer"":""svi-scipy""}"
2026-10-04T20:00:55.127443+00:00,gauge,pricing.slices.accepted,3.0,"{""market"":""BTC-SYNTH"",""producer"":""svi-scipy""}"
2026-10-04T20:00:55.127509+00:00,gauge,pricing.rmse_vol_bp,36.5878414038637,"{""market"":""BTC-SYNTH"",""producer"":""svi-scipy""}"
2026-10-04T20:00:55.127520+00:00,timing,pricing.cycle_ms,129.0,"{""market"":""BTC-SYNTH"",""producer"":""svi-scipy""}"
2026-10-04T20:00:55.127751+00:00,counter,bus.published,1,"{""topic"":""surface.BTC-SYNTH.svi-scipy""}"
2026-10-04T20:00:55.127789+00:00,counter,runner.handled,1,"{""subscriber"":""svi-scipy@BTC-SYNTH""}"
2026-10-04T20:00:55.127918+00:00,counter,risk.surface.received,1,"{""market"":""BTC-SYNTH"",""producer"":""svi-scipy"",""status"":""OK""}"
2026-10-04T20:00:55.127940+00:00,timing,risk.surface.snapshot_to_surface_ms,1423.3700000000001,"{""market"":""BTC-SYNTH"",""producer"":""svi-scipy""}"
2026-10-04T20:00:55.127948+00:00,timing,risk.surface.delivery_lag_ms,0.541,"{""market"":""BTC-SYNTH"",""producer"":""svi-scipy""}"
2026-10-04T20:00:55.127962+00:00,gauge,risk.surface_age_seconds,1.423921,"{""market"":""BTC-SYNTH"",""producer"":""svi-scipy""}"
2026-10-04T20:00:55.127969+00:00,counter,risk.report.freshness,1,"{""decision"":""NORMAL"",""market"":""BTC-SYNTH"",""producer"":""svi-scipy""}"
2026-10-04T20:00:55.128008+00:00,counter,runner.handled,1,"{""subscriber"":""risk-svi-scipy@BTC-SYNTH""}"
2026-10-04T20:00:56.002166+00:00,counter,marketdata.snapshot.published,1,"{""market"":""BTC-SYNTH""}"
2026-10-04T20:00:56.002268+00:00,gauge,marketdata.clock_skew_seconds,-1.295843,"{""market"":""BTC-SYNTH""}"
2026-10-04T20:00:56.002305+00:00,gauge,marketdata.coverage_ratio,0.9848484848484849,"{""market"":""BTC-SYNTH""}"
2026-10-04T20:00:56.002332+00:00,gauge,marketdata.max_age_seconds,1.394232,"{""market"":""BTC-SYNTH""}"
2026-10-04T20:00:56.002363+00:00,counter,pipeline.heartbeat.emitted,1,"{""market"":""BTC-SYNTH""}"
2026-10-04T20:00:56.002400+00:00,counter,bus.published,1,"{""topic"":""snapshot.BTC-SYNTH""}"
2026-10-04T20:00:56.011079+00:00,counter,marketdata.update.applied,1,"{""market"":""BTC-SYNTH""}"
2026-10-04T20:00:56.011119+00:00,counter,marketdata.update.applied,1,"{""market"":""BTC-SYNTH""}"
2026-10-04T20:00:56.011147+00:00,counter,marketdata.update.applied,1,"{""market"":""BTC-SYNTH""}"
2026-10-04T20:00:56.011170+00:00,counter,marketdata.update.applied,1,"{""market"":""BTC-SYNTH""}"
2026-10-04T20:00:56.011193+00:00,counter,marketdata.update.applied,1,"{""market"":""BTC-SYNTH""}"
2026-10-04T20:00:56.011232+00:00,counter,marketdata.update.applied,1,"{""market"":""BTC-SYNTH""}"
2026-10-04T20:00:56.011262+00:00,counter,marketdata.update.applied,1,"{""market"":""BTC-SYNTH""}"
2026-10-04T20:00:56.011284+00:00,counter,marketdata.update.applied,1,"{""market"":""BTC-SYNTH""}"
2026-10-04T20:00:56.011308+00:00,counter,marketdata.update.applied,1,"{""market"":""BTC-SYNTH""}"
2026-10-04T20:00:56.011330+00:00,counter,marketdata.update.applied,1,"{""market"":""BTC-SYNTH""}"
2026-10-04T20:00:56.011351+00:00,counter,marketdata.update.applied,1,"{""market"":""BTC-SYNTH""}"
2026-10-04T20:00:56.011371+00:00,counter,marketdata.update.applied,1,"{""market"":""BTC-SYNTH""}"
2026-10-04T20:00:56.011392+00:00,counter,marketdata.update.applied,1,"{""market"":""BTC-SYNTH""}"
2026-10-04T20:00:56.011411+00:00,counter,marketdata.update.applied,1,"{""market"":""BTC-SYNTH""}"
2026-10-04T20:00:56.011432+00:00,counter,marketdata.update.applied,1,"{""market"":""BTC-SYNTH""}"
2026-10-04T20:00:56.011451+00:00,counter,marketdata.update.applied,1,"{""market"":""BTC-SYNTH""}"
2026-10-04T20:00:56.011472+00:00,counter,marketdata.update.applied,1,"{""market"":""BTC-SYNTH""}"
2026-10-04T20:00:56.011503+00:00,counter,marketdata.update.applied,1,"{""market"":""BTC-SYNTH""}"
2026-10-04T20:00:56.011525+00:00,counter,marketdata.update.applied,1,"{""market"":""BTC-SYNTH""}"
2026-10-04T20:00:56.011544+00:00,counter,marketdata.update.applied,1,"{""market"":""BTC-SYNTH""}"
2026-10-04T20:00:56.011565+00:00,counter,marketdata.update.applied,1,"{""market"":""BTC-SYNTH""}"
2026-10-04T20:00:56.011584+00:00,counter,marketdata.update.applied,1,"{""market"":""BTC-SYNTH""}"
2026-10-04T20:00:56.011612+00:00,counter,marketdata.update.applied,1,"{""market"":""BTC-SYNTH""}"
2026-10-04T20:00:56.011632+00:00,counter,marketdata.update.applied,1,"{""market"":""BTC-SYNTH""}"
2026-10-04T20:00:56.011653+00:00,counter,marketdata.update.applied,1,"{""market"":""BTC-SYNTH""}"
2026-10-04T20:00:56.011671+00:00,counter,marketdata.update.applied,1,"{""market"":""BTC-SYNTH""}"
2026-10-04T20:00:56.011692+00:00,counter,marketdata.update.applied,1,"{""market"":""BTC-SYNTH""}"
2026-10-04T20:00:56.011713+00:00,counter,marketdata.update.applied,1,"{""market"":""BTC-SYNTH""}"
2026-10-04T20:00:56.011733+00:00,counter,marketdata.update.applied,1,"{""market"":""BTC-SYNTH""}"
2026-10-04T20:00:56.011751+00:00,counter,marketdata.update.applied,1,"{""market"":""BTC-SYNTH""}"
2026-10-04T20:00:56.012599+00:00,counter,marketdata.update.applied,1,"{""market"":""BTC-SYNTH""}"
2026-10-04T20:00:56.012631+00:00,counter,marketdata.update.applied,1,"{""market"":""BTC-SYNTH""}"
2026-10-04T20:00:56.012659+00:00,counter,marketdata.update.applied,1,"{""market"":""BTC-SYNTH""}"
2026-10-04T20:00:56.012682+00:00,counter,marketdata.update.applied,1,"{""market"":""BTC-SYNTH""}"
2026-10-04T20:00:56.012708+00:00,counter,marketdata.update.applied,1,"{""market"":""BTC-SYNTH""}"
2026-10-04T20:00:56.012732+00:00,counter,marketdata.update.applied,1,"{""market"":""BTC-SYNTH""}"
2026-10-04T20:00:56.012757+00:00,counter,marketdata.update.applied,1,"{""market"":""BTC-SYNTH""}"
2026-10-04T20:00:56.012781+00:00,counter,marketdata.update.applied,1,"{""market"":""BTC-SYNTH""}"
2026-10-04T20:00:56.012806+00:00,counter,marketdata.update.applied,1,"{""market"":""BTC-SYNTH""}"
2026-10-04T20:00:56.012828+00:00,counter,marketdata.update.applied,1,"{""market"":""BTC-SYNTH""}"
2026-10-04T20:00:56.012850+00:00,counter,marketdata.update.applied,1,"{""market"":""BTC-SYNTH""}"
2026-10-04T20:00:56.012870+00:00,counter,marketdata.update.applied,1,"{""market"":""BTC-SYNTH""}"
2026-10-04T20:00:56.012893+00:00,counter,marketdata.update.applied,1,"{""market"":""BTC-SYNTH""}"
2026-10-04T20:00:56.012913+00:00,counter,marketdata.update.applied,1,"{""market"":""BTC-SYNTH""}"
2026-10-04T20:00:56.012937+00:00,counter,marketdata.update.applied,1,"{""market"":""BTC-SYNTH""}"
2026-10-04T20:00:56.012957+00:00,counter,marketdata.update.applied,1,"{""market"":""BTC-SYNTH""}"
2026-10-04T20:00:56.012980+00:00,counter,marketdata.update.applied,1,"{""market"":""BTC-SYNTH""}"
2026-10-04T20:00:56.013000+00:00,counter,marketdata.update.applied,1,"{""market"":""BTC-SYNTH""}"
2026-10-04T20:00:56.013023+00:00,counter,marketdata.update.applied,1,"{""market"":""BTC-SYNTH""}"
2026-10-04T20:00:56.013043+00:00,counter,marketdata.update.applied,1,"{""market"":""BTC-SYNTH""}"
2026-10-04T20:00:56.013066+00:00,counter,marketdata.update.applied,1,"{""market"":""BTC-SYNTH""}"
2026-10-04T20:00:56.013086+00:00,counter,marketdata.update.applied,1,"{""market"":""BTC-SYNTH""}"
2026-10-04T20:00:56.013108+00:00,counter,marketdata.update.applied,1,"{""market"":""BTC-SYNTH""}"
2026-10-04T20:00:56.013128+00:00,counter,marketdata.update.applied,1,"{""market"":""BTC-SYNTH""}"
2026-10-04T20:00:56.013150+00:00,counter,marketdata.update.applied,1,"{""market"":""BTC-SYNTH""}"
2026-10-04T20:00:56.013170+00:00,counter,marketdata.update.applied,1,"{""market"":""BTC-SYNTH""}"
2026-10-04T20:00:56.013211+00:00,counter,marketdata.update.applied,1,"{""market"":""BTC-SYNTH""}"
2026-10-04T20:00:56.013241+00:00,counter,marketdata.update.applied,1,"{""market"":""BTC-SYNTH""}"
2026-10-04T20:00:56.013267+00:00,counter,marketdata.update.applied,1,"{""market"":""BTC-SYNTH""}"
2026-10-04T20:00:56.013288+00:00,counter,marketdata.update.applied,1,"{""market"":""BTC-SYNTH""}"
2026-10-04T20:00:56.013310+00:00,counter,marketdata.update.applied,1,"{""market"":""BTC-SYNTH""}"
2026-10-04T20:00:56.013331+00:00,counter,marketdata.update.applied,1,"{""market"":""BTC-SYNTH""}"
2026-10-04T20:00:56.013353+00:00,counter,marketdata.update.applied,1,"{""market"":""BTC-SYNTH""}"
2026-10-04T20:00:56.013374+00:00,counter,marketdata.update.applied,1,"{""market"":""BTC-SYNTH""}"
2026-10-04T20:00:56.013396+00:00,counter,marketdata.update.applied,1,"{""market"":""BTC-SYNTH""}"
2026-10-04T20:00:56.013416+00:00,counter,marketdata.update.applied,1,"{""market"":""BTC-SYNTH""}"
2026-10-04T20:00:56.058541+00:00,gauge,pricing.slices.attempted,3.0,"{""market"":""BTC-SYNTH"",""producer"":""svi-scipy""}"
2026-10-04T20:00:56.058561+00:00,gauge,pricing.slices.accepted,3.0,"{""market"":""BTC-SYNTH"",""producer"":""svi-scipy""}"
2026-10-04T20:00:56.058623+00:00,gauge,pricing.rmse_vol_bp,37.67381973487453,"{""market"":""BTC-SYNTH"",""producer"":""svi-scipy""}"
2026-10-04T20:00:56.058631+00:00,timing,pricing.cycle_ms,55.834,"{""market"":""BTC-SYNTH"",""producer"":""svi-scipy""}"
2026-10-04T20:00:56.058867+00:00,counter,bus.published,1,"{""topic"":""surface.BTC-SYNTH.svi-scipy""}"
2026-10-04T20:00:56.058923+00:00,counter,runner.handled,1,"{""subscriber"":""svi-scipy@BTC-SYNTH""}"
2026-10-04T20:00:56.059052+00:00,counter,risk.surface.received,1,"{""market"":""BTC-SYNTH"",""producer"":""svi-scipy"",""status"":""OK""}"
2026-10-04T20:00:56.059075+00:00,timing,risk.surface.snapshot_to_surface_ms,1354.017,"{""market"":""BTC-SYNTH"",""producer"":""svi-scipy""}"
2026-10-04T20:00:56.059090+00:00,timing,risk.surface.delivery_lag_ms,0.554,"{""market"":""BTC-SYNTH"",""producer"":""svi-scipy""}"
2026-10-04T20:00:56.059111+00:00,gauge,risk.surface_age_seconds,1.354587,"{""market"":""BTC-SYNTH"",""producer"":""svi-scipy""}"
2026-10-04T20:00:56.059123+00:00,counter,risk.report.freshness,1,"{""decision"":""NORMAL"",""market"":""BTC-SYNTH"",""producer"":""svi-scipy""}"
2026-10-04T20:00:56.059176+00:00,counter,runner.handled,1,"{""subscriber"":""risk-svi-scipy@BTC-SYNTH""}"
2026-10-04T20:00:57.019327+00:00,counter,marketdata.snapshot.published,1,"{""market"":""BTC-SYNTH""}"
2026-10-04T20:00:57.019363+00:00,gauge,marketdata.clock_skew_seconds,-1.313185,"{""market"":""BTC-SYNTH""}"
2026-10-04T20:00:57.019369+00:00,gauge,marketdata.coverage_ratio,1.0,"{""market"":""BTC-SYNTH""}"
2026-10-04T20:00:57.019374+00:00,gauge,marketdata.max_age_seconds,1.412357,"{""market"":""BTC-SYNTH""}"
2026-10-04T20:00:57.019382+00:00,counter,pipeline.heartbeat.emitted,1,"{""market"":""BTC-SYNTH""}"
2026-10-04T20:00:57.019394+00:00,counter,bus.published,1,"{""topic"":""snapshot.BTC-SYNTH""}"
2026-10-04T20:00:57.019465+00:00,counter,marketdata.update.applied,1,"{""market"":""BTC-SYNTH""}"
2026-10-04T20:00:57.019482+00:00,counter,marketdata.update.applied,1,"{""market"":""BTC-SYNTH""}"
2026-10-04T20:00:57.019497+00:00,counter,marketdata.update.applied,1,"{""market"":""BTC-SYNTH""}"
2026-10-04T20:00:57.019508+00:00,counter,marketdata.update.applied,1,"{""market"":""BTC-SYNTH""}"
2026-10-04T20:00:57.019519+00:00,counter,marketdata.update.applied,1,"{""market"":""BTC-SYNTH""}"
2026-10-04T20:00:57.019530+00:00,counter,marketdata.update.applied,1,"{""market"":""BTC-SYNTH""}"
2026-10-04T20:00:57.019542+00:00,counter,marketdata.update.applied,1,"{""market"":""BTC-SYNTH""}"
2026-10-04T20:00:57.019552+00:00,counter,marketdata.update.applied,1,"{""market"":""BTC-SYNTH""}"
2026-10-04T20:00:57.019564+00:00,counter,marketdata.update.applied,1,"{""market"":""BTC-SYNTH""}"
2026-10-04T20:00:57.019574+00:00,counter,marketdata.update.applied,1,"{""market"":""BTC-SYNTH""}"
2026-10-04T20:00:57.019585+00:00,counter,marketdata.update.applied,1,"{""market"":""BTC-SYNTH""}"
2026-10-04T20:00:57.019600+00:00,counter,marketdata.update.applied,1,"{""market"":""BTC-SYNTH""}"
2026-10-04T20:00:57.019611+00:00,counter,marketdata.update.applied,1,"{""market"":""BTC-SYNTH""}"
2026-10-04T20:00:57.019622+00:00,counter,marketdata.update.applied,1,"{""market"":""BTC-SYNTH""}"
2026-10-04T20:00:57.019634+00:00,counter,marketdata.update.applied,1,"{""market"":""BTC-SYNTH""}"
2026-10-04T20:00:57.019644+00:00,counter,marketdata.update.applied,1,"{""market"":""BTC-SYNTH""}"
2026-10-04T20:00:57.019655+00:00,counter,marketdata.update.applied,1,"{""market"":""BTC-SYNTH""}"
2026-10-04T20:00:57.019665+00:00,counter,marketdata.update.applied,1,"{""market"":""BTC-SYNTH""}"
2026-10-04T20:00:57.019676+00:00,counter,marketdata.update.applied,1,"{""market"":""BTC-SYNTH""}"
2026-10-04T20:00:57.019687+00:00,counter,marketdata.update.applied,1,"{""market"":""BTC-SYNTH""}"
2026-10-04T20:00:57.019710+00:00,counter,marketdata.update.applied,1,"{""market"":""BTC-SYNTH""}"
2026-10-04T20:00:57.019722+00:00,counter,marketdata.update.applied,1,"{""market"":""BTC-SYNTH""}"
2026-10-04T20:00:57.019734+00:00,counter,marketdata.update.applied,1,"{""market"":""BTC-SYNTH""}"
2026-10-04T20:00:57.019746+00:00,counter,marketdata.update.applied,1,"{""market"":""BTC-SYNTH""}"
2026-10-04T20:00:57.019757+00:00,counter,marketdata.update.applied,1,"{""market"":""BTC-SYNTH""}"
2026-10-04T20:00:57.019766+00:00,counter,marketdata.update.applied,1,"{""market"":""BTC-SYNTH""}"
2026-10-04T20:00:57.019782+00:00,counter,marketdata.update.applied,1,"{""market"":""BTC-SYNTH""}"
2026-10-04T20:00:57.019850+00:00,counter,marketdata.update.applied,1,"{""market"":""BTC-SYNTH""}"
2026-10-04T20:00:57.019867+00:00,counter,marketdata.update.applied,1,"{""market"":""BTC-SYNTH""}"
2026-10-04T20:00:57.019879+00:00,counter,marketdata.update.applied,1,"{""market"":""BTC-SYNTH""}"
2026-10-04T20:00:57.019892+00:00,counter,marketdata.update.applied,1,"{""market"":""BTC-SYNTH""}"
2026-10-04T20:00:57.019903+00:00,counter,marketdata.update.applied,1,"{""market"":""BTC-SYNTH""}"
2026-10-04T20:00:57.019914+00:00,counter,marketdata.update.applied,1,"{""market"":""BTC-SYNTH""}"
2026-10-04T20:00:57.019924+00:00,counter,marketdata.update.applied,1,"{""market"":""BTC-SYNTH""}"
2026-10-04T20:00:57.019935+00:00,counter,marketdata.update.applied,1,"{""market"":""BTC-SYNTH""}"
2026-10-04T20:00:57.019946+00:00,counter,marketdata.update.applied,1,"{""market"":""BTC-SYNTH""}"
2026-10-04T20:00:57.019957+00:00,counter,marketdata.update.applied,1,"{""market"":""BTC-SYNTH""}"
2026-10-04T20:00:57.019967+00:00,counter,marketdata.update.applied,1,"{""market"":""BTC-SYNTH""}"
2026-10-04T20:00:57.019978+00:00,counter,marketdata.update.applied,1,"{""market"":""BTC-SYNTH""}"
2026-10-04T20:00:57.019989+00:00,counter,marketdata.update.applied,1,"{""market"":""BTC-SYNTH""}"
2026-10-04T20:00:57.020000+00:00,counter,marketdata.update.applied,1,"{""market"":""BTC-SYNTH""}"
2026-10-04T20:00:57.020010+00:00,counter,marketdata.update.applied,1,"{""market"":""BTC-SYNTH""}"
2026-10-04T20:00:57.020020+00:00,counter,marketdata.update.applied,1,"{""market"":""BTC-SYNTH""}"
2026-10-04T20:00:57.020031+00:00,counter,marketdata.update.applied,1,"{""market"":""BTC-SYNTH""}"
2026-10-04T20:00:57.020043+00:00,counter,marketdata.update.applied,1,"{""market"":""BTC-SYNTH""}"
2026-10-04T20:00:57.020053+00:00,counter,marketdata.update.applied,1,"{""market"":""BTC-SYNTH""}"
2026-10-04T20:00:57.020065+00:00,counter,marketdata.update.applied,1,"{""market"":""BTC-SYNTH""}"
2026-10-04T20:00:57.020075+00:00,counter,marketdata.update.applied,1,"{""market"":""BTC-SYNTH""}"
2026-10-04T20:00:57.020085+00:00,counter,marketdata.update.applied,1,"{""market"":""BTC-SYNTH""}"
2026-10-04T20:00:57.020095+00:00,counter,marketdata.update.applied,1,"{""market"":""BTC-SYNTH""}"
2026-10-04T20:00:57.020107+00:00,counter,marketdata.update.applied,1,"{""market"":""BTC-SYNTH""}"
2026-10-04T20:00:57.020117+00:00,counter,marketdata.update.applied,1,"{""market"":""BTC-SYNTH""}"
2026-10-04T20:00:57.020128+00:00,counter,marketdata.update.applied,1,"{""market"":""BTC-SYNTH""}"
2026-10-04T20:00:57.020138+00:00,counter,marketdata.update.applied,1,"{""market"":""BTC-SYNTH""}"
2026-10-04T20:00:57.020149+00:00,counter,marketdata.update.applied,1,"{""market"":""BTC-SYNTH""}"
2026-10-04T20:00:57.020159+00:00,counter,marketdata.update.applied,1,"{""market"":""BTC-SYNTH""}"
2026-10-04T20:00:57.020170+00:00,counter,marketdata.update.applied,1,"{""market"":""BTC-SYNTH""}"
2026-10-04T20:00:57.020180+00:00,counter,marketdata.update.applied,1,"{""market"":""BTC-SYNTH""}"
2026-10-04T20:00:57.020191+00:00,counter,marketdata.update.applied,1,"{""market"":""BTC-SYNTH""}"
2026-10-04T20:00:57.020201+00:00,counter,marketdata.update.applied,1,"{""market"":""BTC-SYNTH""}"
2026-10-04T20:00:57.020212+00:00,counter,marketdata.update.applied,1,"{""market"":""BTC-SYNTH""}"
2026-10-04T20:00:57.020222+00:00,counter,marketdata.update.applied,1,"{""market"":""BTC-SYNTH""}"
2026-10-04T20:00:57.020232+00:00,counter,marketdata.update.applied,1,"{""market"":""BTC-SYNTH""}"
2026-10-04T20:00:57.020243+00:00,counter,marketdata.update.applied,1,"{""market"":""BTC-SYNTH""}"
2026-10-04T20:00:57.020253+00:00,counter,marketdata.update.applied,1,"{""market"":""BTC-SYNTH""}"
2026-10-04T20:00:57.020263+00:00,counter,marketdata.update.applied,1,"{""market"":""BTC-SYNTH""}"
2026-10-04T20:00:57.092043+00:00,gauge,pricing.slices.attempted,3.0,"{""market"":""BTC-SYNTH"",""producer"":""svi-scipy""}"
2026-10-04T20:00:57.092069+00:00,gauge,pricing.slices.accepted,3.0,"{""market"":""BTC-SYNTH"",""producer"":""svi-scipy""}"
2026-10-04T20:00:57.092138+00:00,gauge,pricing.rmse_vol_bp,45.61537059581973,"{""market"":""BTC-SYNTH"",""producer"":""svi-scipy""}"
2026-10-04T20:00:57.092147+00:00,timing,pricing.cycle_ms,71.58200000000001,"{""market"":""BTC-SYNTH"",""producer"":""svi-scipy""}"
2026-10-04T20:00:57.092370+00:00,counter,bus.published,1,"{""topic"":""surface.BTC-SYNTH.svi-scipy""}"
2026-10-04T20:00:57.092409+00:00,counter,runner.handled,1,"{""subscriber"":""svi-scipy@BTC-SYNTH""}"
2026-10-04T20:00:57.092533+00:00,counter,risk.surface.received,1,"{""market"":""BTC-SYNTH"",""producer"":""svi-scipy"",""status"":""OK""}"
2026-10-04T20:00:57.092553+00:00,timing,risk.surface.snapshot_to_surface_ms,1386.426,"{""market"":""BTC-SYNTH"",""producer"":""svi-scipy""}"
2026-10-04T20:00:57.092568+00:00,timing,risk.surface.delivery_lag_ms,0.5289999999999999,"{""market"":""BTC-SYNTH"",""producer"":""svi-scipy""}"
2026-10-04T20:00:57.092591+00:00,gauge,risk.surface_age_seconds,1.386973,"{""market"":""BTC-SYNTH"",""producer"":""svi-scipy""}"
2026-10-04T20:00:57.092603+00:00,counter,risk.report.freshness,1,"{""decision"":""NORMAL"",""market"":""BTC-SYNTH"",""producer"":""svi-scipy""}"
2026-10-04T20:00:57.092661+00:00,counter,runner.handled,1,"{""subscriber"":""risk-svi-scipy@BTC-SYNTH""}"
2026-10-04T20:00:58.024872+00:00,counter,marketdata.snapshot.published,1,"{""market"":""BTC-SYNTH""}"
2026-10-04T20:00:58.024915+00:00,gauge,marketdata.clock_skew_seconds,-1.318602,"{""market"":""BTC-SYNTH""}"
2026-10-04T20:00:58.024927+00:00,gauge,marketdata.coverage_ratio,1.0,"{""market"":""BTC-SYNTH""}"
2026-10-04T20:00:58.024935+00:00,gauge,marketdata.max_age_seconds,3601.399533,"{""market"":""BTC-SYNTH""}"
2026-10-04T20:00:58.024947+00:00,counter,pipeline.heartbeat.emitted,1,"{""market"":""BTC-SYNTH""}"
2026-10-04T20:00:58.024961+00:00,counter,bus.published,1,"{""topic"":""snapshot.BTC-SYNTH""}"
2026-10-04T20:00:58.025040+00:00,counter,marketdata.update.applied,1,"{""market"":""BTC-SYNTH""}"
2026-10-04T20:00:58.025064+00:00,counter,marketdata.update.applied,1,"{""market"":""BTC-SYNTH""}"
2026-10-04T20:00:58.025084+00:00,counter,marketdata.update.applied,1,"{""market"":""BTC-SYNTH""}"
2026-10-04T20:00:58.025101+00:00,counter,marketdata.update.applied,1,"{""market"":""BTC-SYNTH""}"
2026-10-04T20:00:58.025119+00:00,counter,marketdata.update.applied,1,"{""market"":""BTC-SYNTH""}"
2026-10-04T20:00:58.025134+00:00,counter,marketdata.update.applied,1,"{""market"":""BTC-SYNTH""}"
2026-10-04T20:00:58.025152+00:00,counter,marketdata.update.applied,1,"{""market"":""BTC-SYNTH""}"
2026-10-04T20:00:58.025170+00:00,counter,marketdata.update.applied,1,"{""market"":""BTC-SYNTH""}"
2026-10-04T20:00:58.025189+00:00,counter,marketdata.update.applied,1,"{""market"":""BTC-SYNTH""}"
2026-10-04T20:00:58.025205+00:00,counter,marketdata.update.applied,1,"{""market"":""BTC-SYNTH""}"
2026-10-04T20:00:58.025222+00:00,counter,marketdata.update.applied,1,"{""market"":""BTC-SYNTH""}"
2026-10-04T20:00:58.025237+00:00,counter,marketdata.update.applied,1,"{""market"":""BTC-SYNTH""}"
2026-10-04T20:00:58.025256+00:00,counter,marketdata.update.applied,1,"{""market"":""BTC-SYNTH""}"
2026-10-04T20:00:58.025273+00:00,counter,marketdata.update.applied,1,"{""market"":""BTC-SYNTH""}"
2026-10-04T20:00:58.025294+00:00,counter,marketdata.update.applied,1,"{""market"":""BTC-SYNTH""}"
2026-10-04T20:00:58.025310+00:00,counter,marketdata.update.applied,1,"{""market"":""BTC-SYNTH""}"
2026-10-04T20:00:58.025328+00:00,counter,marketdata.update.applied,1,"{""market"":""BTC-SYNTH""}"
2026-10-04T20:00:58.025344+00:00,counter,marketdata.update.applied,1,"{""market"":""BTC-SYNTH""}"
2026-10-04T20:00:58.025362+00:00,counter,marketdata.update.applied,1,"{""market"":""BTC-SYNTH""}"
2026-10-04T20:00:58.025379+00:00,counter,marketdata.update.applied,1,"{""market"":""BTC-SYNTH""}"
2026-10-04T20:00:58.025398+00:00,counter,marketdata.update.applied,1,"{""market"":""BTC-SYNTH""}"
2026-10-04T20:00:58.025415+00:00,counter,marketdata.update.applied,1,"{""market"":""BTC-SYNTH""}"
2026-10-04T20:00:58.025434+00:00,counter,marketdata.update.applied,1,"{""market"":""BTC-SYNTH""}"
2026-10-04T20:00:58.025496+00:00,counter,marketdata.update.applied,1,"{""market"":""BTC-SYNTH""}"
2026-10-04T20:00:58.025515+00:00,counter,marketdata.update.applied,1,"{""market"":""BTC-SYNTH""}"
2026-10-04T20:00:58.025532+00:00,counter,marketdata.update.applied,1,"{""market"":""BTC-SYNTH""}"
2026-10-04T20:00:58.025569+00:00,counter,marketdata.update.applied,1,"{""market"":""BTC-SYNTH""}"
2026-10-04T20:00:58.025596+00:00,counter,marketdata.update.applied,1,"{""market"":""BTC-SYNTH""}"
2026-10-04T20:00:58.025617+00:00,counter,marketdata.update.applied,1,"{""market"":""BTC-SYNTH""}"
2026-10-04T20:00:58.025634+00:00,counter,marketdata.update.applied,1,"{""market"":""BTC-SYNTH""}"
2026-10-04T20:00:58.025654+00:00,counter,marketdata.update.applied,1,"{""market"":""BTC-SYNTH""}"
2026-10-04T20:00:58.025671+00:00,counter,marketdata.update.applied,1,"{""market"":""BTC-SYNTH""}"
2026-10-04T20:00:58.025690+00:00,counter,marketdata.update.applied,1,"{""market"":""BTC-SYNTH""}"
2026-10-04T20:00:58.025706+00:00,counter,marketdata.update.applied,1,"{""market"":""BTC-SYNTH""}"
2026-10-04T20:00:58.025724+00:00,counter,marketdata.update.applied,1,"{""market"":""BTC-SYNTH""}"
2026-10-04T20:00:58.025741+00:00,counter,marketdata.update.applied,1,"{""market"":""BTC-SYNTH""}"
2026-10-04T20:00:58.025758+00:00,counter,marketdata.update.applied,1,"{""market"":""BTC-SYNTH""}"
2026-10-04T20:00:58.025774+00:00,counter,marketdata.update.applied,1,"{""market"":""BTC-SYNTH""}"
2026-10-04T20:00:58.025793+00:00,counter,marketdata.update.applied,1,"{""market"":""BTC-SYNTH""}"
2026-10-04T20:00:58.025809+00:00,counter,marketdata.update.applied,1,"{""market"":""BTC-SYNTH""}"
2026-10-04T20:00:58.025828+00:00,counter,marketdata.update.applied,1,"{""market"":""BTC-SYNTH""}"
2026-10-04T20:00:58.025843+00:00,counter,marketdata.update.applied,1,"{""market"":""BTC-SYNTH""}"
2026-10-04T20:00:58.025861+00:00,counter,marketdata.update.applied,1,"{""market"":""BTC-SYNTH""}"
2026-10-04T20:00:58.025879+00:00,counter,marketdata.update.applied,1,"{""market"":""BTC-SYNTH""}"
2026-10-04T20:00:58.025898+00:00,counter,marketdata.update.applied,1,"{""market"":""BTC-SYNTH""}"
2026-10-04T20:00:58.025914+00:00,counter,marketdata.update.applied,1,"{""market"":""BTC-SYNTH""}"
2026-10-04T20:00:58.025932+00:00,counter,marketdata.update.applied,1,"{""market"":""BTC-SYNTH""}"
2026-10-04T20:00:58.025949+00:00,counter,marketdata.update.applied,1,"{""market"":""BTC-SYNTH""}"
2026-10-04T20:00:58.025966+00:00,counter,marketdata.update.applied,1,"{""market"":""BTC-SYNTH""}"
2026-10-04T20:00:58.025982+00:00,counter,marketdata.update.applied,1,"{""market"":""BTC-SYNTH""}"
2026-10-04T20:00:58.026000+00:00,counter,marketdata.update.applied,1,"{""market"":""BTC-SYNTH""}"
2026-10-04T20:00:58.026016+00:00,counter,marketdata.update.applied,1,"{""market"":""BTC-SYNTH""}"
2026-10-04T20:00:58.026082+00:00,counter,marketdata.update.applied,1,"{""market"":""BTC-SYNTH""}"
2026-10-04T20:00:58.026115+00:00,counter,marketdata.update.applied,1,"{""market"":""BTC-SYNTH""}"
2026-10-04T20:00:58.026139+00:00,counter,marketdata.update.applied,1,"{""market"":""BTC-SYNTH""}"
2026-10-04T20:00:58.026158+00:00,counter,marketdata.update.applied,1,"{""market"":""BTC-SYNTH""}"
2026-10-04T20:00:58.026179+00:00,counter,marketdata.update.applied,1,"{""market"":""BTC-SYNTH""}"
2026-10-04T20:00:58.026193+00:00,counter,marketdata.update.applied,1,"{""market"":""BTC-SYNTH""}"
2026-10-04T20:00:58.026210+00:00,counter,marketdata.update.applied,1,"{""market"":""BTC-SYNTH""}"
2026-10-04T20:00:58.026225+00:00,counter,marketdata.update.applied,1,"{""market"":""BTC-SYNTH""}"
2026-10-04T20:00:58.026241+00:00,counter,marketdata.update.applied,1,"{""market"":""BTC-SYNTH""}"
2026-10-04T20:00:58.026256+00:00,counter,marketdata.update.applied,1,"{""market"":""BTC-SYNTH""}"
2026-10-04T20:00:58.026272+00:00,counter,marketdata.update.applied,1,"{""market"":""BTC-SYNTH""}"
2026-10-04T20:00:58.026288+00:00,counter,marketdata.update.applied,1,"{""market"":""BTC-SYNTH""}"
2026-10-04T20:00:58.026304+00:00,counter,marketdata.update.applied,1,"{""market"":""BTC-SYNTH""}"
2026-10-04T20:00:58.026318+00:00,counter,marketdata.update.applied,1,"{""market"":""BTC-SYNTH""}"
2026-10-04T20:00:58.109255+00:00,gauge,pricing.slices.attempted,3.0,"{""market"":""BTC-SYNTH"",""producer"":""svi-scipy""}"
2026-10-04T20:00:58.109285+00:00,gauge,pricing.slices.accepted,3.0,"{""market"":""BTC-SYNTH"",""producer"":""svi-scipy""}"
2026-10-04T20:00:58.109349+00:00,gauge,pricing.rmse_vol_bp,26.33367771314625,"{""market"":""BTC-SYNTH"",""producer"":""svi-scipy""}"
2026-10-04T20:00:58.109357+00:00,timing,pricing.cycle_ms,82.719,"{""market"":""BTC-SYNTH"",""producer"":""svi-scipy""}"
2026-10-04T20:00:58.109515+00:00,counter,bus.published,1,"{""topic"":""surface.BTC-SYNTH.svi-scipy""}"
2026-10-04T20:00:58.109549+00:00,counter,runner.handled,1,"{""subscriber"":""svi-scipy@BTC-SYNTH""}"
2026-10-04T20:00:58.109637+00:00,counter,risk.surface.received,1,"{""market"":""BTC-SYNTH"",""producer"":""svi-scipy"",""status"":""OK""}"
2026-10-04T20:00:58.109650+00:00,timing,risk.surface.snapshot_to_surface_ms,1403.601,"{""market"":""BTC-SYNTH"",""producer"":""svi-scipy""}"
2026-10-04T20:00:58.109657+00:00,timing,risk.surface.delivery_lag_ms,0.41,"{""market"":""BTC-SYNTH"",""producer"":""svi-scipy""}"
2026-10-04T20:00:58.109670+00:00,gauge,risk.surface_age_seconds,1.40402,"{""market"":""BTC-SYNTH"",""producer"":""svi-scipy""}"
2026-10-04T20:00:58.109676+00:00,counter,risk.report.freshness,1,"{""decision"":""NORMAL"",""market"":""BTC-SYNTH"",""producer"":""svi-scipy""}"
2026-10-04T20:00:58.109715+00:00,counter,runner.handled,1,"{""subscriber"":""risk-svi-scipy@BTC-SYNTH""}"
2026-10-04T20:00:59.028422+00:00,counter,marketdata.snapshot.published,1,"{""market"":""BTC-SYNTH""}"
2026-10-04T20:00:59.028464+00:00,gauge,marketdata.clock_skew_seconds,-1.32199,"{""market"":""BTC-SYNTH""}"
2026-10-04T20:00:59.028477+00:00,gauge,marketdata.coverage_ratio,1.0,"{""market"":""BTC-SYNTH""}"
2026-10-04T20:00:59.028487+00:00,gauge,marketdata.max_age_seconds,1.420307,"{""market"":""BTC-SYNTH""}"
2026-10-04T20:00:59.028500+00:00,counter,pipeline.heartbeat.emitted,1,"{""market"":""BTC-SYNTH""}"
2026-10-04T20:00:59.028516+00:00,counter,bus.published,1,"{""topic"":""snapshot.BTC-SYNTH""}"
2026-10-04T20:00:59.028604+00:00,counter,marketdata.update.applied,1,"{""market"":""BTC-SYNTH""}"
2026-10-04T20:00:59.028653+00:00,counter,marketdata.update.applied,1,"{""market"":""BTC-SYNTH""}"
2026-10-04T20:00:59.028686+00:00,counter,marketdata.update.applied,1,"{""market"":""BTC-SYNTH""}"
2026-10-04T20:00:59.028714+00:00,counter,marketdata.update.applied,1,"{""market"":""BTC-SYNTH""}"
2026-10-04T20:00:59.028737+00:00,counter,marketdata.update.applied,1,"{""market"":""BTC-SYNTH""}"
2026-10-04T20:00:59.028759+00:00,counter,marketdata.update.applied,1,"{""market"":""BTC-SYNTH""}"
2026-10-04T20:00:59.028783+00:00,counter,marketdata.update.applied,1,"{""market"":""BTC-SYNTH""}"
2026-10-04T20:00:59.028804+00:00,counter,marketdata.update.applied,1,"{""market"":""BTC-SYNTH""}"
2026-10-04T20:00:59.028827+00:00,counter,marketdata.update.applied,1,"{""market"":""BTC-SYNTH""}"
2026-10-04T20:00:59.028848+00:00,counter,marketdata.update.applied,1,"{""market"":""BTC-SYNTH""}"
2026-10-04T20:00:59.028872+00:00,counter,marketdata.update.applied,1,"{""market"":""BTC-SYNTH""}"
2026-10-04T20:00:59.028893+00:00,counter,marketdata.update.applied,1,"{""market"":""BTC-SYNTH""}"
2026-10-04T20:00:59.028916+00:00,counter,marketdata.update.applied,1,"{""market"":""BTC-SYNTH""}"
2026-10-04T20:00:59.028936+00:00,counter,marketdata.update.applied,1,"{""market"":""BTC-SYNTH""}"
2026-10-04T20:00:59.028959+00:00,counter,marketdata.update.applied,1,"{""market"":""BTC-SYNTH""}"
2026-10-04T20:00:59.028980+00:00,counter,marketdata.update.applied,1,"{""market"":""BTC-SYNTH""}"
2026-10-04T20:00:59.029004+00:00,counter,marketdata.update.applied,1,"{""market"":""BTC-SYNTH""}"
2026-10-04T20:00:59.029024+00:00,counter,marketdata.update.applied,1,"{""market"":""BTC-SYNTH""}"
2026-10-04T20:00:59.029047+00:00,counter,marketdata.update.applied,1,"{""market"":""BTC-SYNTH""}"
2026-10-04T20:00:59.029067+00:00,counter,marketdata.update.applied,1,"{""market"":""BTC-SYNTH""}"
2026-10-04T20:00:59.029134+00:00,counter,marketdata.update.applied,1,"{""market"":""BTC-SYNTH""}"
2026-10-04T20:00:59.029157+00:00,counter,marketdata.update.applied,1,"{""market"":""BTC-SYNTH""}"
2026-10-04T20:00:59.029182+00:00,counter,marketdata.update.applied,1,"{""market"":""BTC-SYNTH""}"
2026-10-04T20:00:59.029203+00:00,counter,marketdata.update.applied,1,"{""market"":""BTC-SYNTH""}"
2026-10-04T20:00:59.029225+00:00,counter,marketdata.update.applied,1,"{""market"":""BTC-SYNTH""}"
2026-10-04T20:00:59.029245+00:00,counter,marketdata.update.applied,1,"{""market"":""BTC-SYNTH""}"
2026-10-04T20:00:59.029268+00:00,counter,marketdata.update.applied,1,"{""market"":""BTC-SYNTH""}"
2026-10-04T20:00:59.029288+00:00,counter,marketdata.update.applied,1,"{""market"":""BTC-SYNTH""}"
2026-10-04T20:00:59.029309+00:00,counter,marketdata.update.applied,1,"{""market"":""BTC-SYNTH""}"
2026-10-04T20:00:59.029329+00:00,counter,marketdata.update.applied,1,"{""market"":""BTC-SYNTH""}"
2026-10-04T20:00:59.029351+00:00,counter,marketdata.update.applied,1,"{""market"":""BTC-SYNTH""}"
2026-10-04T20:00:59.029371+00:00,counter,marketdata.update.applied,1,"{""market"":""BTC-SYNTH""}"
2026-10-04T20:00:59.029392+00:00,counter,marketdata.update.applied,1,"{""market"":""BTC-SYNTH""}"
2026-10-04T20:00:59.029412+00:00,counter,marketdata.update.applied,1,"{""market"":""BTC-SYNTH""}"
2026-10-04T20:00:59.029434+00:00,counter,marketdata.update.applied,1,"{""market"":""BTC-SYNTH""}"
2026-10-04T20:00:59.029453+00:00,counter,marketdata.update.applied,1,"{""market"":""BTC-SYNTH""}"
2026-10-04T20:00:59.029475+00:00,counter,marketdata.update.applied,1,"{""market"":""BTC-SYNTH""}"
2026-10-04T20:00:59.029495+00:00,counter,marketdata.update.applied,1,"{""market"":""BTC-SYNTH""}"
2026-10-04T20:00:59.029517+00:00,counter,marketdata.update.applied,1,"{""market"":""BTC-SYNTH""}"
2026-10-04T20:00:59.029537+00:00,counter,marketdata.update.applied,1,"{""market"":""BTC-SYNTH""}"
2026-10-04T20:00:59.029558+00:00,counter,marketdata.update.applied,1,"{""market"":""BTC-SYNTH""}"
2026-10-04T20:00:59.029578+00:00,counter,marketdata.update.applied,1,"{""market"":""BTC-SYNTH""}"
2026-10-04T20:00:59.029601+00:00,counter,marketdata.update.applied,1,"{""market"":""BTC-SYNTH""}"
2026-10-04T20:00:59.029620+00:00,counter,marketdata.update.applied,1,"{""market"":""BTC-SYNTH""}"
2026-10-04T20:00:59.029643+00:00,counter,marketdata.update.applied,1,"{""market"":""BTC-SYNTH""}"
2026-10-04T20:00:59.029662+00:00,counter,marketdata.update.applied,1,"{""market"":""BTC-SYNTH""}"
2026-10-04T20:00:59.029700+00:00,counter,marketdata.update.applied,1,"{""market"":""BTC-SYNTH""}"
2026-10-04T20:00:59.029732+00:00,counter,marketdata.update.applied,1,"{""market"":""BTC-SYNTH""}"
2026-10-04T20:00:59.029757+00:00,counter,marketdata.update.applied,1,"{""market"":""BTC-SYNTH""}"
2026-10-04T20:00:59.029778+00:00,counter,marketdata.update.applied,1,"{""market"":""BTC-SYNTH""}"
2026-10-04T20:00:59.029801+00:00,counter,marketdata.update.applied,1,"{""market"":""BTC-SYNTH""}"
2026-10-04T20:00:59.029822+00:00,counter,marketdata.update.applied,1,"{""market"":""BTC-SYNTH""}"
2026-10-04T20:00:59.029843+00:00,counter,marketdata.update.applied,1,"{""market"":""BTC-SYNTH""}"
2026-10-04T20:00:59.029864+00:00,counter,marketdata.update.applied,1,"{""market"":""BTC-SYNTH""}"
2026-10-04T20:00:59.029887+00:00,counter,marketdata.update.applied,1,"{""market"":""BTC-SYNTH""}"
2026-10-04T20:00:59.029907+00:00,counter,marketdata.update.applied,1,"{""market"":""BTC-SYNTH""}"
2026-10-04T20:00:59.029929+00:00,counter,marketdata.update.applied,1,"{""market"":""BTC-SYNTH""}"
2026-10-04T20:00:59.029949+00:00,counter,marketdata.update.applied,1,"{""market"":""BTC-SYNTH""}"
2026-10-04T20:00:59.029971+00:00,counter,marketdata.update.applied,1,"{""market"":""BTC-SYNTH""}"
2026-10-04T20:00:59.029992+00:00,counter,marketdata.update.applied,1,"{""market"":""BTC-SYNTH""}"
2026-10-04T20:00:59.030013+00:00,counter,marketdata.update.applied,1,"{""market"":""BTC-SYNTH""}"
2026-10-04T20:00:59.030034+00:00,counter,marketdata.update.applied,1,"{""market"":""BTC-SYNTH""}"
2026-10-04T20:00:59.030056+00:00,counter,marketdata.update.applied,1,"{""market"":""BTC-SYNTH""}"
2026-10-04T20:00:59.030116+00:00,counter,marketdata.update.applied,1,"{""market"":""BTC-SYNTH""}"
2026-10-04T20:00:59.030147+00:00,counter,marketdata.update.applied,1,"{""market"":""BTC-SYNTH""}"
2026-10-04T20:00:59.030170+00:00,counter,marketdata.update.applied,1,"{""market"":""BTC-SYNTH""}"
2026-10-04T20:00:59.480511+00:00,gauge,pricing.slices.attempted,3.0,"{""market"":""BTC-SYNTH"",""producer"":""svi-scipy""}"
2026-10-04T20:00:59.480551+00:00,gauge,pricing.slices.accepted,2.0,"{""market"":""BTC-SYNTH"",""producer"":""svi-scipy""}"
2026-10-04T20:00:59.480562+00:00,counter,pricing.slice.not_converged,1,"{""market"":""BTC-SYNTH"",""producer"":""svi-scipy""}"
2026-10-04T20:00:59.480629+00:00,gauge,pricing.rmse_vol_bp,27.966093725610843,"{""market"":""BTC-SYNTH"",""producer"":""svi-scipy""}"
2026-10-04T20:00:59.480639+00:00,timing,pricing.cycle_ms,450.178,"{""market"":""BTC-SYNTH"",""producer"":""svi-scipy""}"
2026-10-04T20:00:59.481006+00:00,counter,bus.published,1,"{""topic"":""surface.BTC-SYNTH.svi-scipy""}"
2026-10-04T20:00:59.481047+00:00,counter,runner.handled,1,"{""subscriber"":""svi-scipy@BTC-SYNTH""}"
2026-10-04T20:00:59.481139+00:00,counter,risk.surface.received,1,"{""market"":""BTC-SYNTH"",""producer"":""svi-scipy"",""status"":""DEGRADED""}"
2026-10-04T20:00:59.481152+00:00,timing,risk.surface.snapshot_to_surface_ms,1774.7949999999998,"{""market"":""BTC-SYNTH"",""producer"":""svi-scipy""}"
2026-10-04T20:00:59.481160+00:00,timing,risk.surface.delivery_lag_ms,0.661,"{""market"":""BTC-SYNTH"",""producer"":""svi-scipy""}"
2026-10-04T20:00:59.481175+00:00,gauge,risk.surface_age_seconds,1.775466,"{""market"":""BTC-SYNTH"",""producer"":""svi-scipy""}"
2026-10-04T20:00:59.481182+00:00,counter,risk.report.freshness,1,"{""decision"":""NORMAL"",""market"":""BTC-SYNTH"",""producer"":""svi-scipy""}"
2026-10-04T20:00:59.481233+00:00,counter,runner.handled,1,"{""subscriber"":""risk-svi-scipy@BTC-SYNTH""}"
2026-10-04T20:01:00.065032+00:00,counter,marketdata.snapshot.published,1,"{""market"":""BTC-SYNTH""}"
2026-10-04T20:01:00.065076+00:00,gauge,marketdata.clock_skew_seconds,-1.361941,"{""market"":""BTC-SYNTH""}"
2026-10-04T20:01:00.065090+00:00,gauge,marketdata.coverage_ratio,1.0,"{""market"":""BTC-SYNTH""}"
2026-10-04T20:01:00.065101+00:00,gauge,marketdata.max_age_seconds,1.457349,"{""market"":""BTC-SYNTH""}"
2026-10-04T20:01:00.065114+00:00,counter,pipeline.heartbeat.emitted,1,"{""market"":""BTC-SYNTH""}"
2026-10-04T20:01:00.065131+00:00,counter,bus.published,1,"{""topic"":""snapshot.BTC-SYNTH""}"
2026-10-04T20:01:00.065242+00:00,counter,marketdata.update.applied,1,"{""market"":""BTC-SYNTH""}"
2026-10-04T20:01:00.065275+00:00,counter,marketdata.update.applied,1,"{""market"":""BTC-SYNTH""}"
2026-10-04T20:01:00.065304+00:00,counter,marketdata.update.applied,1,"{""market"":""BTC-SYNTH""}"
2026-10-04T20:01:00.065353+00:00,counter,marketdata.update.applied,1,"{""market"":""BTC-SYNTH""}"
2026-10-04T20:01:00.065387+00:00,counter,marketdata.update.applied,1,"{""market"":""BTC-SYNTH""}"
2026-10-04T20:01:00.065413+00:00,counter,marketdata.update.applied,1,"{""market"":""BTC-SYNTH""}"
2026-10-04T20:01:00.065440+00:00,counter,marketdata.update.applied,1,"{""market"":""BTC-SYNTH""}"
2026-10-04T20:01:00.065464+00:00,counter,marketdata.update.applied,1,"{""market"":""BTC-SYNTH""}"
2026-10-04T20:01:00.065516+00:00,counter,marketdata.update.applied,1,"{""market"":""BTC-SYNTH""}"
2026-10-04T20:01:00.065543+00:00,counter,marketdata.update.applied,1,"{""market"":""BTC-SYNTH""}"
2026-10-04T20:01:00.065570+00:00,counter,marketdata.update.applied,1,"{""market"":""BTC-SYNTH""}"
2026-10-04T20:01:00.065593+00:00,counter,marketdata.update.applied,1,"{""market"":""BTC-SYNTH""}"
2026-10-04T20:01:00.065620+00:00,counter,marketdata.update.applied,1,"{""market"":""BTC-SYNTH""}"
2026-10-04T20:01:00.065643+00:00,counter,marketdata.update.applied,1,"{""market"":""BTC-SYNTH""}"
2026-10-04T20:01:00.065669+00:00,counter,marketdata.update.applied,1,"{""market"":""BTC-SYNTH""}"
2026-10-04T20:01:00.065758+00:00,counter,marketdata.update.applied,1,"{""market"":""BTC-SYNTH""}"
2026-10-04T20:01:00.065788+00:00,counter,marketdata.update.applied,1,"{""market"":""BTC-SYNTH""}"
2026-10-04T20:01:00.065812+00:00,counter,marketdata.update.applied,1,"{""market"":""BTC-SYNTH""}"
2026-10-04T20:01:00.065838+00:00,counter,marketdata.update.applied,1,"{""market"":""BTC-SYNTH""}"
2026-10-04T20:01:00.065862+00:00,counter,marketdata.update.applied,1,"{""market"":""BTC-SYNTH""}"
2026-10-04T20:01:00.065890+00:00,counter,marketdata.update.applied,1,"{""market"":""BTC-SYNTH""}"
2026-10-04T20:01:00.065914+00:00,counter,marketdata.update.applied,1,"{""market"":""BTC-SYNTH""}"
2026-10-04T20:01:00.065944+00:00,counter,marketdata.update.applied,1,"{""market"":""BTC-SYNTH""}"
2026-10-04T20:01:00.065969+00:00,counter,marketdata.update.applied,1,"{""market"":""BTC-SYNTH""}"
2026-10-04T20:01:00.065995+00:00,counter,marketdata.update.applied,1,"{""market"":""BTC-SYNTH""}"
2026-10-04T20:01:00.066018+00:00,counter,marketdata.update.applied,1,"{""market"":""BTC-SYNTH""}"
2026-10-04T20:01:00.066105+00:00,counter,marketdata.update.applied,1,"{""market"":""BTC-SYNTH""}"
2026-10-04T20:01:00.066136+00:00,counter,marketdata.update.applied,1,"{""market"":""BTC-SYNTH""}"
2026-10-04T20:01:00.066164+00:00,counter,marketdata.update.applied,1,"{""market"":""BTC-SYNTH""}"
2026-10-04T20:01:00.066188+00:00,counter,marketdata.update.applied,1,"{""market"":""BTC-SYNTH""}"
2026-10-04T20:01:00.066216+00:00,counter,marketdata.update.applied,1,"{""market"":""BTC-SYNTH""}"
2026-10-04T20:01:00.066240+00:00,counter,marketdata.update.applied,1,"{""market"":""BTC-SYNTH""}"
2026-10-04T20:01:00.066266+00:00,counter,marketdata.update.applied,1,"{""market"":""BTC-SYNTH""}"
2026-10-04T20:01:00.066290+00:00,counter,marketdata.update.applied,1,"{""market"":""BTC-SYNTH""}"
2026-10-04T20:01:00.066317+00:00,counter,marketdata.update.applied,1,"{""market"":""BTC-SYNTH""}"
2026-10-04T20:01:00.066341+00:00,counter,marketdata.update.applied,1,"{""market"":""BTC-SYNTH""}"
2026-10-04T20:01:00.066367+00:00,counter,marketdata.update.applied,1,"{""market"":""BTC-SYNTH""}"
2026-10-04T20:01:00.066412+00:00,counter,marketdata.update.applied,1,"{""market"":""BTC-SYNTH""}"
2026-10-04T20:01:00.066451+00:00,counter,marketdata.update.applied,1,"{""market"":""BTC-SYNTH""}"
2026-10-04T20:01:00.066479+00:00,counter,marketdata.update.applied,1,"{""market"":""BTC-SYNTH""}"
2026-10-04T20:01:00.066506+00:00,counter,marketdata.update.applied,1,"{""market"":""BTC-SYNTH""}"
2026-10-04T20:01:00.066531+00:00,counter,marketdata.update.applied,1,"{""market"":""BTC-SYNTH""}"
2026-10-04T20:01:00.066558+00:00,counter,marketdata.update.applied,1,"{""market"":""BTC-SYNTH""}"
2026-10-04T20:01:00.066583+00:00,counter,marketdata.update.applied,1,"{""market"":""BTC-SYNTH""}"
2026-10-04T20:01:00.066610+00:00,counter,marketdata.update.applied,1,"{""market"":""BTC-SYNTH""}"
2026-10-04T20:01:00.066635+00:00,counter,marketdata.update.applied,1,"{""market"":""BTC-SYNTH""}"
2026-10-04T20:01:00.066661+00:00,counter,marketdata.update.applied,1,"{""market"":""BTC-SYNTH""}"
2026-10-04T20:01:00.066685+00:00,counter,marketdata.update.applied,1,"{""market"":""BTC-SYNTH""}"
2026-10-04T20:01:00.066711+00:00,counter,marketdata.update.applied,1,"{""market"":""BTC-SYNTH""}"
2026-10-04T20:01:00.066735+00:00,counter,marketdata.update.applied,1,"{""market"":""BTC-SYNTH""}"
2026-10-04T20:01:00.066763+00:00,counter,marketdata.update.applied,1,"{""market"":""BTC-SYNTH""}"
2026-10-04T20:01:00.066789+00:00,counter,marketdata.update.applied,1,"{""market"":""BTC-SYNTH""}"
2026-10-04T20:01:00.066816+00:00,counter,marketdata.update.applied,1,"{""market"":""BTC-SYNTH""}"
2026-10-04T20:01:00.066841+00:00,counter,marketdata.update.applied,1,"{""market"":""BTC-SYNTH""}"
2026-10-04T20:01:00.066870+00:00,counter,marketdata.update.applied,1,"{""market"":""BTC-SYNTH""}"
2026-10-04T20:01:00.066895+00:00,counter,marketdata.update.applied,1,"{""market"":""BTC-SYNTH""}"
2026-10-04T20:01:00.066923+00:00,counter,marketdata.update.applied,1,"{""market"":""BTC-SYNTH""}"
2026-10-04T20:01:00.066948+00:00,counter,marketdata.update.applied,1,"{""market"":""BTC-SYNTH""}"
2026-10-04T20:01:00.066976+00:00,counter,marketdata.update.applied,1,"{""market"":""BTC-SYNTH""}"
2026-10-04T20:01:00.067010+00:00,counter,marketdata.update.applied,1,"{""market"":""BTC-SYNTH""}"
2026-10-04T20:01:00.067039+00:00,counter,marketdata.update.applied,1,"{""market"":""BTC-SYNTH""}"
2026-10-04T20:01:00.067065+00:00,counter,marketdata.update.applied,1,"{""market"":""BTC-SYNTH""}"
2026-10-04T20:01:00.067093+00:00,counter,marketdata.update.applied,1,"{""market"":""BTC-SYNTH""}"
2026-10-04T20:01:00.067118+00:00,counter,marketdata.update.applied,1,"{""market"":""BTC-SYNTH""}"
2026-10-04T20:01:00.067145+00:00,counter,marketdata.update.applied,1,"{""market"":""BTC-SYNTH""}"
2026-10-04T20:01:00.067171+00:00,counter,marketdata.update.applied,1,"{""market"":""BTC-SYNTH""}"
2026-10-04T20:01:00.115827+00:00,gauge,pricing.slices.attempted,3.0,"{""market"":""BTC-SYNTH"",""producer"":""svi-scipy""}"
2026-10-04T20:01:00.115852+00:00,gauge,pricing.slices.accepted,3.0,"{""market"":""BTC-SYNTH"",""producer"":""svi-scipy""}"
2026-10-04T20:01:00.115919+00:00,gauge,pricing.rmse_vol_bp,33.37664255292098,"{""market"":""BTC-SYNTH"",""producer"":""svi-scipy""}"
2026-10-04T20:01:00.115929+00:00,timing,pricing.cycle_ms,48.463,"{""market"":""BTC-SYNTH"",""producer"":""svi-scipy""}"
2026-10-04T20:01:00.116184+00:00,counter,bus.published,1,"{""topic"":""surface.BTC-SYNTH.svi-scipy""}"
2026-10-04T20:01:00.116220+00:00,counter,runner.handled,1,"{""subscriber"":""svi-scipy@BTC-SYNTH""}"
2026-10-04T20:01:00.116341+00:00,counter,risk.surface.received,1,"{""market"":""BTC-SYNTH"",""producer"":""svi-scipy"",""status"":""OK""}"
2026-10-04T20:01:00.116361+00:00,timing,risk.surface.snapshot_to_surface_ms,1413.38,"{""market"":""BTC-SYNTH"",""producer"":""svi-scipy""}"
2026-10-04T20:01:00.116376+00:00,timing,risk.surface.delivery_lag_ms,0.555,"{""market"":""BTC-SYNTH"",""producer"":""svi-scipy""}"
2026-10-04T20:01:00.116396+00:00,gauge,risk.surface_age_seconds,1.413951,"{""market"":""BTC-SYNTH"",""producer"":""svi-scipy""}"
2026-10-04T20:01:00.116409+00:00,counter,risk.report.freshness,1,"{""decision"":""NORMAL"",""market"":""BTC-SYNTH"",""producer"":""svi-scipy""}"
2026-10-04T20:01:00.116464+00:00,counter,runner.handled,1,"{""subscriber"":""risk-svi-scipy@BTC-SYNTH""}"
2026-10-04T20:01:01.085455+00:00,counter,marketdata.snapshot.published,1,"{""market"":""BTC-SYNTH""}"
2026-10-04T20:01:01.085511+00:00,gauge,marketdata.clock_skew_seconds,-1.379289,"{""market"":""BTC-SYNTH""}"
2026-10-04T20:01:01.085527+00:00,gauge,marketdata.coverage_ratio,0.9848484848484849,"{""market"":""BTC-SYNTH""}"
2026-10-04T20:01:01.085538+00:00,gauge,marketdata.max_age_seconds,1.477516,"{""market"":""BTC-SYNTH""}"
2026-10-04T20:01:01.085552+00:00,counter,pipeline.heartbeat.emitted,1,"{""market"":""BTC-SYNTH""}"
2026-10-04T20:01:01.085571+00:00,counter,bus.published,1,"{""topic"":""snapshot.BTC-SYNTH""}"
2026-10-04T20:01:01.085682+00:00,counter,marketdata.update.applied,1,"{""market"":""BTC-SYNTH""}"
2026-10-04T20:01:01.085747+00:00,counter,marketdata.update.applied,1,"{""market"":""BTC-SYNTH""}"
2026-10-04T20:01:01.085787+00:00,counter,marketdata.update.applied,1,"{""market"":""BTC-SYNTH""}"
2026-10-04T20:01:01.085818+00:00,counter,marketdata.update.applied,1,"{""market"":""BTC-SYNTH""}"
2026-10-04T20:01:01.085847+00:00,counter,marketdata.update.applied,1,"{""market"":""BTC-SYNTH""}"
2026-10-04T20:01:01.085872+00:00,counter,marketdata.update.applied,1,"{""market"":""BTC-SYNTH""}"
2026-10-04T20:01:01.085906+00:00,counter,marketdata.update.applied,1,"{""market"":""BTC-SYNTH""}"
2026-10-04T20:01:01.085929+00:00,counter,marketdata.update.applied,1,"{""market"":""BTC-SYNTH""}"
2026-10-04T20:01:01.085956+00:00,counter,marketdata.update.applied,1,"{""market"":""BTC-SYNTH""}"
2026-10-04T20:01:01.085978+00:00,counter,marketdata.update.applied,1,"{""market"":""BTC-SYNTH""}"
2026-10-04T20:01:01.086004+00:00,counter,marketdata.update.applied,1,"{""market"":""BTC-SYNTH""}"
2026-10-04T20:01:01.086067+00:00,counter,marketdata.update.applied,1,"{""market"":""BTC-SYNTH""}"
2026-10-04T20:01:01.086156+00:00,counter,marketdata.update.applied,1,"{""market"":""BTC-SYNTH""}"
2026-10-04T20:01:01.086182+00:00,counter,marketdata.update.applied,1,"{""market"":""BTC-SYNTH""}"
2026-10-04T20:01:01.086209+00:00,counter,marketdata.update.applied,1,"{""market"":""BTC-SYNTH""}"
2026-10-04T20:01:01.086234+00:00,counter,marketdata.update.applied,1,"{""market"":""BTC-SYNTH""}"
2026-10-04T20:01:01.086258+00:00,counter,marketdata.update.applied,1,"{""market"":""BTC-SYNTH""}"
2026-10-04T20:01:01.086282+00:00,counter,marketdata.update.applied,1,"{""market"":""BTC-SYNTH""}"
2026-10-04T20:01:01.086347+00:00,counter,marketdata.update.applied,1,"{""market"":""BTC-SYNTH""}"
2026-10-04T20:01:01.086387+00:00,counter,marketdata.update.applied,1,"{""market"":""BTC-SYNTH""}"
2026-10-04T20:01:01.086417+00:00,counter,marketdata.update.applied,1,"{""market"":""BTC-SYNTH""}"
2026-10-04T20:01:01.086443+00:00,counter,marketdata.update.applied,1,"{""market"":""BTC-SYNTH""}"
2026-10-04T20:01:01.086473+00:00,counter,marketdata.update.applied,1,"{""market"":""BTC-SYNTH""}"
2026-10-04T20:01:01.086498+00:00,counter,marketdata.update.applied,1,"{""market"":""BTC-SYNTH""}"
2026-10-04T20:01:01.086524+00:00,counter,marketdata.update.applied,1,"{""market"":""BTC-SYNTH""}"
2026-10-04T20:01:01.086547+00:00,counter,marketdata.update.applied,1,"{""market"":""BTC-SYNTH""}"
2026-10-04T20:01:01.086575+00:00,counter,marketdata.update.applied,1,"{""market"":""BTC-SYNTH""}"
2026-10-04T20:01:01.086598+00:00,counter,marketdata.update.applied,1,"{""market"":""BTC-SYNTH""}"
2026-10-04T20:01:01.086623+00:00,counter,marketdata.update.applied,1,"{""market"":""BTC-SYNTH""}"
2026-10-04T20:01:01.086666+00:00,counter,marketdata.update.applied,1,"{""market"":""BTC-SYNTH""}"
2026-10-04T20:01:01.086694+00:00,counter,marketdata.update.applied,1,"{""market"":""BTC-SYNTH""}"
2026-10-04T20:01:01.086716+00:00,counter,marketdata.update.applied,1,"{""market"":""BTC-SYNTH""}"
2026-10-04T20:01:01.086742+00:00,counter,marketdata.update.applied,1,"{""market"":""BTC-SYNTH""}"
2026-10-04T20:01:01.086765+00:00,counter,marketdata.update.applied,1,"{""market"":""BTC-SYNTH""}"
2026-10-04T20:01:01.086789+00:00,counter,marketdata.update.applied,1,"{""market"":""BTC-SYNTH""}"
2026-10-04T20:01:01.086812+00:00,counter,marketdata.update.applied,1,"{""market"":""BTC-SYNTH""}"
2026-10-04T20:01:01.086836+00:00,counter,marketdata.update.applied,1,"{""market"":""BTC-SYNTH""}"
2026-10-04T20:01:01.086859+00:00,counter,marketdata.update.applied,1,"{""market"":""BTC-SYNTH""}"
2026-10-04T20:01:01.086884+00:00,counter,marketdata.update.applied,1,"{""market"":""BTC-SYNTH""}"
2026-10-04T20:01:01.086905+00:00,counter,marketdata.update.applied,1,"{""market"":""BTC-SYNTH""}"
2026-10-04T20:01:01.086930+00:00,counter,marketdata.update.applied,1,"{""market"":""BTC-SYNTH""}"
2026-10-04T20:01:01.086953+00:00,counter,marketdata.update.applied,1,"{""market"":""BTC-SYNTH""}"
2026-10-04T20:01:01.086977+00:00,counter,marketdata.update.applied,1,"{""market"":""BTC-SYNTH""}"
2026-10-04T20:01:01.087000+00:00,counter,marketdata.update.applied,1,"{""market"":""BTC-SYNTH""}"
2026-10-04T20:01:01.087027+00:00,counter,marketdata.update.applied,1,"{""market"":""BTC-SYNTH""}"
2026-10-04T20:01:01.087048+00:00,counter,marketdata.update.applied,1,"{""market"":""BTC-SYNTH""}"
2026-10-04T20:01:01.087068+00:00,counter,marketdata.update.applied,1,"{""market"":""BTC-SYNTH""}"
2026-10-04T20:01:01.087087+00:00,counter,marketdata.update.applied,1,"{""market"":""BTC-SYNTH""}"
2026-10-04T20:01:01.087107+00:00,counter,marketdata.update.applied,1,"{""market"":""BTC-SYNTH""}"
2026-10-04T20:01:01.087127+00:00,counter,marketdata.update.applied,1,"{""market"":""BTC-SYNTH""}"
2026-10-04T20:01:01.087147+00:00,counter,marketdata.update.applied,1,"{""market"":""BTC-SYNTH""}"
2026-10-04T20:01:01.087166+00:00,counter,marketdata.update.applied,1,"{""market"":""BTC-SYNTH""}"
2026-10-04T20:01:01.087186+00:00,counter,marketdata.update.applied,1,"{""market"":""BTC-SYNTH""}"
2026-10-04T20:01:01.087205+00:00,counter,marketdata.update.applied,1,"{""market"":""BTC-SYNTH""}"
2026-10-04T20:01:01.087226+00:00,counter,marketdata.update.applied,1,"{""market"":""BTC-SYNTH""}"
2026-10-04T20:01:01.087244+00:00,counter,marketdata.update.applied,1,"{""market"":""BTC-SYNTH""}"
2026-10-04T20:01:01.087266+00:00,counter,marketdata.update.applied,1,"{""market"":""BTC-SYNTH""}"
2026-10-04T20:01:01.087286+00:00,counter,marketdata.update.applied,1,"{""market"":""BTC-SYNTH""}"
2026-10-04T20:01:01.087306+00:00,counter,marketdata.update.applied,1,"{""market"":""BTC-SYNTH""}"
2026-10-04T20:01:01.087327+00:00,counter,marketdata.update.applied,1,"{""market"":""BTC-SYNTH""}"
2026-10-04T20:01:01.087347+00:00,counter,marketdata.update.applied,1,"{""market"":""BTC-SYNTH""}"
2026-10-04T20:01:01.087432+00:00,counter,marketdata.update.applied,1,"{""market"":""BTC-SYNTH""}"
2026-10-04T20:01:01.087464+00:00,counter,marketdata.update.applied,1,"{""market"":""BTC-SYNTH""}"
2026-10-04T20:01:01.087487+00:00,counter,marketdata.update.applied,1,"{""market"":""BTC-SYNTH""}"
2026-10-04T20:01:01.087508+00:00,counter,marketdata.update.applied,1,"{""market"":""BTC-SYNTH""}"
2026-10-04T20:01:01.087527+00:00,counter,marketdata.update.applied,1,"{""market"":""BTC-SYNTH""}"
2026-10-04T20:01:01.480402+00:00,gauge,pricing.slices.attempted,3.0,"{""market"":""BTC-SYNTH"",""producer"":""svi-scipy""}"
2026-10-04T20:01:01.480440+00:00,gauge,pricing.slices.accepted,3.0,"{""market"":""BTC-SYNTH"",""producer"":""svi-scipy""}"
2026-10-04T20:01:01.480521+00:00,gauge,pricing.rmse_vol_bp,37.55152344817288,"{""market"":""BTC-SYNTH"",""producer"":""svi-scipy""}"
2026-10-04T20:01:01.480531+00:00,timing,pricing.cycle_ms,392.593,"{""market"":""BTC-SYNTH"",""producer"":""svi-scipy""}"
2026-10-04T20:01:01.480750+00:00,counter,bus.published,1,"{""topic"":""surface.BTC-SYNTH.svi-scipy""}"
2026-10-04T20:01:01.480789+00:00,counter,runner.handled,1,"{""subscriber"":""svi-scipy@BTC-SYNTH""}"
2026-10-04T20:01:01.480881+00:00,counter,risk.surface.received,1,"{""market"":""BTC-SYNTH"",""producer"":""svi-scipy"",""status"":""OK""}"
2026-10-04T20:01:01.480893+00:00,timing,risk.surface.snapshot_to_surface_ms,1775.101,"{""market"":""BTC-SYNTH"",""producer"":""svi-scipy""}"
2026-10-04T20:01:01.480901+00:00,timing,risk.surface.delivery_lag_ms,0.51,"{""market"":""BTC-SYNTH"",""producer"":""svi-scipy""}"
2026-10-04T20:01:01.480915+00:00,gauge,risk.surface_age_seconds,1.77562,"{""market"":""BTC-SYNTH"",""producer"":""svi-scipy""}"
2026-10-04T20:01:01.480922+00:00,counter,risk.report.freshness,1,"{""decision"":""NORMAL"",""market"":""BTC-SYNTH"",""producer"":""svi-scipy""}"
2026-10-04T20:01:01.480964+00:00,counter,runner.handled,1,"{""subscriber"":""risk-svi-scipy@BTC-SYNTH""}"
2026-10-04T20:01:02.100652+00:00,counter,marketdata.snapshot.published,1,"{""market"":""BTC-SYNTH""}"
2026-10-04T20:01:02.100722+00:00,gauge,marketdata.clock_skew_seconds,-1.394401,"{""market"":""BTC-SYNTH""}"
2026-10-04T20:01:02.100748+00:00,gauge,marketdata.coverage_ratio,1.0,"{""market"":""BTC-SYNTH""}"
2026-10-04T20:01:02.100797+00:00,gauge,marketdata.max_age_seconds,1.493243,"{""market"":""BTC-SYNTH""}"
2026-10-04T20:01:02.100832+00:00,counter,pipeline.heartbeat.emitted,1,"{""market"":""BTC-SYNTH""}"
2026-10-04T20:01:02.100863+00:00,counter,bus.published,1,"{""topic"":""snapshot.BTC-SYNTH""}"
2026-10-04T20:01:02.101009+00:00,counter,marketdata.update.applied,1,"{""market"":""BTC-SYNTH""}"
2026-10-04T20:01:02.101063+00:00,counter,marketdata.update.applied,1,"{""market"":""BTC-SYNTH""}"
2026-10-04T20:01:02.101114+00:00,counter,marketdata.update.applied,1,"{""market"":""BTC-SYNTH""}"
2026-10-04T20:01:02.101157+00:00,counter,marketdata.update.applied,1,"{""market"":""BTC-SYNTH""}"
2026-10-04T20:01:02.101201+00:00,counter,marketdata.update.applied,1,"{""market"":""BTC-SYNTH""}"
2026-10-04T20:01:02.101242+00:00,counter,marketdata.update.applied,1,"{""market"":""BTC-SYNTH""}"
2026-10-04T20:01:02.101286+00:00,counter,marketdata.update.applied,1,"{""market"":""BTC-SYNTH""}"
2026-10-04T20:01:02.101326+00:00,counter,marketdata.update.applied,1,"{""market"":""BTC-SYNTH""}"
2026-10-04T20:01:02.101369+00:00,counter,marketdata.update.applied,1,"{""market"":""BTC-SYNTH""}"
2026-10-04T20:01:02.101573+00:00,counter,marketdata.update.applied,1,"{""market"":""BTC-SYNTH""}"
2026-10-04T20:01:02.101640+00:00,counter,marketdata.update.applied,1,"{""market"":""BTC-SYNTH""}"
2026-10-04T20:01:02.101687+00:00,counter,marketdata.update.applied,1,"{""market"":""BTC-SYNTH""}"
2026-10-04T20:01:02.101735+00:00,counter,marketdata.update.applied,1,"{""market"":""BTC-SYNTH""}"
2026-10-04T20:01:02.101813+00:00,counter,marketdata.update.applied,1,"{""market"":""BTC-SYNTH""}"
2026-10-04T20:01:02.101877+00:00,counter,marketdata.update.applied,1,"{""market"":""BTC-SYNTH""}"
2026-10-04T20:01:02.102072+00:00,counter,marketdata.update.applied,1,"{""market"":""BTC-SYNTH""}"
2026-10-04T20:01:02.102136+00:00,counter,marketdata.update.applied,1,"{""market"":""BTC-SYNTH""}"
2026-10-04T20:01:02.102182+00:00,counter,marketdata.update.applied,1,"{""market"":""BTC-SYNTH""}"
2026-10-04T20:01:02.102230+00:00,counter,marketdata.update.applied,1,"{""market"":""BTC-SYNTH""}"
2026-10-04T20:01:02.102272+00:00,counter,marketdata.update.applied,1,"{""market"":""BTC-SYNTH""}"
2026-10-04T20:01:02.102313+00:00,counter,marketdata.update.applied,1,"{""market"":""BTC-SYNTH""}"
2026-10-04T20:01:02.102351+00:00,counter,marketdata.update.applied,1,"{""market"":""BTC-SYNTH""}"
2026-10-04T20:01:02.102395+00:00,counter,marketdata.update.applied,1,"{""market"":""BTC-SYNTH""}"
2026-10-04T20:01:02.102433+00:00,counter,marketdata.update.applied,1,"{""market"":""BTC-SYNTH""}"
2026-10-04T20:01:02.102473+00:00,counter,marketdata.update.applied,1,"{""market"":""BTC-SYNTH""}"
2026-10-04T20:01:02.102510+00:00,counter,marketdata.update.applied,1,"{""market"":""BTC-SYNTH""}"
2026-10-04T20:01:02.102552+00:00,counter,marketdata.update.applied,1,"{""market"":""BTC-SYNTH""}"
2026-10-04T20:01:02.102588+00:00,counter,marketdata.update.applied,1,"{""market"":""BTC-SYNTH""}"
2026-10-04T20:01:02.102628+00:00,counter,marketdata.update.applied,1,"{""market"":""BTC-SYNTH""}"
2026-10-04T20:01:02.102665+00:00,counter,marketdata.update.applied,1,"{""market"":""BTC-SYNTH""}"
2026-10-04T20:01:02.102705+00:00,counter,marketdata.update.applied,1,"{""market"":""BTC-SYNTH""}"
2026-10-04T20:01:02.102741+00:00,counter,marketdata.update.applied,1,"{""market"":""BTC-SYNTH""}"
2026-10-04T20:01:02.102780+00:00,counter,marketdata.update.applied,1,"{""market"":""BTC-SYNTH""}"
2026-10-04T20:01:02.102816+00:00,counter,marketdata.update.applied,1,"{""market"":""BTC-SYNTH""}"
2026-10-04T20:01:02.102876+00:00,counter,marketdata.update.applied,1,"{""market"":""BTC-SYNTH""}"
2026-10-04T20:01:02.102933+00:00,counter,marketdata.update.applied,1,"{""market"":""BTC-SYNTH""}"
2026-10-04T20:01:02.102975+00:00,counter,marketdata.update.applied,1,"{""market"":""BTC-SYNTH""}"
2026-10-04T20:01:02.103010+00:00,counter,marketdata.update.applied,1,"{""market"":""BTC-SYNTH""}"
2026-10-04T20:01:02.103048+00:00,counter,marketdata.update.applied,1,"{""market"":""BTC-SYNTH""}"
2026-10-04T20:01:02.103082+00:00,counter,marketdata.update.applied,1,"{""market"":""BTC-SYNTH""}"
2026-10-04T20:01:02.103119+00:00,counter,marketdata.update.applied,1,"{""market"":""BTC-SYNTH""}"
2026-10-04T20:01:02.103153+00:00,counter,marketdata.update.applied,1,"{""market"":""BTC-SYNTH""}"
2026-10-04T20:01:02.103191+00:00,counter,marketdata.update.applied,1,"{""market"":""BTC-SYNTH""}"
2026-10-04T20:01:02.103225+00:00,counter,marketdata.update.applied,1,"{""market"":""BTC-SYNTH""}"
2026-10-04T20:01:02.103264+00:00,counter,marketdata.update.applied,1,"{""market"":""BTC-SYNTH""}"
2026-10-04T20:01:02.103298+00:00,counter,marketdata.update.applied,1,"{""market"":""BTC-SYNTH""}"
2026-10-04T20:01:02.103335+00:00,counter,marketdata.update.applied,1,"{""market"":""BTC-SYNTH""}"
2026-10-04T20:01:02.103369+00:00,counter,marketdata.update.applied,1,"{""market"":""BTC-SYNTH""}"
2026-10-04T20:01:02.103405+00:00,counter,marketdata.update.applied,1,"{""market"":""BTC-SYNTH""}"
2026-10-04T20:01:02.103439+00:00,counter,marketdata.update.applied,1,"{""market"":""BTC-SYNTH""}"
2026-10-04T20:01:02.103502+00:00,counter,marketdata.update.applied,1,"{""market"":""BTC-SYNTH""}"
2026-10-04T20:01:02.103538+00:00,counter,marketdata.update.applied,1,"{""market"":""BTC-SYNTH""}"
2026-10-04T20:01:02.103575+00:00,counter,marketdata.update.applied,1,"{""market"":""BTC-SYNTH""}"
2026-10-04T20:01:02.103609+00:00,counter,marketdata.update.applied,1,"{""market"":""BTC-SYNTH""}"
2026-10-04T20:01:02.103646+00:00,counter,marketdata.update.applied,1,"{""market"":""BTC-SYNTH""}"
2026-10-04T20:01:02.103680+00:00,counter,marketdata.update.applied,1,"{""market"":""BTC-SYNTH""}"
2026-10-04T20:01:02.103717+00:00,counter,marketdata.update.applied,1,"{""market"":""BTC-SYNTH""}"
2026-10-04T20:01:02.103782+00:00,counter,marketdata.update.applied,1,"{""market"":""BTC-SYNTH""}"
2026-10-04T20:01:02.103834+00:00,counter,marketdata.update.applied,1,"{""market"":""BTC-SYNTH""}"
2026-10-04T20:01:02.103872+00:00,counter,marketdata.update.applied,1,"{""market"":""BTC-SYNTH""}"
2026-10-04T20:01:02.103909+00:00,counter,marketdata.update.applied,1,"{""market"":""BTC-SYNTH""}"
2026-10-04T20:01:02.103944+00:00,counter,marketdata.update.applied,1,"{""market"":""BTC-SYNTH""}"
2026-10-04T20:01:02.103982+00:00,counter,marketdata.update.applied,1,"{""market"":""BTC-SYNTH""}"
2026-10-04T20:01:02.104017+00:00,counter,marketdata.update.applied,1,"{""market"":""BTC-SYNTH""}"
2026-10-04T20:01:02.104054+00:00,counter,marketdata.update.applied,1,"{""market"":""BTC-SYNTH""}"
2026-10-04T20:01:02.104087+00:00,counter,marketdata.update.applied,1,"{""market"":""BTC-SYNTH""}"
2026-10-04T20:01:02.687276+00:00,gauge,pricing.slices.attempted,3.0,"{""market"":""BTC-SYNTH"",""producer"":""svi-scipy""}"
2026-10-04T20:01:02.687313+00:00,gauge,pricing.slices.accepted,2.0,"{""market"":""BTC-SYNTH"",""producer"":""svi-scipy""}"
2026-10-04T20:01:02.687322+00:00,counter,pricing.slice.not_converged,1,"{""market"":""BTC-SYNTH"",""producer"":""svi-scipy""}"
2026-10-04T20:01:02.687385+00:00,gauge,pricing.rmse_vol_bp,29.93673853952287,"{""market"":""BTC-SYNTH"",""producer"":""svi-scipy""}"
2026-10-04T20:01:02.687393+00:00,timing,pricing.cycle_ms,582.696,"{""market"":""BTC-SYNTH"",""producer"":""svi-scipy""}"
2026-10-04T20:01:02.687736+00:00,counter,bus.published,1,"{""topic"":""surface.BTC-SYNTH.svi-scipy""}"
2026-10-04T20:01:02.687781+00:00,counter,runner.handled,1,"{""subscriber"":""svi-scipy@BTC-SYNTH""}"
2026-10-04T20:01:02.688056+00:00,counter,risk.surface.received,1,"{""market"":""BTC-SYNTH"",""producer"":""svi-scipy"",""status"":""DEGRADED""}"
2026-10-04T20:01:02.688096+00:00,timing,risk.surface.snapshot_to_surface_ms,1982.143,"{""market"":""BTC-SYNTH"",""producer"":""svi-scipy""}"
2026-10-04T20:01:02.688106+00:00,timing,risk.surface.delivery_lag_ms,0.841,"{""market"":""BTC-SYNTH"",""producer"":""svi-scipy""}"
2026-10-04T20:01:02.688124+00:00,gauge,risk.surface_age_seconds,1.982997,"{""market"":""BTC-SYNTH"",""producer"":""svi-scipy""}"
2026-10-04T20:01:02.688133+00:00,counter,risk.report.freshness,1,"{""decision"":""NORMAL"",""market"":""BTC-SYNTH"",""producer"":""svi-scipy""}"
2026-10-04T20:01:02.688187+00:00,counter,runner.handled,1,"{""subscriber"":""risk-svi-scipy@BTC-SYNTH""}"
